condition_id,meas_0,meas_1,meas_2,meas_3,meas_4,meas_5,meas_6,meas_7,pred_0,pred_1,pred_2,pred_3,pred_4,pred_5,pred_6,pred_7,icm_pred_0,icm_pred_1,icm_pred_2,icm_pred_3,icm_pred_4,icm_pred_5,icm_pred_6,icm_pred_7
A001,0.0055755346572781,-0.0050160572979415,0.0171488374926284,-0.0020889586803196,-0.0110119769901293,-0.0197466328098564,0.0308457937224703,-0.0091377671978727,0.007086301922137997,-0.003917799845960598,0.015158021560103216,-5.53761018017057e-05,0.006484438099143737,-0.026526830655404413,0.023514802097342528,0.003404436986425719,0.006045472533515427,-0.005202429559344844,0.013479670455529393,0.00018091078559377498,0.005522966387930777,-0.02224957812345074,0.02014599337565498,0.002673177528076458
A001,0.0046388606317166,-0.0024093567109481,0.0156227922659758,-0.000465707860914,-0.0113865833908274,-0.018201551484477,0.0285732874332001,-0.0070549406592425,0.007084815232049623,-0.003917339916071521,0.015155611745255775,-5.555636950166486e-05,0.006482872335014485,-0.026522294196556724,0.02351091306047603,0.0034033143746697346,0.006045472533515427,-0.005202429559344844,0.013479670455529393,0.00018091078559377498,0.005522966387930777,-0.02224957812345074,0.02014599337565498,0.002673177528076458
A001,0.0047799060976061,-0.0040013878966753,0.0163392111194315,-0.0022242856856533,-0.0106101412577042,-0.0191751595676908,0.0298847101891823,-0.0090316708490199,0.007086267243876459,-0.003917789117367242,0.01515796534901318,-5.538030622212492e-05,0.00648440157732063,-0.02652672483816433,0.023514711381911666,0.0034044108013799113,0.006045472533515427,-0.005202429559344844,0.013479670455529393,0.00018091078559377498,0.005522966387930777,-0.02224957812345074,0.02014599337565498,0.002673177528076458
A001,0.0164390556685045,-0.0087460474954073,0.0439187705498874,0.0101486513131734,-0.0054126017457514,-0.0380432300862654,0.0775779341044137,0.0171197296238933,0.012060378448260745,-0.005637359687710392,0.023325297380334616,0.00030577191407268433,0.011261951118683227,-0.04203334661062686,0.036770830007444785,0.006755321235377623,0.012549508583312923,-0.008503710450246652,0.027440541820338775,0.0010473702749136584,0.012582876432853406,-0.045371413996619155,0.04326874722011979,0.007188362938258724
A001,0.0184527267336193,-0.0095611259883492,0.0450628354600723,0.0089960729984664,-0.0029685072422029,-0.0384559329731135,0.078164996488924,0.0162464189073053,0.012058342684191809,-0.005636579382556892,0.023321907714235365,0.0003057267333466484,0.011260190331289218,-0.042026859079866544,0.036765299778594655,0.0067541212547838365,0.012549508583312923,-0.008503710450246652,0.027440541820338775,0.0010473702749136584,0.012582876432853406,-0.045371413996619155,0.04326874722011979,0.007188362938258724
A001,0.0138071363183693,-0.0106585591845899,0.0419116529725867,0.0098464706431695,-0.0052359024801049,-0.0372250477522945,0.0742719914017274,0.0164784086689949,0.012064182910460993,-0.005638818105441924,0.02333163214378259,0.0003058561155210861,0.011265241261146941,-0.042045470914924714,0.0367811652103088,0.006757563386231582,0.012549508583312923,-0.008503710450246652,0.027440541820338775,0.0010473702749136584,0.012582876432853406,-0.045371413996619155,0.04326874722011979,0.007188362938258724
A002,0.0055185435197737,-0.0351762393130945,0.0210217767185707,0.0009460107404783,0.0047404193639121,-0.0346036100259221,0.0297635691987328,-0.0041953621590475,0.015022733599204939,-0.007867084359372802,0.031373190350523515,4.815767244905815e-05,0.014048558692336949,-0.05612245024886302,0.0489020547300639,0.007909147788391245,0.012090945067030854,-0.010404859118689687,0.026959340911058786,0.00036182157118754997,0.011045932775861553,-0.04449915624690148,0.04029198675130996,0.005346355056152916
A002,0.0037692414567333,-0.0302138797279956,0.0188124339358827,0.0013926546270509,0.0034982552219493,-0.0339035337802686,0.0270573455349051,-0.0037197053404819,0.015023345779575687,-0.00786730509132865,0.031374243665817085,4.821875282342882e-05,0.014049189962663189,-0.05612435088092246,0.0489037282796421,0.007909568011283435,0.012090945067030854,-0.010404859118689687,0.026959340911058786,0.00036182157118754997,0.011045932775861553,-0.04449915624690148,0.04029198675130996,0.005346355056152916
A002,0.0069744701469078,-0.0290661509631978,0.0213684107724473,0.0004786562894589,0.005399664837857,-0.0340383366578806,0.0299413233151924,-0.0037613472265622,0.015021315581708272,-0.007866573080805022,0.03137075052038704,4.801617261599145e-05,0.014047096427906445,-0.056118047759991116,0.04889817823699824,0.00790817438402795,0.012090945067030854,-0.010404859118689687,0.026959340911058786,0.00036182157118754997,0.011045932775861553,-0.04449915624690148,0.04029198675130996,0.005346355056152916
A002,0.0253723553891416,-0.0365099915857464,0.0633809737432626,0.0164278480002018,0.0341113508767636,-0.0690208851950617,0.0971457229257889,0.0303127880328736,0.02362717665629849,-0.01128344082409196,0.04633868950466511,0.00044742537787677213,0.022161420616353004,-0.08339400422734781,0.07286241428190024,0.013123070703487519,0.025099017166625846,-0.017007420900493304,0.05488108364067755,0.002094740549827317,0.02516575286570681,-0.09074282799323831,0.08653749444023957,0.014376725876517449
A002,0.0285044838046149,-0.0346037583877074,0.0653678105890251,0.015810406808562,0.0370097384447261,-0.0692881994268406,0.0991383721450027,0.0301769462392299,0.023632774047260517,-0.011285876640869047,0.04634853886411268,0.0004473741126543859,0.022166183946638565,-0.083412130594133,0.07287830400022555,0.013125992455550128,0.025099017166625846,-0.017007420900493304,0.05488108364067755,0.002094740549827317,0.02516575286570681,-0.09074282799323831,0.08653749444023957,0.014376725876517449
A002,0.0253406145217761,-0.0306746801071039,0.0623326422167072,0.0193927774849191,0.0348501681426878,-0.066424551384233,0.0955559575285884,0.034855826904755,0.023633197633783697,-0.01128606098475259,0.04634928422780849,0.00044737021610742405,0.022166544386883466,-0.08341350234122176,0.07287950648276012,0.013126213535416514,0.025099017166625846,-0.017007420900493304,0.05488108364067755,0.002094740549827317,0.02516575286570681,-0.09074282799323831,0.08653749444023957,0.014376725876517449
A003,0.0190805779541353,-0.0574720762757677,0.0581807397532458,0.0067336421402686,0.0238801102683295,-0.0825768789556869,0.0878437870164302,0.0080839889230361,0.027195376100386255,-0.01507001988212832,0.06197800402819545,9.835253960531609e-05,0.028139685027329366,-0.11038519857769005,0.09586437405434502,0.016317800927203627,0.024181890134061707,-0.020809718237379374,0.05391868182211757,0.0007236431423750999,0.022091865551723107,-0.08899831249380297,0.08058397350261992,0.010692710112305832
A003,0.0186416186630958,-0.055625948037213,0.057539718046277,0.0081286091387523,0.0229550974689743,-0.0819388786777286,0.0861960530090409,0.0110925305062525,0.027198035669836952,-0.015070917643804546,0.061982674943298705,9.862042351115663e-05,0.02814261239042958,-0.11039357932355681,0.09587183879701706,0.016319666297833844,0.024181890134061707,-0.020809718237379374,0.05391868182211757,0.0007236431423750999,0.022091865551723107,-0.08899831249380297,0.08058397350261992,0.010692710112305832
A003,0.0220361208642271,-0.0572976232382535,0.0611273489890486,0.0055041726084455,0.0250194871857136,-0.0834209990157262,0.0907394437707739,0.0077848953315856,0.02719604510541369,-0.015070245708277382,0.061979178978768056,9.841992910153385e-05,0.02814042140154614,-0.11038730671966808,0.09586625178005234,0.016318270160383928,0.024181890134061707,-0.020809718237379374,0.05391868182211757,0.0007236431423750999,0.022091865551723107,-0.08899831249380297,0.08058397350261992,0.010692710112305832
A003,0.044483579893765,-0.0688540715377462,0.1188382215114826,0.0301786702113641,0.063694317721584,-0.167645894900717,0.1832471896232301,0.0646486313037065,0.044287894453952946,-0.021423459249393182,0.09227810667178404,0.0008374087141321088,0.045431319582025606,-0.16523953935704408,0.14459868864115466,0.026941432400923206,0.05019803433325169,-0.03401484180098661,0.1097621672813551,0.004189481099654634,0.05033150573141362,-0.18148565598647662,0.17307498888047915,0.028753451753034898
A003,0.0443696431198613,-0.0717807961229273,0.1194934783569812,0.0282142127200364,0.0633392494613749,-0.1695955921420514,0.1841684045206411,0.0621830810226823,0.044271470540707125,-0.021416772845961548,0.09224870120500862,0.000837677185346531,0.04541621015681056,-0.16518582155891381,0.14455108378518722,0.026932574738469526,0.05019803433325169,-0.03401484180098661,0.1097621672813551,0.004189481099654634,0.05033150573141362,-0.18148565598647662,0.17307498888047915,0.028753451753034898
A003,0.0431259691852157,-0.0712142732240506,0.1187544233394224,0.0290139110772699,0.0625586957975554,-0.169183035197373,0.1836776668090069,0.063190816812629,0.04427775626627577,-0.02141933171588932,0.092259955134025,0.0008375746660927073,0.04542199315531797,-0.16520638008211597,0.14456930283017536,0.026935965039235482,0.05019803433325169,-0.03401484180098661,0.1097621672813551,0.004189481099654634,0.05033150573141362,-0.18148565598647662,0.17307498888047915,0.028753451753034898
A004,0.037192743662477,-0.078580814426681,0.108044679967356,0.0111749784311093,0.0463039486675002,-0.1704024731527513,0.1597121693440685,0.0287370394802751,0.059226158178846494,-0.02535329125684616,0.11860565048161406,0.006444945009572457,0.0683646370472856,-0.20718531510176336,0.1804790668121145,0.04307001257619357,0.048363780268123414,-0.04161943647475875,0.10783736364423514,0.0014472862847501999,0.044183731103446214,-0.17799662498760593,0.16116794700523984,0.021385420224611665
A004,0.0372409222225113,-0.0802299236619259,0.1078225237076913,0.0112490817147712,0.0464209490900999,-0.1710539896262445,0.1588752002878609,0.0292989883420773,0.059235481947464766,-0.025362200705584082,0.11862904090384359,0.006439603543577343,0.06836705938729734,-0.20722955096553708,0.1805169579669336,0.043065563332311936,0.048363780268123414,-0.04161943647475875,0.10783736364423514,0.0014472862847501999,0.044183731103446214,-0.17799662498760593,0.16116794700523984,0.021385420224611665
A004,0.0381582517142697,-0.0812714563222073,0.1096146369762726,0.0101612973598046,0.0469263630145576,-0.1719495665581166,0.1614058664988196,0.0281630257019325,0.05923991526277822,-0.025366437264259294,0.11864016296268289,0.006437063215799992,0.06836821053708987,-0.2072505850720644,0.18053497504227586,0.043063447252692434,0.048363780268123414,-0.04161943647475875,0.10783736364423514,0.0014472862847501999,0.044183731103446214,-0.17799662498760593,0.16116794700523984,0.021385420224611665
A004,0.0738388333424718,-0.1199564680114544,0.2216960468295434,0.0210804015850341,0.1086711199788466,-0.3460843346359262,0.3456946871487898,0.0659587319258007,0.08332853550162442,-0.050973976638759196,0.18162129315591705,-0.013035333036502936,0.06791178945747713,-0.3277901861425304,0.28253388888623554,0.02604296215182195,0.10039606866650339,-0.06802968360197321,0.2195243345627102,0.008378962199309267,0.10066301146282725,-0.36297131197295324,0.3461499777609583,0.057506903506069795
A004,0.077966962346739,-0.1170929922534131,0.223405830563372,0.0202463900138788,0.1102134209406839,-0.3464129528426551,0.3473484501412531,0.066993663617349,0.0833682085283251,-0.05102088496073722,0.18172945062015478,-0.013077769940677518,0.06789875752224714,-0.32800003122957844,0.28270945948714526,0.026004888727536903,0.10039606866650339,-0.06802968360197321,0.2195243345627102,0.008378962199309267,0.10066301146282725,-0.36297131197295324,0.3461499777609583,0.057506903506069795
A004,0.079842602634073,-0.1182917259205567,0.2244161211519562,0.0180196161820612,0.110867667098353,-0.3480792061900372,0.3479542390363376,0.0648860501110918,0.08335657911291168,-0.05100713285248926,0.18169774465229285,-0.01306532641233845,0.06790258225663134,-0.32793851474853386,0.28265799129351465,0.02601605304711804,0.10039606866650339,-0.06802968360197321,0.2195243345627102,0.008378962199309267,0.10066301146282725,-0.36297131197295324,0.3461499777609583,0.057506903506069795
A005,0.0484661380603386,-0.0859722739529821,0.1350778950438489,0.0075577842249286,0.0571203028559911,-0.2187885602262233,0.2013371999015176,0.0288918843297348,0.07290105959791053,-0.03652536597803772,0.1557730368024628,-0.0008985648944824433,0.07167579567404461,-0.2764087841544443,0.24028805570495645,0.03824532755167339,0.060454725335154266,-0.052024295593448434,0.13479670455529394,0.0018091078559377498,0.055229663879307764,-0.22249578123450742,0.2014599337565498,0.02673177528076458
A005,0.0489420326137159,-0.0888542466901768,0.1362351754886639,0.0077046872429784,0.0585375691565227,-0.2193751612851857,0.2023926231416349,0.0299216155566607,0.07292344542639724,-0.03653407785352175,0.15581233710082404,-0.0008962471555928363,0.07169745854315596,-0.27647839230132654,0.2403511502011323,0.03826035716521631,0.060454725335154266,-0.052024295593448434,0.13479670455529394,0.0018091078559377498,0.055229663879307764,-0.22249578123450742,0.2014599337565498,0.02673177528076458
A005,0.0477527472481083,-0.0881241768893761,0.134648190121333,0.0074761364361368,0.0570555358332797,-0.2191427437214882,0.2001490627105187,0.0291110741525013,0.07291221778147161,-0.03652970830190939,0.15579262594022267,-0.0008974094669233676,0.07168659373285723,-0.27644348008345093,0.24031950492773566,0.03825281924939867,0.060454725335154266,-0.052024295593448434,0.13479670455529394,0.0018091078559377498,0.055229663879307764,-0.22249578123450742,0.2014599337565498,0.02673177528076458
A005,0.1036661726608953,-0.1290732638705155,0.2843882833526623,0.0347731492099816,0.1488554368691084,-0.4471657848917956,0.4412984636115993,0.1053603854064971,0.11591645913577239,-0.05478026624654231,0.2319130905438659,0.0011729949740213984,0.10970997100213949,-0.4125714860458816,0.3637031463748617,0.06388641014107177,0.1254950858331292,-0.08503710450246652,0.27440541820338776,0.010473702749136584,0.12582876432853407,-0.45371413996619153,0.43268747220119785,0.07188362938258724
A005,0.1018415484765197,-0.1251493081878851,0.2801029639043818,0.0328649990852565,0.1452983043936713,-0.4473108565349823,0.4360006034913897,0.1046704350876487,0.11590271455600351,-0.054773930674847926,0.23188855229295505,0.0011731206732351158,0.10969900199676416,-0.41252716226617675,0.3636629758532411,0.06387929183916724,0.1254950858331292,-0.08503710450246652,0.27440541820338776,0.010473702749136584,0.12582876432853407,-0.45371413996619153,0.43268747220119785,0.07188362938258724
A005,0.1037326468423718,-0.121872620240911,0.280228666977247,0.0348342469264476,0.1472191437698613,-0.4453977266378265,0.4342251294809237,0.1078966966001527,0.11593595328098401,-0.05478925265289784,0.23194789375263256,0.001172815805577916,0.10972552717681971,-0.41263435206999965,0.3637601216788267,0.0638965049201591,0.1254950858331292,-0.08503710450246652,0.27440541820338776,0.010473702749136584,0.12582876432853407,-0.45371413996619153,0.43268747220119785,0.07188362938258724
A008,0.1311276943337358,-0.0966345054725343,0.2811861962371929,0.0033405532198391,0.1258318999497998,-0.4717777453742957,0.4241167250125915,0.0589821966323237,0.13604836434972783,-0.07537423101369878,0.3100155656055484,0.0004989602059488675,0.14077710256921686,-0.5521512529982239,0.47952250944161356,0.08163913829064683,0.12090945067030853,-0.10404859118689687,0.2695934091105879,0.0036182157118754997,0.11045932775861553,-0.44499156246901483,0.4029198675130996,0.05346355056152916
A008,0.1342436825032326,-0.0961614406045789,0.2825257175306593,0.0028432351032615,0.1276391345696487,-0.4717904323213601,0.425599437669916,0.0584635292859539,0.13602637045513874,-0.07536680587360921,0.309976938039326,0.0004967464011102729,0.14075289646867442,-0.5520819450900681,0.47946077698016704,0.08162371432461085,0.12090945067030853,-0.10404859118689687,0.2695934091105879,0.0036182157118754997,0.11045932775861553,-0.44499156246901483,0.4029198675130996,0.05346355056152916
A008,0.1310393945813665,-0.095770906409523,0.2819918218388655,0.0043755472206007,0.1256482850634658,-0.4709523821249238,0.4246257509257757,0.0603874699236962,0.13607399850854343,-0.07538288557248199,0.3100605867259126,0.0005015396394235183,0.14080531385847023,-0.5522320329973202,0.47959445997899697,0.08165711401919862,0.12090945067030853,-0.10404859118689687,0.2695934091105879,0.0036182157118754997,0.11045932775861553,-0.44499156246901483,0.4029198675130996,0.05346355056152916
A008,0.2730353760352869,-0.157917949630343,0.568677840411817,0.0255999789322745,0.2876044788046301,-0.9550272504738178,0.8935492823005864,0.1573870002241316,0.21996487353920943,-0.10651784482148428,0.4587508507301627,0.004209669747670829,0.22579775742189365,-0.8213762605759668,0.7187205002449644,0.13390986094287569,0.2509901716662584,-0.17007420900493303,0.5488108364067755,0.020947405498273168,0.25165752865706814,-0.9074282799323831,0.8653749444023957,0.1437672587651745
A008,0.2725768817387118,-0.1579234260722103,0.5687461469763193,0.0249117721347693,0.2871501545938242,-0.9551245063679584,0.8933521272023256,0.1568342588072125,0.21992464999273417,-0.1065015192599375,0.4586788597292471,0.00421024309489951,0.22576062441035458,-0.8212447890298794,0.7186039799385564,0.1338880523146578,0.2509901716662584,-0.17007420900493303,0.5488108364067755,0.020947405498273168,0.25165752865706814,-0.9074282799323831,0.8653749444023957,0.1437672587651745
A008,0.269713371071043,-0.1606063019686722,0.5676308070596966,0.0232269268469311,0.2861471712665075,-0.956909312461397,0.8924857312437522,0.1552531083467733,0.2200445224114744,-0.10655017604975331,0.45889340617558044,0.004208527564686284,0.2258712760485898,-0.8216366018334396,0.7189512341030706,0.13395303599378053,0.2509901716662584,-0.17007420900493303,0.5488108364067755,0.020947405498273168,0.25165752865706814,-0.9074282799323831,0.8653749444023957,0.1437672587651745
A009,0.0052007348173718,-0.0146397505023234,0.0167468964639557,0.0027012031810992,0.00454060282774,-0.0174789261630893,0.0311110834422645,0.0027817588097147,0.0074389490828739805,-0.003926374662178911,0.012919715223281418,0.000471418388317228,0.009015482165728993,-0.028642426988223904,0.02613350167900169,0.004191123812877723,0.00480817349907831,-0.004709734134356103,0.011239477776479332,0.0006644329743565187,0.006591685664204774,-0.025579578077743567,0.023036180756553233,0.003619124986671129
A009,0.0061395133097285,-0.0159200872325847,0.0172995306489075,0.0017680812396379,0.005490548963157,-0.0190249407140437,0.0312402565983687,0.0021681861023833,0.007441234757590386,-0.003927484517775467,0.012923660248445306,0.0004718486279879817,0.009018767013091749,-0.028650238072869545,0.026141185598281404,0.004192812913970954,0.00480817349907831,-0.004709734134356103,0.011239477776479332,0.0006644329743565187,0.006591685664204774,-0.025579578077743567,0.023036180756553233,0.003619124986671129
A009,0.0053183968009487,-0.0153236041408711,0.016342730619489,0.0011575632144606,0.0047487802696729,-0.0186071748659459,0.0305692085676566,0.001057539333575,0.007437825694153174,-0.003925829234238984,0.012917776352072648,0.000471206807491427,0.009013867544746899,-0.02863858805098295,0.026129725182920095,0.00419029350941181,0.00480817349907831,-0.004709734134356103,0.011239477776479332,0.0006644329743565187,0.006591685664204774,-0.025579578077743567,0.023036180756553233,0.003619124986671129
A009,0.0169985699957487,-0.0183229568330223,0.0350140648364287,0.0192683753556976,0.0378206985362334,-0.0344165393069514,0.0584457666398065,0.0383875483052761,0.011893665447793137,-0.006401853764599136,0.020988760014968504,0.0006300602438047928,0.014594849692013707,-0.04464256185457055,0.041573936086438376,0.0067934604177936645,0.011020936231534807,-0.0077132258040203995,0.024533708254683942,0.001453071468528306,0.015361411740312192,-0.0503040356054128,0.04767442312202421,0.008663578473562944
A009,0.0163866928375804,-0.0148574868162714,0.0339175943089783,0.0228055297409714,0.0391619143369479,-0.0312506006779424,0.055484239199795,0.0427793831338135,0.011898766557796253,-0.006405072282499807,0.020998436188494982,0.0006294034968999847,0.014600228255946325,-0.044661827283933433,0.04159219936772992,0.006795602102035366,0.011020936231534807,-0.0077132258040203995,0.024533708254683942,0.001453071468528306,0.015361411740312192,-0.0503040356054128,0.04767442312202421,0.008663578473562944
A009,0.0158056568387126,-0.0188612806690669,0.0337470775603187,0.0194163395167923,0.0394333202244627,-0.0340568321593259,0.0552498439976018,0.0397302696237961,0.011897923950909942,-0.0064045405793060495,0.020996837798677177,0.0006295121212894796,0.01459933998953486,-0.04465864484160273,0.0415891825188357,0.0067952484765863045,0.011020936231534807,-0.0077132258040203995,0.024533708254683942,0.001453071468528306,0.015361411740312192,-0.0503040356054128,0.04767442312202421,0.008663578473562944
A010,0.0041835384422754,-0.0260100912663505,0.0170771345858779,0.0035549053500157,0.0121933159081172,-0.0403717392710228,0.0344777895423415,0.003642125673492,0.014565410380714417,-0.00727323512582561,0.02574982640203725,0.0013241356367444542,0.01893953215787991,-0.05631629006416227,0.052280011819589495,0.009278404019594115,0.00961634699815662,-0.009419468268712206,0.022478955552958663,0.0013288659487130374,0.013183371328409549,-0.051159156155487134,0.046072361513106466,0.007238249973342258
A010,0.009313978965677,-0.0240496760111381,0.0213142090300077,0.0039794949480836,0.0165030200471223,-0.0399608895793308,0.03932097786859,0.0044009456049322,0.014581818023308973,-0.007280596580352937,0.025775631330581215,0.0013260545383342224,0.018955387210431912,-0.056367910137519676,0.05232879068110498,0.009288033908844667,0.00961634699815662,-0.009419468268712206,0.022478955552958663,0.0013288659487130374,0.013183371328409549,-0.051159156155487134,0.046072361513106466,0.007238249973342258
A010,0.0057512202601265,-0.025310870373032,0.0177991717660167,0.0020148985233806,0.014091667319862,-0.0416566285083706,0.0346528850008289,0.0026844199739986,0.014582524618472903,-0.007280913647651601,0.025776742634004285,0.001326137120318219,0.018956069909922987,-0.056370133231345196,0.052330891413240106,0.009288448521011499,0.00961634699815662,-0.009419468268712206,0.022478955552958663,0.0013288659487130374,0.013183371328409549,-0.051159156155487134,0.046072361513106466,0.007238249973342258
A010,0.0262153939360959,-0.0329008022311224,0.060443827634293,0.0113882027890379,0.0315009312579692,-0.0832736564381889,0.1106780882465949,0.0255360777056102,0.02494303240903893,-0.012356574998420881,0.04220450399919709,0.00203587470962967,0.02806856986356239,-0.08968421555713518,0.08380001497387296,0.014450275756782215,0.022041872463069614,-0.015426451608040799,0.049067416509367884,0.002906142937056612,0.030722823480624384,-0.1006080712108256,0.09534884624404842,0.017327156947125888
A010,0.0235000662320723,-0.0331779902965652,0.0584513225569964,0.0123277857819734,0.030891732697206,-0.0825897176894472,0.107914288758721,0.026454587670483,0.02495880192119693,-0.012364974715731917,0.042229721422508255,0.0020361816667763587,0.028081037278882736,-0.08973608495253063,0.08384898970047468,0.014456678646448359,0.022041872463069614,-0.015426451608040799,0.049067416509367884,0.002906142937056612,0.030722823480624384,-0.1006080712108256,0.09534884624404842,0.017327156947125888
A010,0.025560300311359,-0.0321480038140068,0.0596367444538214,0.0105403375722193,0.0328649936676215,-0.0819927771033814,0.1100268117830645,0.0233424366500502,0.024969968796892058,-0.012370924098289342,0.04224757906365107,0.0020363975954626,0.028089863194745462,-0.0897728175235369,0.0838836722936372,0.014461209952295665,0.022041872463069614,-0.015426451608040799,0.049067416509367884,0.002906142937056612,0.030722823480624384,-0.1006080712108256,0.09534884624404842,0.017327156947125888
A011,0.0164113651047591,-0.0557805941472744,0.0524480894169919,0.010793670371176,0.0346644771282467,-0.0970452272207586,0.1004158430421947,0.0206076177719236,0.02876545044817594,-0.015082327181892823,0.05045874865409319,0.0035925460440805346,0.03699888856155332,-0.10716614698946954,0.10228289674300607,0.018204527754061423,0.01923269399631324,-0.01883893653742441,0.04495791110591733,0.002657731897426075,0.026366742656819098,-0.10231831231097427,0.09214472302621293,0.014476499946684516
A011,0.0177960875933535,-0.0552327970094691,0.0538354837698831,0.0107831335073892,0.0358049023568647,-0.0967899546620282,0.10208154246494,0.0208479368590906,0.028780720236862605,-0.015088865099554283,0.05048143830308374,0.0035932208748088593,0.03701238376422331,-0.10721536743109744,0.1023264441666637,0.01821289714904371,0.01923269399631324,-0.01883893653742441,0.04495791110591733,0.002657731897426075,0.026366742656819098,-0.10231831231097427,0.09214472302621293,0.014476499946684516
A011,0.0163371738196362,-0.0530919474324675,0.0512184161896276,0.0107373941760315,0.0345897388074873,-0.0963570671443388,0.0985909717498369,0.0210205230325847,0.028777168110676845,-0.015087344148922278,0.050476160108220286,0.0035930639649661656,0.037009244617122045,-0.10720391742285212,0.10231631386831,0.01821095038046855,0.01923269399631324,-0.01883893653742441,0.04495791110591733,0.002657731897426075,0.026366742656819098,-0.10231831231097427,0.09214472302621293,0.014476499946684516
A011,0.0413955818023721,-0.0718404899561282,0.1125043201973333,0.0268190143256524,0.076765884223507,-0.1897386036129526,0.2065328222602745,0.0634681560626057,0.05147611423561729,-0.02571649973372455,0.08458871920588,0.0036917275579699737,0.05495536911800038,-0.18207855647610474,0.16840291090316648,0.02863191544397417,0.04408374492613923,-0.030852903216081598,0.09813483301873577,0.005812285874113224,0.06144564696124877,-0.2012161424216512,0.19069769248809684,0.034654313894251776
A011,0.037911328241433,-0.0716032390063174,0.1093549426555749,0.0267560240014818,0.074134653435504,-0.1893082549723983,0.2029681768222332,0.0631565675959183,0.051497552048664554,-0.025727425338926253,0.08462133489492901,0.0036909597484155784,0.054970274814497205,-0.18215096761486524,0.16846666937700547,0.02863978281982318,0.04408374492613923,-0.030852903216081598,0.09813483301873577,0.005812285874113224,0.06144564696124877,-0.2012161424216512,0.19069769248809684,0.034654313894251776
A011,0.0394783064214714,-0.0704466405096389,0.1102381898770382,0.0268956713875436,0.0754434018803678,-0.1893826842546969,0.2039537216106816,0.0638554385115756,0.05147158710760059,-0.02571419274084775,0.08458183169578105,0.0036918894907935927,0.05495222090393948,-0.18206326549023172,0.1683894470531768,0.02863025355882436,0.04408374492613923,-0.030852903216081598,0.09813483301873577,0.005812285874113224,0.06144564696124877,-0.2012161424216512,0.19069769248809684,0.034654313894251776
A012,0.0287672428505786,-0.0742396096319804,0.0882247775741682,0.014494213917426,0.0614866896325779,-0.1936916386211102,0.1744312719718022,0.0388288431003114,0.06008482184553651,-0.030265273041397263,0.1041588803764628,0.007494423543998822,0.07552972321727397,-0.22602223001123015,0.21160608242373624,0.04002506378926376,0.03846538799262648,-0.03767787307484882,0.08991582221183465,0.00531546379485215,0.052733485313638195,-0.20463662462194854,0.18428944605242586,0.02895299989336903
A012,0.0282551078198112,-0.0770816152994864,0.088123012312998,0.0135662012238695,0.0615265057900016,-0.1944394412076766,0.174045291242245,0.0374480051423833,0.060075064476917565,-0.03026072189350414,0.1041437193867114,0.0074940353942945645,0.07552074226409108,-0.22599061054378772,0.21157726903748605,0.040020137702500035,0.03846538799262648,-0.03767787307484882,0.08991582221183465,0.00531546379485215,0.052733485313638195,-0.20463662462194854,0.18428944605242586,0.02895299989336903
A012,0.029982241403912,-0.0747324183340853,0.0904964277067883,0.0166126622509048,0.0625727136687629,-0.1928953561482938,0.1777172937300624,0.0411499337544002,0.060084233013398984,-0.030264998385981352,0.10415796544809239,0.007494400125982043,0.07552918125127273,-0.22602032184807946,0.21160434360198369,0.040024766524148374,0.03846538799262648,-0.03767787307484882,0.08991582221183465,0.00531546379485215,0.052733485313638195,-0.20463662462194854,0.18428944605242586,0.02895299989336903
A012,0.0660134174632578,-0.1124728409865494,0.1988741108766187,0.0222088934329364,0.1230617819156669,-0.3779035455892237,0.3786442711844128,0.0772732577851246,0.10004282822969522,-0.050543581645789815,0.16676104396833974,0.007342988139938766,0.10881626715682892,-0.3585186510202569,0.3321022292205865,0.05662553480011903,0.08816748985227846,-0.061705806432163196,0.19626966603747154,0.011624571748226448,0.12289129392249754,-0.4024322848433024,0.3813953849761937,0.06930862778850355
A012,0.067767739498104,-0.1141058910161664,0.2001013333996434,0.0195719404067724,0.1243382107812771,-0.3800403351574047,0.3798362587616209,0.0737569450833685,0.09998664680847884,-0.05051268248842293,0.1666722394308107,0.00734565790998869,0.10877449755457516,-0.35832787906293895,0.3319290900038638,0.05660740539763941,0.08816748985227846,-0.061705806432163196,0.19626966603747154,0.011624571748226448,0.12289129392249754,-0.4024322848433024,0.3813953849761937,0.06930862778850355
A012,0.0704010659420375,-0.1122757768546786,0.202641155683053,0.0218969694032664,0.1280836217680705,-0.3780598985518924,0.3824277951373426,0.0772576331246649,0.10006979357404903,-0.05055841475934162,0.166803668244798,0.0073417042683692375,0.10883631010912394,-0.3586102203888998,0.3321853346110149,0.05663423094213734,0.08816748985227846,-0.061705806432163196,0.19626966603747154,0.011624571748226448,0.12289129392249754,-0.4024322848433024,0.3813953849761937,0.06930862778850355
A013,0.0457604064540739,-0.0725046266800143,0.1149676187831101,0.0114804158314922,0.0775892959165145,-0.2477277246675842,0.2293615403380156,0.041185464963154,0.06822133865175754,-0.0372680207216502,0.130043761540539,0.00871519373888435,0.09378177776653113,-0.2818084746501843,0.263301603177699,0.051073604725056225,0.048081734990783095,-0.047097341343561035,0.11239477776479331,0.006644329743565187,0.06591685664204774,-0.25579578077743564,0.23036180756553232,0.03619124986671129
A013,0.0450039320027758,-0.072770325926321,0.1150358726397284,0.0120525430954796,0.0773939491973338,-0.2475363470588916,0.229827287159917,0.0418561177644621,0.06823757512486538,-0.03727540014002239,0.13006955899052244,0.008715679975118676,0.09379750062727743,-0.2818621534040018,0.2633508428983482,0.051081445022133055,0.048081734990783095,-0.047097341343561035,0.11239477776479331,0.006644329743565187,0.06591685664204774,-0.25579578077743564,0.23036180756553232,0.03619124986671129
A013,0.0437306062346006,-0.0739929530669527,0.1140117615508685,0.0114300769693561,0.0758691133504094,-0.2475468669383803,0.228483353180587,0.0405349509709985,0.06822293572856503,-0.037268746568191256,0.13004629906349927,0.00871524159083107,0.09378332436635507,-0.2818137546488716,0.26330644654413093,0.05107437596815307,0.048081734990783095,-0.047097341343561035,0.11239477776479331,0.006644329743565187,0.06591685664204774,-0.25579578077743564,0.23036180756553232,0.03619124986671129
A013,0.0962953089597103,-0.1051219394500205,0.2472875871054887,0.0410977619260598,0.1710028761882869,-0.4814800646164083,0.4729263113103792,0.1253800617592632,0.11898390444381239,-0.06253441540689375,0.2113422977090152,0.0075361721657299235,0.13797642252877382,-0.45355895444692146,0.42039357545497275,0.0705640968092769,0.11020936231534807,-0.07713225804020399,0.24533708254683942,0.01453071468528306,0.15361411740312192,-0.503040356054128,0.4767442312202421,0.08663578473562945
A013,0.0997270090623134,-0.1011107465667768,0.2484138499084807,0.0444607951782016,0.1765056314260491,-0.480510979826182,0.4740328708850774,0.1312447099367045,0.11916093428934424,-0.06263051863034697,0.21162824688012166,0.00752247000093003,0.1381127096313189,-0.4541725702723242,0.4209532093225818,0.07061383500472251,0.11020936231534807,-0.07713225804020399,0.24533708254683942,0.01453071468528306,0.15361411740312192,-0.503040356054128,0.4767442312202421,0.08663578473562945
A013,0.1007550929048493,-0.1013174658289108,0.2492207391162428,0.0429460876262824,0.1777584131188032,-0.4821547001785338,0.474225259938673,0.13001927812125,0.11913205144428893,-0.06261483521902238,0.2115815923608291,0.007524710154772147,0.13809048275685418,-0.4540724500098171,0.4208618977683004,0.07060572907044814,0.11020936231534807,-0.07713225804020399,0.24533708254683942,0.01453071468528306,0.15361411740312192,-0.503040356054128,0.4767442312202421,0.08663578473562945
A017,0.0151134372246746,-0.0138938453813236,0.0314532366737973,0.0017035155938867,0.0094340313289181,-0.0402726224873879,0.0541889555809077,0.0033690587168515,0.015075176723256497,-0.00773765896972269,0.028795236289599607,0.0009651749699753075,0.01651848894058134,-0.05648147738999654,0.05105090551296811,0.008991183008949213,0.010853646032593737,-0.009912163693700946,0.024719148232008725,0.0008453437599502937,0.012114652052135551,-0.04782915620119431,0.04318217413220821,0.006292302514747587
A017,0.012571296626012,-0.013846655952582,0.0294856897673172,0.0015675940540164,0.0078549694082085,-0.0403018761139198,0.0520882529182518,0.0034320918774282,0.015077123915671906,-0.007738474686622317,0.028798409233674806,0.0009653042315824746,0.01652037692546044,-0.056487669046912055,0.051056463410400696,0.008992324351758424,0.010853646032593737,-0.009912163693700946,0.024719148232008725,0.0008453437599502937,0.012114652052135551,-0.04782915620119431,0.04318217413220821,0.006292302514747587
A017,0.0110494643321609,-0.0180931139166377,0.0282975454661105,-0.0009193114501485,0.0065649779165073,-0.0423447306159199,0.0507360582120028,0.000200788164471,0.015076045307778733,-0.007738022832968549,0.02879665164401626,0.0009652326344138209,0.016519331122908577,-0.056484239297047545,0.05105338472003793,0.008991692136195295,0.010853646032593737,-0.009912163693700946,0.024719148232008725,0.0008453437599502937,0.012114652052135551,-0.04782915620119431,0.04318217413220821,0.006292302514747587
A017,0.0276145027322377,-0.0243830206884693,0.0605514724926104,0.0101713224361079,0.0176566037091185,-0.0871651958683127,0.1063609838516267,0.0245787947460242,0.02416296610537128,-0.011891244769483767,0.043741308246316925,0.001142964377922915,0.024550216541892055,-0.0860060738984695,0.07749990574442893,0.013559163486467707,0.02357044481484773,-0.016216936254267053,0.05197425007502272,0.002500441743441964,0.027944288173165598,-0.09567544960203195,0.090943170342144,0.01585194141182167
A017,0.0246784435376412,-0.0226219337629665,0.0575674021697166,0.0095062270606768,0.016273785976594,-0.0864751887448151,0.1023647632942754,0.0241658224051256,0.024170410704267484,-0.011894942559162234,0.043753674369874276,0.0011427534987812145,0.024556136460827004,-0.0860308054602306,0.07752201520568613,0.013562258606906623,0.02357044481484773,-0.016216936254267053,0.05197425007502272,0.002500441743441964,0.027944288173165598,-0.09567544960203195,0.090943170342144,0.01585194141182167
A017,0.0257938664329442,-0.0233195442349309,0.0580984028809454,0.007787586096277,0.0178745133327842,-0.0882804021894061,0.1025045370137501,0.0227663700456771,0.024169375236749294,-0.011894428204484145,0.04375195435577346,0.001142782865480197,0.02455531312721551,-0.08602736549681604,0.07751893996024689,0.013561828173060286,0.02357044481484773,-0.016216936254267053,0.05197425007502272,0.002500441743441964,0.027944288173165598,-0.09567544960203195,0.090943170342144,0.01585194141182167
A018,0.0172482481020878,-0.0301762145376564,0.0406941221098786,0.0042643599636698,0.0250350336229655,-0.0808419794555014,0.0690977862685313,0.0115086472925717,0.027459798241935326,-0.015075781776787209,0.05736099147753717,0.0018058285364506979,0.03305042802432024,-0.11225884440906381,0.10123021830373624,0.018500896718286097,0.021707292065187473,-0.01982432738740189,0.04943829646401745,0.0016906875199005874,0.024229304104271102,-0.09565831240238862,0.08636434826441643,0.012584605029495174
A018,0.0195054350235218,-0.0302379318992209,0.0424092180554157,0.0032566622112919,0.0267558207603971,-0.0818655824023275,0.0711635467629775,0.0112043985326715,0.027463509701406912,-0.015077273001548031,0.05736717424519904,0.0018060554176434688,0.033054239259035105,-0.1122708567990283,0.10124109403356185,0.01850305298160951,0.021707292065187473,-0.01982432738740189,0.04943829646401745,0.0016906875199005874,0.024229304104271102,-0.09565831240238862,0.08636434826441643,0.012584605029495174
A018,0.0174022225171903,-0.0313607707582034,0.0406825442512691,0.0030817040162147,0.025413270683974,-0.0818154701093491,0.0684658296770206,0.0111349556154639,0.027468727054632387,-0.015079369371464467,0.05737586565197026,0.0018063742208186352,0.03305959664441121,-0.11228774327442612,0.1012563826238695,0.018506083914811036,0.021707292065187473,-0.01982432738740189,0.04943829646401745,0.0016906875199005874,0.024229304104271102,-0.09565831240238862,0.08636434826441643,0.012584605029495174
A018,0.0485181168201297,-0.0431935521522305,0.1059704809489629,0.0198657904799198,0.0641103016832496,-0.162992984690152,0.1827902752722406,0.0490518334674742,0.04616352386884699,-0.023320942113886484,0.08879159377628634,0.0019169476434349798,0.05050290452533966,-0.17407703612898714,0.15704627824033865,0.02768152394079629,0.04714088962969546,-0.032433872508534106,0.10394850015004543,0.005000883486883928,0.055888576346331195,-0.1913508992040639,0.181886340684288,0.03170388282364334
A018,0.0488131516224818,-0.0412390485144787,0.1048474476305855,0.0205659827338132,0.0651602959442814,-0.1630345671516002,0.1801249772076206,0.0510386998453132,0.04615534186642695,-0.023317003789883023,0.08877771587754868,0.00191736200536596,0.050496058473630256,-0.17404939816234008,0.1570213909571339,0.027678269908082104,0.04714088962969546,-0.032433872508534106,0.10394850015004543,0.005000883486883928,0.055888576346331195,-0.1913508992040639,0.181886340684288,0.03170388282364334
A018,0.050201862433246,-0.0409317836818079,0.1052900581760174,0.019228739763601,0.0675941966306818,-0.1626131257835646,0.1797056720039133,0.0492650869904233,0.04618360205863939,-0.023330607820281436,0.08882564989050366,0.0019159290655147128,0.05051970136245203,-0.17414486052388703,0.15710735212591995,0.027689506243756004,0.04714088962969546,-0.032433872508534106,0.10394850015004543,0.005000883486883928,0.055888576346331195,-0.1913508992040639,0.181886340684288,0.03170388282364334
A019,0.0396270049794907,-0.0653761668669293,0.1019072446157196,0.0064207271218205,0.0563588682585491,-0.1835234670766481,0.1746693266907957,0.0273432361844889,0.05956586941007934,-0.02854434397790063,0.11143241434294456,0.005037367583330157,0.07036064475758665,-0.21902340049808738,0.1955352176513619,0.03827295345174398,0.043414584130374946,-0.03964865477480378,0.0988765929280349,0.0033813750398011748,0.048458608208542205,-0.19131662480477724,0.17272869652883285,0.025169210058990348
A019,0.0419245229958609,-0.0666506901179788,0.1047463651467212,0.0071007146168146,0.0584510357932557,-0.1834164282219586,0.1778766818659625,0.0279335948547282,0.059555488013879,-0.028537252701568996,0.11141108843942335,0.005038740533916613,0.07035086248486083,-0.2189821381726773,0.19549725389820696,0.03827058239106641,0.043414584130374946,-0.03964865477480378,0.0988765929280349,0.0033813750398011748,0.048458608208542205,-0.19131662480477724,0.17272869652883285,0.025169210058990348
A019,0.0414728253648738,-0.06393550749936,0.10374572295946,0.0083365560240792,0.0576250792510635,-0.1823209479142263,0.1771823816634432,0.0295954891161774,0.059547243862885894,-0.02853162171737013,0.1113941534041197,0.005039829967477805,0.0703430930889827,-0.21894937159592814,0.19546710643743892,0.038268698614735176,0.043414584130374946,-0.03964865477480378,0.0988765929280349,0.0033813750398011748,0.048458608208542205,-0.19131662480477724,0.17272869652883285,0.025169210058990348
A019,0.0832240220195927,-0.0959482846615293,0.2127169089862,0.0271450758842968,0.1241917874501421,-0.3633944550627114,0.3657731753656685,0.0873136691935737,0.08854392381814498,-0.05066602579082339,0.17346156391880838,-0.00392636548886363,0.09157679365482195,-0.3398675729856455,0.3050899456249506,0.039878970331881626,0.09428177925939092,-0.06486774501706821,0.20789700030009087,0.010001766973767857,0.11177715269266239,-0.3827017984081278,0.363772681368576,0.06340776564728667
A019,0.0833063193685762,-0.0917595365791438,0.211177438435918,0.0304649824342977,0.1248973930080756,-0.3617723185865033,0.3627134001647689,0.0926785165216087,0.08854997923805388,-0.05067117572202235,0.17347505954684395,-0.003929402188090746,0.0915798476105369,-0.33989409614745547,0.3051136628017742,0.03987817935013613,0.09428177925939092,-0.06486774501706821,0.20789700030009087,0.010001766973767857,0.11177715269266239,-0.3827017984081278,0.363772681368576,0.06340776564728667
A019,0.082518347173567,-0.0928844002432118,0.2095447262107916,0.0297397078570644,0.1237886376089736,-0.3633038989819762,0.3607584803775497,0.0926921639781567,0.08855082344815418,-0.050671893713376055,0.17347694104401856,-0.003929825588357095,0.09158027332490201,-0.3398977938920294,0.3051169693375839,0.03987806903588501,0.09428177925939092,-0.06486774501706821,0.20789700030009087,0.010001766973767857,0.11177715269266239,-0.3827017984081278,0.363772681368576,0.06340776564728667
A020,0.0719260041094213,-0.0947843185263047,0.1886970902600877,0.0165392265849866,0.1029660198414359,-0.3648066291462452,0.3264793525976774,0.0669435915557158,0.11631282553026222,-0.0581820218580273,0.2272258789341192,0.004543488006309539,0.13283789893395373,-0.44553774949609976,0.4005219916956131,0.06756594985390177,0.08682916826074989,-0.07929730954960756,0.1977531858560698,0.0067627500796023495,0.09691721641708441,-0.38263324960955447,0.3454573930576657,0.050338420117980696
A020,0.0721124459893242,-0.0955698311485101,0.189059310836362,0.0149693816595843,0.1023328405554228,-0.3656068723963062,0.3276271760685661,0.0651367174331227,0.11630341219687386,-0.05817804992631226,0.22721031298780905,0.004542439346365959,0.13282878980880797,-0.4455082926557078,0.40049465564281095,0.06756006545453261,0.08682916826074989,-0.07929730954960756,0.1977531858560698,0.0067627500796023495,0.09691721641708441,-0.38263324960955447,0.3454573930576657,0.050338420117980696
A020,0.0695348384672342,-0.0943454047281436,0.1864087605864944,0.0156600957706281,0.1011367488934827,-0.3649280785692578,0.3239400321780625,0.0661365721761957,0.11630121522573764,-0.05817712293247164,0.22720668006693842,0.004542194583604516,0.1328266638088773,-0.4455014177646324,0.4004882757193937,0.06755869207214489,0.08682916826074989,-0.07929730954960756,0.1977531858560698,0.0067627500796023495,0.09691721641708441,-0.38263324960955447,0.3454573930576657,0.050338420117980696
A020,0.156532977831208,-0.1499425071715319,0.3955624351424782,0.0207328240703695,0.2259698713390843,-0.725536670660207,0.6847823001426847,0.1240520204670464,0.19161365909515027,-0.09284399477702802,0.3527478937665439,0.009089959601456938,0.19932806512481235,-0.6859234241871851,0.623567054817194,0.10844090669645365,0.18856355851878184,-0.12973549003413642,0.41579400060018173,0.020003533947535714,0.22355430538532478,-0.7654035968162556,0.727545362737152,0.12681553129457335
A020,0.1560258316251555,-0.1548616826233146,0.3948431539117967,0.0159096490409082,0.2254534387387377,-0.7290494659635414,0.6836505644692826,0.1180655077199682,0.19154491213879485,-0.09280961694427099,0.35263233220676354,0.009089391282242714,0.19927333879523354,-0.685699360169586,0.6233592013267263,0.10840946118964155,0.18856355851878184,-0.12973549003413642,0.41579400060018173,0.020003533947535714,0.22355430538532478,-0.7654035968162556,0.727545362737152,0.12681553129457335
A020,0.1557827178789737,-0.1510256901483248,0.3949211962817028,0.0194174164544557,0.2264549089007483,-0.7266293250806605,0.6837772188079315,0.1225475604834726,0.19157074395317433,-0.09282253388141744,0.35267575449230304,0.00908960561144337,0.19929390364312374,-0.6857835516594208,0.6234373017640898,0.10842127820961829,0.18856355851878184,-0.12973549003413642,0.41579400060018173,0.020003533947535714,0.22355430538532478,-0.7654035968162556,0.727545362737152,0.12681553129457335
A021,0.0982616480483757,-0.1038639603700692,0.2400535320346128,0.0102913684771712,0.1300469160820871,-0.4623812878165101,0.4170760458395394,0.0730948441649916,0.14153480132631505,-0.07638626402788017,0.2758440792166276,0.008350288802716797,0.15619470927359916,-0.5292304514888795,0.4873811430668434,0.07881518080383362,0.10853646032593736,-0.09912163693700947,0.24719148232008725,0.008453437599502936,0.12114652052135551,-0.47829156201194306,0.4318217413220821,0.06292302514747587
A021,0.0972224925893466,-0.1033809556062722,0.2395534927700731,0.0108813931478759,0.129851878835053,-0.4630126500975392,0.4168761628933879,0.0746943177152214,0.14161500776352265,-0.07641607952529524,0.27596829510019233,0.008356798959738456,0.15627211501762997,-0.5294824093223545,0.4876009308534955,0.07886706125430282,0.10853646032593736,-0.09912163693700947,0.24719148232008725,0.008453437599502936,0.12114652052135551,-0.47829156201194306,0.4318217413220821,0.06292302514747587
A021,0.0948398864021251,-0.1061470972998346,0.2382915585047626,0.0088182634705518,0.1282632893243862,-0.4641985983468096,0.4153104164976917,0.0710637726271298,0.1416377243776149,-0.0764245248833144,0.2760034767372833,0.008358641873348518,0.15629403642060705,-0.5295537720012833,0.4876631817747351,0.0788817533878687,0.10853646032593736,-0.09912163693700947,0.24719148232008725,0.008453437599502936,0.12114652052135551,-0.47829156201194306,0.4318217413220821,0.06292302514747587
A021,0.2143013246759863,-0.1627379625215614,0.5098537538527105,0.0385533588983187,0.310482971355956,-0.9382886190796648,0.8829069589027164,0.1876837925669149,0.25138654878783884,-0.12155962079415919,0.4481066810729744,0.012289403996984643,0.2516911512066614,-0.8823389565771013,0.7945877631011138,0.14020224644512788,0.2357044481484773,-0.1621693625426705,0.5197425007502272,0.025004417434419644,0.279442881731656,-0.9567544960203196,0.90943170342144,0.15851941411821668
A021,0.2138125830414155,-0.163148743286243,0.5112088425823771,0.038624382719143,0.3131555741111542,-0.939528146161762,0.8837198411267562,0.1881661513984805,0.251484749405072,-0.12160401906396727,0.4482627779615773,0.01228836362259218,0.25176684022057305,-0.8826621742576907,0.7948682120080085,0.14024815607429814,0.2357044481484773,-0.1621693625426705,0.5197425007502272,0.025004417434419644,0.279442881731656,-0.9567544960203196,0.90943170342144,0.15851941411821668
A021,0.2159385162741543,-0.1631388145424218,0.5111135834178151,0.0382558777415563,0.3146077785853332,-0.9399466546606988,0.8847239717666762,0.1887080289853576,0.2516308014102829,-0.1216700655111306,0.44849494561225245,0.012286800889035908,0.251879378251792,-0.883142916239131,0.7952853387320259,0.14031640599190537,0.2357044481484773,-0.1621693625426705,0.5197425007502272,0.025004417434419644,0.279442881731656,-0.9567544960203196,0.90943170342144,0.15851941411821668
A025,-0.0022775032325012,-0.0321486559561962,0.0077972080192158,0.0038270478725723,-0.0036753428178633,0.0106019321788104,0.0043494254520884,-0.0019206676672842,8.927316713911625e-05,-5.2255107456774876e-05,0.0028322091867804947,-0.0007423691708004775,-0.0022229596560372745,0.0002599815116439693,-0.0018687766428189803,-0.0007660184955391032,0.001237299034437118,-0.00049269542498874,0.002240192679050061,-0.0004835221887627423,-0.0010687192762739942,0.0033299999542928255,-0.002890187380898253,-0.0009459474585946678
A025,-0.0026207966133064,-0.030577718704467,0.00644367087277,0.003880718880438,-0.0035286795026481,0.0104303181506207,0.0016439355056048,-0.001712576264951,8.915452448348967e-05,-5.217529001894021e-05,0.002832106816398031,-0.0007423901118036102,-0.002223075252712916,0.0002603703967514016,-0.0018691991791092476,-0.0007660509098632874,0.001237299034437118,-0.00049269542498874,0.002240192679050061,-0.0004835221887627423,-0.0010687192762739942,0.0033299999542928255,-0.002890187380898253,-0.0009459474585946678
A025,0.0005873029160914,-0.0308528995805962,0.0108438153696115,0.002884930201762,-0.0026755000514544,0.0108510514298438,0.0090148391354076,-0.0033367340941681,8.863913497389242e-05,-5.182853926421971e-05,0.002831662108173557,-0.0007424810693781341,-0.0022235773755712135,0.0002620597694142816,-0.0018710347310652387,-0.0007661916756998398,0.001237299034437118,-0.00049269542498874,0.002240192679050061,-0.0004835221887627423,-0.0010687192762739942,0.0033299999542928255,-0.002890187380898253,-0.0009459474585946678
A025,0.0014489282569734,-0.0321498115581527,0.0191968034367393,0.0202979985510854,0.0246989858420645,0.0250536643705222,0.0135724466228285,0.0274880289415034,-0.0010684751428802206,0.0008105800519238524,0.001811049736853548,-0.0009072595235701123,-0.003210066379847952,0.004214787800077924,-0.006139974630083179,-0.0008972774935625732,0.0015285723517781177,-0.0007904846462262506,0.002906833565654833,-0.00040570119361464456,-0.0027785353074587793,0.004932621608793646,-0.004405675901904424,-0.0014752155353042144
A025,-0.0004181890574758,-0.035441312864143,0.0173821369595805,0.017844212041942,0.0235931473896173,0.0230161953072053,0.011240546101585,0.0245762926010854,-0.0010666142277507623,0.0008090525953617604,0.0018127236703359608,-0.0009070502375465745,-0.0032087080475189374,0.004208156264238603,-0.006132853706154992,-0.0008973778507609869,0.0015285723517781177,-0.0007904846462262506,0.002906833565654833,-0.00040570119361464456,-0.0027785353074587793,0.004932621608793646,-0.004405675901904424,-0.0014752155353042144
A025,-0.0002328207259526,-0.0347739911527438,0.0185767000327263,0.0202152852185826,0.023491568113551,0.0247292230462151,0.0132646887456063,0.0268396680857617,-0.0010672535451459796,0.0008095772991959556,0.0018121486019790827,-0.00090712215591531,-0.0032091747878175143,0.004210434420875443,-0.006135299999378019,-0.0008973434928526402,0.0015285723517781177,-0.0007904846462262506,0.002906833565654833,-0.00040570119361464456,-0.0027785353074587793,0.004932621608793646,-0.004405675901904424,-0.0014752155353042144
A026,-0.0046820721606825,-0.0385833885155827,0.0036505790432522,0.0047742118355767,-0.0032759215540177,0.0101164825136005,-0.0087162211112113,-0.004697706563101,-9.374813021538899e-05,-0.0003343052469355584,0.0052709421464939244,-0.001895439086297915,-0.0054135451322005115,0.00016870648174224827,-0.003799755859782167,-0.002212265257321532,0.002474598068874236,-0.00098539084997748,0.004480385358100122,-0.0009670443775254846,-0.0021374385525479885,0.006659999908585651,-0.005780374761796506,-0.0018918949171893356
A026,-0.0032986730374348,-0.0342421601788873,0.0045579292829853,0.0071554842850707,-0.0022589266870842,0.0130536882486963,-0.0081747670191544,-0.001073315834437,-9.45822055198306e-05,-0.0003332356409788669,0.005270521128536655,-0.0018950169085320062,-0.005413271949723418,0.0001724248026403649,-0.0038035530725388992,-0.0022114834668263595,0.002474598068874236,-0.00098539084997748,0.004480385358100122,-0.0009670443775254846,-0.0021374385525479885,0.006659999908585651,-0.005780374761796506,-0.0018918949171893356
A026,-0.0034280221696745,-0.0350973515602636,0.00454872239384,0.0048143696719755,-0.0024783146726874,0.0113350774365224,-0.00831718356911,-0.0025896176305639,-9.384659794419021e-05,-0.00033417897710561823,0.0052708924418358605,-0.0018953892450655587,-0.005413512886977438,0.0001691454451113582,-0.003800204136977483,-0.002212172969882615,0.002474598068874236,-0.00098539084997748,0.004480385358100122,-0.0009670443775254846,-0.0021374385525479885,0.006659999908585651,-0.005780374761796506,-0.0018918949171893356
A026,0.0027903544369519,-0.0405822471659613,0.0265547154743768,0.0198358436410924,0.0038358048441169,0.0191592612155408,0.0232419754667333,0.0254932581803498,-0.0014512621649717184,0.0015011443335556799,0.004611245195724935,-0.0012391985876098548,-0.004835254216526978,0.006415167536798978,-0.01017048959765274,-0.0007404068813473224,0.0030571447035562353,-0.0015809692924525012,0.005813667131309666,-0.0008114023872292891,-0.005557070614917559,0.009865243217587291,-0.008811351803808848,-0.0029504310706084287
A026,0.0015776175828877,-0.0408281561496416,0.0226792084574604,0.0198283776948756,0.0048821786573898,0.0202898236570051,0.0151830091285566,0.0255152757568507,-0.0014506596549187063,0.0015002874590708112,0.004611526213594406,-0.0012394692093902198,-0.004835567195115599,0.006412304209879951,-0.010167573433319732,-0.0007411508073318031,0.0030571447035562353,-0.0015809692924525012,0.005813667131309666,-0.0008114023872292891,-0.005557070614917559,0.009865243217587291,-0.008811351803808848,-0.0029504310706084287
A026,0.0025466306445111,-0.0424044727303851,0.0234410906804257,0.0188928009825611,0.0051669175060964,0.0193761964135556,0.016574933629842,0.0237874428431027,-0.0014492410231149676,0.0014982700676359469,0.004612187920589802,-0.0012401064935635968,-0.0048363039232574845,0.0064055627405845425,-0.010160707545037253,-0.0007429020789715493,0.0030571447035562353,-0.0015809692924525012,0.005813667131309666,-0.0008114023872292891,-0.005557070614917559,0.009865243217587291,-0.008811351803808848,-0.0029504310706084287
A028,-0.0008374668899414,-0.0729676503122469,0.0218918871353504,0.0092623647058006,-0.0079839690729258,0.0248151046042348,-0.0188272736833477,-0.0038908248983209,-0.0002059370114066243,-0.00029159176317562524,0.01992577329975228,-0.006760847994497487,-0.01873663305270343,0.004774516344878568,-0.01902054971353865,-0.008185825988338169,0.009898392275496944,-0.00394156339990992,0.01792154143240049,-0.0038681775101019385,-0.008549754210191954,0.026639999634342604,-0.023121499047186023,-0.0075675796687573425
A028,-0.0024686005135862,-0.0670535711079195,0.0197195228055828,0.0110632766440751,-0.0101416868514316,0.0277704339172562,-0.0212919559112645,-0.0008838510625069,-0.0002042962973847699,-0.0002933886946223936,0.019926876759952403,-0.006761434446531606,-0.018736234066334217,0.0047676987925759605,-0.01901354335787741,-0.008186998276690094,0.009898392275496944,-0.00394156339990992,0.01792154143240049,-0.0038681775101019385,-0.008549754210191954,0.026639999634342604,-0.023121499047186023,-0.0075675796687573425
A028,0.0005284133059546,-0.0665904404134251,0.0222544346298853,0.0098684312635711,-0.0078520354557878,0.0269763899431269,-0.0183595694386304,-0.0011784640536712,-0.00020773513583703649,-0.0002896223360859577,0.019924563993458568,-0.006760205236813809,-0.01873707016512882,0.0047819881539273275,-0.019028228422336844,-0.008184541021533149,0.009898392275496944,-0.00394156339990992,0.01792154143240049,-0.0038681775101019385,-0.008549754210191954,0.026639999634342604,-0.023121499047186023,-0.0075675796687573425
A028,0.0027253904199654,-0.0772282050930445,0.0499027899421078,0.0303631672593055,0.0041171471879402,0.0464066607040807,0.0037161341127101,0.0306704978941773,-0.006532618150426833,0.007315792843035423,0.015839982971689138,-0.004281412350782053,-0.01926223567059592,0.03235147859979597,-0.04721339594470536,-0.0022078874744763805,0.012228578814224941,-0.006323877169810005,0.023254668525238664,-0.0032456095489171565,-0.022228282459670234,0.039460972870349165,-0.03524540721523539,-0.011801724282433715
A028,0.0039679837053064,-0.0797528966197939,0.0508556790670843,0.0282980641708329,0.0060366896672043,0.0446995150926733,0.0046045624956995,0.0283752373869948,-0.0065386223683064635,0.007323712955632915,0.0158362997757914,-0.004278894342171509,-0.019261728635028615,0.03237901689180889,-0.0472414068954984,-0.0022007033905954826,0.012228578814224941,-0.006323877169810005,0.023254668525238664,-0.0032456095489171565,-0.022228282459670234,0.039460972870349165,-0.03524540721523539,-0.011801724282433715
A028,0.0059174291669989,-0.0797896204651303,0.0523870608714785,0.0282312650882815,0.0078266321602853,0.0449708501003531,0.0059749000531124,0.0285085775010868,-0.006535206265132903,0.007319206623823928,0.015838395279818156,-0.00428032699369151,-0.019262017362407107,0.0323633486069728,-0.047225469719937074,-0.002204791167110079,0.012228578814224941,-0.006323877169810005,0.023254668525238664,-0.0032456095489171565,-0.022228282459670234,0.039460972870349165,-0.03524540721523539,-0.011801724282433715
A029,0.0059555081426749,0.0046691120029957,0.0157406132582029,-0.0043293506378261,-0.0297230343564107,0.0293499479661158,-0.0287912913080195,-0.0083799989888223,3.940485079759602e-07,0.007404594031393131,0.019666656243199104,0.003418904173079442,-0.004170886712033681,0.026238566945022704,-0.034544208309989666,0.01220543141779158,0.012372990344371178,-0.004926954249887393,0.022401926790500626,-0.004835221887627424,-0.010687192762739953,0.03329999954292823,-0.028901873808982514,-0.009459474585946679
A029,0.0071448812376408,0.0074335874371825,0.0169813578277264,0.0022696610819078,-0.0273664043514215,0.0329748442019832,-0.0268285547052576,-0.0032596659764342,-4.462014996212799e-07,0.0074039927880543924,0.019666885711931485,0.0034171099219427784,-0.004174622851779695,0.026238589795376965,-0.03454552540613933,0.01220219996115407,0.012372990344371178,-0.004926954249887393,0.022401926790500626,-0.004835221887627424,-0.010687192762739953,0.03329999954292823,-0.028901873808982514,-0.009459474585946679
A029,0.0065506273550325,0.0046223655222382,0.0171663453916658,0.003531259305789,-0.0266186040467412,0.0315688638400633,-0.0261453306961488,-0.0035815668634592,9.93341756647135e-07,0.007405022863221438,0.01966649256340209,0.0034201838983871527,-0.004168221962308518,0.02623855066575171,-0.03454326892142759,0.012207736213576847,0.012372990344371178,-0.004926954249887393,0.022401926790500626,-0.004835221887627424,-0.010687192762739953,0.03329999954292823,-0.028901873808982514,-0.009459474585946679
A029,0.0223797107372994,-0.0024786790758962,0.0436084078288041,0.0018811931216631,-0.032232193581652,0.0408689065041447,-0.0092960167682323,-0.0133221680982383,-0.012968715854905152,-0.0008540547627608603,0.02059204316991954,-0.022849943883463387,-0.05918969235144293,0.02981984555409946,-0.056078838141141736,-0.03466121397696478,0.015285723517781152,-0.007904846462262513,0.029068335656548344,-0.004057011936146446,-0.027785353074587793,0.04932621608793647,-0.04405675901904427,-0.014752155353042154
A029,0.0212298016244467,-0.0034672002467869,0.0428728027941906,0.0025038791710723,-0.0325225280581873,0.0410911361465941,-0.0102033539458684,-0.0130624513516158,-0.012948717302248568,-0.0008427604139774144,0.02059419191927546,-0.022811518274682703,-0.05910858908984127,0.029809785172088155,-0.05604389295708816,-0.03459313389894956,0.015285723517781152,-0.007904846462262513,0.029068335656548344,-0.004057011936146446,-0.027785353074587793,0.04932621608793647,-0.04405675901904427,-0.014752155353042154
A029,0.0213959771344675,-0.0051376862203155,0.0433589587503548,0.0025562629018884,-0.0309309793170233,0.0412484417822061,-0.0102417403957437,-0.0126258525140131,-0.012960719579821556,-0.00084953929471325,0.020592903521779646,-0.02283458042711876,-0.059157265091080616,0.029815821434717567,-0.05606486495740077,-0.03463399407306287,0.015285723517781152,-0.007904846462262513,0.029068335656548344,-0.004057011936146446,-0.027785353074587793,0.04932621608793647,-0.04405675901904427,-0.014752155353042154
B001,0.0055658425966749,-0.022267167538228,0.0109192869386037,0.0308826594672615,0.0479596406599491,0.0148444065891494,0.0082081859190685,0.039576768768655,0.0075536470053241,0.01365286577216177,-5.4714942868084686e-05,0.03108591395070494,0.05536649213620948,0.014130546338299578,-0.008197574361395735,0.04808707120346688,0.010404859118689687,0.012090945067030854,-0.00036182157118754834,0.026959340911058786,0.04449915624690148,0.01104593277586155,-0.005346355056152914,0.04029198675130996
B001,0.0069645167701164,-0.0237547179527802,0.0121520322805931,0.0296709050343522,0.0490349062598343,0.0138020366385721,0.009343663137661,0.0375883479229074,0.007554638429802792,0.013655799102986078,-5.500829211804835e-05,0.031091066228336475,0.05537573761353819,0.014133771736208634,-0.008199628792251966,0.048095305894112456,0.010404859118689687,0.012090945067030854,-0.00036182157118754834,0.026959340911058786,0.04449915624690148,0.01104593277586155,-0.005346355056152914,0.04029198675130996
B001,0.004022483062049,-0.0221480101130024,0.0094604275517306,0.0312624782630527,0.0471624527638738,0.0147270198706249,0.0062536695333882,0.0397024072210063,0.007552733790884402,0.01365016366974681,-5.444461987974441e-05,0.03108116784268572,0.05535797555655511,0.014127575039135991,-0.008195681740191809,0.04807948570929023,0.010404859118689687,0.012090945067030854,-0.00036182157118754834,0.026959340911058786,0.04449915624690148,0.01104593277586155,-0.005346355056152914,0.04029198675130996
B001,0.0092909646728095,-0.0218113219109771,0.0206795125559179,0.069716557994876,0.091969111471559,0.0304104079471528,0.0186478346548448,0.10324500404113,0.010646992384334628,0.021984679431248655,-0.00042113462403720395,0.04585395177666234,0.08209903229275063,0.022568874057600014,-0.013384583101354137,0.07183784515166643,0.017007420900493304,0.025099017166625846,-0.0020947405498273133,0.05488108364067755,0.09074282799323831,0.025165752865706804,-0.014376725876517444,0.08653749444023957
B001,0.013189368509071,-0.0205532699378588,0.0239743239148921,0.0682629312012891,0.0968833612391424,0.030895475219795,0.0218664803268617,0.1024817545083215,0.010655596074667786,0.02200587717633631,-0.00042083222634514933,0.0458918909937693,0.08216831784400677,0.0225884427214206,-0.013396075878141272,0.07189925136560159,0.017007420900493304,0.025099017166625846,-0.0020947405498273133,0.05488108364067755,0.09074282799323831,0.025165752865706804,-0.014376725876517444,0.08653749444023957
B001,0.0117287177078049,-0.0194859265954918,0.022577254240568,0.0702447638968702,0.0957547929518478,0.029769917512147,0.0207436973010679,0.1080966582309436,0.010649892092376767,0.021991824779789306,-0.0004210334137244951,0.04586674013213471,0.08212238635393378,0.022575471379312578,-0.013388458084216178,0.07185854341166102,0.017007420900493304,0.025099017166625846,-0.0020947405498273133,0.05488108364067755,0.09074282799323831,0.025165752865706804,-0.014376725876517444,0.08653749444023957
B002,-0.0119013222520515,-0.0411636868974271,-0.0115422726704019,0.0112241615945551,-0.0049825316590478,0.0444708169939938,-0.0186671202690612,0.0001942267013636,-0.01482995758773409,0.006360708213126257,-0.029710169462902457,-0.0015978028976732514,-0.017097222682462082,0.0519074532731586,-0.045214948546089186,-0.010756311051174453,-0.012090945067030852,0.010404859118689689,-0.026959340911058786,-0.00036182157118754666,-0.011045932775861548,0.04449915624690148,-0.04029198675130996,-0.005346355056152911
B002,-0.0124144250228355,-0.0391677511594763,-0.0126370774438593,0.0094822529471016,-0.0062518363757662,0.0437580655628949,-0.0195968643398219,-0.0007613669369098,-0.014831171021656715,0.006361868622665504,-0.029713214520816978,-0.0015971057750558482,-0.0170975356155787,0.05191321250213726,-0.045219881265606235,-0.010755730081160963,-0.012090945067030852,0.010404859118689689,-0.026959340911058786,-0.00036182157118754666,-0.011045932775861548,0.04449915624690148,-0.04029198675130996,-0.005346355056152911
B002,-0.0140869160746152,-0.0389606944089359,-0.014522586912643,0.0086609961912566,-0.0069508165231408,0.044825970632371,-0.0227800194934725,-0.0024576784927756,-0.014834834839619226,0.006365372628950711,-0.02972240900746599,-0.001595000264669072,-0.017098479731690656,0.05193060250803641,-0.04523477547328164,-0.010753975290963823,-0.012090945067030852,0.010404859118689689,-0.026959340911058786,-0.00036182157118754666,-0.011045932775861548,0.04449915624690148,-0.04029198675130996,-0.005346355056152911
B002,-0.0262453689247837,-0.0414120257779188,-0.0290544955452303,0.0233754073000327,-0.0097926767037082,0.0925258799881985,-0.0491627174048283,0.0173621758158289,-0.020781055348619636,0.012683168966839844,-0.045266133147302594,0.0032043464041300825,-0.016994547832173752,0.08167753649951091,-0.07040753843448264,-0.006559614625374544,-0.025099017166625843,0.017007420900493307,-0.05488108364067755,-0.0020947405498273103,-0.0251657528657068,0.09074282799323831,-0.08653749444023957,-0.014376725876517438
B002,-0.0236748517073462,-0.0426895322722294,-0.0265752807576161,0.0202197158618634,-0.0070925013141236,0.0917246346691053,-0.046265808067464,0.0127500157179721,-0.02078471926275084,0.012687492328265621,-0.04527611398372359,0.0032082464395661444,-0.016993366976785194,0.08169689551827472,-0.07042373870163428,-0.0065561169121846384,-0.025099017166625843,0.017007420900493307,-0.05488108364067755,-0.0020947405498273103,-0.0251657528657068,0.09074282799323831,-0.08653749444023957,-0.014376725876517438
B002,-0.0254708957845181,-0.0420930895439374,-0.0223251117639733,0.0233189231282294,-0.0109151665018158,0.0911684942341403,-0.0352790216558868,0.0192656787617225,-0.02077736281583614,0.012678812433329889,-0.045256074884304234,0.003200417211725139,-0.016995736362853904,0.08165802768559116,-0.07039121259466942,-0.006563138397864961,-0.025099017166625843,0.017007420900493307,-0.05488108364067755,-0.0020947405498273103,-0.0251657528657068,0.09074282799323831,-0.08653749444023957,-0.014376725876517438
B003,-0.006787061965598,-0.0408917231262686,0.0079019142457278,-0.0137875670721046,-0.0356650705107139,-0.0066899788128849,0.0176017526067753,-0.0286231053240036,-0.007362793416647525,-0.014728314933926347,-0.0001645098683431754,-0.03141464816364152,-0.055742407112881955,-0.014478280834945102,0.0077483228882538535,-0.04847515609845779,-0.010404859118689689,-0.012090945067030852,0.00036182157118754503,-0.026959340911058786,-0.04449915624690148,-0.011045932775861545,0.005346355056152908,-0.04029198675130996
B003,-0.0100655692685252,-0.0390032568192507,0.0052738726148331,-0.0124840196135072,-0.0374158002687967,-0.0061187362357984,0.0147988195568352,-0.0275359954076039,-0.007362716468989779,-0.014728117788228636,-0.000164529926181309,-0.03141430196800124,-0.05574179374774441,-0.014478090592133563,0.007748191006425911,-0.04847460012831097,-0.010404859118689689,-0.012090945067030852,0.00036182157118754503,-0.026959340911058786,-0.04449915624690148,-0.011045932775861545,0.005346355056152908,-0.04029198675130996
B003,-0.0076436010882825,-0.0380498597596333,0.007049932944372,-0.0116651378508709,-0.0355258423303128,-0.0056003309557162,0.0167067196949152,-0.0269195091502176,-0.007362047198374639,-0.014726403033596493,-0.00016470440757790155,-0.0314112907961588,-0.05573645877557182,-0.01447643584753183,0.007747043883346066,-0.04846976437055343,-0.010404859118689689,-0.012090945067030852,0.00036182157118754503,-0.026959340911058786,-0.04449915624690148,-0.011045932775861545,0.005346355056152908,-0.04029198675130996
B003,-0.0122099451254112,-0.0567991987763539,0.0176490628362493,-0.0210872581799981,-0.0713549482097883,-0.0156827866990852,0.0399104267005764,-0.0391182575050478,-0.01086623392965651,-0.022988077293191987,0.00023612718121018202,-0.04603416943547849,-0.08188503724810448,-0.021785815399519497,0.01267582831441415,-0.07217033161916725,-0.017007420900493307,-0.025099017166625843,0.002094740549827307,-0.05488108364067755,-0.09074282799323831,-0.025165752865706794,0.014376725876517433,-0.08653749444023957
B003,-0.0112073321830956,-0.0559424726801276,0.0190450175395787,-0.0194286858904366,-0.0699868322352146,-0.0150122853252874,0.0416436019275559,-0.0360342585316592,-0.01086972524001176,-0.02299567895212249,0.00023607742842563238,-0.04604773543345201,-0.0819095303487377,-0.021791911643070695,0.012679792290069587,-0.07219252973161513,-0.017007420900493307,-0.025099017166625843,0.002094740549827307,-0.05488108364067755,-0.09074282799323831,-0.025165752865706794,0.014376725876517433,-0.08653749444023957
B003,-0.0113066821157211,-0.0599275786353082,0.0192927250580403,-0.0217903876841024,-0.0688456210852253,-0.0170853629548229,0.0417728375414451,-0.0385859958408242,-0.0108702456763293,-0.022996812007958525,0.00023606994492773523,-0.04604975751449192,-0.08191318120885126,-0.021792820209563548,0.012680383042850149,-0.07219583850813883,-0.017007420900493307,-0.025099017166625843,0.002094740549827307,-0.05488108364067755,-0.09074282799323831,-0.025165752865706794,0.014376725876517433,-0.08653749444023957
B004,0.00832710861161,-0.0227400077331671,0.0063133512568642,0.0572470613036067,0.0902958007713514,0.0240276459652351,-0.0071704438139787,0.0763370445361776,0.015705272180080356,0.028455273228969697,0.00020818834904480504,0.060810506340970204,0.10644321450765735,0.02605361470716057,-0.013700809165403255,0.0943471587741048,0.020809718237379374,0.024181890134061707,-0.0007236431423750967,0.05391868182211757,0.08899831249380297,0.0220918655517231,-0.010692710112305827,0.08058397350261992
B004,0.0079097348971881,-0.0222157503554077,0.0062879537717709,0.0584954745668656,0.0898434789769203,0.0243311704628545,-0.0071383323511942,0.0779962818779654,0.015709704095261522,0.028469579596028534,0.00020646168612225224,0.06083369913573194,0.10648687944695524,0.026068666540949453,-0.01371159850649824,0.0943845908209689,0.020809718237379374,0.024181890134061707,-0.0007236431423750967,0.05391868182211757,0.08899831249380297,0.0220918655517231,-0.010692710112305827,0.08058397350261992
B004,0.0087100258055296,-0.0208079947812175,0.0067627083221122,0.0602852840901011,0.0896063100895745,0.0255543540252189,-0.0062941666638054,0.0798658909179176,0.01570535519109417,0.028455541212524173,0.0002081559967875798,0.060810940779492006,0.10644403241741597,0.026053896671544154,-0.013701011283630861,0.09434785993380138,0.020809718237379374,0.024181890134061707,-0.0007236431423750967,0.05391868182211757,0.08899831249380297,0.0220918655517231,-0.010692710112305827,0.08058397350261992
B004,0.0221280711047912,-0.0147476535893716,0.0311750890980297,0.1205798074090614,0.1832762466536415,0.0558130861057274,0.0223474927064136,0.1756794769247703,0.02263829981083956,0.0484730638039489,-0.0012280810826579324,0.09368680358578779,0.16887148699664536,0.045247803622234746,-0.02715752941293872,0.1477124840119639,0.03401484180098661,0.05019803433325169,-0.004189481099654627,0.1097621672813551,0.18148565598647662,0.05033150573141361,-0.028753451753034887,0.17307498888047915
B004,0.0221933015979942,-0.0115872831249098,0.0303643507044206,0.1198322216514293,0.1839714054476888,0.0559322754475735,0.021046891172753,0.1756394005885634,0.022643474312899547,0.04848653049565057,-0.0012283628423843318,0.09370923462355593,0.16891442610756063,0.04525941901229435,-0.02716543881050436,0.14774908439857862,0.03401484180098661,0.05019803433325169,-0.004189481099654627,0.1097621672813551,0.18148565598647662,0.05033150573141361,-0.028753451753034887,0.17307498888047915
B004,0.0230138249668307,-0.0114366729937399,0.0309459012458137,0.1196686389653498,0.1850485466651492,0.055233982446379,0.0214661804335579,0.1762206134321288,0.02264206606454453,0.048482865698248716,-0.001228286259115333,0.0937031302424678,0.16890274061672045,0.045256258202201,-0.02716328652069575,0.1477391239486579,0.03401484180098661,0.05019803433325169,-0.004189481099654627,0.1097621672813551,0.18148565598647662,0.05033150573141361,-0.028753451753034887,0.17307498888047915
B005,-0.0270781799594294,-0.0418391975374366,-0.0448067627311988,0.0136819462647233,-0.0179123034956233,0.0874189846264567,-0.0706057283098077,-0.0040611720163614,-0.03018298981846037,0.0157837924505236,-0.06298301971134052,-0.0001099814460723351,-0.028238836858276432,0.11267193117860382,-0.09818011346786824,-0.015912612940339795,-0.024181890134061704,0.020809718237379378,-0.05391868182211757,-0.0007236431423750933,-0.022091865551723096,0.08899831249380297,-0.08058397350261992,-0.010692710112305822
B005,-0.027104706092636,-0.0386479035285691,-0.0450905985374787,0.0141425520373823,-0.0178428497503636,0.089036801112551,-0.0713196891427474,-0.0037360155085521,-0.030177056802996663,0.015781650009902785,-0.06297280985136555,-0.00010939416361369811,-0.02823272659854784,0.11265350545867801,-0.09816388972829701,-0.015908547356679768,-0.024181890134061704,0.020809718237379378,-0.05391868182211757,-0.0007236431423750933,-0.022091865551723096,0.08899831249380297,-0.08058397350261992,-0.010692710112305822
B005,-0.0271977167111719,-0.0404049218551735,-0.0447589809982465,0.0127545100872224,-0.0178175150350122,0.0882913887894048,-0.0705201524072417,-0.0055560549512662,-0.030184569358245126,0.015784362853841917,-0.06298573788193568,-0.0001101377625881563,-0.028240463527550202,0.11267683667785475,-0.09818443272760145,-0.015913695263222262,-0.024181890134061704,0.020809718237379378,-0.05391868182211757,-0.0007236431423750933,-0.022091865551723096,0.08899831249380297,-0.08058397350261992,-0.010692710112305822
B005,-0.0442731585986118,-0.053576962760611,-0.066062500436391,0.0237475784681306,-0.0458547799834123,0.170309843397298,-0.1021999977095335,-0.0024834034624358,-0.04679610183421567,0.022367958347966517,-0.09187129562616463,-0.0008983307827566755,-0.04393168725303803,0.16530492880661712,-0.14442466685056854,-0.026005854549283332,-0.050198034333251686,0.034014841800986614,-0.1097621672813551,-0.004189481099654621,-0.0503315057314136,0.18148565598647662,-0.17307498888047915,-0.028753451753034877
B005,-0.0479681495472478,-0.053571199055101,-0.0690176240615708,0.0231861737659271,-0.0479903757929218,0.1706623336790849,-0.1058175860481779,-0.0028390907481835,-0.04677752472196485,0.022359914493356562,-0.09183862887509939,-0.0008984423625056113,-0.043915781422454954,0.16524484322009467,-0.14437198863045897,-0.02599606883097678,-0.050198034333251686,0.034014841800986614,-0.1097621672813551,-0.004189481099654621,-0.0503315057314136,0.18148565598647662,-0.17307498888047915,-0.028753451753034877
B005,-0.0444641029864528,-0.049703161180937,-0.0661864740232364,0.0260558268479899,-0.0444274015446497,0.1734848330415045,-0.102867517029991,0.0005757270729537,-0.04678669719548951,0.022363885959408508,-0.09185475801773982,-0.000898387556875421,-0.04392363542189821,0.16527451019577438,-0.14439799828674144,-0.026000900977121794,-0.050198034333251686,0.034014841800986614,-0.1097621672813551,-0.004189481099654621,-0.0503315057314136,0.18148565598647662,-0.17307498888047915,-0.028753451753034877
B006,-0.0203989835916602,-0.0866012020625139,0.0020379662364433,-0.0372657963229096,-0.0879699900071941,-0.0233842358433214,0.0139422836572479,-0.0727582103452148,-0.015054019570115604,-0.02714796266148946,9.356922551183426e-05,-0.06189473538688432,-0.11023579839151026,-0.02808748561093633,0.016284535399376795,-0.0957313021150467,-0.020809718237379378,-0.024181890134061704,0.0007236431423750901,-0.05391868182211757,-0.08899831249380297,-0.02209186555172309,0.010692710112305817,-0.08058397350261992
B006,-0.0191089414015515,-0.0835687424251802,0.0031928636369889,-0.0361530874813396,-0.0835869171288717,-0.0224499532198037,0.0151264164733604,-0.0685200293205051,-0.015075807189951076,-0.0272125192791589,0.00010007848153360662,-0.06200811224707793,-0.11043922036584372,-0.028158553119355768,0.016329823706719374,-0.09591249123866386,-0.020809718237379378,-0.024181890134061704,0.0007236431423750901,-0.05391868182211757,-0.08899831249380297,-0.02209186555172309,0.010692710112305817,-0.08058397350261992
B006,-0.0194888038715332,-0.082898093601104,0.0036950033676049,-0.0368865390868377,-0.0849536456766284,-0.0227347431124725,0.0162726716807505,-0.0691383022479943,-0.01507322087803767,-0.02720485850906,9.930744322055007e-05,-0.061994657728845416,-0.11041507942827293,-0.02815012190137589,0.016324451414959796,-0.09589098894537551,-0.020809718237379378,-0.024181890134061704,0.0007236431423750901,-0.05391868182211757,-0.08899831249380297,-0.02209186555172309,0.010692710112305817,-0.08058397350261992
B006,-0.0248622529190504,-0.1163949460064278,0.0280787465129065,-0.0715357256333129,-0.1584247365055215,-0.0449428443257414,0.0682884298325451,-0.1249969782888958,-0.021525521068122756,-0.044538239299130776,0.0008330758797496655,-0.09272639830830404,-0.16605859511649293,-0.04566126005756272,0.027076117094570824,-0.1453245098514828,-0.034014841800986614,-0.050198034333251686,0.004189481099654614,-0.1097621672813551,-0.18148565598647662,-0.05033150573141359,0.028753451753034866,-0.17307498888047915
B006,-0.027483972281678,-0.1144647138974015,0.0252502416541151,-0.0717238779647742,-0.1601151445883848,-0.0453269282822683,0.0648050028498958,-0.1248896513853409,-0.02152407825728898,-0.04453470484722323,0.0008331401964078137,-0.09272006822601661,-0.16604702813045907,-0.045658018490199334,0.02707421988369803,-0.14531425992377456,-0.034014841800986614,-0.050198034333251686,0.004189481099654614,-0.1097621672813551,-0.18148565598647662,-0.05033150573141359,0.028753451753034866,-0.17307498888047915
B006,-0.0258586081230863,-0.1150077619157738,0.0264833722024741,-0.0734230450455223,-0.1591085916366117,-0.0456513361935007,0.0659628605895006,-0.1262234918188617,-0.02153056260682872,-0.04455058852077952,0.0008328504528082116,-0.0927485155553335,-0.16609901040279829,-0.04567258487161686,0.02708274489701465,-0.14536032322625925,-0.034014841800986614,-0.050198034333251686,0.004189481099654614,-0.1097621672813551,-0.18148565598647662,-0.05033150573141359,0.028753451753034866,-0.17307498888047915
B008,-0.0509704203593159,-0.0359068625987332,-0.1028087554457511,0.0166789813710491,-0.0408398492630948,0.1734184166145978,-0.162037801623781,-0.0120925582850588,-0.05861198494542436,0.02933367207875597,-0.12512957732505647,0.0006888310198316528,-0.057622186149479775,0.2220324304215749,-0.19305112413818784,-0.030791562789798627,-0.04836378026812341,0.041619436474758756,-0.10783736364423514,-0.0014472862847501866,-0.04418373110344619,0.17799662498760593,-0.16116794700523984,-0.021385420224611644
B008,-0.0524246779163263,-0.0343409721975178,-0.1036923229326196,0.0174124015818687,-0.0427207902682856,0.1753582666925462,-0.1627632043537799,-0.0123312194054899,-0.058609153072568136,0.029332568448662465,-0.12512460510803944,0.0006891217752832583,-0.0576194494375107,0.2220236223992055,-0.19304314032608477,-0.030789664815048662,-0.04836378026812341,0.041619436474758756,-0.10783736364423514,-0.0014472862847501866,-0.04418373110344619,0.17799662498760593,-0.16116794700523984,-0.021385420224611644
B008,-0.0513655101685385,-0.0356352402962483,-0.1042373447530623,0.0164235130100379,-0.0411970231435482,0.1740571492396219,-0.1651449955339596,-0.0129773933263955,-0.0586013031034079,0.029329509261104326,-0.12511082212400368,0.0006899278802502228,-0.057611863059440105,0.22199920663254197,-0.19302100926406227,-0.030784403442273837,-0.04836378026812341,0.041619436474758756,-0.10783736364423514,-0.0014472862847501866,-0.04418373110344619,0.17799662498760593,-0.16116794700523984,-0.021385420224611644
B008,-0.0859122760724946,-0.0347529334123471,-0.1692207102318272,0.0321063422805709,-0.0782425749786439,0.3625950776292291,-0.2690560196925736,-0.0171658064276484,-0.09291327674579743,0.04390727234784311,-0.18585203821795004,-0.0009366898854500309,-0.08791162660168322,0.33063807140341583,-0.29148896916012046,-0.051202325821454765,-0.10039606866650337,0.06802968360197323,-0.2195243345627102,-0.008378962199309241,-0.1006630114628272,0.36297131197295324,-0.3461499777609583,-0.057506903506069754
B008,-0.086183186935564,-0.0301769946231562,-0.1695201704531003,0.0315507944699413,-0.0777722186065448,0.3631193292415616,-0.2701146342511397,-0.017682689897266,-0.09297045714881441,0.04393365659490359,-0.18595413379508244,-0.00093612500870732,-0.08795719708928244,0.3308225121612796,-0.2916561271507047,-0.05123188200412941,-0.10039606866650337,0.06802968360197323,-0.2195243345627102,-0.008378962199309241,-0.1006630114628272,0.36297131197295324,-0.3461499777609583,-0.057506903506069754
B008,-0.0898975825896438,-0.0304944919972124,-0.173183351221598,0.0294108544037478,-0.0798066615651145,0.3623599305109766,-0.2752344419858043,-0.0197448072614342,-0.09297717094925476,0.04393675495576699,-0.18596612147785888,-0.0009360579494085017,-0.08796254661662896,0.33084416893128665,-0.29167575459994854,-0.05123535131747909,-0.10039606866650337,0.06802968360197323,-0.2195243345627102,-0.008378962199309241,-0.1006630114628272,0.36297131197295324,-0.3461499777609583,-0.057506903506069754
B009,-0.030193532711569,-0.1129209614763364,0.0040592811445435,-0.0856938981104757,-0.1696354846077932,-0.044321215859965,0.0312113554458937,-0.1446880271805141,-0.03130858614823594,-0.056581088384400485,-0.0004562776459640739,-0.12108696649265105,-0.21188106350273003,-0.0517603389884655,0.027152921277217586,-0.18783244033186022,-0.041619436474758756,-0.04836378026812341,0.0014472862847501801,-0.10783736364423514,-0.17799662498760593,-0.04418373110344618,0.021385420224611634,-0.16116794700523984
B009,-0.029012833304017,-0.1141323100899858,0.004973960916461,-0.08595964982634,-0.1685891166183354,-0.0448502938040879,0.0318091338355808,-0.1442892619704592,-0.03131299087644055,-0.05659533411084444,-0.0004545470829282718,-0.12111005647775894,-0.21192452836753894,-0.051775348577128996,0.027163683725273495,-0.18786970258994326,-0.041619436474758756,-0.04836378026812341,0.0014472862847501801,-0.10783736364423514,-0.17799662498760593,-0.04418373110344618,0.021385420224611634,-0.16116794700523984
B009,-0.0331053927924367,-0.1129078209238465,0.0016295467900933,-0.0851582082704625,-0.1718775249774354,-0.0437981251690963,0.0281129090165589,-0.144453289456398,-0.03131142286078462,-0.05659026298252479,-0.0004551630664357644,-0.12110183698903496,-0.21190905587179876,-0.0517700056371406,0.027159852649733952,-0.18785643808841673,-0.041619436474758756,-0.04836378026812341,0.0014472862847501801,-0.10783736364423514,-0.17799662498760593,-0.04418373110344618,0.021385420224611634,-0.16116794700523984
B009,-0.0552102825859516,-0.1676200463877973,0.0154899227191894,-0.1585324969290634,-0.3359049622015533,-0.0916947158823699,0.0758865680451124,-0.2651633518460317,-0.045542337086505395,-0.0976365472142372,0.002470006427110722,-0.1885239058277953,-0.33994523989704556,-0.09108997790868555,0.05471956070089566,-0.2973020407846817,-0.06802968360197323,-0.10039606866650337,0.008378962199309227,-0.2195243345627102,-0.36297131197295324,-0.10066301146282718,0.05750690350606973,-0.3461499777609583
B009,-0.0538405188737002,-0.1658644346873783,0.0163213748743507,-0.1588769968357332,-0.3350755978708924,-0.0914201766102867,0.0766602694924543,-0.2649741741125855,-0.04554718414642083,-0.09764911804685865,0.0024702468924313855,-0.18854485549808708,-0.3399853538106224,-0.0911007780178891,0.05472690632795342,-0.2973362295835449,-0.06802968360197323,-0.10039606866650337,0.008378962199309227,-0.2195243345627102,-0.36297131197295324,-0.10066301146282718,0.05750690350606973,-0.3461499777609583
B009,-0.053100072471428,-0.1668884850447295,0.0170143938217489,-0.1592069413854778,-0.3348286766640483,-0.0913107682790526,0.0771294598108638,-0.2658624363629295,-0.04552895600392544,-0.09760183926212901,0.002469340348625763,-0.18846606501971574,-0.3398344887458898,-0.09106015483708524,0.05469927589770619,-0.297207648048614,-0.06802968360197323,-0.10039606866650337,0.008378962199309227,-0.2195243345627102,-0.36297131197295324,-0.10066301146282718,0.05750690350606973,-0.3461499777609583
B010,0.0307444464966401,0.0664050176878076,-0.0032869297266627,0.1346687388339236,0.208005929916508,0.0584089168342286,-0.0356735993856172,0.1978443510308992,0.03922416437243962,0.07480489124865643,-0.00020986675082666886,0.1563347087066801,0.2796537279646598,0.06992419995876957,-0.03933361263583283,0.24366625951663587,0.05202429559344844,0.060454725335154266,-0.0018091078559377416,0.13479670455529394,0.22249578123450742,0.05522966387930775,-0.026731775280764567,0.2014599337565498
B010,0.032484746062542,0.0670310716810751,-0.0017680409611771,0.1353654346745232,0.2098040774640841,0.0582289852306806,-0.0333817069591318,0.1997955029169452,0.03923650011328087,0.07483914800168187,-0.00021330836804287853,0.15639364301658934,0.27976005678125154,0.06995956416963815,-0.03935716332129204,0.2437598870912745,0.05202429559344844,0.060454725335154266,-0.0018091078559377416,0.13479670455529394,0.22249578123450742,0.05522966387930775,-0.026731775280764567,0.2014599337565498
B010,0.0305345715476123,0.0650772013432416,-0.0029621389231869,0.1346489007865071,0.208175620662822,0.0583825637080628,-0.0352718634092482,0.1982988811185997,0.03922703011793578,0.07481284998275757,-0.00021066657414659605,0.15634840059820704,0.27967843062218195,0.06993241639238272,-0.039339084442865484,0.2436880114077117,0.05202429559344844,0.060454725335154266,-0.0018091078559377416,0.13479670455529394,0.22249578123450742,0.05522966387930775,-0.026731775280764567,0.2014599337565498
B010,0.069003661790476,0.1221158872251908,0.0141807808980078,0.2700460056619749,0.4382241320267943,0.1316795600179487,-0.0362615875954716,0.4106969165788171,0.05603984117964232,0.1172670762348918,-0.0022440451606817314,0.23016505857919442,0.414157820620263,0.11006603738838759,-0.06516027501728136,0.36184675476891864,0.08503710450246653,0.1254950858331292,-0.010473702749136567,0.27440541820338776,0.45371413996619153,0.12582876432853404,-0.07188362938258722,0.43268747220119785
B010,0.0696825640363452,0.1285067856046369,0.015234093026494,0.2730648934057438,0.4407665007064674,0.136793238828104,-0.0348112407964385,0.4141590896917407,0.05607235087550174,0.11734204949065212,-0.002243527466288357,0.23029692009144018,0.41440039807481127,0.11013011846628307,-0.06519966598004441,0.36205941948261006,0.08503710450246653,0.1254950858331292,-0.010473702749136567,0.27440541820338776,0.45371413996619153,0.12582876432853404,-0.07188362938258722,0.43268747220119785
B010,0.0713685430220505,0.1258861884275406,0.0164958131918648,0.2677847904133985,0.4432248495779143,0.133447959901876,-0.0334038937332087,0.4090045188194414,0.05608400441169952,0.11736891886851936,-0.0022433382870674554,0.23034417881254649,0.41448733907054564,0.11015307820953571,-0.06521377763313586,0.3621356391815222,0.08503710450246653,0.1254950858331292,-0.010473702749136567,0.27440541820338776,0.45371413996619153,0.12582876432853404,-0.07188362938258722,0.43268747220119785
B011,-0.063540252871752,0.002520081749773,-0.123585864020679,0.0190652345113497,-0.0528960451467012,0.2241983131169633,-0.191823200527791,-0.0092047167578155,-0.06813487596615098,0.03772449600574533,-0.1552021973693363,-0.00026060473756310895,-0.07051035196402118,0.2764244654565901,-0.24007196290453484,-0.04089717272983344,-0.06045472533515426,0.05202429559344844,-0.13479670455529394,-0.0018091078559377334,-0.055229663879307736,0.22249578123450742,-0.2014599337565498,-0.026731775280764557
B011,-0.062623203281026,-0.0014548871244314,-0.1223843697909214,0.0178328906465651,-0.0528817093126396,0.2218824223400984,-0.1897764699299358,-0.0107902378476247,-0.06812372738906403,0.037720730365135006,-0.1551826164338718,-0.0002594857399956472,-0.07049808697589735,0.27638933058302506,-0.2400406687243174,-0.040889358842375295,-0.06045472533515426,0.05202429559344844,-0.13479670455529394,-0.0018091078559377334,-0.055229663879307736,0.22249578123450742,-0.2014599337565498,-0.026731775280764557
B011,-0.0640623533148233,-0.0020593394466419,-0.1239103041732745,0.0157292379291559,-0.0541723660471443,0.2232680940570745,-0.1917217527875669,-0.0158025641801259,-0.06811468689400522,0.03771767690787065,-0.15516673811597967,-0.00025857809900739736,-0.0704881408058462,0.2763608395844827,-0.24001529212821024,-0.040883022153236026,-0.06045472533515426,0.05202429559344844,-0.13479670455529394,-0.0018091078559377334,-0.055229663879307736,0.22249578123450742,-0.2014599337565498,-0.026731775280764557
B011,-0.1215353508589362,0.0205968728805571,-0.2328346463904148,0.0232733965163959,-0.1214461690204207,0.4501224396061408,-0.3695039542923659,-0.0383323696480027,-0.10992780584528947,0.05323675092720623,-0.22927764925467328,-0.002105610871866737,-0.11284844114764064,0.4105095707416443,-0.3592019964504425,-0.06692530664855195,-0.1254950858331292,0.08503710450246653,-0.27440541820338776,-0.010473702749136551,-0.12582876432853402,0.45371413996619153,-0.43268747220119785,-0.07188362938258719
B011,-0.1202154331784241,0.0174857031592435,-0.2312914281390133,0.0204019427099789,-0.1197362710985452,0.4477408923713085,-0.3679550916891132,-0.042081433795187,-0.10992649104646249,0.05323621739043929,-0.22927529611551936,-0.0021056294419694987,-0.1128472271082834,0.4105052734713242,-0.3591981878552662,-0.06692459354881067,-0.1254950858331292,0.08503710450246653,-0.27440541820338776,-0.010473702749136551,-0.12582876432853402,0.45371413996619153,-0.43268747220119785,-0.07188362938258719
B011,-0.120304516694601,0.0193365112134651,-0.2318077119690588,0.0229567261418861,-0.1197655974153137,0.4499561354923339,-0.3688292422727812,-0.0396085488518008,-0.10996831173686278,0.05325318940064613,-0.229350144731869,-0.002105036333956955,-0.11288583914670555,0.41064196218093446,-0.35931933237060737,-0.06694727224878635,-0.1254950858331292,0.08503710450246653,-0.27440541820338776,-0.010473702749136551,-0.12582876432853402,0.45371413996619153,-0.43268747220119785,-0.07188362938258719
B012,-0.0365182170350765,-0.0929644193478676,0.0015171052412035,-0.115554750870459,-0.2171799614335321,-0.0550638182803784,0.0342849798673546,-0.1836603775483365,-0.031612862055013416,-0.07395025724041372,0.008103355518573378,-0.14805027172511784,-0.2585905729006425,-0.08543431321785214,0.05387680195259348,-0.22526384038412445,-0.05202429559344845,-0.06045472533515426,0.0018091078559377251,-0.13479670455529394,-0.22249578123450742,-0.05522966387930772,0.026731775280764543,-0.2014599337565498
B012,-0.0363396040705607,-0.0911405974166117,0.0005665765937043,-0.1143913113375018,-0.2170425130580435,-0.0533954808196293,0.0323304533890442,-0.1822012934688802,-0.031610231807817635,-0.0739475030083086,0.008104929892831169,-0.14804336387464717,-0.2585775095656803,-0.08543359353448965,0.05387811282744808,-0.2252526498771601,-0.05202429559344845,-0.06045472533515426,0.0018091078559377251,-0.13479670455529394,-0.22249578123450742,-0.05522966387930772,0.026731775280764543,-0.2014599337565498
B012,-0.036539266078636,-0.0904018051195694,0.0012503610777013,-0.1138761151930947,-0.2174948904314676,-0.0529052132274507,0.0337538746223478,-0.1816073801303058,-0.03160491962491812,-0.07394194026265669,0.008108109342913434,-0.14802941218643753,-0.2585511258035028,-0.08543213959753665,0.05388076009138347,-0.22523004855091014,-0.05202429559344845,-0.06045472533515426,0.0018091078559377251,-0.13479670455529394,-0.22249578123450742,-0.05522966387930772,0.026731775280764543,-0.2014599337565498
B012,-0.0630454422466729,-0.1611774469728363,0.0129504923646202,-0.2295944485573231,-0.4361808473248649,-0.1203598727409889,0.0860060101020165,-0.3713573352605482,-0.06319716624454459,-0.10371981264581441,-0.015824678856616134,-0.22582559293853668,-0.40740814017555643,-0.08503208245614152,0.032974773564563534,-0.35121791779567935,-0.08503710450246654,-0.12549508583312918,0.010473702749136534,-0.27440541820338776,-0.45371413996619153,-0.125828764328534,0.07188362938258716,-0.43268747220119785
B012,-0.0629465028292728,-0.158930071218337,0.0136839085131451,-0.227939293186923,-0.4357591178288158,-0.1196058610693726,0.0872396017684264,-0.3688172585940982,-0.06315639149198538,-0.10368520268841055,-0.01578797935598931,-0.2257313698113121,-0.4072254244835419,-0.0850430699804993,0.03300767749803845,-0.35106499160086707,-0.08503710450246654,-0.12549508583312918,0.010473702749136534,-0.27440541820338776,-0.45371413996619153,-0.125828764328534,0.07188362938258716,-0.43268747220119785
B012,-0.066778000930002,-0.1596801703561116,0.0103743611831118,-0.2279530127651806,-0.4383893317884419,-0.1193831011611959,0.0831763827622494,-0.3693589375812294,-0.06318604948319145,-0.10371037752880502,-0.015814671824797018,-0.22579990557782742,-0.40735832706840486,-0.08503508049707188,0.032983745798030394,-0.35117622647292074,-0.08503710450246654,-0.12549508583312918,0.010473702749136534,-0.27440541820338776,-0.45371413996619153,-0.125828764328534,0.07188362938258716,-0.43268747220119785
B013,0.0012038668987768,-0.0091069906235134,-0.0010099202823603,0.0220174171941555,0.0480873914612242,0.023083211791049,-0.0125537180191428,0.0377010101386034,0.00725312080247901,0.014520554979046007,-0.0013188771078121379,0.02567928379900648,0.05617518760673669,0.01889616508171288,-0.009252055220107752,0.052146675588633166,0.009419468268712206,0.00961634699815662,-0.0013288659487130361,0.022478955552958663,0.051159156155487134,0.013183371328409545,-0.007238249973342255,0.046072361513106466
B013,0.0047161358987592,-0.0059427121875396,0.0064617423306009,0.0267959686661101,0.0492374687985684,0.025086706639065,0.0009575338654546,0.0446087866362572,0.007250508005335049,0.014514725863527558,-0.0013181923877600924,0.025670116886881676,0.0561568526879598,0.01889052697672603,-0.009248628683927698,0.05212934979873315,0.009419468268712206,0.00961634699815662,-0.0013288659487130361,0.022478955552958663,0.051159156155487134,0.013183371328409545,-0.007238249973342255,0.046072361513106466
B013,0.0040305168458762,-0.007677291806786,0.0058674094241632,0.0250994469415049,0.0488683180986174,0.0245384277898395,0.0001598131910971,0.0424776522506845,0.007251180319867319,0.014516225843622681,-0.0013183686134914188,0.025672475759603866,0.05616157068984743,0.018891977857736372,-0.009249510472213425,0.052133808128641435,0.009419468268712206,0.00961634699815662,-0.0013288659487130361,0.022478955552958663,0.051159156155487134,0.013183371328409545,-0.007238249973342255,0.046072361513106466
B013,0.015935200679587,0.0007697443104837,0.0177986933879959,0.0697324667207924,0.1213694105802798,0.0531420293383109,0.00901570791628,0.1203659589753475,0.012715395647747908,0.025613152519860665,-0.0020468223400183084,0.043276708601986284,0.09189169345637573,0.028594508005756285,-0.014718306134210862,0.08588422988534282,0.0154264516080408,0.022041872463069614,-0.002906142937056609,0.049067416509367884,0.1006080712108256,0.030722823480624377,-0.01732715694712588,0.09534884624404842
B013,0.0143940878525899,0.0026602157682104,0.0159028618862136,0.0682823908180867,0.1220184971152098,0.0534126835661765,0.0059555169732327,0.119702933448856,0.01272482809345612,0.02563067163435129,-0.0020470509097284973,0.04330475600778061,0.09194949522705743,0.028608151486051284,-0.014725201531333028,0.08593880211643726,0.0154264516080408,0.022041872463069614,-0.002906142937056609,0.049067416509367884,0.1006080712108256,0.030722823480624377,-0.01732715694712588,0.09534884624404842
B013,0.016518539728172,0.0043773746698904,0.0175273859915821,0.067792363468276,0.1255812548518551,0.0539204489879922,0.0072753999562615,0.1196600563673765,0.01272573307160593,0.025632352214729922,-0.0020470726815598763,0.043307446594478605,0.09195504030262272,0.02860945999798772,-0.014725862695426,0.08594403736850459,0.0154264516080408,0.022041872463069614,-0.002906142937056609,0.049067416509367884,0.1006080712108256,0.030722823480624377,-0.01732715694712588,0.09534884624404842
B014,-0.0086204864316681,-0.0338695337338093,-0.0073848978341997,0.0069890022250872,-0.0065980810861355,0.052797685008567,-0.0244107388042598,-0.0050608885462178,-0.014260162591877805,0.007488741654728961,-0.025047277597747282,-0.001790801095055157,-0.01839099732271516,0.053188106357931406,-0.05079199474246556,-0.009034966536304614,-0.009616346998156618,0.009419468268712207,-0.022478955552958663,-0.0013288659487130346,-0.013183371328409542,0.051159156155487134,-0.046072361513106466,-0.007238249973342252
B014,-0.0111389260474087,-0.0345290266668771,-0.010216942545903,0.0056416352808046,-0.0087193948414581,0.0519124950024223,-0.0279325987592207,-0.0061607443331072,-0.014255071677813428,0.007486566411244726,-0.025039714665462332,-0.0017905715500965095,-0.01838648752355608,0.05317170456752988,-0.05077748260926599,-0.009032166282427766,-0.009616346998156618,0.009419468268712207,-0.022478955552958663,-0.0013288659487130346,-0.013183371328409542,0.051159156155487134,-0.046072361513106466,-0.007238249973342252
B014,-0.0099040359870713,-0.0353453671411985,-0.0085875153798105,0.0058653628548776,-0.008271370265102,0.0512724338005032,-0.0254871566492985,-0.0065813952921399,-0.014261511429593915,0.007489318015155676,-0.025049281408241267,-0.00179086188284376,-0.018392192124399187,0.0531924520665846,-0.05079583977509619,-0.009035708398022436,-0.009616346998156618,0.009419468268712207,-0.022478955552958663,-0.0013288659487130346,-0.013183371328409542,0.051159156155487134,-0.046072361513106466,-0.007238249973342252
B014,-0.0193113784236807,-0.0382672125333478,-0.0182056704031811,0.0243709608812212,-0.0139961967043173,0.0998353311416364,-0.0482385279116714,0.0197148907078418,-0.02564701126227182,0.012811883878867654,-0.042155858091391434,-0.0018490916571592335,-0.027414300829822876,0.09073181756092062,-0.08393072828173907,-0.01428246750121401,-0.02204187246306961,0.015426451608040802,-0.049067416509367884,-0.002906142937056606,-0.03072282348062437,0.1006080712108256,-0.09534884624404842,-0.017327156947125878
B014,-0.0209424452267162,-0.0343778719530281,-0.020588665578713,0.0252479905500979,-0.0148929937327579,0.1018189212972623,-0.0511686826940174,0.0214926186637186,-0.025652196701033043,0.01281452294300962,-0.042163745533944,-0.0018489094012634898,-0.027417914620437463,0.09074932547267259,-0.08394614474736392,-0.014284378639332228,-0.02204187246306961,0.015426451608040802,-0.049067416509367884,-0.002906142937056606,-0.03072282348062437,0.1006080712108256,-0.09534884624404842,-0.017327156947125878
B014,-0.0190784820283763,-0.0346753606616329,-0.0182985292820332,0.0246670866507733,-0.0129803769111693,0.1015989409210093,-0.048599652816307,0.020632130141167,-0.0256472559221092,0.012812008390893316,-0.04215623023526427,-0.001849083062248647,-0.02741447134639797,0.0907326436119705,-0.08393145565583351,-0.01428255768283208,-0.02204187246306961,0.015426451608040802,-0.049067416509367884,-0.002906142937056606,-0.03072282348062437,0.1006080712108256,-0.09534884624404842,-0.017327156947125878
B015,-0.0087742942048193,-0.0455127785117533,0.0075350899331364,-0.0140956528282117,-0.0469489122319171,-0.0116203538143213,0.0184255277605718,-0.0403471239828139,-0.007535184719446253,-0.014954420787813128,0.0018709306499424515,-0.02593595514418481,-0.0562891670917247,-0.018820923861116584,0.009972512338486691,-0.05270433141611057,-0.009419468268712207,-0.009616346998156618,0.0013288659487130333,-0.022478955552958663,-0.051159156155487134,-0.01318337132840954,0.007238249973342249,-0.046072361513106466
B015,-0.0058669685546922,-0.0447313736091972,0.0095584526564351,-0.0127331452389331,-0.0445259500285079,-0.011163520816537,0.0204611281922608,-0.0385522335083289,-0.007537632403409042,-0.014959674059615645,0.0018711424772918357,-0.02594411690208493,-0.056306186055540566,-0.018825764730432404,0.009975170161033487,-0.052719840398805916,-0.009419468268712207,-0.009616346998156618,0.0013288659487130333,-0.022478955552958663,-0.051159156155487134,-0.01318337132840954,0.007238249973342249,-0.046072361513106466
B015,-0.0067568754440707,-0.046062410667479,0.0088942969986467,-0.0127603599493168,-0.0454902097549894,-0.0112005750614953,0.0199288243293041,-0.0384370520373296,-0.007536641666876728,-0.014957547775914775,0.001871056767950996,-0.02594081338875063,-0.0562992975121634,-0.018823805424766915,0.009974094453196228,-0.05271356303448535,-0.009419468268712207,-0.009616346998156618,0.0013288659487130333,-0.022478955552958663,-0.051159156155487134,-0.01318337132840954,0.007238249973342249,-0.046072361513106466
B015,-0.0113069948626462,-0.0625461651425132,0.0210132228037491,-0.0155366040708863,-0.0835958679718651,-0.0236660082792325,0.045662688314345,-0.0453474802724224,-0.012672609557351557,-0.02507741815819127,0.001832553201384528,-0.04179571765405263,-0.08985623520570005,-0.02725361531904484,0.014177858952783465,-0.08323118446703495,-0.015426451608040802,-0.02204187246306961,0.002906142937056603,-0.049067416509367884,-0.1006080712108256,-0.030722823480624366,0.01732715694712587,-0.09534884624404842
B015,-0.0121536927148331,-0.0607251723806727,0.0204272056506681,-0.0148017499855291,-0.0836673637850902,-0.0222099293651019,0.0452284505898755,-0.0446494630986892,-0.012674536723055197,-0.025080917925321508,0.001832384567512698,-0.04180125044401844,-0.0898681236207734,-0.027256212446224663,0.014178983204486876,-0.08324197370537925,-0.015426451608040802,-0.02204187246306961,0.002906142937056603,-0.049067416509367884,-0.1006080712108256,-0.030722823480624366,0.01732715694712587,-0.09534884624404842
B015,-0.0115877080028333,-0.06229967929952,0.0208355919317448,-0.01652091985757,-0.0830322220878787,-0.0236012173467067,0.0455166343290806,-0.0465357130950997,-0.01267127517641126,-0.025074994783582147,0.001832669906907547,-0.04179188655720009,-0.08984800332690587,-0.02725181683503737,0.014177080338601265,-0.08322371368015061,-0.015426451608040802,-0.02204187246306961,0.002906142937056603,-0.049067416509367884,-0.1006080712108256,-0.030722823480624366,0.01732715694712587,-0.09534884624404842
B016,0.0041444226826428,-0.0270244671496968,0.0040178300266157,0.0505278627097845,0.1012012107401749,0.0306811005974953,-0.0123401408532998,0.0887926899861622,0.014913073602820945,0.027301440173236758,-0.003486463742434455,0.05203800841852039,0.11276605390568144,0.03752520721428144,-0.020435672953174718,0.10535977712363834,0.01883893653742441,0.01923269399631324,-0.0026577318974260722,0.04495791110591733,0.10231831231097427,0.02636674265681909,-0.01447649994668451,0.09214472302621293
B016,0.0058401212083401,-0.0296506217171892,0.0053257333042124,0.047671067377412,0.1014998960277845,0.0293858695549325,-0.0108187489086449,0.0841925057039523,0.014906123055069605,0.027286147593748727,-0.0034860059312149046,0.052013710646710905,0.11271549550359937,0.037510398676440154,-0.02042828873323283,0.10531339973946603,0.01883893653742441,0.01923269399631324,-0.0026577318974260722,0.04495791110591733,0.10231831231097427,0.02636674265681909,-0.01447649994668451,0.09214472302621293
B016,0.0048526546174602,-0.0286201687234396,0.0041169669654238,0.0504582553666967,0.1015391435184467,0.0306184667153938,-0.0124736644792855,0.0881475551998252,0.014910415064693965,0.02729559111183303,-0.0034862887820831276,0.0520287150461051,0.11274671627982256,0.037519543546073154,-0.020432848916876363,0.1053420386810403,0.01883893653742441,0.01923269399631324,-0.0026577318974260722,0.04495791110591733,0.10231831231097427,0.02636674265681909,-0.01447649994668451,0.09214472302621293
B016,0.0170126427015975,-0.0208987719616284,0.0269754612702201,0.1104696681076312,0.2010588106282909,0.0650955127115719,0.0119431263237341,0.1955532513259074,0.02475983033535329,0.04712472004235465,-0.0030500757335555446,0.08377979865230904,0.17979958297906226,0.05482834517305404,-0.02809258828809319,0.16667618600987588,0.0308529032160816,0.04408374492613923,-0.005812285874113218,0.09813483301873577,0.2012161424216512,0.061445646961248754,-0.03465431389425176,0.19069769248809684
B016,0.0191324494701422,-0.0190954676075609,0.0278537835537855,0.1109618756110416,0.2027142080546176,0.0656446625661198,0.0125479651700922,0.1963238587689882,0.024763548097673956,0.04713159762010941,-0.003049561962337262,0.08379090280933031,0.17982339226543584,0.05483367485600558,-0.028094556665513686,0.16669790381938213,0.0308529032160816,0.04408374492613923,-0.005812285874113218,0.09813483301873577,0.2012161424216512,0.061445646961248754,-0.03465431389425176,0.19069769248809684
B016,0.019131344616578,-0.0186102627449479,0.0282169370243087,0.110995368131167,0.2033650232998101,0.0663333023694616,0.0129303232247376,0.196401613514188,0.024763105401065112,0.04713077868608857,-0.0030496231519906766,0.08378958060017651,0.17982055720031073,0.054833040259657406,-0.028094322310784296,0.16669531779685134,0.0308529032160816,0.04408374492613923,-0.005812285874113218,0.09813483301873577,0.2012161424216512,0.061445646961248754,-0.03465431389425176,0.19069769248809684
B017,-0.0292950617518628,-0.0386348914001586,-0.0491773398039866,0.0175345105201696,-0.02673952264901,0.10356933121977,-0.1033270243540624,0.0002335107324882,-0.029771242236256417,0.015712999077311163,-0.051705520657717816,-0.0018885802094300856,-0.03608412573740675,0.11462249381917723,-0.10458593285880326,-0.016775908893748654,-0.019232693996313235,0.018838936537424415,-0.04495791110591733,-0.002657731897426069,-0.026366742656819084,0.10231831231097427,-0.09214472302621293,-0.014476499946684504
B017,-0.0276024952224771,-0.038638318123734,-0.0469614509432741,0.0155601550416722,-0.025388860459321,0.1024486048689102,-0.1003799506478675,-0.0020291158832351,-0.029761199275325195,0.015708122083286764,-0.05168818616053444,-0.0018866907269658802,-0.036069693674860265,0.1145881718339352,-0.10455217007834544,-0.016768488162752275,-0.019232693996313235,0.018838936537424415,-0.04495791110591733,-0.002657731897426069,-0.026366742656819084,0.10231831231097427,-0.09214472302621293,-0.014476499946684504
B017,-0.0254095345333797,-0.039745873856826,-0.0443439565131554,0.013633276218437,-0.024417125891465,0.1013279178711641,-0.0967577567836859,-0.0038304155347548,-0.02975975398266885,0.01570742029104545,-0.051685691615134526,-0.001886418677532158,-0.036067616581915644,0.1145832326753466,-0.1045473113310083,-0.016767420101973587,-0.019232693996313235,0.018838936537424415,-0.04495791110591733,-0.002657731897426069,-0.026366742656819084,0.10231831231097427,-0.09214472302621293,-0.014476499946684504
B017,-0.0446960948606232,-0.0622856156083601,-0.0613876587594259,0.0194417266551722,-0.0592685384787001,0.1938232704368563,-0.1312537147719768,-0.014587185655087,-0.04669264924115096,0.025054500254986675,-0.08228579543852652,-0.002625940035958027,-0.057439985654883625,0.1752478621522377,-0.16314344791950017,-0.02679577755805687,-0.04408374492613922,0.030852903216081605,-0.09813483301873577,-0.005812285874113212,-0.06144564696124874,0.2012161424216512,-0.19069769248809684,-0.034654313894251755
B017,-0.0468860180091298,-0.05847381174171,-0.0640797583063846,0.0211671131457594,-0.0600889255017775,0.195112615899631,-0.1350441477370464,-0.0115602176591466,-0.04671018955512946,0.025065427834645375,-0.08231891836799995,-0.002623987130282649,-0.057458846426483065,0.1753137677475464,-0.163206031721301,-0.026803443255077164,-0.04408374492613922,0.030852903216081605,-0.09813483301873577,-0.005812285874113212,-0.06144564696124874,0.2012161424216512,-0.19069769248809684,-0.034654313894251755
B017,-0.0446157860537191,-0.0581431628724727,-0.0617790532276773,0.0204211069114218,-0.0582784729982679,0.1942983143684026,-0.1324548534277255,-0.0116305713864005,-0.046692275423683566,0.025054267397421785,-0.0822850895580274,-0.0026259815904954575,-0.057439583617201063,0.17524645765153202,-0.16314211418573676,-0.026795614122638967,-0.04408374492613922,0.030852903216081605,-0.09813483301873577,-0.005812285874113212,-0.06144564696124874,0.2012161424216512,-0.19069769248809684,-0.034654313894251755
B018,-0.0165929228401279,-0.0827044463235031,0.0062461281935569,-0.0297350672796809,-0.0980164566218684,-0.0297489752799443,0.0206218178698251,-0.0809686240301534,-0.014444557559555149,-0.028903419731297533,0.002621540553146202,-0.05114204499324974,-0.11191733781123649,-0.03765908128836187,0.018423100852149047,-0.10388414703374262,-0.018838936537424415,-0.019232693996313235,0.0026577318974260666,-0.04495791110591733,-0.10231831231097427,-0.02636674265681908,0.014476499946684498,-0.09214472302621293
B018,-0.0140431159041897,-0.0803600314638763,0.007636133597004,-0.0292995677999487,-0.0965654282432669,-0.0289661308504511,0.0219544615697121,-0.0794980952675236,-0.014447599795537858,-0.028910214356971973,0.0026223426917816634,-0.051152729257289024,-0.11193870422977802,-0.037665660359866994,0.018427102083943533,-0.10390433752677332,-0.018838936537424415,-0.019232693996313235,0.0026577318974260666,-0.04495791110591733,-0.10231831231097427,-0.02636674265681908,0.014476499946684498,-0.09214472302621293
B018,-0.0148444795733195,-0.0808815284571869,0.0073606854262776,-0.0304321884617125,-0.0971097354965908,-0.0302045471086541,0.022175135133821,-0.0802334887023123,-0.014449427183170563,-0.028914295512833667,0.002622824390307426,-0.051159146729630484,-0.1119515379933813,-0.03766961186393708,0.018429505221175396,-0.10391646496804653,-0.018838936537424415,-0.019232693996313235,0.0026577318974260666,-0.04495791110591733,-0.10231831231097427,-0.02636674265681908,0.014476499946684498,-0.09214472302621293
B018,-0.0238019848394155,-0.1143690525475061,0.0296190907098427,-0.065717559946665,-0.1879821884486532,-0.0582876810212673,0.0740937131268751,-0.1514933956666871,-0.024790559686750653,-0.05003132644201455,0.0040745375057174215,-0.08464131075998249,-0.17984629062436358,-0.056251911322684395,0.02895945577492531,-0.16805122029637748,-0.030852903216081605,-0.04408374492613922,0.005812285874113206,-0.09813483301873577,-0.2012161424216512,-0.06144564696124873,0.03465431389425174,-0.19069769248809684
B018,-0.0249583604358515,-0.1164974249412468,0.0280849691911879,-0.067840015368833,-0.1894121566464413,-0.0604276814413857,0.0725614325805303,-0.1537258108199484,-0.024781932182831663,-0.0500151450440456,0.004074231917254505,-0.08461543200447262,-0.1797930516825958,-0.05623913553814371,0.028952903787911675,-0.16800095276666446,-0.030852903216081605,-0.04408374492613922,0.005812285874113206,-0.09813483301873577,-0.2012161424216512,-0.06144564696124873,0.03465431389425174,-0.19069769248809684
B018,-0.0243498902064437,-0.1145654847114574,0.0288647552792045,-0.0662997782746357,-0.1885841332459545,-0.0598031766009165,0.0734749159476125,-0.1513095318366357,-0.024775432897232292,-0.05000295386007153,0.004074000858246773,-0.084595934995776,-0.17975294237348996,-0.05622950864767254,0.02894796587523957,-0.1679630820410336,-0.030852903216081605,-0.04408374492613922,0.005812285874113206,-0.09813483301873577,-0.2012161424216512,-0.06144564696124873,0.03465431389425174,-0.19069769248809684
B019,0.0082175790696069,-0.0187264962903848,-0.0053848229866003,0.1011975540293172,0.2009414225604053,0.0612804914265169,-0.0471362833524119,0.1902639888792164,0.03000604951424739,0.05716017077468083,-0.007168578944449099,0.10036667241582804,0.21313751961689717,0.07366983323739686,-0.03620557671170508,0.20350870384046593,0.03767787307484882,0.03846538799262648,-0.0053154637948521445,0.08991582221183465,0.20463662462194854,0.05273348531363818,-0.02895299989336902,0.18428944605242586
B019,0.0090793179011041,-0.0179996349415774,-0.0055874140457273,0.1030279391291446,0.2022369271320725,0.0621553761917074,-0.0484527081030823,0.19171752502595,0.03000853948746877,0.057165995192623206,-0.0071688402218576495,0.10037532553587052,0.21315628700267797,0.07367498971645695,-0.03620877751321534,0.20352530880133798,0.03767787307484882,0.03846538799262648,-0.0053154637948521445,0.08991582221183465,0.20463662462194854,0.05273348531363818,-0.02895299989336902,0.18428944605242586
B019,0.0086359460322935,-0.0190090884808451,-0.0052535717675761,0.1013530277493376,0.2024034145599751,0.0618240698732074,-0.0472459907176718,0.1903367321034839,0.030005636706990704,0.05715920514397741,-0.007168535621556713,0.10036523781656248,0.2131344081807791,0.07366897833118903,-0.03620504603819638,0.20350595091080165,0.03767787307484882,0.03846538799262648,-0.0053154637948521445,0.08991582221183465,0.20463662462194854,0.05273348531363818,-0.02895299989336902,0.18428944605242586
B019,0.0298772170511406,-0.0002773237040995,0.022337871882632,0.192803846087075,0.3910733925424388,0.1260510556199096,-0.0300061119355078,0.3539187627471386,0.05122623218639335,0.10254618177845765,-0.007397835690896564,0.16855975634613296,0.36278592951886596,0.10962802270791201,-0.0571144354465365,0.3355984561409766,0.0617058064321632,0.08816748985227846,-0.011624571748226436,0.19626966603747154,0.4024322848433024,0.12289129392249751,-0.06930862778850352,0.3813953849761937
B019,0.0298292116359886,0.0012076373347374,0.0218149874011868,0.1928377159315837,0.3914976344086258,0.1270607703771053,-0.0307485681151212,0.3546713522763348,0.051206400161825094,0.10250720396722679,-0.007399200692482915,0.16850047064805745,0.36265433656014484,0.10960084662857339,-0.057100058128248456,0.3354825819946942,0.0617058064321632,0.08816748985227846,-0.011624571748226436,0.19626966603747154,0.4024322848433024,0.12289129392249751,-0.06930862778850352,0.3813953849761937
B019,0.0328133070947191,0.0019140294544399,0.0244594129360841,0.1927659032669129,0.3961196643528046,0.127300220179598,-0.028284624842248,0.3563346043606873,0.05122498125227938,0.10254372336119562,-0.00739792186448613,0.16855601702536285,0.3627776294945829,0.10962630884487806,-0.05711352882511111,0.33559114757138436,0.0617058064321632,0.08816748985227846,-0.011624571748226436,0.19626966603747154,0.4024322848433024,0.12289129392249751,-0.06930862778850352,0.3813953849761937
B020,-0.0450976295784649,-0.0405745464286055,-0.0848402482800015,0.016292706425804,-0.0522815290176399,0.2009077196973581,-0.1801383403298769,-0.0172541847437852,-0.060131099053370315,0.03028686076657102,-0.1042307866130307,-0.007496261662781656,-0.07557231254107868,0.2261721992526617,-0.21174274222398504,-0.04004842165581045,-0.03846538799262647,0.03767787307484883,-0.08991582221183465,-0.005315463794852138,-0.05273348531363817,0.20463662462194854,-0.18428944605242586,-0.028952999893369007
B020,-0.0465551134195015,-0.0436608089369418,-0.0895576530795354,0.0128670918092652,-0.0626088540150259,0.1947090949099948,-0.1801435403695533,-0.0255749390224327,-0.06016757678298388,0.030303880140625475,-0.10428746715082922,-0.007497707293710051,-0.07560587691037816,0.22629041691223153,-0.21185046789940765,-0.04006682688262378,-0.03846538799262647,0.03767787307484883,-0.08991582221183465,-0.005315463794852138,-0.05273348531363817,0.20463662462194854,-0.18428944605242586,-0.028952999893369007
B020,-0.0432129267116007,-0.0421264782530584,-0.0825002524267763,0.0154256842594474,-0.0511181017862919,0.2002781444667456,-0.1775484785151407,-0.0185210609719825,-0.06014737005094571,0.030294451983358135,-0.10425606903607942,-0.007496906845211819,-0.07558728472376824,0.2262249300056626,-0.2117907930946531,-0.040056632065642944,-0.03846538799262647,0.03767787307484883,-0.08991582221183465,-0.005315463794852138,-0.05273348531363817,0.20463662462194854,-0.18428944605242586,-0.028952999893369007
B020,-0.0779688822849599,-0.0417692002299535,-0.1458762508829041,0.0252731319062874,-0.1035319750318763,0.3921006404211605,-0.3009596638594909,-0.0338749486064199,-0.10073833360406478,0.0509266790612341,-0.16786060891846125,-0.007309362672041635,-0.10933215464117893,0.36088144179095366,-0.334246544487403,-0.056848707749215216,-0.08816748985227844,0.06170580643216321,-0.19626966603747154,-0.011624571748226424,-0.12289129392249748,0.4024322848433024,-0.3813953849761937,-0.06930862778850351
B020,-0.0779682653649723,-0.039898333398312,-0.1461632743257716,0.0251300212451591,-0.1027371507893835,0.3922473066018033,-0.3024741270733408,-0.033324432718771,-0.10072509423399023,0.050919376588491376,-0.1678396746125546,-0.00731001268316781,-0.10932235523527084,0.3608364455312427,-0.33420571030577256,-0.05684448134260808,-0.08816748985227844,0.06170580643216321,-0.19626966603747154,-0.011624571748226424,-0.12289129392249748,0.4024322848433024,-0.3813953849761937,-0.06930862778850351
B020,-0.0803839376891255,-0.0405580516486109,-0.1486008129712873,0.0238055557364975,-0.1039656975290219,0.3921526447320816,-0.3059204557515711,-0.0347804436191742,-0.1007382945432718,0.050926657515804,-0.16786054715470894,-0.0073093645903696556,-0.1093321257306782,0.36088130903508847,-0.3342464240113169,-0.056848695281077666,-0.08816748985227844,0.06170580643216321,-0.19626966603747154,-0.011624571748226424,-0.12289129392249748,0.4024322848433024,-0.3813953849761937,-0.06930862778850351
B021,-0.0265978158547822,-0.1037300635344967,0.0055524263049006,-0.0689929749697075,-0.192926287336819,-0.0549086262081761,0.035407693227622,-0.1655990334205033,-0.02997390848209495,-0.054927724872375926,0.006982503897851607,-0.10459218204001014,-0.2266062718930183,-0.07536470685622758,0.04102793079452346,-0.2117048637853725,-0.03767787307484883,-0.03846538799262647,0.005315463794852133,-0.08991582221183465,-0.20463662462194854,-0.05273348531363816,0.028952999893368997,-0.18428944605242586
B021,-0.0261161352916332,-0.102473512042368,0.0058450890819449,-0.0686350550687934,-0.1930610097124881,-0.0542022673841237,0.0355695694773168,-0.1649560341448129,-0.029975741881391207,-0.05493175251751752,0.006982620929876528,-0.10459858218507193,-0.22661959245788718,-0.07536860056955196,0.04102986913679954,-0.21171708219450314,-0.03767787307484883,-0.03846538799262647,0.005315463794852133,-0.08991582221183465,-0.20463662462194854,-0.05273348531363816,0.028952999893368997,-0.18428944605242586
B021,-0.0256419120049847,-0.104485639482563,0.0062675073458338,-0.0692656257942128,-0.1922141453715854,-0.0555293999759074,0.0360963745468066,-0.1656605554951223,-0.029982571240696244,-0.0549467547378557,0.006983056485028927,-0.10462242160214306,-0.2266692095609354,-0.07538310325078294,0.041037088427675686,-0.2117625938721088,-0.03767787307484883,-0.03846538799262647,0.005315463794852133,-0.08991582221183465,-0.20463662462194854,-0.05273348531363816,0.028952999893368997,-0.18428944605242586
B021,-0.0470718542929543,-0.1610558012947998,0.0222668210263048,-0.14046175866533,-0.3738823220603162,-0.1136308570975022,0.0915625400666334,-0.3081679247754796,-0.049580508659968145,-0.0943619806418406,0.006091729457307762,-0.16774130302962192,-0.3599887906605155,-0.10974387390424097,0.056217356866326056,-0.3337077684473687,-0.06170580643216321,-0.08816748985227844,0.011624571748226412,-0.19626966603747154,-0.4024322848433024,-0.12289129392249747,0.06930862778850348,-0.3813953849761937
B021,-0.0462168441905233,-0.1596997955001037,0.0226288693350175,-0.142718242725595,-0.3734295016965608,-0.1146510530403081,0.0917695353247656,-0.3096744758523437,-0.04962819014909365,-0.09445013172873595,0.006085108824891994,-0.1678836363085361,-0.36029401491973206,-0.10981211844489167,0.05624251688791509,-0.3339861749618511,-0.06170580643216321,-0.08816748985227844,0.011624571748226412,-0.19626966603747154,-0.4024322848433024,-0.12289129392249747,0.06930862778850348,-0.3813953849761937
B021,-0.0458882377306061,-0.1583148565380584,0.0225783512095067,-0.143301725548661,-0.3738591182084728,-0.1149203660110542,0.0915885252868229,-0.3099407652338805,-0.04960661990627168,-0.09441025785721519,0.006088106164046767,-0.16781925321868235,-0.36015594700589276,-0.10978125389227344,0.056231141148379855,-0.3338602384648227,-0.06170580643216321,-0.08816748985227844,0.011624571748226412,-0.19626966603747154,-0.4024322848433024,-0.12289129392249747,0.06930862778850348,-0.3813953849761937
B022,0.0280227405438213,0.0450651781975369,0.0016018430144389,0.1110256735127414,0.249323965363978,0.0764503230441131,-0.0354069890716004,0.2231079942438554,0.03919671050655397,0.07425136719291434,-0.00468811370023086,0.12895879646437933,0.28595232689793426,0.08995623207445388,-0.041809092751300146,0.26087072389229665,0.047097341343561035,0.048081734990783095,-0.00664432974356518,0.11239477776479331,0.25579578077743564,0.06591685664204773,-0.036191249866711274,0.23036180756553232
B022,0.0264877348324134,0.0453441950274363,0.0002249681115534,0.1129346822725334,0.2481447111783323,0.0779032293999757,-0.0371159332619377,0.2250405098631672,0.0392152071054831,0.07428948977193171,-0.00469532128285319,0.129024576131505,0.2860825706735986,0.0900110581630009,-0.04183729768622377,0.26099886213948353,0.047097341343561035,0.048081734990783095,-0.00664432974356518,0.11239477776479331,0.25579578077743564,0.06591685664204773,-0.036191249866711274,0.23036180756553232
B022,0.0278707661224157,0.0425034197762014,0.001763330762607,0.1108460703691141,0.2492177220993119,0.0759610754755992,-0.0352904223127318,0.2230225565192163,0.03920830753931301,0.07427527038696151,-0.004692633999152792,0.12900004024533943,0.28603398964470067,0.0899906098277394,-0.04182677860675343,0.2609510669819307,0.047097341343561035,0.048081734990783095,-0.00664432974356518,0.11239477776479331,0.25579578077743564,0.06591685664204773,-0.036191249866711274,0.23036180756553232
B022,0.0573164707973586,0.1104541639783689,0.0100249025703826,0.2612975849102527,0.4906912101555492,0.167024297269699,-0.0566478094645055,0.4979299595147589,0.06289275277230454,0.1171429111122181,-0.006518465490128868,0.2064914504728123,0.43966567880583485,0.1440415031048017,-0.06716860482100522,0.409326511367838,0.07713225804020399,0.11020936231534807,-0.014530714685283044,0.24533708254683942,0.503040356054128,0.1536141174031219,-0.08663578473562943,0.4767442312202421
B022,0.0596592052994803,0.1091915789838364,0.0120848271492264,0.2587427250478353,0.4939623489790965,0.1657489945993711,-0.0546927760935854,0.4953335714216017,0.06290317981561107,0.11715960981238865,-0.00651655418772447,0.2065230096220406,0.4397284800581874,0.1440593963627602,-0.06717585122614565,0.40938612894742415,0.07713225804020399,0.11020936231534807,-0.014530714685283044,0.24533708254683942,0.503040356054128,0.1536141174031219,-0.08663578473562943,0.4767442312202421
B022,0.0590442653760898,0.110099912451399,0.0115259146915358,0.2593881190802843,0.4931699242377467,0.166721316221641,-0.0552863051703737,0.4957593917824902,0.06287321020979134,0.11711160977821851,-0.006522042284032857,0.20643229645092886,0.4395479658420231,0.14400795551853707,-0.0671550157715598,0.40921476372060706,0.07713225804020399,0.11020936231534807,-0.014530714685283044,0.24533708254683942,0.503040356054128,0.1536141174031219,-0.08663578473562943,0.4767442312202421
B023,-0.0545074054309754,-0.0093142866284414,-0.1012301829322552,0.0078909588896978,-0.0712408087600445,0.2503573927349001,-0.2157168585966545,-0.0307603850505526,-0.07196550046679932,0.03598025311430986,-0.12739432657317032,-0.006519172208765304,-0.09386380349232339,0.2788719340681413,-0.25883966692773164,-0.045885032480073945,-0.04808173499078309,0.04709734134356104,-0.11239477776479331,-0.006644329743565173,-0.06591685664204772,0.25579578077743564,-0.23036180756553232,-0.03619124986671126
B023,-0.0531869676708054,-0.0101951809306136,-0.0993408560345917,0.007392176080465,-0.0704228960295678,0.2492375201562156,-0.2127756076816269,-0.0310119513905739,-0.07196329757082959,0.035979267804059495,-0.12739086292177068,-0.006518910923337337,-0.09386166831539013,0.27886500848183415,-0.2588331224831897,-0.045883733055685647,-0.04808173499078309,0.04709734134356104,-0.11239477776479331,-0.006644329743565173,-0.06591685664204772,0.25579578077743564,-0.23036180756553232,-0.03619124986671126
B023,-0.0534945015495529,-0.0078619637251184,-0.0990588770706251,0.0088243071969624,-0.0707794937130501,0.2513524022613312,-0.212165783429871,-0.0301021679220066,-0.07194265784361868,0.035970036436495476,-0.1273584108315997,-0.006516462413614833,-0.09384166230661754,0.27880012074871,-0.2587718057670971,-0.04587155750966029,-0.04808173499078309,0.04709734134356104,-0.11239477776479331,-0.006644329743565173,-0.06591685664204772,0.25579578077743564,-0.23036180756553232,-0.03619124986671126
B023,-0.1084682867081837,0.0054017848600818,-0.2056733162573097,0.0200948704155314,-0.1432273113000124,0.4933659199024905,-0.4174585690112875,-0.0485552997452557,-0.12503880877941304,0.06195533489818528,-0.2115400932005362,-0.010185597697429322,-0.14059858594513472,0.44948574217254694,-0.42000532114069755,-0.07238264265091585,-0.11020936231534806,0.077132258040204,-0.24533708254683942,-0.01453071468528303,-0.15361411740312186,0.503040356054128,-0.4767442312202421,-0.0866357847356294
B023,-0.1042412834923924,0.0067779092359249,-0.2021216910126034,0.0197389174714968,-0.1393339872922891,0.4947879186350963,-0.4137674127203741,-0.0495784957348562,-0.12507400901815918,0.061974102656191805,-0.21159638857455276,-0.010186262573011237,-0.14062637798346037,0.44960155544069474,-0.42011467055497115,-0.0723968957484838,-0.11020936231534806,0.077132258040204,-0.24533708254683942,-0.01453071468528303,-0.15361411740312186,0.503040356054128,-0.4767442312202421,-0.0866357847356294
B023,-0.1063330888615038,0.0072665882161591,-0.2028055084679139,0.019283779301693,-0.1411317889801882,0.4960862045044574,-0.4136967280424799,-0.0506550309718886,-0.1250244324923082,0.06194767048334404,-0.21151710154898387,-0.01018532547147248,-0.14058723402099085,0.44943844342892497,-0.4199606622460114,-0.07237682016277189,-0.11020936231534806,0.077132258040204,-0.24533708254683942,-0.01453071468528303,-0.15361411740312186,0.503040356054128,-0.4767442312202421,-0.0866357847356294
B024,-0.0315680902934016,-0.0770861995688607,0.001963403693144,-0.0972104152219035,-0.2476104534425137,-0.0686703263616304,0.0388469554656798,-0.2135804512981281,-0.03750975960105735,-0.07145535425259604,0.008960954298501612,-0.12546597798787054,-0.266438464094978,-0.09209184280823175,0.0452597960177206,-0.2544005357642939,-0.04709734134356104,-0.04808173499078309,0.006644329743565166,-0.11239477776479331,-0.25579578077743564,-0.0659168566420477,0.036191249866711246,-0.23036180756553232
B024,-0.0276094902416876,-0.0764465081740362,0.0048629679329116,-0.0958064843347208,-0.2444498671841196,-0.0681748827150104,0.04194564539614,-0.2112937018080118,-0.03749629150721708,-0.07142384894209661,0.008959540379106646,-0.12541917196434693,-0.2663369490948493,-0.09206394905755272,0.04524248095799737,-0.254310717469865,-0.04709734134356104,-0.04808173499078309,0.006644329743565166,-0.11239477776479331,-0.25579578077743564,-0.0659168566420477,0.036191249866711246,-0.23036180756553232
B024,-0.0300614281004411,-0.0771361922726061,0.003508346414368,-0.0951402137764354,-0.2466618327043364,-0.0687056717869246,0.0409698049652349,-0.2100894731907596,-0.03749424900024547,-0.07141907071978712,0.00895932581802368,-0.12541207322034714,-0.2663215531373478,-0.0920597183009294,0.04523985462447016,-0.25429709543660634,-0.04709734134356104,-0.04808173499078309,0.006644329743565166,-0.11239477776479331,-0.25579578077743564,-0.0659168566420477,0.036191249866711246,-0.23036180756553232
B024,-0.0545194596228138,-0.1372674935040376,0.0174073498975917,-0.1948921636028208,-0.4767685489482149,-0.1438841676126434,0.1015449054188111,-0.4020650174320698,-0.06435495788959467,-0.12881527897602438,0.009224835817728549,-0.21166196730346282,-0.45561859810333066,-0.1374753152696893,0.07162564445640936,-0.42137903199381566,-0.077132258040204,-0.11020936231534806,0.014530714685283014,-0.24533708254683942,-0.503040356054128,-0.15361411740312184,0.08663578473562937,-0.4767442312202421
B024,-0.0535992908446193,-0.1366536485472118,0.0182431729807612,-0.1948757671776287,-0.4762235141438017,-0.1433343951917317,0.1025810328269749,-0.4020932946248501,-0.06433356714428895,-0.12877331640777942,0.009226343350198642,-0.21159812274944625,-0.4554768504253028,-0.13744614986433665,0.0716102556532301,-0.42125422309971644,-0.077132258040204,-0.11020936231534806,0.014530714685283014,-0.24533708254683942,-0.503040356054128,-0.15361411740312184,0.08663578473562937,-0.4767442312202421
B024,-0.054919848704206,-0.1351822640957838,0.0173820720090892,-0.1925357929555428,-0.4772429277559306,-0.1424201697621654,0.1016932591013334,-0.397988484202751,-0.0643226674992886,-0.12875193240329547,0.009227110619686781,-0.21156558823080632,-0.4554046181931838,-0.1374312849288184,0.0716024112911068,-0.42119062240946664,-0.077132258040204,-0.11020936231534806,0.014530714685283014,-0.24533708254683942,-0.503040356054128,-0.15361411740312184,0.08663578473562937,-0.4767442312202421
B025,0.0062633617975286,-0.0035045566788809,-0.0020429004855183,0.0435925394339306,0.0871774770077379,0.032847138880255,-0.0205653804888851,0.0667560369091586,0.015442061935640305,0.030070936576606175,-0.0019250614175510782,0.05746106797758268,0.11271044944556745,0.03295994572104495,-0.017935786952154115,0.10187514939216456,0.01982432738740189,0.021707292065187473,-0.0016906875199005846,0.04943829646401745,0.09565831240238862,0.024229304104271095,-0.012584605029495169,0.08636434826441643
B025,0.0082353333808725,-0.003832705495442,-0.0006207255936036,0.0416186693162483,0.089267277265206,0.0317767759885682,-0.0192837652458938,0.0652869658414792,0.015444618878583553,0.03007704481883663,-0.0019254692967849733,0.05747102062484059,0.11272986897311217,0.0329658725824564,-0.017939371482980103,0.10189258148265805,0.01982432738740189,0.021707292065187473,-0.0016906875199005846,0.04943829646401745,0.09565831240238862,0.024229304104271095,-0.012584605029495169,0.08636434826441643
B025,0.0074670208603574,-0.0033858195488059,-0.0019820330385873,0.0400937492782842,0.0885822793734333,0.0326137546742656,-0.0219099887922781,0.0623802724989044,0.015444495811517533,0.03007675083397598,-0.0019254496701535356,0.05747054161053498,0.11272893432059485,0.03296558733508099,-0.01793919896984703,0.10189174248504364,0.01982432738740189,0.021707292065187473,-0.0016906875199005846,0.04943829646401745,0.09565831240238862,0.024229304104271095,-0.012584605029495169,0.08636434826441643
B025,0.0232401544709245,0.0200108927018914,0.0135301316930656,0.1070607040785284,0.1912989899939825,0.0704448519315535,-0.0110043471008599,0.1805005335759256,0.023955896036901857,0.048674514712580906,-0.002275742841197014,0.08806175513749831,0.17317066080426513,0.04937704132674387,-0.027262675048127703,0.1560354552064687,0.032433872508534106,0.04714088962969546,-0.005000883486883922,0.10394850015004543,0.1913508992040639,0.05588857634633118,-0.03170388282364332,0.181886340684288
B025,0.0276534007178692,0.0202311181230307,0.0169773680623181,0.1069856595830703,0.1956759466297379,0.0710485329386563,-0.0073981472532805,0.1807687697440493,0.02396762688963602,0.048698056297759584,-0.002275031442912316,0.08810087589042885,0.17324893841304473,0.04939567815862972,-0.02727238017901657,0.15610542778378686,0.032433872508534106,0.04714088962969546,-0.005000883486883922,0.10394850015004543,0.1913508992040639,0.05588857634633118,-0.03170388282364332,0.181886340684288
B025,0.0249193933317934,0.019266349844691,0.0150217422582528,0.1023571387048947,0.1935573945297306,0.0718503952069698,-0.0088874008497589,0.170979305999963,0.023947719926118733,0.04865810383924457,-0.0022762369993426777,0.08803448464166383,0.17311609615679843,0.04936404627237534,-0.02725590633363773,0.1559866794818021,0.032433872508534106,0.04714088962969546,-0.005000883486883922,0.10394850015004543,0.1913508992040639,0.05588857634633118,-0.03170388282364332,0.181886340684288
B026,-0.0251635863522629,-0.0169316432545859,-0.0421047975110277,0.0005872975664136,-0.0205040974274641,0.0930168908425877,-0.076666168183962,-0.0216731827998339,-0.02742576749934076,0.015062111155524404,-0.057304301963185804,-0.0018037445688345358,-0.03301547620028541,0.11214870596922512,-0.10113050106123322,-0.018481119769893473,-0.02170729206518747,0.019824327387401898,-0.04943829646401745,-0.0016906875199005813,-0.024229304104271092,0.09565831240238862,-0.08636434826441643,-0.012584605029495162
B026,-0.0259016843048197,-0.0175387829704963,-0.0428451896265824,0.0011232436550232,-0.0207964712802372,0.0927789936140481,-0.0781934847223744,-0.0205381864054667,-0.027410887384185692,0.015056135061547533,-0.057279514694604114,-0.001802831263334134,-0.03300018980653095,0.11210054984852824,-0.10108690112213037,-0.01847246882500967,-0.02170729206518747,0.019824327387401898,-0.04943829646401745,-0.0016906875199005813,-0.024229304104271092,0.09565831240238862,-0.08636434826441643,-0.012584605029495162
B026,-0.0246123263195638,-0.0204130819122239,-0.0415618378130159,-0.0014060202649422,-0.0197205142287417,0.0917195561967307,-0.0763069956552603,-0.024469099604022,-0.027422554884129684,0.015060820842588567,-0.057298950368407604,-0.0018035474933966362,-0.03301217605141063,0.11213830894082802,-0.10112108773973888,-0.018479252205587257,-0.02170729206518747,0.019824327387401898,-0.04943829646401745,-0.0016906875199005813,-0.024229304104271092,0.09565831240238862,-0.08636434826441643,-0.012584605029495162
B026,-0.0406355157757452,-0.0114159205398218,-0.0662515039681757,0.0178720352450265,-0.0432683470890424,0.1796113344762256,-0.1193373738619236,-0.0040733625578978,-0.04565909436062935,0.023078701162741282,-0.08793622802994375,-0.0019417192024161452,-0.050079514401541965,0.17237414922022293,-0.15551276182179352,-0.027479623639815418,-0.047140889629695454,0.032433872508534106,-0.10394850015004543,-0.005000883486883916,-0.05588857634633117,0.1913508992040639,-0.181886340684288,-0.031703882823643316
B026,-0.0415056696821115,-0.0121859739732084,-0.0672425268733955,0.0162688174588842,-0.0440520431524018,0.1795515509721567,-0.1205317839483463,-0.0058737722559135,-0.04564839268802,0.023073574269536153,-0.0879180859899449,-0.0019422276984859695,-0.050070502886523864,0.17233804432651295,-0.1554802455219926,-0.027475311957106285,-0.047140889629695454,0.032433872508534106,-0.10394850015004543,-0.005000883486883916,-0.05588857634633117,0.1913508992040639,-0.181886340684288,-0.031703882823643316
B026,-0.0409649367035208,-0.0125233598449538,-0.066978331186164,0.0159060906609254,-0.0421618053343262,0.1801622483000304,-0.1207484499973149,-0.0063063016019256,-0.04564375230760801,0.023071351343156705,-0.08791021943525223,-0.0019424479688484868,-0.05006659500393906,0.17232238907913153,-0.15546614627402838,-0.027473441992036565,-0.047140889629695454,0.032433872508534106,-0.10394850015004543,-0.005000883486883916,-0.05588857634633117,0.1913508992040639,-0.181886340684288,-0.031703882823643316
B027,-0.014964088738927,-0.0632776386268061,0.0067720307832249,-0.035909931579452,-0.086246289161445,-0.0228582623696707,0.0221996286451412,-0.0738633513599002,-0.014161831211720564,-0.029621210112898186,0.002539787367464617,-0.05538413356890956,-0.10886922120824642,-0.0350275933660976,0.01909925886146786,-0.09717639381002584,-0.019824327387401898,-0.02170729206518747,0.0016906875199005783,-0.04943829646401745,-0.09565831240238862,-0.024229304104271085,0.012584605029495158,-0.08636434826441643
B027,-0.0131475840164721,-0.0631886147453294,0.0088739619696054,-0.0368985014096151,-0.0858687404288013,-0.0226495846957523,0.0249961950394341,-0.0751859426179358,-0.014157620017513155,-0.029615030075890093,0.002540582147932162,-0.05537144998801794,-0.10884468296941423,-0.035021743249371705,0.019097825144485193,-0.09715380953565708,-0.019824327387401898,-0.02170729206518747,0.0016906875199005783,-0.04943829646401745,-0.09565831240238862,-0.024229304104271085,0.012584605029495158,-0.08636434826441643
B027,-0.011853514919962,-0.0615605604766592,0.0094685543411145,-0.0364331974727693,-0.0847966227725807,-0.0213863022176664,0.0250784804472029,-0.074606636408573,-0.014157180621053995,-0.029614385217230286,0.002540665030249914,-0.05537012653993302,-0.10884212257139703,-0.035021132757784235,0.019097675493935734,-0.09715145300369316,-0.019824327387401898,-0.02170729206518747,0.0016906875199005783,-0.04943829646401745,-0.09565831240238862,-0.024229304104271085,0.012584605029495158,-0.08636434826441643
B027,-0.0229599966140506,-0.0905923943653101,0.0202527300995087,-0.0624089363933557,-0.1609984757206046,-0.0459460661015029,0.0555434905049747,-0.1176803994807694,-0.025422722931631135,-0.044377362315639844,-0.0020161950691269677,-0.08696575363059127,-0.17039561599371905,-0.045841369573614434,0.019925567786966324,-0.15295790485463856,-0.032433872508534106,-0.047140889629695454,0.005000883486883909,-0.10394850015004543,-0.1913508992040639,-0.05588857634633116,0.0317038828236433,-0.181886340684288
B027,-0.0220966656644844,-0.0880852341231925,0.0210579807601168,-0.0603529182742809,-0.1597187165260254,-0.044642956978291,0.0564644612574484,-0.1145649888292564,-0.025422073523764334,-0.04437659993877146,-0.0020158104715558775,-0.08696405354785457,-0.17039227426656026,-0.045840987777181146,0.019925669559982644,-0.15295491722858803,-0.032433872508534106,-0.047140889629695454,0.005000883486883909,-0.10394850015004543,-0.1913508992040639,-0.05588857634633116,0.0317038828236433,-0.181886340684288
B027,-0.0224782318209362,-0.0887467041489077,0.0210320625977751,-0.0610877309237818,-0.1598457423245187,-0.0447203355388712,0.0566231774119493,-0.1153960605647496,-0.025430432749057128,-0.04438641262684595,-0.002020761978040425,-0.08698593616876175,-0.17043528761773585,-0.04584590042807163,0.019924358388741917,-0.1529933724154992,-0.032433872508534106,-0.047140889629695454,0.005000883486883909,-0.10394850015004543,-0.1913508992040639,-0.05588857634633116,0.0317038828236433,-0.181886340684288
B028,0.0165232053654726,-0.00326996580746,0.0062162180046013,0.1030384958409633,0.1873179429991809,0.0526319456894161,-0.0210710279862439,0.1676917728283607,0.029166815627929832,0.058335990512730466,-0.0022917057225619467,0.11390990121425137,0.22333087300645516,0.06659265185564271,-0.03389516222476759,0.2007825321982136,0.03964865477480378,0.043414584130374946,-0.003381375039801169,0.0988765929280349,0.19131662480477724,0.04845860820854219,-0.025169210058990338,0.17272869652883285
B028,0.0190508960457878,-0.0021404874868975,0.0080403985466013,0.1045588620248511,0.1892808450118797,0.0536060172401294,-0.0191659430045364,0.170343421167892,0.029179752148328877,0.058366621610770344,-0.002295102181188701,0.1139605569590269,0.22342674468995782,0.0666222667656394,-0.03391428488289463,0.20087150144850313,0.03964865477480378,0.043414584130374946,-0.003381375039801169,0.0988765929280349,0.19131662480477724,0.04845860820854219,-0.025169210058990338,0.17272869652883285
B028,0.0180730486370665,-0.0055283382044213,0.0063656561798438,0.1001727432573168,0.1891419447355899,0.0523670456491131,-0.0224062277482182,0.1632049687221698,0.029182542576868406,0.058373228219092584,-0.00229583441601428,0.11397148262495446,0.22344742296864115,0.06662865366396926,-0.033918408801658424,0.2008906909615552,0.03964865477480378,0.043414584130374946,-0.003381375039801169,0.0988765929280349,0.19131662480477724,0.04845860820854219,-0.025169210058990338,0.17272869652883285
B028,0.0424987341130032,0.0260306533633704,0.0296669672890383,0.2044177348932153,0.3778531043464508,0.1140131304207494,-0.0112350747306457,0.3438911124442622,0.046448168373844655,0.09585915496448691,-0.004545405965008452,0.17646190609186702,0.34313226259457147,0.09970567569777537,-0.0542443768127222,0.31194173886468657,0.06486774501706821,0.09428177925939092,-0.010001766973767845,0.20789700030009087,0.3827017984081278,0.11177715269266236,-0.06340776564728665,0.363772681368576
B028,0.0428761774972784,0.0288488995925052,0.0299302760659575,0.2062720226573134,0.3783572297806024,0.1157918198348595,-0.0108834005923647,0.3458748297878705,0.04643522646078452,0.09583328082135407,-0.004545196198782236,0.1764184113011622,0.34304792661637123,0.09968508540677468,-0.05423254862469854,0.31186350446926087,0.06486774501706821,0.09428177925939092,-0.010001766973767845,0.20789700030009087,0.3827017984081278,0.11177715269266236,-0.06340776564728665,0.363772681368576
B028,0.0450672058777314,0.0281530515514811,0.0322868921566087,0.2059508519393715,0.3814414822588057,0.1161295176092246,-0.008305159176397,0.345961447940229,0.04645513670616897,0.0958730852027366,-0.00454551811749759,0.17648532322937746,0.34317766881983885,0.09971675987745995,-0.054250743621169335,0.31198386000473954,0.06486774501706821,0.09428177925939092,-0.010001766973767845,0.20789700030009087,0.3827017984081278,0.11177715269266236,-0.06340776564728665,0.363772681368576
B029,-0.0463764517406962,-0.0407483753633922,-0.087470516161962,0.0101579574089813,-0.0518985384378449,0.1832208061612953,-0.1571780192389714,-0.0249624903430663,-0.0567403410041476,0.030601510783104774,-0.11053342403653463,-0.003350364800845327,-0.06259986451490712,0.21208933232716246,-0.1952988985902242,-0.03160782272299977,-0.04341458413037494,0.039648654774803796,-0.0988765929280349,-0.0033813750398011626,-0.048458608208542184,0.19131662480477724,-0.17272869652883285,-0.025169210058990324
B029,-0.0445974638479087,-0.0426577372856075,-0.0860198261682923,0.0096037383206582,-0.0503073586290847,0.1817949977662458,-0.1558144396693369,-0.0246850050034793,-0.056747605458432895,0.03060421266521288,-0.11054467516389002,-0.0033509527778908476,-0.06260687179807013,0.21211215523440566,-0.19531880719506908,-0.031612518445971904,-0.04341458413037494,0.039648654774803796,-0.0988765929280349,-0.0033813750398011626,-0.048458608208542184,0.19131662480477724,-0.17272869652883285,-0.025169210058990324
B029,-0.0460312126073188,-0.0403256017503982,-0.0864305374922896,0.0112866988537956,-0.0521983631534368,0.1839025845783693,-0.1551914685420792,-0.024223476566332,-0.05673310290656405,0.03059881879478649,-0.11052221377151429,-0.0033497788518307946,-0.06259288243312273,0.2120665923897089,-0.19527906234365755,-0.03160314383466355,-0.04341458413037494,0.039648654774803796,-0.0988765929280349,-0.0033813750398011626,-0.048458608208542184,0.19131662480477724,-0.17272869652883285,-0.025169210058990324
B029,-0.0836526248730083,-0.0378583753933735,-0.1558295769384289,0.0293507883266215,-0.1034115743709569,0.3689177425870496,-0.2775718283259485,-0.0235923878276868,-0.09967083947964873,0.04822505819495217,-0.17783827277864603,-0.004924244524332129,-0.09999340093670601,0.35002820157017334,-0.3153122875685293,-0.05566597323395801,-0.09428177925939091,0.06486774501706821,-0.20789700030009087,-0.010001766973767832,-0.11177715269266233,0.3827017984081278,-0.363772681368576,-0.06340776564728663
B029,-0.0836562242543031,-0.0361093888234208,-0.1547481648051556,0.0268940698752469,-0.1032070324618388,0.3696818572093654,-0.2763452407171606,-0.0270477613201151,-0.09971114530523394,0.048243212886863104,-0.1779023041078354,-0.004923894314351595,-0.10002463088991995,0.3501607338874424,-0.3154272957608202,-0.05568496929520931,-0.09428177925939091,0.06486774501706821,-0.20789700030009087,-0.010001766973767832,-0.11177715269266233,0.3827017984081278,-0.363772681368576,-0.06340776564728663
B029,-0.083594000320809,-0.0359205699043319,-0.1542079776192808,0.0260507155740735,-0.1022627012509069,0.3703896206935367,-0.2757719284514325,-0.027676805054751,-0.0997227402404472,0.04824843609511111,-0.1779207245694035,-0.004923792919353779,-0.10003361354943519,0.350198861080101,-0.3154603814660198,-0.05569043267714893,-0.09428177925939091,0.06486774501706821,-0.20789700030009087,-0.010001766973767832,-0.11177715269266233,0.3827017984081278,-0.363772681368576,-0.06340776564728663
B030,-0.0292142704999478,-0.1018168113768462,0.0033063293666661,-0.0807600035120301,-0.1845783663581636,-0.0516828356444189,0.0303714021433619,-0.1567820763769401,-0.030792528362481614,-0.05992294087459525,0.0038354403474959277,-0.11456543096472929,-0.22472495140385138,-0.06570734525010043,0.03574298583280943,-0.20312556848820332,-0.039648654774803796,-0.04341458413037494,0.0033813750398011566,-0.0988765929280349,-0.19131662480477724,-0.04845860820854217,0.025169210058990317,-0.17272869652883285
B030,-0.0300639786956552,-0.1019262133478363,0.003098315421597,-0.0795711738853594,-0.184883271247484,-0.0511653025377846,0.0305110222840043,-0.1549212856186385,-0.030809473835066506,-0.059963461383682866,0.003838166848833038,-0.11463144808298029,-0.22485374627372595,-0.06574670022881324,0.03576680106224198,-0.20324118470079278,-0.039648654774803796,-0.04341458413037494,0.0033813750398011566,-0.0988765929280349,-0.19131662480477724,-0.04845860820854217,0.025169210058990317,-0.17272869652883285
B030,-0.0275322695330352,-0.1033965121672545,0.0053480245028799,-0.0804394951757537,-0.1834403969630954,-0.0518193636248333,0.0332633716810497,-0.1560837772401496,-0.030808134624852608,-0.059960259311295824,0.0038379515404091606,-0.11462623113485083,-0.22484356824181803,-0.0657435905320871,0.03576491936127589,-0.20323204813198412,-0.039648654774803796,-0.04341458413037494,0.0033813750398011566,-0.0988765929280349,-0.19131662480477724,-0.04845860820854217,0.025169210058990317,-0.17272869652883285
B030,-0.0493323800068777,-0.1610736439016338,0.0238033996812395,-0.1612291893152603,-0.3618714991462356,-0.1090641266621213,0.093501907084621,-0.3016610671887489,-0.047373128643705686,-0.0962652544581894,0.0045825931479841625,-0.1743231183362929,-0.34274028700522874,-0.09789303197288342,0.054075520929979505,-0.3088517198529706,-0.06486774501706821,-0.09428177925939091,0.010001766973767819,-0.20789700030009087,-0.3827017984081278,-0.11177715269266232,0.0634077656472866,-0.363772681368576
B030,-0.0494778200929786,-0.1614681638499518,0.0236424391580142,-0.1626375747952521,-0.3611741748522477,-0.1095183622205759,0.0934155397550547,-0.3027302230836181,-0.04783387610096254,-0.09719259463606207,0.00455617025732949,-0.17586356677151627,-0.3458212313918655,-0.09863016023776294,0.05446078012299562,-0.31160599468125244,-0.06486774501706821,-0.09428177925939091,0.010001766973767819,-0.20789700030009087,-0.3827017984081278,-0.11177715269266232,0.0634077656472866,-0.363772681368576
B030,-0.0456177226378463,-0.1562588632607246,0.0270440355349111,-0.1595147237230013,-0.357355387002488,-0.1059424172897855,0.0970351821398897,-0.298221376179219,-0.047872882923633966,-0.09727092397615658,0.004553832821596522,-0.1759937215646715,-0.34608163567777006,-0.0986922254796189,0.054493126492252804,-0.311838774698085,-0.06486774501706821,-0.09428177925939091,0.010001766973767819,-0.20789700030009087,-0.3827017984081278,-0.11177715269266232,0.0634077656472866,-0.363772681368576
B032,-0.0868786952174363,-0.0290921893424375,-0.191451559478827,0.0083770691413474,-0.0994023136212211,0.3700128799182201,-0.343884988195503,-0.0597916268672383,-0.11857620037976394,0.056709592751191196,-0.22172405204031465,-0.010147370411076273,-0.14019682084786966,0.4358396686432907,-0.3890394606693031,-0.07641820082939689,-0.08682916826074988,0.07929730954960759,-0.1977531858560698,-0.006762750079602325,-0.09691721641708437,0.38263324960955447,-0.3454573930576657,-0.05033842011798065
B032,-0.086795170095341,-0.0267629562242716,-0.1915531279686959,0.0094711591399031,-0.0981919502449821,0.3707754554205571,-0.3446806262603037,-0.0572267031913585,-0.1186142122641213,0.05673550666452241,-0.22180207924213524,-0.010142455725026617,-0.14023277240559678,0.435990626578973,-0.3891783890027989,-0.07642699343889105,-0.08682916826074988,0.07929730954960759,-0.1977531858560698,-0.006762750079602325,-0.09691721641708437,0.38263324960955447,-0.3454573930576657,-0.05033842011798065
B032,-0.0893194640191886,-0.0277690123895391,-0.1933018188316641,0.0082612809798402,-0.1001113861911181,0.3698003592520212,-0.3463346230141795,-0.0583023647849167,-0.11862807796430581,0.05674496027176093,-0.221830542490633,-0.01014066096182841,-0.14024588415871064,0.43604569418042644,-0.38922906766568366,-0.0764301987513867,-0.08682916826074988,0.07929730954960759,-0.1977531858560698,-0.006762750079602325,-0.09691721641708437,0.38263324960955447,-0.3454573930576657,-0.05033842011798065
B032,-0.1633794956974168,0.0038305375288147,-0.3457900519196767,0.0305002378893106,-0.2036855628884546,0.7492368639859133,-0.6169894932720139,-0.0772979303180673,-0.17710008521446158,0.10134245923328972,-0.346950401556068,0.007858867939091475,-0.18315975913294924,0.6797887474237923,-0.6102278220018654,-0.07975634213985928,-0.18856355851878182,0.12973549003413642,-0.41579400060018173,-0.020003533947535665,-0.22355430538532467,0.7654035968162556,-0.727545362737152,-0.12681553129457326
B032,-0.1640249767050092,0.0040942242423621,-0.3462906859963173,0.028632205353424,-0.2029419520945294,0.7506897025650066,-0.6183642946037418,-0.0792841770472655,-0.17721506203268833,0.1014402670696493,-0.3472066715742417,0.007916579809532226,-0.18321768339333036,0.6802924110021447,-0.610678187962554,-0.07974127271452618,-0.18856355851878182,0.12973549003413642,-0.41579400060018173,-0.020003533947535665,-0.22355430538532467,0.7654035968162556,-0.727545362737152,-0.12681553129457326
B032,-0.1632935453146792,0.0067911450435553,-0.3453618774777504,0.0316183046380018,-0.2004812837662937,0.7521820303231939,-0.6180873420877602,-0.0737017663466587,-0.17718230127860585,0.10141239393451522,-0.3471336474470804,0.007900126050165584,-0.18320119032483104,0.6801488898420289,-0.610549856613592,-0.07974557583152343,-0.18856355851878182,0.12973549003413642,-0.41579400060018173,-0.020003533947535665,-0.22355430538532467,0.7654035968162556,-0.727545362737152,-0.12681553129457326
B033,-0.048002590455568,-0.1502817922051765,0.0039425787545062,-0.1670213725699425,-0.3619179700463289,-0.1000083129834692,0.0586860874564211,-0.3139487631921338,-0.058062856905615585,-0.11603031965889742,0.0045119657042276785,-0.22675873813973044,-0.4446537728619552,-0.13256443884779345,0.06738927115130947,-0.3997016581955974,-0.07929730954960759,-0.08682916826074988,0.006762750079602313,-0.1977531858560698,-0.38263324960955447,-0.09691721641708434,0.050338420117980634,-0.3454573930576657
B033,-0.0492220898199395,-0.1482084418942193,0.002145653127314,-0.1675558504329044,-0.3632463398128529,-0.0989275994918466,0.0559451489646415,-0.3152716691628608,-0.05809254355565326,-0.11610071546024829,0.004519830354903786,-0.22687513946734478,-0.44487403366763045,-0.13263259682150072,0.06743331215392176,-0.39990606102291815,-0.07929730954960759,-0.08682916826074988,0.006762750079602313,-0.1977531858560698,-0.38263324960955447,-0.09691721641708434,0.050338420117980634,-0.3454573930576657
B033,-0.0497276287049457,-0.1482235827105736,0.0025859830853589,-0.1676312678207044,-0.3638701503322503,-0.1002017917046136,0.0573761517883378,-0.3146355345372616,-0.05809371875605282,-0.11610350197090152,0.004520141531128108,-0.22687974707018033,-0.4448827525145504,-0.13263529452948886,0.06743505523716282,-0.39991415214443116,-0.07929730954960759,-0.08682916826074988,0.006762750079602313,-0.1977531858560698,-0.38263324960955447,-0.09691721641708434,0.050338420117980634,-0.3454573930576657
B033,-0.0931813495515346,-0.2468139287937722,0.0167048279747341,-0.3361287520347209,-0.7207205816291191,-0.2116783988871826,0.1373632714185753,-0.6133289843604653,-0.09299913613276295,-0.19192377398630459,0.009092440376461453,-0.3532692103525769,-0.6869342785545784,-0.19957479425739752,0.1085826179255068,-0.624504774849539,-0.12973549003413642,-0.18856355851878182,0.020003533947535637,-0.41579400060018173,-0.7654035968162556,-0.22355430538532464,0.1268155312945732,-0.727545362737152
B033,-0.0917141420726495,-0.2461676687840763,0.0179822890908902,-0.3355237758042518,-0.7194586492022303,-0.2112103381776301,0.138930319401959,-0.6126428350011194,-0.093075459598691,-0.19207626120873883,0.009093610429881563,-0.3535255616868782,-0.6874313939651497,-0.1996960303212622,0.10865221601592233,-0.6249659236615178,-0.12973549003413642,-0.18856355851878182,0.020003533947535637,-0.41579400060018173,-0.7654035968162556,-0.22355430538532464,0.1268155312945732,-0.727545362737152
B033,-0.0914325075961903,-0.2465304823755051,0.0184013673576984,-0.3363336820383904,-0.7182826561687465,-0.2114366423623773,0.1389652807702398,-0.6135810259121266,-0.09307896277523577,-0.19208325901108034,0.009093663337327649,-0.353537326141583,-0.6874542081720542,-0.19970159265122606,0.10865540863314638,-0.6249870872345016,-0.12973549003413642,-0.18856355851878182,0.020003533947535637,-0.41579400060018173,-0.7654035968162556,-0.22355430538532464,0.1268155312945732,-0.727545362737152
B034,0.0529685678793216,0.1169408692785025,-0.0150406640669878,0.2362516571953797,0.4521900835252175,0.1322813728838282,-0.095221868407565,0.4114822456290264,0.07636271845501337,0.14147145309472456,-0.008345143338297587,0.275745973101763,0.5290314571520328,0.15613356537132841,-0.07877419784990396,0.48720755579609176,0.09912163693700948,0.10853646032593736,-0.00845343759950292,0.24719148232008725,0.47829156201194306,0.12114652052135548,-0.06292302514747584,0.4318217413220821
B034,0.0552743280644122,0.1152330984954871,-0.0119451026382248,0.2371668093504148,0.4543812391523787,0.1311405596001154,-0.0919194322267371,0.4132326028454414,0.076345301453711,0.14142458867957408,-0.008341334702323705,0.27567339594881485,0.5288842462785583,0.15608832732506212,-0.07874387507416368,0.48707914008108094,0.09912163693700948,0.10853646032593736,-0.00845343759950292,0.24719148232008725,0.47829156201194306,0.12114652052135548,-0.06292302514747584,0.4318217413220821
B034,0.0530131292297854,0.1156039647087975,-0.0136211485680372,0.2380410810441491,0.4536382911540593,0.1329881049268539,-0.0944990001818641,0.413303088476219,0.07636804772953831,0.14148579190610847,-0.008346308290960818,0.27576817921623686,0.5290764988893902,0.1561474058298518,-0.07878347484352985,0.4872468467699063,0.09912163693700948,0.10853646032593736,-0.00845343759950292,0.24719148232008725,0.47829156201194306,0.12114652052135548,-0.06292302514747584,0.4318217413220821
B034,0.1197044664140959,0.2338293338747279,0.004788560719565,0.5069053369876997,0.9451314739626984,0.2978569332348499,-0.133333394441626,0.8751640205311145,0.12106620006229492,0.2502940903916437,-0.012300416418514966,0.44637041610795614,0.878744190470329,0.2508479308284878,-0.13969039587408066,0.7914685695668845,0.1621693625426705,0.2357044481484773,-0.025004417434419612,0.5197425007502272,0.9567544960203196,0.27944288173165593,-0.15851941411821663,0.90943170342144
B034,0.1210851603874422,0.230811914698248,0.006438118325173,0.5035501701423031,0.946383567928916,0.2963267819803352,-0.1311420499867435,0.8701010164355326,0.12102543241885143,0.25020373796080253,-0.012301281086928708,0.4462268398894903,0.8784469614560985,0.25077809336860046,-0.13964797123444725,0.7912106550205689,0.1621693625426705,0.2357044481484773,-0.025004417434419612,0.5197425007502272,0.9567544960203196,0.27944288173165593,-0.15851941411821663,0.90943170342144
B034,0.1218147751859058,0.2306765208024705,0.0085058791023056,0.5034442434111626,0.9485933944384132,0.2973588394886022,-0.1286917695006846,0.870204089385264,0.12102748463382604,0.25020828657153954,-0.012301237725334311,0.4462340678618251,0.8784619245650449,0.2507816095538161,-0.1396501073521573,0.7912236389878678,0.1621693625426705,0.2357044481484773,-0.025004417434419612,0.5197425007502272,0.9567544960203196,0.27944288173165593,-0.15851941411821663,0.90943170342144
B035,-0.1141451927105555,0.0213864276078105,-0.2272928607518749,0.0142940110664547,-0.1279259090507365,0.4729770202006205,-0.4065054426534966,-0.054898968320215,-0.15012701273190363,0.0771150293034679,-0.2869343874868028,-0.009610074974514366,-0.1645787655525668,0.5628284722026541,-0.5087260411261805,-0.08954527837302899,-0.10853646032593735,0.09912163693700948,-0.24719148232008725,-0.008453437599502907,-0.12114652052135545,0.47829156201194306,-0.4318217413220821,-0.06292302514747582
B035,-0.1125923956879235,0.024367419888717,-0.2259115775418524,0.0166082390714253,-0.1253940515583598,0.4755099646767372,-0.4055556021744799,-0.0520974757665993,-0.15012049525035506,0.07711230233740032,-0.2869237685120008,-0.009609638164021127,-0.16457243868693872,0.5628077538739522,-0.5087074429638292,-0.08954145087198363,-0.10853646032593735,0.09912163693700948,-0.24719148232008725,-0.008453437599502907,-0.12114652052135545,0.47829156201194306,-0.4318217413220821,-0.06292302514747582
B035,-0.1128491994616054,0.0223233664158538,-0.2253292717850002,0.0129990042269866,-0.1262641764341906,0.4736047563853627,-0.4044760644254001,-0.0562644616804861,-0.15014941568574688,0.07712440313707282,-0.286970888860871,-0.009611576127186479,-0.16460051270137863,0.5628996890889483,-0.5087899701441053,-0.0895584343177691,-0.10853646032593735,0.09912163693700948,-0.24719148232008725,-0.008453437599502907,-0.12114652052135545,0.47829156201194306,-0.4318217413220821,-0.06292302514747582
B035,-0.2278962094414109,0.06349757557194,-0.4595082110666058,0.0268677390284063,-0.2694171716837025,0.9489437979331494,-0.8211442160561138,-0.1072817366050277,-0.24227867820687446,0.119234988001135,-0.4384912285108844,-0.011411059537044096,-0.24601788768981886,0.8622171429692634,-0.7769268080048366,-0.13586109679256844,-0.23570444814847727,0.16216936254267053,-0.5197425007502272,-0.02500441743441958,-0.2794428817316559,0.9567544960203196,-0.90943170342144,-0.15851941411821657
B035,-0.2285488513215315,0.0592644761505458,-0.4550257264942718,0.018016308422044,-0.2695769185030132,0.9474133465752947,-0.8124192886336423,-0.1219555629478866,-0.24233738755868606,0.11926418340679622,-0.4385887644376589,-0.011409356153689815,-0.24606449767004013,0.8624122440732837,-0.777101218720588,-0.1358854308378406,-0.23570444814847727,0.16216936254267053,-0.5197425007502272,-0.02500441743441958,-0.2794428817316559,0.9567544960203196,-0.90943170342144,-0.15851941411821657
B035,-0.2254053575004904,0.0579323614103786,-0.4519031214269762,0.0159208251259503,-0.2676834549524809,0.9464170392115928,-0.808284118024611,-0.1250533229068836,-0.242185308922215,0.11918856307496059,-0.4383361135663806,-0.01141376092517731,-0.2459437465770218,0.8619068731000068,-0.7766494411232714,-0.13582238271044153,-0.23570444814847727,0.16216936254267053,-0.5197425007502272,-0.02500441743441958,-0.2794428817316559,0.9567544960203196,-0.90943170342144,-0.15851941411821657
B036,-0.0656157203373515,-0.1453945514822447,-0.0011264766298636,-0.21831873435391,-0.4623076541428876,-0.1250366189694763,0.0665880673343011,-0.402154432227361,-0.07506267304561767,-0.13651129068332596,0.008980627659637105,-0.28549284838103933,-0.5587452071739161,-0.16444264767743555,0.09204626099572491,-0.5038432211836957,-0.09912163693700948,-0.10853646032593735,0.008453437599502891,-0.24719148232008725,-0.47829156201194306,-0.12114652052135542,0.06292302514747579,-0.4318217413220821
B036,-0.0651064874018215,-0.1473356562986386,-0.0002164203111224,-0.2215921105459294,-0.462412034627207,-0.1264003944519152,0.067709054238164,-0.4054802627561812,-0.07502851501862773,-0.13642613372153595,0.008975340321470855,-0.28535100890058507,-0.5584696879412099,-0.1643550627462661,0.09199665446763759,-0.5035937606589913,-0.09912163693700948,-0.10853646032593735,0.008453437599502891,-0.24719148232008725,-0.47829156201194306,-0.12114652052135542,0.06292302514747579,-0.4318217413220821
B036,-0.0668181596979124,-0.1418731903678479,-0.0018216387990484,-0.2189310260788782,-0.4640936180512225,-0.1238183644785678,0.0650871581373111,-0.4021406342055691,-0.07505503410462959,-0.13649224783284142,0.008979446020864338,-0.28546112997627215,-0.5586835945458047,-0.1644230631034514,0.09203516912029158,-0.5037874360058623,-0.09912163693700948,-0.10853646032593735,0.008453437599502891,-0.24719148232008725,-0.47829156201194306,-0.12114652052135542,0.06292302514747579,-0.4318217413220821
B036,-0.1213455782034132,-0.2700494326875684,0.017158567449032,-0.4350907865314981,-0.9164211777646674,-0.266191170398189,0.1683353370010285,-0.784410758970749,-0.11504487747893481,-0.22756730019563792,0.009742891983321676,-0.4384467921364804,-0.8594144694512013,-0.24978388480768923,0.13710423568790236,-0.7753516272825093,-0.16216936254267056,-0.23570444814847724,0.02500441743441955,-0.5197425007502272,-0.9567544960203196,-0.2794428817316558,0.15851941411821652,-0.90943170342144
B036,-0.1208713369553508,-0.2683084344482829,0.0176973993315787,-0.4337493836972935,-0.9164926162627104,-0.265022729771818,0.1688457164305407,-0.7827615180394825,-0.1150740949185786,-0.22762836400986702,0.009740041118175422,-0.43855029624304465,-0.859620417366266,-0.24983539105944186,0.1371289221610121,-0.775537112514853,-0.16216936254267056,-0.23570444814847724,0.02500441743441955,-0.5197425007502272,-0.9567544960203196,-0.2794428817316558,0.15851941411821652,-0.90943170342144
B036,-0.1194831259394079,-0.2702884801178433,0.0190082060722443,-0.4347856696921435,-0.915277568145018,-0.2664157176932147,0.1706551944760445,-0.7837746822389666,-0.11507126282141378,-0.22762244529330083,0.00974031764483516,-0.43854026386950906,-0.8596004552396911,-0.2498303990707025,0.13712652971604386,-0.7755191338246288,-0.16216936254267056,-0.23570444814847724,0.02500441743441955,-0.5197425007502272,-0.9567544960203196,-0.2794428817316558,0.15851941411821652,-0.90943170342144
B037,0.0016459011796091,-0.0322325069332793,0.0116380843702372,0.0097058744060173,0.0003702419874133,-3.190189881455141e-05,0.0156445074732714,-0.0026187589307244,-0.001471958609067443,-1.2450522562320702e-05,-0.0006570330323552324,0.00393673919857522,-0.005248070568293287,-0.0008898750358687069,-0.002392916144265338,-0.006928487416708034,0.00098539084997748,0.002474598068874236,0.000967044377525485,0.004480385358100122,-0.006659999908585651,-0.00213743855254799,0.0018918949171893356,-0.005780374761796506
B037,0.0021925303934645,-0.0311534560279888,0.0121210827748392,0.0091422095587108,0.0012395860393069,0.0001399324162091,0.0162690072534903,-0.0033498277150091,-0.0014720508766933001,-1.232142661535356e-05,-0.0006573085553960985,0.003936704226863036,-0.005248066718189996,-0.0008893012943275212,-0.0023934123049574674,-0.006928284935110305,0.00098539084997748,0.002474598068874236,0.000967044377525485,0.004480385358100122,-0.006659999908585651,-0.00213743855254799,0.0018918949171893356,-0.005780374761796506
B037,0.0010057809124575,-0.0291170566883719,0.0109564593017582,0.0114727197155634,0.0008337513287819,0.0010413184575672,0.0148926886715223,0.0004401983740783,-0.0014720482164867065,-1.2325148612804986e-05,-0.0006573006117013445,0.003936705235182577,-0.0052480668291437745,-0.000889317836053663,-0.002393397999978112,-0.006928290772889818,0.00098539084997748,0.002474598068874236,0.000967044377525485,0.004480385358100122,-0.006659999908585651,-0.00213743855254799,0.0018918949171893356,-0.005780374761796506
B037,0.0039778279782336,-0.0320081540811983,0.0203025073170269,0.0249437328142745,0.0002735178108463,0.0068726582582308,0.029692764786567,0.0186521699148688,0.00016845452893037369,-0.002589570757739463,0.004561971792711661,0.004118856895256781,-0.005961870213530211,-0.011821017381351962,0.0069180388033218574,-0.011208476835980915,0.0015809692924525012,0.0030571447035562353,0.0008114023872292896,0.005813667131309666,-0.009865243217587291,-0.005557070614917562,0.002950431070608427,-0.008811351803808848
B037,0.0034582791354658,-0.028300261548428,0.0197743363348167,0.0254372545390921,0.0009300013343072,0.0078087215376215,0.0290133194696418,0.0207401896004529,0.00017315660064857503,-0.0025978980833463662,0.0045779707958611155,0.004117960108061678,-0.005966061996476157,-0.011854786267397426,0.006946384655015341,-0.011223028934460597,0.0015809692924525012,0.0030571447035562353,0.0008114023872292896,0.005813667131309666,-0.009865243217587291,-0.005557070614917562,0.002950431070608427,-0.008811351803808848
B037,0.0066795889211831,-0.0279644530012183,0.0209949946074322,0.0229517294255397,0.0034489095628225,0.0079647870157774,0.029346081216481,0.0161854253893908,0.0001737903434213987,-0.0025990209201841243,0.0045801276531359,0.004117838529740833,-0.005966628062690958,-0.01185933887324105,0.006950205959033802,-0.011224991440591834,0.0015809692924525012,0.0030571447035562353,0.0008114023872292896,0.005813667131309666,-0.009865243217587291,-0.005557070614917562,0.002950431070608427,-0.008811351803808848
B038,-0.0124566990670175,-0.0382431701732115,-0.0124924134978873,0.007487983791158,-0.0075551496503168,0.0437180332409553,-0.0195603416626541,-0.0031741553199876,-0.00017093565668076824,9.938838541463653e-05,-0.005657850990381483,0.0014860807045053465,0.004453331611656519,-0.0005449123392831607,0.0037646609888587743,0.0015341125601593356,-0.0024745980688742324,0.0009853908499774834,-0.004480385358100122,0.0009670443775254907,0.0021374385525480006,-0.006659999908585651,0.005780374761796506,0.001891894917189347
B038,-0.0119091318466611,-0.0362658578460118,-0.0125827672153824,0.0074089973761842,-0.0071925058566737,0.0440608550762579,-0.0203505023150042,-0.0032289212561555,-0.00016988213720754236,9.867911060564573e-05,-0.005656941803095272,0.0014862663672978904,0.00445435718491372,-0.0005483664985691715,0.003768413882951992,0.0015343992652299175,-0.0024745980688742324,0.0009853908499774834,-0.004480385358100122,0.0009670443775254907,0.0021374385525480006,-0.006659999908585651,0.005780374761796506,0.001891894917189347
B038,-0.0115346533487384,-0.0333908975008765,-0.0117042707579803,0.007947569584911,-0.0068130371452258,0.04504161614748,-0.018586745234075,-0.0019521998937465,-0.00016933477909825592,9.831057881093786e-05,-0.005656469424672913,0.0014863628138201829,0.004454889976917215,-0.0005501611630371203,0.0037703637515312067,0.0015345481649737772,-0.0024745980688742324,0.0009853908499774834,-0.004480385358100122,0.0009670443775254907,0.0021374385525480006,-0.006659999908585651,0.005780374761796506,0.001891894917189347
B038,-0.0234728804796559,-0.0294507643004163,-0.0291564038748565,0.0348169223212744,0.0040801818007756,0.1020939841976342,-0.0526767257040831,0.0399312168350914,0.002094041385514698,-0.0015859980013926429,-0.003660684593104898,0.001809673764649859,0.006388720717230713,-0.008276781498662176,0.012115863015952535,0.0017967402030080182,-0.0030571447035562284,0.0015809692924525082,-0.005813667131309666,0.0008114023872293017,0.005557070614917583,-0.009865243217587291,0.008811351803808848,0.0029504310706084495
B038,-0.018498115123106,-0.0268135639217494,-0.0248059500914116,0.0364823596700553,0.0083673659601963,0.1045844980421256,-0.0473321588149144,0.0412967692462699,0.0020951937287440347,-0.001586940644084828,-0.0036596487212101503,0.0018098044484759067,0.006389566927242976,-0.00828088156980134,0.012120266568472045,0.0017966851998328164,-0.0030571447035562284,0.0015809692924525082,-0.005813667131309666,0.0008114023872293017,0.005557070614917583,-0.009865243217587291,0.008811351803808848,0.0029504310706084495
B038,-0.0223394978137192,-0.0286650533968673,-0.0279530103853488,0.0354651092527403,0.0058236526116397,0.1016162394808719,-0.0511037169014678,0.0410438326600718,0.0020966263538706228,-0.001588112690968063,-0.0036583608692741286,0.0018099668749986867,0.0063906187574398095,-0.008285979145977711,0.012125741423893605,0.001796616535317448,-0.0030571447035562284,0.0015809692924525082,-0.005813667131309666,0.0008114023872293017,0.005557070614917583,-0.009865243217587291,0.008811351803808848,0.0029504310706084495
B039,-0.0031755308174635,-0.0438849661662775,0.0094547320994779,0.005531578537948,0.0127807666833653,0.0073200150184427,0.0112788377515196,0.0122042628242003,-0.00034832316458767275,8.281181415697176e-05,-0.0019009756001916512,-0.005276464080173612,0.00011996522215196309,0.005417117023450619,-0.002222502254361583,0.003749979899634231,-0.0009853908499774834,-0.0024745980688742324,-0.0009670443775254911,-0.004480385358100122,0.006659999908585651,0.0021374385525480006,-0.001891894917189347,0.005780374761796506
B039,-0.0035605576363493,-0.0429911510987552,0.0092378263570771,0.0065677905454194,0.01224399150316,0.0090475980436534,0.0108696997902768,0.0124807224026318,-0.00034865653532914617,8.255161181294764e-05,-0.0019011073491604928,-0.005276595496636924,0.0001188058398943976,0.005417201780006401,-0.0022227455066101015,0.003748795892957823,-0.0009853908499774834,-0.0024745980688742324,-0.0009670443775254911,-0.004480385358100122,0.006659999908585651,0.0021374385525480006,-0.001891894917189347,0.005780374761796506
B039,-0.0030024848210223,-0.0429442514771613,0.0095005372033927,0.0067191440088852,0.0128516417030891,0.0088814149929153,0.0107624252947479,0.0133231918230864,-0.00034904102951951077,8.225149983651745e-05,-0.0019012593069059457,-0.00527674707171938,0.00011746864947597147,0.005417299523304268,-0.0022230260507166673,0.003747430300882129,-0.0009853908499774834,-0.0024745980688742324,-0.0009670443775254911,-0.004480385358100122,0.006659999908585651,0.0021374385525480006,-0.001891894917189347,0.005780374761796506
B039,-0.0044222394156261,-0.052473742748569,0.0186805788218218,0.0287865573060043,0.0303797069733926,0.0173863529502291,0.022451562532229,0.0568354620644847,0.001538396880362095,0.0014774303414750304,-0.0012274683726470174,-0.004599049853126755,0.006539610040392642,0.004821614219822306,-0.000708016252104804,0.010297224127979596,-0.0015809692924525064,-0.0030571447035562284,-0.0008114023872293021,-0.005813667131309666,0.009865243217587291,0.005557070614917583,-0.002950431070608448,0.008811351803808848
B039,-0.0040259416680362,-0.0520134648342205,0.0188486713563143,0.028153303892306,0.0334887904147156,0.0175980466542205,0.0220470776121563,0.0573337063918496,0.0015444929494166702,0.0014817077330848225,-0.0012255553532795678,-0.004597058248863763,0.006559966526911482,0.0048193759713973435,-0.0007027067747888444,0.010317954737648046,-0.0015809692924525064,-0.0030571447035562284,-0.0008114023872293021,-0.005813667131309666,0.009865243217587291,0.005557070614917583,-0.002950431070608448,0.008811351803808848
B039,-0.0012401390027216,-0.0522768683864707,0.0214668941729756,0.0271146056710271,0.0368584508328615,0.0174715128335312,0.0248999872097087,0.0567405320328683,0.0015463837706550707,0.001483034179534701,-0.0012249623648454553,-0.004596440743270087,0.006566280083349765,0.004818681380658138,-0.0007010594161639176,0.010324384281716425,-0.0015809692924525064,-0.0030571447035562284,-0.0008114023872293021,-0.005813667131309666,0.009865243217587291,0.005557070614917583,-0.002950431070608448,0.008811351803808848
B040,-0.0018931845568354,-0.0528704879413515,0.0081152658206119,0.015548546034783,-0.0116269514250623,-0.0056882237673025,0.010002101353187,-0.0133244679554964,0.0006568571879992683,0.00011739947451071716,0.003647459434929288,0.01084140708409974,-0.00039313714922336863,-0.009564546934588837,0.004139910264052969,-0.007657133740260931,0.00197078169995496,0.004949196137748472,0.00193408875505097,0.008960770716200245,-0.013319999817171302,-0.00427487710509598,0.0037837898343786713,-0.011560749523593011
B040,-0.0043058172301758,-0.0500178571594367,0.0054110648134374,0.0172335764712507,-0.0128194189798951,-0.0047094887384146,0.0061741592212826,-0.0103074698200647,0.000654491641273538,0.00011496445092140257,0.0036468624170810935,0.010839572713360848,-0.00040260332191236,-0.00956550833121891,0.004139033138643213,-0.007666874677431469,0.00197078169995496,0.004949196137748472,0.00193408875505097,0.008960770716200245,-0.013319999817171302,-0.00427487710509598,0.0037837898343786713,-0.011560749523593011
B040,-0.0063569564779009,-0.0528569572483692,0.0032806459929212,0.0138853931597112,-0.0147832399372932,-0.007264712462717,0.0043545519274335,-0.0139359048653369,0.0006548318593511541,0.00011531464595840343,0.0036469482812760525,0.010839836522702949,-0.00040124190794578804,-0.009565370089408443,0.004139159314157935,-0.007665473749843252,0.00197078169995496,0.004949196137748472,0.00193408875505097,0.008960770716200245,-0.013319999817171302,-0.00427487710509598,0.0037837898343786713,-0.011560749523593011
B040,0.0011726270323749,-0.0580554525556284,0.031460327732052,0.0332489924182852,-0.006380689656888,-0.0059821317363212,0.0503313756972941,0.0070087009639382,-0.0030433383246460024,-0.0034219265732571306,0.0027525575420513123,0.008227083776429604,-0.014665456685148974,-0.010592083736245879,0.00231549703123561,-0.022298227119059544,0.0031619385849050025,0.006114289407112471,0.0016228047744585791,0.011627334262619332,-0.019730486435174582,-0.011114141229835124,0.005900862141216854,-0.017622703607617696
B040,0.0026339990863112,-0.0574309367616346,0.0322861805456395,0.0322483310865063,-0.005045062279301,-0.0063828037628212,0.051200739635952,0.0064406998648461,-0.0030430955319098924,-0.0034217102238474585,0.002752612009712939,0.00822723985375215,-0.014664550570481034,-0.010592043267101761,0.002315643743183469,-0.02229730040306289,0.0031619385849050025,0.006114289407112471,0.0016228047744585791,0.011627334262619332,-0.019730486435174582,-0.011114141229835124,0.005900862141216854,-0.017622703607617696
B040,0.0037311351343402,-0.0583691793721858,0.0327804589629165,0.0311726821734208,-0.0038658348555469,-0.007913465732051,0.0514671012000704,0.0053041624319879,-0.003046826801272845,-0.0034250348993677365,0.002751775024218157,0.008224841443848543,-0.014678475469129522,-0.010592664859427886,0.0023133886950048132,-0.02231154185623568,0.0031619385849050025,0.006114289407112471,0.0016228047744585791,0.011627334262619332,-0.019730486435174582,-0.011114141229835124,0.005900862141216854,-0.017622703607617696
B041,-0.0119422973889791,-0.0584995266550554,-0.0039886115330103,0.0125067926660271,0.0022652643777973,-0.0136332000300142,0.0144480395233781,0.0065140159995498,7.613816428352687e-05,0.00017515877862120141,-0.009980935882726328,0.0033900048088302765,0.009361757481749335,-0.0022758122850833297,0.009395737559220258,0.00411203611798133,-0.004949196137748465,0.001970781699954967,-0.008960770716200245,0.0019340887550509814,0.004274877105096001,-0.013319999817171302,0.011560749523593011,0.003783789834378694
B041,-0.0093022033613381,-0.0582583137711601,-0.0002511265187004,0.0136699295340436,0.004186113744548,-0.0140738458032304,0.0203787104520263,0.0088672818722053,7.675529908968059e-05,0.00017448390232905708,-0.009980520621026449,0.0033897846540336587,0.00936190914814395,-0.0022783747561663866,0.00939837122833079,0.004111597351689634,-0.004949196137748465,0.001970781699954967,-0.008960770716200245,0.0019340887550509814,0.004274877105096001,-0.013319999817171302,0.011560749523593011,0.003783789834378694
B041,-0.0080125836604998,-0.0584058157263786,0.0006687263607261,0.0132689744526143,0.0053152545694777,-0.0146679984076271,0.0209553419815651,0.0088749084155397,7.746575971929379e-05,0.00017370693852495952,-0.009980042567712065,0.0033895311937877474,0.009362083703589,-0.0022813247899689817,0.009401403221709981,0.004111092169608836,-0.004949196137748465,0.001970781699954967,-0.008960770716200245,0.0019340887550509814,0.004274877105096001,-0.013319999817171302,0.011560749523593011,0.003783789834378694
B041,-0.0068067554359958,-0.072150109969245,0.020767103338583,0.0214027512684731,0.0170739033286069,-0.0218480746506968,0.0659321229962526,0.0238659338685883,0.00311500022280299,-0.003459247876976576,-0.008013084493465656,0.00220400506641727,0.009642584333928778,-0.01548364104150251,0.0229025377263855,0.0012829481959965579,-0.006114289407112457,0.0031619385849050163,-0.011627334262619332,0.0016228047744586034,0.011114141229835166,-0.019730486435174582,0.017622703607617696,0.005900862141216899
B041,-0.0081952651413097,-0.0716496237639549,0.019777237142474,0.0211719731470954,0.0163681872524381,-0.0212476525395897,0.0652110993704764,0.02269463562307,0.003115434661049187,-0.0034598156077028518,-0.008012816437806701,0.002203823767105413,0.009642555077089722,-0.01548562295602929,0.02290455469355715,0.0012824399262262973,-0.006114289407112457,0.0031619385849050163,-0.011627334262619332,0.0016228047744586034,0.011114141229835166,-0.019730486435174582,0.017622703607617696,0.005900862141216899
B041,-0.006919596305775,-0.0698851207165799,0.0208716722144722,0.0222316605388116,0.0186809586741969,-0.0199923969692971,0.0659989070879782,0.0241647626612985,0.003120009366302735,-0.0034657948189765185,-0.008009994034682073,0.0022019144982896614,0.009642245721004784,-0.015506494658175248,0.022925795359814555,0.0012770857848396285,-0.006114289407112457,0.0031619385849050163,-0.011627334262619332,0.0016228047744586034,0.011114141229835166,-0.019730486435174582,0.017622703607617696,0.005900862141216899
B042,-0.0086093545544686,-0.061512711707326,0.0040132094185647,0.0065241343014572,0.0172044224758791,0.0071244907476698,0.0008133103885378,0.0209410069906599,0.0029400303119635415,3.034012447991006e-05,0.001302458413874525,-0.007874950453770973,0.010496304992739238,0.0018039216406368153,0.004764929561580495,0.013865506398084142,-0.001970781699954967,-0.004949196137748465,-0.0019340887550509823,-0.008960770716200245,0.013319999817171302,0.004274877105096001,-0.003783789834378694,0.011560749523593011
B042,-0.0063755128662591,-0.0625139831808924,0.0058510331269494,0.0062597050329171,0.0186945187860902,0.0060247043097713,0.002644894007609,0.0214933491452314,0.002940251309693012,3.003083763979495e-05,0.0013031184331753515,-0.007874866817340872,0.010496295591124045,0.0018025472219236156,0.004766118091195762,0.013865021230196936,-0.001970781699954967,-0.004949196137748465,-0.0019340887550509823,-0.008960770716200245,0.013319999817171302,0.004274877105096001,-0.003783789834378694,0.011560749523593011
B042,-0.0069694442145497,-0.0613262664408353,0.0056397569892371,0.0086749641598595,0.0181704668528601,0.0080909498852684,0.0024239299012981,0.0244304249588198,0.0029397430836918784,3.074210782945968e-05,0.001301600586370643,-0.00787505914424336,0.010496317227275818,0.001805707974605178,0.004763384831469162,0.013866136981373277,-0.001970781699954967,-0.004949196137748465,-0.0019340887550509823,-0.008960770716200245,0.013319999817171302,0.004274877105096001,-0.003783789834378694,0.011560749523593011
B042,-0.0072391663158984,-0.085177989101341,0.0286631944079242,0.0136258478468769,0.0274038027508569,0.0120099374599143,0.0410828346496108,0.0387904827208932,-0.00030366480528218386,0.005120367504937669,-0.009010937347535015,-0.008243905710662965,0.011894333989808563,0.023403546398482074,-0.013635849603258771,0.022314315581293452,-0.003161938584905013,-0.006114289407112457,-0.0016228047744586043,-0.011627334262619332,0.019730486435174582,0.011114141229835166,-0.005900862141216896,0.017622703607617696
B042,-0.0085026676556425,-0.0810571541812706,0.0262260672400064,0.0130230751225495,0.0269631213802554,0.0126073916598301,0.0379149749250809,0.0394675848340536,-0.0003069682740639988,0.0051262008088138475,-0.00902215916087794,-0.008243300759906588,0.011897240086513472,0.0234272266606155,-0.013655733601315048,0.02232449749076488,-0.003161938584905013,-0.006114289407112457,-0.0016228047744586043,-0.011627334262619332,0.019730486435174582,0.011114141229835166,-0.005900862141216896,0.017622703607617696
B042,-0.0072414355995614,-0.0794991477522841,0.0267903992447451,0.0121896393436846,0.0285169619071323,0.0132136309994705,0.0374556154820514,0.0390800136763519,-0.00030844061327426036,0.005128801182809803,-0.009027161203611328,-0.008243030402521001,0.011898536455348467,0.023437782127145805,-0.013664596690900466,0.022329036736563463,-0.003161938584905013,-0.006114289407112457,-0.0016228047744586043,-0.011627334262619332,0.019730486435174582,0.011114141229835166,-0.005900862141216896,0.017622703607617696
B043,-0.0044148213907742,-0.0575533152494823,0.0040472612897722,0.0348928310114891,-0.0208965599857344,-0.008033301064138,0.0050059059212342,-0.0093727342162392,0.00038144805873168406,0.000659825717263646,0.005948535710273686,0.022610762542358106,-0.0022580720073147186,-0.017836602659510693,0.006142951137748714,-0.015143847900782175,0.00394156339990992,0.009898392275496944,0.00386817751010194,0.01792154143240049,-0.026639999634342604,-0.00854975421019196,0.0075675796687573425,-0.023121499047186023
B043,-0.0050431421847679,-0.0568823820456899,0.0038357271925861,0.0333687797861441,-0.0221661128083719,-0.0096133793597499,0.0049468447424694,-0.0104837804859984,0.0003736042444597444,0.0006481822028599623,0.005950584916808798,0.02260071265179681,-0.0022962564725237562,-0.017847928759203827,0.006146109077737369,-0.015185333227534138,0.00394156339990992,0.009898392275496944,0.00386817751010194,0.01792154143240049,-0.026639999634342604,-0.00854975421019196,0.0075675796687573425,-0.023121499047186023
B043,-0.0046919851325084,-0.0561107957257624,0.0051590072507635,0.030876851025938,-0.02270197418245,-0.0111042061781794,0.0078402722503968,-0.0132605272275324,0.00037857536450984345,0.0006555610770897502,0.005949286401871831,0.02260708166984482,-0.0022720572912847963,-0.017840751459216576,0.006144108313087522,-0.015159042220019707,0.00394156339990992,0.009898392275496944,0.00386817751010194,0.01792154143240049,-0.026639999634342604,-0.00854975421019196,0.0075675796687573425,-0.023121499047186023
B043,0.0036115061326766,-0.0646496323454989,0.034818451724243,0.0542944615847504,-0.0124167333892837,-0.0129833429920244,0.0566488717056465,0.0017466558223327,-0.006299766056916183,-0.008322067729948743,0.007232550709524815,0.014691362498079697,-0.03291469876782072,-0.025515113550721964,0.007189482332390254,-0.04825677393067119,0.006323877169810005,0.012228578814224941,0.0032456095489171582,0.023254668525238664,-0.039460972870349165,-0.02222828245967025,0.011801724282433708,-0.03524540721523539
B043,0.0056192864904783,-0.0646559450999176,0.0369589076304827,0.0529541784449726,-0.0098999002930104,-0.0137219451503217,0.0589478133888237,0.0007510709955805,-0.006305860658419256,-0.00832952638711293,0.007233398869320933,0.01468465915623572,-0.03294122343811095,-0.025520601419519007,0.007189141322472938,-0.04828526382833834,0.006323877169810005,0.012228578814224941,0.0032456095489171582,0.023254668525238664,-0.039460972870349165,-0.02222828245967025,0.011801724282433708,-0.03524540721523539
B043,0.0026453334999663,-0.0669617534105579,0.0342225174264748,0.0520956090927686,-0.0124481377380469,-0.0148087707278005,0.0557214508363508,-0.0005729684298764,-0.006307690469861326,-0.008331765507425653,0.007233653426980087,0.014682646744897228,-0.03294918662740701,-0.025522248605545007,0.007189038535448467,-0.04829381696194276,0.006323877169810005,0.012228578814224941,0.0032456095489171582,0.023254668525238664,-0.039460972870349165,-0.02222828245967025,0.011801724282433708,-0.03524540721523539
B044,-0.0130871861269852,-0.0598062813531861,-0.0078050604380429,0.0178657634519646,0.0131427325141939,-0.0209217631906422,0.033872166143751,0.0136879562827593,0.0003296003758684398,0.0013954026259013928,-0.021106688088920456,0.007604736272247762,0.021669004518111663,-0.0004725229156092689,0.01499242577136103,0.008891548590450913,-0.00989839227549693,0.003941563399909934,-0.01792154143240049,0.003868177510101963,0.008549754210192002,-0.026639999634342604,0.023121499047186023,0.007567579668757388
B044,-0.0118575846253813,-0.0599463781593334,-0.0075643014526943,0.016346491272608,0.014376810433721,-0.0225565017052793,0.0333496547476071,0.0129458457996823,0.00033045076269159085,0.0013943131273617259,-0.021106258593245525,0.0076043056913792225,0.021668727542167743,-0.00047631194972327646,0.0149962952830335,0.008890753631394029,-0.00989839227549693,0.003941563399909934,-0.01792154143240049,0.003868177510101963,0.008549754210192002,-0.026639999634342604,0.023121499047186023,0.007567579668757388
B044,-0.0120317538818672,-0.0592271369301346,-0.0071010915761524,0.0152947038986595,0.0136005803649703,-0.0230260395050928,0.0343932246452627,0.0121658109807469,0.0003318352878956565,0.0013925392614425373,-0.02110555933557402,0.0076036046630189895,0.02166827653373753,-0.00048248100071587294,0.015002595358849605,0.008889459266092867,-0.00989839227549693,0.003941563399909934,-0.01792154143240049,0.003868177510101963,0.008549754210192002,-0.026639999634342604,0.023121499047186023,0.007567579668757388
B044,-0.0163754979017591,-0.0667431332534072,2.2381267180635392e-05,0.034145620458196,0.0249474876911479,-0.0297367915952849,0.0663936040829631,0.0434992595104996,0.0057626990442966345,-0.005944371002823428,-0.018464739082479184,0.0049758300319365754,0.019362987490751885,-0.025459460593238545,0.04047703329308033,0.003013868552498746,-0.012228578814224914,0.006323877169810033,-0.023254668525238664,0.003245609548917207,0.02222828245967033,-0.039460972870349165,0.03524540721523539,0.011801724282433798
B044,-0.0156530551265561,-0.0672887487640188,7.068276021702548e-05,0.0338973059134059,0.026372322405564,-0.0310823497071939,0.065918723285808,0.0437537937194444,0.005767652527152376,-0.005951410689190194,-0.018462427374676002,0.004973601960800308,0.019360420755914515,-0.025482989900575726,0.04050099737699673,0.0030077634192300193,-0.012228578814224914,0.006323877169810033,-0.023254668525238664,0.003245609548917207,0.02222828245967033,-0.039460972870349165,0.03524540721523539,0.011801724282433798
B044,-0.0154815298181207,-0.0686529679243949,0.0009351475811859,0.0342450905817631,0.0255353282246899,-0.0305605932511008,0.0666162610716054,0.0442151601816206,0.00576238918442569,-0.005943930664114978,-0.01846488369464024,0.004975969420060769,0.01936314802291836,-0.02545798879034046,0.04047553429159068,0.003014250405884499,-0.012228578814224914,0.006323877169810033,-0.023254668525238664,0.003245609548917207,0.02222828245967033,-0.039460972870349165,0.03524540721523539,0.011801724282433798
B045,-0.0078468685007381,-0.0534349447618163,0.0052788696530069,0.002156273844244,0.0297623625686219,0.0162413281479053,0.0039938824243305,0.0346221265404719,-0.001253343231898272,-0.00017269206763328662,-0.0072796829302040796,-0.021636032909809942,0.0010277837147666406,0.019153560701148303,-0.008257373480025077,0.015562780394732042,-0.003941563399909934,-0.00989839227549693,-0.0038681775101019646,-0.01792154143240049,0.026639999634342604,0.008549754210192002,-0.007567579668757388,0.023121499047186023
B045,-0.0058058614280903,-0.0530751591534422,0.0066963737481256,0.0003450699274662,0.0310978937302924,0.0153849537247932,0.0048798322508726,0.0338744909607448,-0.0012532912820099348,-0.00017263865902193752,-0.007279669820111193,-0.021635992685644412,0.0010279914639552078,0.019153581690703685,-0.008257354106341019,0.015562994162309609,-0.003941563399909934,-0.00989839227549693,-0.0038681775101019646,-0.01792154143240049,0.026639999634342604,0.008549754210192002,-0.007567579668757388,0.023121499047186023
B045,-0.0065552409228294,-0.051758333438772,0.0058569065214399,0.00043297906194,0.0306161690642873,0.0163763605313776,0.0037860194334703,0.0343141046420628,-0.00124997842064032,-0.0001692328981649117,-0.007278833787371022,-0.02163342768927683,0.0010412394433109897,0.019154919973346472,-0.008256118435122431,0.015576625907304343,-0.003941563399909934,-0.00989839227549693,-0.0038681775101019646,-0.01792154143240049,0.026639999634342604,0.008549754210192002,-0.007567579668757388,0.023121499047186023
B045,-0.0086163841405934,-0.0613768576823077,0.0169720451009638,0.013133377245164,0.0522726972652347,0.0316828098025199,0.0174604981018709,0.0787660188871949,0.006129779200597353,0.0068822461510447555,-0.005495451346536433,-0.016426474295300926,0.02949174643006963,0.021191327175263192,-0.004604922551532397,0.044760941057083656,-0.006323877169810026,-0.012228578814224914,-0.0032456095489172086,-0.023254668525238664,0.039460972870349165,0.02222828245967033,-0.011801724282433791,0.03524540721523539
B045,-0.0095110289662121,-0.0592086720535579,0.0150905253359225,0.0133521379252432,0.0521864431044876,0.0320253590592951,0.0153291649534872,0.0788169350138517,0.006130966495895005,0.006883303295243626,-0.005495185313633504,-0.01642571187753543,0.029496175931028868,0.021191523703998707,-0.004604203662666641,0.044765471104296295,-0.006323877169810026,-0.012228578814224914,-0.0032456095489172086,-0.023254668525238664,0.039460972870349165,0.02222828245967033,-0.011801724282433791,0.03524540721523539
B045,-0.0069360393611946,-0.0600547713592424,0.0177743311513743,0.0126951320833377,0.0548478338001428,0.0316781776171617,0.0179209513795444,0.0777617816519636,0.006134719444471317,0.006886644697289223,-0.005494344461646823,-0.016423302080500884,0.02951017696667513,0.021192144672601432,-0.004601931054151759,0.04477978992377138,-0.006323877169810026,-0.012228578814224914,-0.0032456095489172086,-0.023254668525238664,0.039460972870349165,0.02222828245967033,-0.011801724282433791,0.03524540721523539
B046,0.0048198788400048,-0.0085457296358269,0.0059030408135609,0.0292533286425521,-0.0284179936597072,-0.0111135116371024,0.013972980599891,-0.0239386829773182,0.0003608287546800274,-0.0002607637384273993,0.008449865172507807,0.024904968694636143,-0.005982034615376895,-0.023421603777414663,0.010229893804128212,-0.023789960917062963,0.0049269542498874,0.012372990344371178,0.0048352218876274245,0.022401926790500626,-0.03329999954292823,-0.010687192762739953,0.009459474585946679,-0.028901873808982514
B046,0.0064478312016237,-0.0092455797884404,0.007422708225022,0.0269731738900508,-0.0273134696132955,-0.0119434767239863,0.015550457006028,-0.0257894091653674,0.00036559780382832075,-0.0002564095099286661,0.00845142163726079,0.024907897076090646,-0.005963941329696301,-0.023420545299762445,0.010233005411183787,-0.023771366616378582,0.0049269542498874,0.012372990344371178,0.0048352218876274245,0.022401926790500626,-0.03329999954292823,-0.010687192762739953,0.009459474585946679,-0.028901873808982514
B046,0.0063813748512334,-0.0062734173620403,0.0071319803113966,0.0289795931905706,-0.0274509635870086,-0.0109481283546867,0.0150935686687692,-0.0228704054654516,0.0003635555391073827,-0.00025827418829360094,0.008450755113197818,0.02490664299811301,-0.005971689588408705,-0.023420998679711202,0.010231673005209023,-0.02377932944293962,0.0049269542498874,0.012372990344371178,0.0048352218876274245,0.022401926790500626,-0.03329999954292823,-0.010687192762739953,0.009459474585946679,-0.028901873808982514
B046,0.0127367195034417,-0.0055988926633788,0.0210620826142413,0.0492917096888997,-0.0333598326659214,-0.0172231480431984,0.041181307704227,-0.0170808877364544,-0.008747304943916788,-0.007863329681552452,0.005478352178266858,0.019985949787558015,-0.039055216628884386,-0.024101227792839238,0.003118458539005486,-0.057608562159256,0.007904846462262527,0.015285723517781152,0.004057011936146448,0.029068335656548344,-0.04932621608793647,-0.027785353074587793,0.014752155353042154,-0.04405675901904427
B046,0.0138486861107938,-0.0109538095307044,0.0227999009114403,0.0445487196728067,-0.0317844410608316,-0.0209807657882739,0.043115556645449,-0.0223673973349171,-0.008742307989201045,-0.007859512769885686,0.005479946583343647,0.019988302276044666,-0.039037785984941384,-0.024101497336029294,0.0031229434932778044,-0.05759082497726012,0.007904846462262527,0.015285723517781152,0.004057011936146448,0.029068335656548344,-0.04932621608793647,-0.027785353074587793,0.014752155353042154,-0.04405675901904427
B046,0.0122509247924929,-0.0056158958687284,0.0211909471624725,0.0492421492554582,-0.0322854619508339,-0.0162060342013544,0.0409846780849681,-0.0170719641916107,-0.008767311540361616,-0.007878608102667495,0.005471969261395008,0.01997653455511572,-0.03912499771407348,-0.024100142342022804,0.003100495955008083,-0.05767956951572427,0.007904846462262527,0.015285723517781152,0.004057011936146448,0.029068335656548344,-0.04932621608793647,-0.027785353074587793,0.014752155353042154,-0.04405675901904427
B048,-0.0095676754289184,-0.0329792440783267,0.0003837389698259,-0.0058437609220081,0.0288734984092478,0.020033469108921,-0.0042155493611471,0.0444107846253915,-0.0005157220846625462,-0.0008825817116059643,-0.007425482914097593,-0.028313333837575304,0.00263308552338528,0.022239484966593982,-0.007662956809603185,0.01872391563054549,-0.004926954249887414,-0.012372990344371164,-0.004835221887627455,-0.022401926790500626,0.03329999954292823,0.010687192762740008,-0.009459474585946731,0.028901873808982514
B048,-0.0098096212697235,-0.0358848967323856,0.0002112147338642,-0.0079761773111288,0.0285213825057352,0.0187622280135779,-0.0049632281877241,0.0407512433942751,-0.0005180847721271813,-0.0008860931741570799,-0.007424863311197331,-0.028316363795279898,0.002621575089060124,0.02223606423865564,-0.007661998174569624,0.018711409275204198,-0.004926954249887414,-0.012372990344371164,-0.004835221887627455,-0.022401926790500626,0.03329999954292823,0.010687192762740008,-0.009459474585946731,0.028901873808982514
B048,-0.0099824718616758,-0.0351209781363428,0.0006429651017531,-0.0075945391610535,0.0283588423718831,0.0186625712168075,-0.0034803350018233,0.0414988805399296,-0.0005181061035446135,-0.0008861248782551052,-0.00742485771657723,-0.028316391151778336,0.0026214711655517947,0.02223603335258224,-0.007661989517800869,0.01871129635967308,-0.004926954249887414,-0.012372990344371164,-0.004835221887627455,-0.022401926790500626,0.03329999954292823,0.010687192762740008,-0.009459474585946731,0.028901873808982514
B048,-0.0140644177960189,-0.0474002800920929,0.0056326757266098,-0.0127862813581386,0.0384628369692656,0.0347852116424154,0.0022441097363533,0.0556459323159467,0.0075620664803924325,0.010018704502351386,-0.008996681385538824,-0.018708987391399295,0.03978026886361203,0.03160980392295179,-0.009002104781159648,0.058856577148960164,-0.007904846462262555,-0.01528572351778111,-0.00405701193614651,-0.029068335656548344,0.04932621608793647,0.027785353074587904,-0.014752155353042265,0.04405675901904427
B048,-0.0117440274561476,-0.0496083460086452,0.0075705784874225,-0.0163301333244857,0.0420732002007269,0.0330370896032289,0.0037872658673533,0.0517320099169892,0.0075588861479847285,0.010014786738813567,-0.0089962286878253,-0.018712503926157458,0.03976637811043885,0.031606888125395936,-0.009002237349374432,0.058841651301700354,-0.007904846462262555,-0.01528572351778111,-0.00405701193614651,-0.029068335656548344,0.04932621608793647,0.027785353074587904,-0.014752155353042265,0.04405675901904427
B048,-0.0110769265915554,-0.0508318290124442,0.0077891835496756,-0.019002749831583,0.0424379735805515,0.0324429789658388,0.0036292324011084,0.0476079021837331,0.007557417199448452,0.010012977094634418,-0.008996019558908816,-0.01871412822458329,0.03975996200866726,0.03160554118448852,-0.009002298426477854,0.05883475707270896,-0.007904846462262555,-0.01528572351778111,-0.00405701193614651,-0.029068335656548344,0.04932621608793647,0.027785353074587904,-0.014752155353042265,0.04405675901904427
C001,0.020147191694356,-0.0419248746893765,0.0449498173027375,0.0467406467087242,0.079958009804839,-0.0429210247437823,0.056457775490477,0.0693948712828995,0.03248284162754129,0.010172108416937333,0.04443342711180418,0.04458596931714891,0.09957642328945152,-0.05967182651591595,0.05814092110915508,0.08062402777877138,0.03181387137593543,0.0023844856154707807,0.0376145725759266,0.03863795852219175,0.07855261821921242,-0.047310002337842626,0.04942058628898619,0.06454236194833304
C001,0.0217492229246883,-0.0414694081186063,0.0463634949310211,0.0452872361097985,0.0813802509991926,-0.043232646631533,0.0580628061288693,0.0680666398180238,0.032501918677484434,0.010181063783995008,0.04445615864016475,0.0446114770552065,0.09963438764191933,-0.05970091867149321,0.058169641932855926,0.08067195986314335,0.03181387137593543,0.0023844856154707807,0.0376145725759266,0.03863795852219175,0.07855261821921242,-0.047310002337842626,0.04942058628898619,0.06454236194833304
C001,0.0217518493267597,-0.0408452709133352,0.0462914661058774,0.0454367026466768,0.0813177065642136,-0.0428728267279062,0.0578098926949976,0.0681105387091784,0.032507610921397645,0.010183735584391129,0.044462941477724276,0.044619087596632884,0.09965168233909386,-0.05970959981175815,0.05817821214997387,0.08068626119621601,0.03181387137593543,0.0023844856154707807,0.0376145725759266,0.03863795852219175,0.07855261821921242,-0.047310002337842626,0.04942058628898619,0.06454236194833304
C001,0.0455294751608246,-0.0430899583084424,0.0986133247326358,0.0887609282610694,0.1686791938613205,-0.083336353688303,0.1347415673039713,0.1464406590379198,0.04898274486746797,0.017303507180448385,0.06442164200857128,0.06569140018031276,0.14817059113857317,-0.08595061231599521,0.08385781629346503,0.12069173514435269,0.05954749577774268,0.011443245180812137,0.07465116230715972,0.08057598329759706,0.16391948704613873,-0.09273998902611441,0.10205073757408192,0.14271425900826432
C001,0.0448536874478912,-0.043573758062454,0.0970524868712056,0.0879953367557671,0.1687916952292436,-0.0839773305184434,0.1320423992563832,0.1452313765815959,0.04898757174537126,0.017305415181255068,0.06442758636519412,0.06569730018408705,0.14818436519469674,-0.08595862638290534,0.08386559622485548,0.12070305684310946,0.05954749577774268,0.011443245180812137,0.07465116230715972,0.08057598329759706,0.16391948704613873,-0.09273998902611441,0.10205073757408192,0.14271425900826432
C001,0.0439828057632372,-0.0437929288191926,0.0951279108880634,0.0870258600608968,0.1686096972706554,-0.0840985783195054,0.1285666097818184,0.1434884850885359,0.048984104721597706,0.017304044723130324,0.06442331667912132,0.06569306237707476,0.1481744716656032,-0.08595287006311848,0.08386000808271894,0.12069492477764872,0.05954749577774268,0.011443245180812137,0.07465116230715972,0.08057598329759706,0.16391948704613873,-0.09273998902611441,0.10205073757408192,0.14271425900826432
C002,-0.010226167968746,-0.0255188907889258,-0.0279670560901885,0.0519151987233749,0.0556109731618363,0.0813354902594142,-0.0565632149830351,0.059314421017571,-0.008739490268993996,0.03022095994763138,-0.04435900727012318,0.04417007981269399,0.05867008637506673,0.09901549355205676,-0.08020229155546305,0.056775268818706426,-0.002384485615470777,0.03181387137593543,-0.03863795852219174,0.0376145725759266,0.04731000233784263,0.07855261821921242,-0.06454236194833303,0.04942058628898619
C002,-0.0101846224406346,-0.0248180653059044,-0.0265164987454215,0.0536361139073456,0.0556446771557751,0.0821926104244808,-0.0535273443747997,0.0613595884452319,-0.008742877940990627,0.030227821157673328,-0.044368514727272684,0.04417857842795371,0.058680623726295,0.09903727512527617,-0.08022026107989662,0.05678608280726855,-0.002384485615470777,0.03181387137593543,-0.03863795852219174,0.0376145725759266,0.04731000233784263,0.07855261821921242,-0.06454236194833303,0.04942058628898619
C002,-0.0118420902100968,-0.0290163944761677,-0.0286604683112898,0.051364895894665,0.0541520021077757,0.0789781191080933,-0.0564008777896678,0.0591261949986006,-0.008743951038263543,0.03022999464126177,-0.04437152640741791,0.04418127063289108,0.05868396181356163,0.09904417493564893,-0.08022595332809998,0.056789508506294266,-0.002384485615470777,0.03181387137593543,-0.03863795852219174,0.0376145725759266,0.04731000233784263,0.07855261821921242,-0.06454236194833303,0.04942058628898619
C002,-0.015956881515989,-0.0221651775280369,-0.0379867941834187,0.089790235331471,0.094319547041656,0.1574616765755644,-0.0782242328758525,0.1101182453293642,-0.016033233681877607,0.04614655096299924,-0.06544083147911557,0.06424965073489669,0.0841856850583578,0.14801799622266168,-0.12051879503624495,0.08266271323182256,-0.01144324518081213,0.05954749577774267,-0.08057598329759705,0.07465116230715972,0.09273998902611441,0.1639194870461387,-0.1427142590082643,0.10205073757408192
C002,-0.0143363495435235,-0.0163692323485781,-0.0370191927448446,0.0921268568426688,0.0959941044454553,0.1610795043326302,-0.0772209027029378,0.113011091188299,-0.01604295878753605,0.04616956093090565,-0.06546989313531461,0.06427917673022805,0.0842240698405016,0.14808660438171375,-0.12057508369964999,0.08270125029821473,-0.01144324518081213,0.05954749577774267,-0.08057598329759705,0.07465116230715972,0.09273998902611441,0.1639194870461387,-0.1427142590082643,0.10205073757408192
C002,-0.0176520343964655,-0.0189760661968895,-0.0397445132498799,0.0894696840775745,0.0940787400651927,0.1585232434693232,-0.0806109751813077,0.1104802583131127,-0.01604382285784694,0.04617160561754115,-0.06547247538962915,0.06428180050816147,0.08422748095569547,0.14809270066741778,-0.12058008529540296,0.08270467489306454,-0.01144324518081213,0.05954749577774267,-0.08057598329759705,0.07465116230715972,0.09273998902611441,0.1639194870461387,-0.1427142590082643,0.10205073757408192
C003,-0.0303166307820092,-0.0728416287077516,-0.0312542936804061,-0.0215216835430166,-0.0757492321379552,0.0452968090748466,-0.0406814303467093,-0.0553131373696555,-0.029900463781445896,-0.011975801256959214,-0.03965024797431775,-0.04420920369721924,-0.09741423103156213,0.04907390020465545,-0.04857473227559324,-0.07903123905705813,-0.03181387137593543,-0.002384485615470777,-0.0376145725759266,-0.03863795852219174,-0.07855261821921242,0.04731000233784263,-0.04942058628898619,-0.06454236194833303
C003,-0.0319490805238018,-0.0757036833275423,-0.0332307484147292,-0.0219775352742468,-0.0768534256456906,0.0437044716000851,-0.043329626490495,-0.0554411609433383,-0.029915024448115543,-0.011976132020069696,-0.03967319282830637,-0.04422361699911156,-0.09745149102367852,0.049107291890097195,-0.0486085445759574,-0.07905794482321699,-0.03181387137593543,-0.002384485615470777,-0.0376145725759266,-0.03863795852219174,-0.07855261821921242,0.04731000233784263,-0.04942058628898619,-0.06454236194833303
C003,-0.0310210213220009,-0.0756976393424017,-0.0313090910298433,-0.0222635052883874,-0.0767203042881221,0.0443705824753545,-0.0401397954531796,-0.0570043056572164,-0.029891044939543466,-0.011975586606432758,-0.039635406776472926,-0.044199878737738,-0.09739012687823158,0.049052302009138904,-0.048552861092983284,-0.07901396229973195,-0.03181387137593543,-0.002384485615470777,-0.0376145725759266,-0.03863795852219174,-0.07855261821921242,0.04731000233784263,-0.04942058628898619,-0.06454236194833303
C003,-0.0519718519424049,-0.1042989559917135,-0.0411059498719619,-0.0406746784235522,-0.1505187637322771,0.0888700438919078,-0.044758334915937,-0.09987058448854,-0.047311580110223815,-0.011453293887718572,-0.06852331603781783,-0.05947370393966675,-0.13951158057761806,0.09143961257171722,-0.09026012474713511,-0.10882575659367441,-0.05954749577774267,-0.01144324518081213,-0.07465116230715972,-0.08057598329759705,-0.1639194870461387,0.09273998902611441,-0.10205073757408192,-0.1427142590082643
C003,-0.051763866652714,-0.1027719745421015,-0.0410442261650332,-0.0437814171271245,-0.1505863021823608,0.0871282396354631,-0.0450796674661674,-0.1027108897867566,-0.047322785728814265,-0.011452369670675727,-0.06854278860259486,-0.05948223701451413,-0.13953708590400551,0.09146842619414938,-0.09028775840976104,-0.10884357957848677,-0.05954749577774267,-0.01144324518081213,-0.07465116230715972,-0.08057598329759705,-0.1639194870461387,0.09273998902611441,-0.10205073757408192,-0.1427142590082643
C003,-0.0511779106248939,-0.1005815602977304,-0.0414618022504846,-0.0431720230301471,-0.1499143610397553,0.0876212112145396,-0.0467636652979577,-0.1011481652579305,-0.04731358865031302,-0.011453128282813783,-0.06852680629749533,-0.05947523356650863,-0.1395161524056492,0.09144477709653136,-0.0902650778394766,-0.10882895138301234,-0.05954749577774267,-0.01144324518081213,-0.07465116230715972,-0.08057598329759705,-0.1639194870461387,0.09273998902611441,-0.10205073757408192,-0.1427142590082643
C004,-0.0002483260943615,-0.0789649400560026,0.0388344581819342,-0.0192844513164941,-0.042402698531951,-0.0734596774566958,0.0638604961801051,-0.0347221400619533,0.010369115404252945,-0.031133727539207262,0.044050258042207094,-0.04453139682069382,-0.058189886937708525,-0.09899087898871158,0.07924137891337142,-0.057429653301674,0.0023844856154707737,-0.03181387137593543,0.038637958522191734,-0.0376145725759266,-0.04731000233784263,-0.07855261821921239,0.06454236194833302,-0.04942058628898619
C004,0.0019128270489256,-0.0805219654936866,0.0408779266325061,-0.0225414426850624,-0.0410533663911938,-0.0759102364405541,0.0669543872957083,-0.0374899242213622,0.010369897298533074,-0.031135508744334194,0.04405263952229973,-0.04453351581273612,-0.05819263531548292,-0.0989961033191839,0.07924585070921943,-0.057432408170641415,0.0023844856154707737,-0.03181387137593543,0.038637958522191734,-0.0376145725759266,-0.04731000233784263,-0.07855261821921239,0.06454236194833302,-0.04942058628898619
C004,0.0004857134658861,-0.0793199658762193,0.0399135839636527,-0.0223798014991717,-0.0421702466124154,-0.0766874697037016,0.0661135016838263,-0.0362347788313769,0.010372339878046078,-0.031141073288294442,0.04406007919799599,-0.044540135659978004,-0.05820122147831238,-0.09901242407995813,0.07925982055808212,-0.05744101458921193,0.0023844856154707737,-0.03181387137593543,0.038637958522191734,-0.0376145725759266,-0.04731000233784263,-0.07855261821921239,0.06454236194833302,-0.04942058628898619
C004,0.0113428522707639,-0.1138183927290805,0.0958438252726869,-0.0466268745361777,-0.0780973657594112,-0.1542676688673041,0.1665101475398379,-0.0683901877153293,0.017214966163592117,-0.04807197195117227,0.0656732495607104,-0.06500728574654797,-0.08531622414860253,-0.14714957088475153,0.12044973356867336,-0.0844581485626041,0.011443245180812123,-0.05954749577774267,0.08057598329759703,-0.07465116230715972,-0.09273998902611442,-0.16391948704613868,0.1427142590082643,-0.10205073757408192
C004,0.0103509781573692,-0.114765388850589,0.0945623970662224,-0.0486893075637331,-0.0789504937383016,-0.1554871192703438,0.1650930990772408,-0.0706721946066463,0.017212609307732763,-0.04806559868723316,0.0656654920955359,-0.06499946051600139,-0.08530564663830648,-0.14713200809342908,0.12043471287166044,-0.08444766573095264,0.011443245180812123,-0.05954749577774267,0.08057598329759703,-0.07465116230715972,-0.09273998902611442,-0.16391948704613868,0.1427142590082643,-0.10205073757408192
C004,0.0110250250991536,-0.1144494406348188,0.0953726331477978,-0.0476446193811495,-0.077557039232087,-0.1548368882141564,0.1657343161557303,-0.0692152698476932,0.017217821191367146,-0.048079692927488656,0.06568264707237972,-0.06501676584568208,-0.08532903878411358,-0.1471708470182631,0.12046793011773616,-0.08447084844312794,0.011443245180812123,-0.05954749577774267,0.08057598329759703,-0.07465116230715972,-0.09273998902611442,-0.16391948704613868,0.1427142590082643,-0.10205073757408192
B047,-0.0623310442001847,-0.003606922378875,-0.1205292227050955,0.0130660634185115,-0.0552657490816039,0.2227549558509319,-0.18732318409431,-0.0185081023355651,-5.7955064659108474e-05,-0.007445804596194859,-0.019650876760068485,-0.0035418493375367435,0.0039148851377104376,-0.026237073069043552,0.03445400702919629,-0.012426868582032739,-0.012372990344371164,0.004926954249887407,-0.022401926790500626,0.004835221887627453,0.010687192762740008,-0.03329999954292823,0.028901873808982514,0.009459474585946731
B047,-0.0620730096334242,-0.0034048092196755,-0.1206646088092734,0.0129820600695948,-0.0551099291671067,0.2231117720058722,-0.1876622397488059,-0.0192860349927554,-5.8747209412790025e-05,-0.007446372039969142,-0.019650658782489932,-0.0035435417093415827,0.003911361280638904,-0.02623705349399263,0.03445276605108835,-0.012429916889662438,-0.012372990344371164,0.004926954249887407,-0.022401926790500626,0.004835221887627453,0.010687192762740008,-0.03329999954292823,0.028901873808982514,0.009459474585946731
B047,-0.0616077372584813,-0.0030230465527018,-0.1198091989299429,0.0142575332211764,-0.0550990508618794,0.2222216274134963,-0.1857162731615133,-0.017542303134341,-6.539398799484367e-05,-0.007451133716272437,-0.019648828881234974,-0.003557742621648333,0.00388179221209865,-0.02623689029497789,0.03444235355435762,-0.01245549581616649,-0.012372990344371164,0.004926954249887407,-0.022401926790500626,0.004835221887627453,0.010687192762740008,-0.03329999954292823,0.028901873808982514,0.009459474585946731
B047,-0.12155700242598,0.0145570759445799,-0.2367449391405985,0.0235762676097813,-0.1065228616870341,0.4678370136419907,-0.3842038422212865,-0.0354951327876248,0.01312928452530609,0.0009445879153428663,-0.0205744317252787,0.023158239450166686,0.059840483460268885,-0.02990108807757602,0.0563595968922498,0.035207402094998945,-0.015285723517781138,0.00790484646226254,-0.029068335656548344,0.0040570119361465085,0.027785353074587904,-0.04932621608793647,0.04405675901904427,0.014752155353042265
B047,-0.118512318681425,0.0147546192470834,-0.2335748505383019,0.0214859417372971,-0.1027472360958106,0.4679620029430607,-0.3801531567504943,-0.0388225133330036,0.013139862891092965,0.0009505429803809628,-0.020573249078993192,0.02317853616287963,0.05988333377472967,-0.029906469552575084,0.056378104897744835,0.03524335863066775,-0.015285723517781138,0.00790484646226254,-0.029068335656548344,0.0040570119361465085,0.027785353074587904,-0.04932621608793647,0.04405675901904427,0.014752155353042265
B047,-0.1178052505641947,0.0118920223058019,-0.2323300605284918,0.0170705021685496,-0.1017478319683844,0.466653373676941,-0.3788178212634521,-0.0456487505836796,0.01312684227146196,0.0009432128910288722,-0.02057470437291443,0.02315355325146246,0.05983059007565219,-0.029899846154784426,0.056355324103425135,0.035199100251176604,-0.015285723517781138,0.00790484646226254,-0.029068335656548344,0.0040570119361465085,0.027785353074587904,-0.04932621608793647,0.04405675901904427,0.014752155353042265
A006,0.1379166192802883,-0.1172747040393115,0.3274052509835564,0.0341464041484833,0.1713043760066035,-0.5156294228832958,0.5074572416038652,0.1269873777652302,0.14634733328894242,-0.0682720694558052,0.2826067332602552,0.0037029416352026005,0.1365425975327325,-0.5095748803284639,0.4456607403923444,0.08201651206549962,0.15059410299975506,-0.10204452540295983,0.32928650184406527,0.0125684432989639,0.15099451719424087,-0.5444569679594299,0.5192249666414375,0.08626035525910469
A006,0.1385362362906973,-0.1136982340742781,0.3253881960001986,0.0345932888890186,0.1707939627670398,-0.5138258796216805,0.5056369310192823,0.1292766263950112,0.14645310128550923,-0.06831284263443103,0.28278299309844296,0.003704976716966228,0.13663348948193524,-0.5099123727967919,0.4459483846002349,0.0820783362079052,0.15059410299975506,-0.10204452540295983,0.32928650184406527,0.0125684432989639,0.15099451719424087,-0.5444569679594299,0.5192249666414375,0.08626035525910469
A006,0.1406485984606388,-0.1082755118546504,0.3248944643442329,0.0362743827403225,0.1714331332891334,-0.5121879823571198,0.5046625020224986,0.131980102880388,0.1464626255275953,-0.06831651491107923,0.28279886548281474,0.0037051590111179308,0.13664167234351157,-0.5099427647984148,0.4459742875000398,0.08208390177112983,0.15059410299975506,-0.10204452540295983,0.32928650184406527,0.0125684432989639,0.15099451719424087,-0.5444569679594299,0.5192249666414375,0.08626035525910469
A006,0.0720892234447086,-0.0719643186052407,0.1591138298487528,0.0073785310752149,0.0798380436188307,-0.2519817897677585,0.2336517373055716,0.0431086592490083,0.08592651982683353,-0.04728968344041881,0.18334059029493968,-0.0005571197471849222,0.07875032545314645,-0.32104127812739397,0.2845087510928852,0.041524906512213806,0.07254567040218513,-0.06242915471213812,0.16175604546635272,0.0021709294271253,0.06627559665516931,-0.2669949374814089,0.24175192050785976,0.0320781303369175
A006,0.0679935103240125,-0.0735197598584148,0.1564581249155601,0.0075054352666421,0.077168906852137,-0.251794120946418,0.2301676469209068,0.0429143077870738,0.08591252182296498,-0.047285338338467285,0.18331789272238083,-0.000558797556061927,0.07873562040184126,-0.32099853879501544,0.28447211431896113,0.04151436926677318,0.07254567040218513,-0.06242915471213812,0.16175604546635272,0.0021709294271253,0.06627559665516931,-0.2669949374814089,0.24175192050785976,0.0320781303369175
A006,0.069678868842538,-0.07074093153772,0.1555532364592055,0.0070402565453069,0.0771830177474787,-0.2518292179512522,0.2293259845526682,0.0426923460979696,0.08591533435134777,-0.04728621135329014,0.18332245318893087,-0.0005584604201876851,0.0787385750399109,-0.321007126099763,0.2844794754845847,0.041516486488630044,0.07254567040218513,-0.06242915471213812,0.16175604546635272,0.0021709294271253,0.06627559665516931,-0.2669949374814089,0.24175192050785976,0.0320781303369175
A022,0.131064975027274,-0.1044953663280132,0.2841895832622614,0.0064894906444658,0.1655479239563762,-0.5533245820409932,0.4946877507884269,0.0858333690705363,0.18138562986417955,-0.09305453349223211,0.346330739958131,0.011614103943691376,0.19869050588989237,-0.679315316027245,0.6139910594978034,0.10817744122736701,0.13024375239112485,-0.11894596432441136,0.2966297787841047,0.010144125119403526,0.1453758246256266,-0.5739498744143317,0.5181860895864985,0.07550763017697104
A022,0.1306655694894058,-0.1013883220289637,0.2807432942052449,0.0060847783645122,0.1600361873253095,-0.5475211973128005,0.4892269690205802,0.0845119559050415,0.1796826832060175,-0.09234156798992531,0.34355595442571696,0.011500517536003162,0.19703836050118742,-0.6739010696684621,0.609130934439462,0.10717831747992479,0.13024375239112485,-0.11894596432441136,0.2966297787841047,0.010144125119403526,0.1453758246256266,-0.5739498744143317,0.5181860895864985,0.07550763017697104
A022,0.1322261549941653,-0.1020320320568447,0.2811455147396819,0.0026330290378148,0.1583712457674897,-0.5457016124161584,0.4897109241867162,0.0795676820173647,0.17945018392162965,-0.0922443788078586,0.3431771754288319,0.011484822430991503,0.19681245620162774,-0.6731621401141331,0.6084676081382513,0.10704158070253131,0.13024375239112485,-0.11894596432441136,0.2966297787841047,0.010144125119403526,0.1453758246256266,-0.5739498744143317,0.5181860895864985,0.07550763017697104
A022,0.2787682409910447,-0.1677742616741449,0.5926715025543088,0.035146888723317,0.3588577564607265,-1.0975633945213012,1.034416356450566,0.2204330012640433,0.29124985516315804,-0.14333839435368723,0.5270458322624358,0.013678214031565846,0.2956304878334406,-1.0363736325025998,0.9338435477208067,0.16324676847577183,0.2828453377781728,-0.19460323505120464,0.6236910009002725,0.030005300921303574,0.33533145807798714,-1.1481053952243836,1.091318044105728,0.19022329694186002
A022,0.2796554147615518,-0.1656682773143791,0.5932505840666124,0.0368252913971527,0.3594637584051967,-1.0967078110239596,1.0354773699141997,0.2217237055214879,0.2912909450393913,-0.1433588433264535,0.5271141029921658,0.013677003468468316,0.29566307511860623,-1.0365102102305033,0.9339656390261932,0.16326376554244706,0.2828453377781728,-0.19460323505120464,0.6236910009002725,0.030005300921303574,0.33533145807798714,-1.1481053952243836,1.091318044105728,0.19022329694186002
A022,0.2830818750206035,-0.1666922761763573,0.5952327367067684,0.0353916094904958,0.3624211608944394,-1.0984104946939677,1.0368254926683746,0.2206784812775165,0.2913438557472643,-0.14338517698200973,0.5272020148105797,0.013675442425085577,0.29570503303100454,-1.0366860824792246,0.9341228566993369,0.1632856482546158,0.2828453377781728,-0.19460323505120464,0.6236910009002725,0.030005300921303574,0.33533145807798714,-1.1481053952243836,1.091318044105728,0.19022329694186002
A014,0.1347115708630874,-0.0895577912558864,0.293159947398653,0.042647174970777,0.2024353006948043,-0.5690153260415234,0.5634730639427108,0.1562729797743044,0.14021398685911207,-0.0752482697893378,0.2471142992365186,0.007862636703669525,0.17246619281117262,-0.5262547781617336,0.4899157571655228,0.08044674964820685,0.1322512347784177,-0.0925587096482448,0.2944044990562073,0.017436857622339673,0.1843369408837463,-0.6036484272649536,0.5720930774642905,0.10396294168275534
A014,0.1367761872957256,-0.0911880448917508,0.2950982076993969,0.0410051801766235,0.2046091833355132,-0.5709795700618019,0.566244401635395,0.1552727828461194,0.14033096380126928,-0.07532120488074742,0.2473352601571475,0.007849484152920038,0.17259182160129002,-0.526694447717815,0.49033322106996724,0.0804977454009976,0.1322512347784177,-0.0925587096482448,0.2944044990562073,0.017436857622339673,0.1843369408837463,-0.6036484272649536,0.5720930774642905,0.10396294168275534
A014,0.1332552711269003,-0.0907263521599137,0.2922769142546622,0.0404599267834304,0.2025515713037609,-0.5709404759492751,0.562893712928847,0.1541798063833829,0.14029372279802657,-0.07529798069500533,0.2472649098623341,0.007853681127836848,0.1725518378277938,-0.526554462888407,0.49020030963575234,0.0804815198838681,0.1322512347784177,-0.0925587096482448,0.2944044990562073,0.017436857622339673,0.1843369408837463,-0.6036484272649536,0.5720930774642905,0.10396294168275534
A014,0.0639635144555974,-0.0592846681729507,0.1355618403729749,0.0085290642129429,0.0969904883545673,-0.2923009768164041,0.2714493634660933,0.0532405766183539,0.08913858346480344,-0.047053976411558784,0.15481429927944734,0.005632721838198808,0.10800060896901212,-0.34326900451597164,0.31316904095958076,0.050198244290043596,0.05769808198893971,-0.05651680961227324,0.134873733317752,0.007973195692278225,0.07910022797045729,-0.3069549369329228,0.27643416907863877,0.043429499840053544
A014,0.0631706750345359,-0.0613512710527596,0.1352107864797726,0.0065194886359109,0.0963954142253163,-0.2936549933658885,0.2708985329667558,0.0506839670183432,0.08912284058272814,-0.04704633792352108,0.15478713497267124,0.005629745953257461,0.10797796892849415,-0.3432152191927305,0.3131161253758712,0.05018659747349784,0.05769808198893971,-0.05651680961227324,0.134873733317752,0.007973195692278225,0.07910022797045729,-0.3069549369329228,0.27643416907863877,0.043429499840053544
A014,0.0614239421000002,-0.0597597509860229,0.1328994623209342,0.0076060279087637,0.095020336769476,-0.2922293267618707,0.2677019368780012,0.0515046133003101,0.08913747850179113,-0.04705344026082122,0.15481239264246507,0.005632513009348622,0.10799901995953448,-0.3432652293765721,0.31316532688648013,0.05019742686619196,0.05769808198893971,-0.05651680961227324,0.134873733317752,0.007973195692278225,0.07910022797045729,-0.3069549369329228,0.27643416907863877,0.043429499840053544
A030,0.0052248361493767,-0.0378088962949295,0.0231568605480714,0.0055632720566813,-0.015060460927412,0.0453520632164341,-0.0400074687760954,-0.0016772889343488,0.0009479211619387372,-0.0005439960420225884,0.03388004824270181,-0.008930160354561114,-0.026795572394068823,0.003524256180557094,-0.02286477418728553,-0.00922575705373507,0.014847588413245419,-0.005912345099864873,0.026882312148600734,-0.005802266265152908,-0.012824631315287938,0.039959999451513906,-0.034682248570779006,-0.011351369503136012
A030,0.0090233462885707,-0.0376580573532568,0.0267594705138228,0.0043340115635717,-0.011771274819922,0.0445651157803635,-0.0354819324642738,-0.0034314491793517,0.0009511868241274076,-0.0005461970429028573,0.03388286726720289,-0.008929586195264159,-0.026792397577125482,0.003513544640010866,-0.02285313701419466,-0.009224873628640074,0.014847588413245419,-0.005912345099864873,0.026882312148600734,-0.005802266265152908,-0.012824631315287938,0.039959999451513906,-0.034682248570779006,-0.011351369503136012
A030,0.0070526210592125,-0.0335068095021101,0.0249185690277904,0.0058687980376613,-0.0140604722568636,0.0468505574981466,-0.037437942428768,-0.001467413638972,0.0009464436409841597,-0.000543000182414661,0.0338787727880133,-0.008930420108165173,-0.026797008750793116,0.0035291025912368656,-0.022870039386986677,-0.009226156673948596,0.014847588413245419,-0.005912345099864873,0.026882312148600734,-0.005802266265152908,-0.012824631315287938,0.039959999451513906,-0.034682248570779006,-0.011351369503136012
A030,0.0066344625390628,-0.0513176754609908,0.0352137197338093,-0.0031605183830295,-0.027208449954728,0.0661026246131763,-0.0569665759196811,-0.0198859585883711,-0.012023589263390139,0.009075408368950294,0.022449758146805412,-0.010796149822622234,-0.037932615966004425,0.04774037836376957,-0.070632250515137,-0.010802486947269945,0.018342868221337377,-0.009485815754715021,0.03488200278785797,-0.004868414323375737,-0.03334242368950535,0.05919145930552372,-0.05286811082285303,-0.01770258642365058
A030,0.0094771765563635,-0.0502636374725915,0.0375760696068205,-0.0020246009717294,-0.0254850849010046,0.0667141087962397,-0.0539268313359092,-0.0179792561289379,-0.012019423891195712,0.00907202696779609,0.02245349694631081,-0.010795668536857659,-0.037929515991760726,0.04772560956070356,-0.07061638120748037,-0.010802628042607202,0.018342868221337377,-0.009485815754715021,0.03488200278785797,-0.004868414323375737,-0.03334242368950535,0.05919145930552372,-0.05286811082285303,-0.01770258642365058
A030,0.011055713576471,-0.0498363383679025,0.039676023817591,-0.0016162625781044,-0.0235782338325887,0.0669289777441528,-0.0507247690319168,-0.018068764296745,-0.012041047547109161,0.00908958294896106,0.02243408729196327,-0.010798166288392455,-0.03794560544932043,0.04780228297349065,-0.07069876736917716,-0.010801890805382876,0.018342868221337377,-0.009485815754715021,0.03488200278785797,-0.004868414323375737,-0.03334242368950535,0.05919145930552372,-0.05286811082285303,-0.01770258642365058
A031,0.0126263474053534,-0.0352594783845939,0.0344725410570758,0.0041805217501628,-0.0211852090297741,0.0588703067462143,-0.0498812174488556,-0.0066343989955803,-0.0007837770205659388,-0.0026311017166163343,0.042150481338188245,-0.015146409319725404,-0.043297284324981464,0.0015003086128414966,-0.030551899638820258,-0.017666436112079253,0.019796784550993887,-0.00788312679981984,0.03584308286480098,-0.007736355020203877,-0.017099508420383908,0.05327999926868521,-0.046242998094372045,-0.015135159337514685
A031,0.01188385806167,-0.0333094982880477,0.0340287985817953,0.0046228253584172,-0.0219907394870998,0.0599361056107846,-0.0501409568660295,-0.0061076763416196,-0.0007826471886383169,-0.0026325510328511076,0.042151051541528047,-0.015146981134440563,-0.04329765503431698,0.0014952709505054649,-0.030546755128381113,-0.01766749602229434,0.019796784550993887,-0.00788312679981984,0.03584308286480098,-0.007736355020203877,-0.017099508420383908,0.05327999926868521,-0.046242998094372045,-0.015135159337514685
A031,0.0111522814093386,-0.0346724262028485,0.0323586101380617,0.0044475229521808,-0.0219659800695674,0.0592077830255251,-0.0530091129970723,-0.0057458507385622,-0.0007902566490984119,-0.0026227895151047322,0.04214721127684787,-0.015143129987892865,-0.04329515781255432,0.001529200418850302,-0.030581404209440093,-0.017660356828082775,0.019796784550993887,-0.00788312679981984,0.03584308286480098,-0.007736355020203877,-0.017099508420383908,0.05327999926868521,-0.046242998094372045,-0.015135159337514685
A031,0.018434884298083,-0.0479787379933255,0.0566237730259065,0.0056547664687018,-0.0373566307735226,0.0848150183728299,-0.0607227320152196,-0.0068108413583759,-0.011691797750185853,0.012125393384801736,0.03685186789411014,-0.009876921806610225,-0.038639534850352965,0.051709711946881516,-0.08175944967355582,-0.0058222771416494455,0.024457157628449883,-0.01264775433962001,0.04650933705047733,-0.006491219097834313,-0.04445656491934047,0.07892194574069833,-0.07049081443047078,-0.02360344856486743
A031,0.0195098697878587,-0.0469201318468293,0.0573085367568596,0.0056717799833238,-0.0359138795045235,0.0853716569744755,-0.0604280619964006,-0.006372364207008,-0.011688417270854738,0.012120582091676366,0.03685344361413353,-0.009878437850036708,-0.03864129551388593,0.05169363857533033,-0.08174308012708319,-0.005826459057502864,0.024457157628449883,-0.01264775433962001,0.04650933705047733,-0.006491219097834313,-0.04445656491934047,0.07892194574069833,-0.07049081443047078,-0.02360344856486743
A031,0.0184085804664206,-0.04325299230911,0.0565689327374395,0.0097847301065993,-0.0371861699037188,0.0880236557924002,-0.0608303497339826,1.6929540581300806e-05,-0.011680297018591329,0.012109025494170646,0.03685722881591913,-0.00988207992958355,-0.03864552402655075,0.05165503009388054,-0.0817037601568278,-0.005836503099786518,0.024457157628449883,-0.01264775433962001,0.04650933705047733,-0.006491219097834313,-0.04445656491934047,0.07892194574069833,-0.07049081443047078,-0.02360344856486743
A023,0.4615948703365313,-0.1895125816025435,0.803497588297637,0.0446198901289566,0.4520955255751679,-1.5284891401049947,1.4234277926478505,0.280768332969345,0.3656565204551648,-0.18481351179112565,0.7041404238075494,0.015515449208336935,0.4009591522815797,-1.3802880192738856,1.2452682128541297,0.21999149205865653,0.3771271170375637,-0.25947098006827285,0.8315880012003635,0.04000706789507143,0.44710861077064956,-1.5308071936325112,1.455090725474304,0.2536310625891467
A023,0.4567268955355298,-0.1870718674803186,0.7836939716094595,0.0452571416709173,0.4521609598129523,-1.5290822046949168,1.3873147140833435,0.2831570882101778,0.36559158633400046,-0.1847823892263921,0.7040303383973178,0.015518554358246787,0.4009045072434086,-1.380068920903179,1.245070894267828,0.21996536303390404,0.3771271170375637,-0.25947098006827285,0.8315880012003635,0.04000706789507143,0.44710861077064956,-1.5308071936325112,1.455090725474304,0.2536310625891467
A023,0.4538332370003143,-0.1835523738418506,0.7732843785247556,0.0499863244726498,0.4524475019670357,-1.5271573124111508,1.3685832480237194,0.2915215429536574,0.36553978532001635,-0.18475756297868906,0.703942518737551,0.015521029147191901,0.4008609103253216,-1.3798941388753605,1.2449134863626132,0.21994451480116622,0.3771271170375637,-0.25947098006827285,0.8315880012003635,0.04000706789507143,0.44710861077064956,-1.5308071936325112,1.455090725474304,0.2536310625891467
A023,0.2284338923706608,-0.0989986905353812,0.3692215820086261,-0.0023040417706326,0.2000259912147153,-0.7685640500293872,0.6662345577247694,0.0971964445410132,0.21788088897412367,-0.11988485936148181,0.45589384274267386,0.014335574501310311,0.2625556138988152,-0.8922544279290179,0.8045756105796338,0.14696097148666942,0.17365833652149978,-0.15859461909921513,0.3955063717121396,0.013525500159204699,0.19383443283416882,-0.7652664992191089,0.6909147861153314,0.10067684023596139
A023,0.2306320397550144,-0.0976018024793744,0.3714680105227894,-0.0009084061599114,0.200610596666092,-0.7684637212687823,0.6699726527465857,0.098681125031484,0.21793051951440887,-0.11990475608561683,0.45597650471878187,0.014338671762117172,0.2626066862001587,-0.892414985307369,0.8047209846983447,0.14698990830598796,0.17365833652149978,-0.15859461909921513,0.3955063717121396,0.013525500159204699,0.19383443283416882,-0.7652664992191089,0.6909147861153314,0.10067684023596139
A023,0.2310466184890651,-0.0967829857910676,0.3719004880718657,1.102559956941973e-05,0.2020974297029196,-0.767781942184461,0.6697381902516194,0.100286981612178,0.21788085658065273,-0.11988484637544458,0.4558937887899795,0.014335572479178195,0.26255558056334377,-0.8922543231351359,0.8045755156955993,0.14696095259889996,0.17365833652149978,-0.15859461909921513,0.3955063717121396,0.013525500159204699,0.19383443283416882,-0.7652664992191089,0.6909147861153314,0.10067684023596139
A016,0.1363570726177686,-0.0507725644894547,0.2220212169960986,0.0020655290354586,0.1439176496694135,-0.536636927468777,0.4743998767956237,0.0689935576616565,0.14242331320090867,-0.07481123492323104,0.25020788216060136,0.017899963097645143,0.18375199624186483,-0.5313065939133983,0.5074116613198651,0.09025156742510021,0.09616346998156619,-0.09419468268712207,0.22478955552958663,0.013288659487130374,0.1318337132840955,-0.5115915615548713,0.46072361513106463,0.07238249973342258
A016,0.140053817772181,-0.0509970657308002,0.2262729499455309,0.000803751225124,0.145291549241009,-0.5377649549809753,0.4825747245105526,0.0697563418834743,0.14245335398912365,-0.07482406791108927,0.25025250889123923,0.01790132048546978,0.18377861458903005,-0.5314033734729882,0.50749729135099,0.09026809759111197,0.09616346998156619,-0.09419468268712207,0.22478955552958663,0.013288659487130374,0.1318337132840955,-0.5115915615548713,0.46072361513106463,0.07238249973342258
A016,0.1365502422243147,-0.0489271044988981,0.2210542382299348,0.0014063691787468,0.1439286893254657,-0.5365474275484157,0.4734100160812685,0.0693809474159135,0.1424540650758393,-0.07482437168445659,0.25025356524043607,0.017901352608210602,0.18377924464661588,-0.5314056643272852,0.5074993182852053,0.09026848885533593,0.09616346998156619,-0.09419468268712207,0.22478955552958663,0.013288659487130374,0.1318337132840955,-0.5115915615548713,0.46072361513106463,0.07238249973342258
A016,0.292211208657654,-0.1009301026721507,0.4794680911514326,0.0314468477039584,0.3149145569965683,-1.0444824300671405,0.9633364281771296,0.1954192872941732,0.25570996030706045,-0.12773220033927865,0.42040244176942887,0.018517414393122832,0.2736127195767586,-0.9047520771606662,0.8370476829567037,0.14254399730579131,0.22041872463069614,-0.15426451608040798,0.49067416509367884,0.02906142937056612,0.30722823480624384,-1.006080712108256,0.9534884624404842,0.1732715694712589
A016,0.2874868440314321,-0.1013068178369231,0.4718251300912228,0.0311092772877996,0.3135751860780753,-1.044760915212446,0.9502753823373437,0.1951916766933669,0.25559511978568866,-0.12767382636199132,0.4202277951226662,0.01852138180057207,0.2735325195869175,-0.9043644753397093,0.8367063703036005,0.14250150958887875,0.22041872463069614,-0.15426451608040798,0.49067416509367884,0.02906142937056612,0.30722823480624384,-1.006080712108256,0.9534884624404842,0.1732715694712589
A016,0.2878893100933848,-0.1020305759384233,0.4717857076682649,0.0302198688490458,0.3143634363308956,-1.0456139400470357,0.9501289061826385,0.194866263552588,0.25554372430770367,-0.12764770500217543,0.4201496356576687,0.018523154324453176,0.27349661972416944,-0.9041910150845974,0.836553624901016,0.1424824875758272,0.22041872463069614,-0.15426451608040798,0.49067416509367884,0.02906142937056612,0.30722823480624384,-1.006080712108256,0.9534884624404842,0.1732715694712589
A024,0.5940813239249217,-0.2496187030271702,1.0461738517369523,0.0697192456904943,0.6227907782841904,-2.0165540105718853,1.8568872588339655,0.3822691123282328,0.44016775582142575,-0.2511641523642708,0.8616246242752853,-0.0183615916731152,0.4565857469593003,-1.6881707864650861,1.5154616893431794,0.19971907017991672,0.4714088962969546,-0.324338725085341,1.0394850015004544,0.05000883486883929,0.558885763463312,-1.9135089920406392,1.81886340684288,0.31703882823643337
A024,0.5951044309956247,-0.2504380992179501,1.0437695881799225,0.0686357213813642,0.6245563234273399,-2.0186060147238067,1.851948056739044,0.3816023894608317,0.44016601867920824,-0.2511626807969008,0.8616207582889618,-0.0183607333539219,0.4565848556671479,-1.6881631915434185,1.5154548947116435,0.19971928475929937,0.4714088962969546,-0.324338725085341,1.0394850015004544,0.05000883486883929,0.558885763463312,-1.9135089920406392,1.81886340684288,0.31703882823643337
A024,0.5957141543054129,-0.2495785782026017,1.0428062689568105,0.0677859871976574,0.6250769027570475,-2.018847281730504,1.8504423377709456,0.3819498221402934,0.4400599792281712,-0.25107286011934393,0.8613847760499751,-0.018308355826490794,0.456530429579275,-1.6876995965124835,1.5150401453848847,0.19973236745258205,0.4714088962969546,-0.324338725085341,1.0394850015004544,0.05000883486883929,0.558885763463312,-1.9135089920406392,1.81886340684288,0.31703882823643337
A024,0.301784294830504,-0.1335120055291497,0.4960171886080405,0.008215852407252,0.2830141206602246,-1.0174125754315082,0.8942677494100683,0.1506858776455686,0.29655598385041876,-0.14185271145799092,0.5545471838594792,0.02535349219731222,0.35060127244975064,-1.0900577958874549,0.9730207279969156,0.1910722120515831,0.21707292065187472,-0.19824327387401894,0.4943829646401745,0.016906875199005873,0.24229304104271102,-0.9565831240238861,0.8636434826441642,0.12584605029495174
A024,0.3012055063179851,-0.1337751736861877,0.4981274509327609,0.007929373256548,0.2815718084037213,-1.0156228059824717,0.8977849321688615,0.1501883780291961,0.29638357387160374,-0.14173517728685867,0.5541932806306268,0.02537577660970352,0.3504381990885547,-1.0893731059579512,0.9723905975351469,0.1910323245692882,0.21707292065187472,-0.19824327387401894,0.4943829646401745,0.016906875199005873,0.24229304104271102,-0.9565831240238861,0.8636434826441642,0.12584605029495174
A024,0.3022035638103161,-0.134976638491725,0.5012040672650332,0.0069280770037746,0.2823474484493578,-1.017391148232858,0.9037540157664924,0.1484129569112982,0.296395471976117,-0.14174328740847716,0.5542177025656642,0.025374240895054852,0.3504494554123679,-1.0894203543773677,0.9724340816976615,0.19103507934094985,0.21707292065187472,-0.19824327387401894,0.4943829646401745,0.016906875199005873,0.24229304104271102,-0.9565831240238861,0.8636434826441642,0.12584605029495174
A032,0.0186717508670055,-0.0029919136220471,0.0393219793738442,-0.0064203929309088,-0.0427424988114913,0.0615956209592231,-0.0605111582015076,-0.0224831949776406,0.0005500761715488086,-0.0032484144530457205,0.05417922222839212,-0.018228243964788084,-0.047837306334332544,0.0021092242292861216,-0.03843337285021289,-0.02068624410095672,0.024745980688742356,-0.009853908499774786,0.04480385358100125,-0.009670443775254847,-0.021374385525479905,0.06659999908585645,-0.05780374761796503,-0.018918949171893358
A032,0.022786034269432,-0.0030769458923136,0.0422039342518016,-0.0075936851827151,-0.0395549390601023,0.0611122565911899,-0.057459067539152,-0.0235537749565911,0.000539457282917419,-0.003238095409339963,0.05417122320587212,-0.018225639685194486,-0.047841494201886076,0.0021505111494048022,-0.03847585759674078,-0.020682412536253966,0.024745980688742356,-0.009853908499774786,0.04480385358100125,-0.009670443775254847,-0.021374385525479905,0.06659999908585645,-0.05780374761796503,-0.018918949171893358
A032,0.0241774082491505,-0.0051544357277471,0.0430801314683916,-0.0098434175050232,-0.0383736955510327,0.0609001642812446,-0.0572661112141183,-0.025919391478216,0.0005493714531628495,-0.0032477296623006605,0.054178691372015655,-0.018228071139569417,-0.04783758430315716,0.002111964165772507,-0.038436192283558754,-0.02068598987992871,0.024745980688742356,-0.009853908499774786,0.04480385358100125,-0.009670443775254847,-0.021374385525479905,0.06659999908585645,-0.05780374761796503,-0.018918949171893358
A032,0.0391822236430407,0.0049981746055997,0.0692353095380889,0.0092301113462982,-0.0520533441755903,0.0944551716509184,-0.0736459268073096,0.0046534981741234,-0.017368094567349703,0.015507049258231324,0.04094903255939726,-0.013697754286256993,-0.053008371105692474,0.0744104117388609,-0.11259883708055768,-0.011401562798149635,0.030571447035562305,-0.015809692924525026,0.05813667131309669,-0.008114023872292892,-0.055570706149175586,0.09865243217587294,-0.08811351803808853,-0.029504310706084308
A032,0.0405479281040949,0.0035249095534818,0.0710526541513753,0.0087257453317616,-0.0501630005556705,0.0940261724967465,-0.0713434225858405,0.0049741726162316,-0.017385836761953724,0.015527003293106661,0.0409362432205504,-0.013693292734456068,-0.053011634022448115,0.07448481020359152,-0.11267491958111159,-0.01138943879133471,0.030571447035562305,-0.015809692924525026,0.05813667131309669,-0.008114023872292892,-0.055570706149175586,0.09865243217587294,-0.08811351803808853,-0.029504310706084308
A032,0.0426598738466917,0.0022529160544465,0.0725991733466439,0.0063830324921032,-0.0470953558686875,0.0945742847445385,-0.0700281899187298,0.0006100244349968,-0.017386713074825588,0.015527988926418894,0.040935611553824476,-0.013693072380982255,-0.05301179508676206,0.07448848500812025,-0.1126786775532821,-0.011388839809789067,0.030571447035562305,-0.015809692924525026,0.05813667131309669,-0.008114023872292892,-0.055570706149175586,0.09865243217587294,-0.08811351803808853,-0.029504310706084308
B007,0.0964174595975803,0.2294782200145828,0.0242226577394947,0.2238598143130941,0.3803037268194609,0.065760381774877,0.0405526987564353,0.3502567808851465,0.050434080135724806,0.08287085474156063,0.012548505999739824,0.1803746717374538,0.3253723176251427,0.06805888321620336,-0.026479544757245073,0.28051047779955546,0.06802968360197321,0.10039606866650339,-0.008378962199309253,0.2195243345627102,0.36297131197295324,0.10066301146282722,-0.057506903506069774,0.3461499777609583
B007,0.1007400666172702,0.2284102958385048,0.027277478371911,0.2229207231664552,0.3834031907416804,0.0642983243311105,0.0440817273319528,0.3491768555107047,0.05038674313627791,0.08283063305696611,0.012505963202579603,0.1802652149245974,0.325160092423867,0.06807152515615286,-0.026517680246093703,0.2803328351983668,0.06802968360197321,0.10039606866650339,-0.008378962199309253,0.2195243345627102,0.36297131197295324,0.10066301146282722,-0.057506903506069774,0.3461499777609583
B007,0.1014416335613045,0.2285406272688677,0.0267833260924633,0.2242560821081105,0.3837227347295331,0.0639882436010761,0.0433678122131366,0.3504528141586599,0.05041272329495793,0.0828527099521901,0.012529309315585805,0.18032529166514075,0.32527657347748135,0.06806459192771325,-0.026496753053816314,0.2804303361961454,0.06802968360197321,0.10039606866650339,-0.008378962199309253,0.2195243345627102,0.36297131197295324,0.10066301146282722,-0.057506903506069774,0.3461499777609583
B007,0.0501492017208044,0.1316688238977426,0.0096108273062953,0.1173760676421674,0.1945576241474613,0.0146665170459096,0.0261959455280884,0.170067235410385,0.02537289505776701,0.05924667265304902,-0.006433190504757045,0.11865711585090702,0.20728264662518905,0.06836996436329654,-0.04306022120516937,0.18056243768059113,0.04161943647475875,0.048363780268123414,-0.0014472862847501934,0.10783736364423514,0.17799662498760593,0.0441837311034462,-0.021385420224611654,0.16116794700523984
B007,0.0515256268477991,0.1334368730941031,0.0104836263137825,0.1182886943348367,0.1954705098218443,0.0164414519027563,0.0267850211148945,0.1711617826697116,0.025383403898388647,0.059257668205555246,-0.006426887145762962,0.11868470222678021,0.20733481876441917,0.06837281613001929,-0.043054970120899795,0.1806071258268597,0.04161943647475875,0.048363780268123414,-0.0014472862847501934,0.10783736364423514,0.17799662498760593,0.0441837311034462,-0.021385420224611654,0.16116794700523984
B007,0.050793680857478,0.1330063668415643,0.0098260612251283,0.118179474613909,0.1951010872531704,0.0155036376397766,0.0256272388970779,0.1720699604738696,0.025367611996441736,0.05924114452310405,-0.006436358777549153,0.11864324689292434,0.20725641743346349,0.06836852965272919,-0.043062860450175065,0.1805399708230796,0.04161943647475875,0.048363780268123414,-0.0014472862847501934,0.10783736364423514,0.17799662498760593,0.0441837311034462,-0.021385420224611654,0.16116794700523984
B031,0.0769040222865855,0.1865525677643238,0.0094260308779245,0.1955342317650245,0.3798372328380954,0.0706825125000768,0.0001778820342453,0.3356503977983177,0.05996869351686018,0.10900595388291341,-0.007171873550728977,0.22805603078531408,0.4463391425227513,0.13134521615604797,-0.07351867755934131,0.4024796923445574,0.07929730954960756,0.08682916826074989,-0.006762750079602338,0.1977531858560698,0.38263324960955447,0.09691721641708438,-0.050338420117980676,0.3454573930576657
B031,0.0758882598124553,0.1877204906317617,0.0084783748957977,0.1958619523704871,0.3801072911932741,0.0719502674833568,-0.0013550444478481,0.3366392904798972,0.05998029946266354,0.10903489897486407,-0.007173677116943658,0.22810424086553,0.4464327847116608,0.1313749973608484,-0.07353554931290393,0.40256447876101153,0.07929730954960756,0.08682916826074989,-0.006762750079602338,0.1977531858560698,0.38263324960955447,0.09691721641708438,-0.050338420117980676,0.3454573930576657
B031,0.0773995371702531,0.1864261784579523,0.0097003913461343,0.1950857798827961,0.3820670626256228,0.0708929320937476,0.0001793758909717,0.3366271840901065,0.059982573228464196,0.10904056947572527,-0.007174030305299921,0.22811368551652925,0.44645112989170277,0.1313808314229802,-0.07353885435399862,0.4025810890107634,0.07929730954960756,0.08682916826074989,-0.006762750079602338,0.1977531858560698,0.38263324960955447,0.09691721641708438,-0.050338420117980676,0.3454573930576657
B031,0.1544540942888583,0.3469902974424965,0.021211476950875,0.3905895178545484,0.7616635460640435,0.1867198685134691,-0.0214338078666624,0.6889950110261877,0.09233130131706369,0.18267080882122422,-0.007765238728921753,0.35180328259780286,0.6896127628629838,0.20034704759059477,-0.10993236348491214,0.6221556668260253,0.12973549003413642,0.18856355851878184,-0.02000353394753569,0.41579400060018173,0.7654035968162556,0.22355430538532473,-0.1268155312945733,0.727545362737152
B031,0.1555331470901304,0.3472630489309826,0.0217969151666716,0.3908081855813056,0.7642767920220017,0.1871267166369852,-0.0211593900055833,0.6901899191494519,0.09234164887647316,0.18269240454440844,-0.007764210372828395,0.3518398934437792,0.6896856246245158,0.20036522881696542,-0.10994106067018028,0.6222212862808855,0.12973549003413642,0.18856355851878184,-0.02000353394753569,0.41579400060018173,0.7654035968162556,0.22355430538532473,-0.1268155312945733,0.727545362737152
B031,0.1528261395691179,0.3473663046116226,0.0191989717888779,0.3913534383962841,0.7639632422774028,0.1874868742791742,-0.0237449277281684,0.6908019140014369,0.09232817673635765,0.1826642874965108,-0.007765549123032012,0.351792227152402,0.6895907607674182,0.20034155710960752,-0.10992973693499573,0.6221358516725458,0.12973549003413642,0.18856355851878184,-0.02000353394753569,0.41579400060018173,0.7654035968162556,0.22355430538532473,-0.1268155312945733,0.727545362737152
A027,0.0307689618830761,0.0631464558962959,0.0342959943232249,-0.0022129996882548,-0.0350276048902506,-0.0322668199300799,0.0716181243237505,-0.0140007466745165,-0.0033687186112707408,0.002983691092204555,0.008265483684963694,-0.0027659605048349824,-0.010582048195658864,0.014442745008917053,-0.022070440865342558,-0.002351441720422018,0.006114289407112471,-0.0031619385849050025,0.011627334262619332,-0.0016228047744585783,-0.011114141229835117,0.019730486435174582,-0.017622703607617696,-0.005900862141216857
A027,0.0308722098184841,0.0613389868534326,0.0342390282835297,-0.0040773767231525,-0.0342746381613867,-0.0333245275704949,0.0710188155061077,-0.0154182086126478,-0.0033667603722919567,0.002981498318407831,0.008266897509495271,-0.002766454061870796,-0.01058167568340447,0.014434553565070814,-0.02206206235431164,-0.002352759368608513,0.006114289407112471,-0.0031619385849050025,0.011627334262619332,-0.0016228047744585783,-0.011114141229835117,0.019730486435174582,-0.017622703607617696,-0.005900862141216857
A027,0.0298998777331785,0.0624688621661542,0.033581534785812,-0.0035497530634228,-0.0349395823777465,-0.0325937836846574,0.0699665275393964,-0.0140270978660984,-0.003368147975768056,0.0029830520947345457,0.008265895672597282,-0.0027661043264981706,-0.010581939667922537,0.0144403579651599,-0.022067999311991566,-0.0023518257246251026,0.006114289407112471,-0.0031619385849050025,0.011627334262619332,-0.0016228047744585783,-0.011114141229835117,0.019730486435174582,-0.017622703607617696,-0.005900862141216857
A027,0.0145797275033406,0.043485136568514,0.0146437830423334,-0.0025452390018787,-0.0176024803048558,-0.0246652529087431,0.0347522774603728,-0.0161426162202443,0.00012241608103154565,-0.0006617298953985756,0.010845186349549141,-0.003648689221797376,-0.009562565135703428,0.0003736364919795654,-0.007637066920671038,-0.0041417157222044506,0.004949196137748472,-0.00197078169995496,0.008960770716200245,-0.0019340887550509693,-0.004274877105095977,0.013319999817171302,-0.011560749523593011,-0.0037837898343786713
A027,0.0156539962144001,0.0446906484854205,0.0151304925001669,-0.0018538704885183,-0.0168190327965308,-0.0239490699733261,0.03487378697985,-0.0147940401677781,0.00012212062089279752,-0.0006614429388998497,0.01084496376001042,-0.0036486167985663605,-0.009562681899135035,0.00037478495709936647,-0.0076382487343004905,-0.004141609446339314,0.004949196137748472,-0.00197078169995496,0.008960770716200245,-0.0019340887550509693,-0.004274877105095977,0.013319999817171302,-0.011560749523593011,-0.0037837898343786713
A027,0.0160396667019943,0.0446598192620672,0.015769291523147,-0.0018565528918507,-0.0166902212928,-0.0238936565749438,0.0361268689378881,-0.0142926395013471,0.00012169253396197195,-0.0006610271664137023,0.010844641254959757,-0.0036485118643247564,-0.009562851066134668,0.0003764489596677672,-0.007639961054135953,-0.004141455451998521,0.004949196137748472,-0.00197078169995496,0.008960770716200245,-0.0019340887550509693,-0.004274877105095977,0.013319999817171302,-0.011560749523593011,-0.0037837898343786713
