rpm,amp_1x,phase_1x_deg,amp_1x_um
1037.1285546046429,0.06579712262065256,-80.34134411169603,1.6712469145645747
1050.2711790084006,0.067913879506954,-83.26712142108083,1.7250125394766316
1062.7508017221787,0.07204772034873967,-79.17505343002729,1.8300120968579876
1075.2223686363623,0.07380239783817753,-78.2891709435046,1.8745809050897093
1087.9301245940608,0.074944406237262,-76.36319727627321,1.9035879184264548
1100.4175560525675,0.07180544255740753,-78.33191501547623,1.8238582409581512
1112.509276989951,0.07543312557021788,-78.4405862536395,1.916001389483534
1124.7625985014977,0.07635428619270454,-74.00413031557541,1.9393988692946953
1136.9995714344736,0.07488006467706113,-84.74714550919694,1.9019536427973525
1149.1393510976288,0.07706112276092505,-80.24270224914449,1.9573525181274962
1161.533366283672,0.07236165103850391,-82.73597606848305,1.8379859363779991
1172.9310552679278,0.08937400884478233,-77.63592571990124,2.2700998246574713
1184.5410127681835,0.08223235107113053,-79.43305089678617,2.0887017172067153
1196.1858545397147,0.09066490667446912,-76.9280020989771,2.3028886295315156
1207.8945935406366,0.08209235136387438,-74.56625998690414,2.085145724642409
1218.9019128175548,0.08949865777536055,-76.43841018472732,2.273265907494158
1229.8629704664752,0.09148059041417984,-78.60737535190661,2.323606996520168
1241.134428426192,0.0932323932847996,-71.67477016324526,2.3681027894339097
1251.6925884185505,0.08921796950353492,-73.22540547440988,2.266136425389787
1262.598801068663,0.09344658729824289,-76.31940520576364,2.3735433173753693
1273.3430920126405,0.10116939361797105,-78.67383080098557,2.5697025978964643
1283.993048343544,0.10607518217014192,-75.7044070708309,2.6943096271216045
1294.7340797489865,0.10166570249533267,-78.27295964285794,2.58230884338145
1305.3581420133207,0.10743142890625404,-79.92754473132051,2.7287582942188524
1315.7308526808988,0.11440095735761976,-79.16960476485556,2.9057843168835418
1326.187698031776,0.11304857800874984,-78.27829804874452,2.871433881422246
1336.4685132791926,0.1211198993268098,-76.34714668991576,3.076445442900969
1346.7719664463823,0.1195295308193322,-76.02184744974366,3.0360500828110375
1356.7304862306155,0.12329254477048383,-74.65006660150705,3.1316306371702893
1366.5779716789928,0.1303823640929324,-77.75323603810092,3.311712047960483
1376.6377012224639,0.13137017355074632,-78.92623625547438,3.3368024081889565
1386.5485359467611,0.13014572320682077,-77.0186857565112,3.3057013694532476
1396.3586954809286,0.13038229435340198,-81.30159849782065,3.3117102765764104
1405.936932212828,0.13181092645021852,-78.28636690733643,3.34799753183555
1415.2262812284935,0.13720915074006648,-79.40444038549796,3.4851124287976885
1425.1678304602572,0.13689345460175908,-76.04593101431522,3.4770937468846808
1434.6167314804454,0.15145744481940762,-79.16331355796542,3.8470190984129533
1444.1613370203122,0.1515249376292905,-73.82734982558976,3.8487334157839785
1453.854235799153,0.14896278267055577,-76.505361626993,3.7836546798321162
1463.6349283480129,0.16569386501669106,-73.79518053351764,4.208624171423953
1473.703960828953,0.1691065854817048,-74.39062954831523,4.295307271235301
1483.1312463326688,0.19038526983853943,-73.57029550616187,4.835785853898901
1492.865283815339,0.19233425091393247,-73.0277556719996,4.885289973213885
1502.3815300177423,0.2123561169153708,-75.89155571264276,5.393845369650418
1511.4614519742527,0.23032779190632183,-76.01689051138169,5.850325914420574
1520.7000146553385,0.24427012741271456,-77.5302313845742,6.20446123628295
1529.8650143681375,0.26696837907088133,-78.56508347782186,6.780996828400386
1538.586997619508,0.28516556142538674,-80.8560672302709,7.243205260204823
1547.4295108864972,0.3026263352003783,-85.59837146538878,7.686708914089608
1555.9015390329887,0.33737856752576534,-86.70286966305926,8.569415615154439
1564.5083073344767,0.3706080413313074,-89.16954704433267,9.413444249815209
1573.5407826313726,0.394485880784936,-95.6160142145124,10.019941371937374
1581.8346129937877,0.43124605024337453,-97.51789413381171,10.953649676181712
1590.3483292034707,0.4719185637649725,-101.02810966393405,11.9867315196303
1598.3877192314212,0.5221638435759556,-106.5615916308794,13.26296162682927
1607.0909760071231,0.560883253889988,-114.47132366135536,14.246434648805696
1615.2586744462049,0.614458661749849,-120.3290814020792,15.607250008446163
1623.2499431207775,0.6643717906180984,-127.59897369436943,16.8750434816997
1631.5547900975043,0.70299148221398,-135.68474512603635,17.855983648235092
1639.963658089228,0.7369739532757441,-144.57990084142625,18.7191384132039
1648.2475274739747,0.7695440464662174,-154.3876098387103,19.546418780241922
1656.732856504018,0.791662018164686,-165.88696764680162,20.108215261383023
1665.2636379893277,0.8093546392839478,-176.78919888591653,20.557607837812274
1673.7071953073955,0.800089692675024,172.43597480983632,20.322278193945607
1682.5545230284895,0.7263315539539252,160.1898520045832,18.4488214704297
1690.734502963341,0.6656646356627551,146.7267301242667,16.90788174583398
1698.8413754670967,0.5583251826654362,132.27302301383662,14.181459639702078
1707.4630986900693,0.4500802552763605,118.81326234273992,11.432038484019555
1715.079498558444,0.34472492245968367,110.11723366784112,8.756013030475964
1722.8406212048667,0.23419873673725167,103.6460379132329,5.948647913126192
1730.6385628095352,0.17053480246531713,110.17450173263308,4.331583982619055
1738.1749108105698,0.14486266015160335,126.56393865449824,3.679511567850725
1746.1928225421696,0.22524295379979567,143.81530574894197,5.72117102651481
1753.726467073407,0.2916062519388584,141.00247214646464,7.406798799247003
1761.892000303603,0.35201028013311025,125.43298024468064,8.941061115381
1769.8114549234167,0.38112395239540187,113.59180233259193,9.680548390843207
1777.389636003751,0.3504294899212705,95.13414229152097,8.90090904400027
1785.599991621386,0.2957571146972118,86.30036443447719,7.512230713309179
1792.4353133967911,0.22128391040391876,66.08115712392778,5.620611324259536
1800.0229755493403,0.14604470427391747,52.51784393651916,3.7095354885575036
1806.2952065729187,0.05421465042534571,38.39568383665104,1.3770521208037811
1813.9764659825837,0.06600249233247099,164.96448876415957,1.676463305244763
1821.3182142247797,0.15768409353639823,159.87043361870127,4.005175975824515
1829.2108467269943,0.2069374864680992,137.1227776013916,5.2562121562897195
1837.1075937961305,0.23476599878459992,123.72856769553444,5.963056369128838
1844.6045563501589,0.21876379344147293,110.32784342052985,5.556600353413412
1851.3713203096463,0.1645046449492837,93.76959892932238,4.178417981711806
1858.5326416998184,0.12272357725084136,91.3418432136406,3.1171788621713703
1866.6738637930964,0.09564981565646238,113.01646217078464,2.4295053176741446
1872.6627968989364,0.10895378874586166,135.61297982146465,2.767426234144886
1881.1516009796276,0.14394262299107535,118.40013905107888,3.656142623973314
1888.909673727552,0.15404477793499577,114.52236383108774,3.9127373595488923
1896.7546012277217,0.13077735929550416,101.29363737956967,3.3217449261058056
1903.3705916680904,0.09175228336640959,103.71649799880635,2.3305079975068033
1911.2202249380368,0.08489502787249993,116.9033303262922,2.156333707961498
1918.2004609832015,0.11425304396301093,135.6577584128246,2.9020273166604778
1925.8162257026088,0.14367874561773983,117.88235948498983,3.6494401386905913
1933.158374898161,0.14014989867679808,109.83907673035009,3.559807426390671
1940.197250613392,0.10828773613190865,91.49558025720394,2.7505084977504795
1946.9212931273476,0.06758041227088876,93.72721291748412,1.7165424716805744
1954.2616101159751,0.06911475525989244,120.6283128716184,1.755514783601268
1960.7824602047544,0.10503473125614464,139.56261296908616,2.6678821739060736
1967.791079337817,0.11956388939485386,122.6959019085636,3.036922790629288
1974.570763931344,0.11330168140774526,105.88042203919638,2.877862707756729
1981.315388421788,0.06935195417273375,96.99881512241136,1.7615396359874371
1988.499649714344,0.053700165830576775,130.45894042411211,1.36398421209665
1994.6972822780672,0.07535175404411552,136.9859315641616,1.9139345527205343
2001.9358472134472,0.10726182147833407,123.41166857462132,2.7244502655496854
2009.2399943380217,0.10219998394548388,109.7121822749105,2.59587959221529
2016.342579620668,0.07276406637031191,104.31359744819488,1.8482072858059224
2022.6820310834248,0.041051776227227416,129.77628807351303,1.0427151161715762
2029.7358517720336,0.07911205846945385,137.30234176265688,2.0094462851241275
2037.0562602145703,0.09313972023237727,122.33857973805716,2.3657488939023823
2043.0969473769508,0.06490161162378719,101.43787940378296,1.6485009352441944
2050.9025632665725,0.054809364729858576,115.45163228844623,1.3921578641384078
2056.53614767844,0.036552462053892114,119.62340276969208,0.9284325361688597
2063.7255557206754,0.07975992518151305,121.649696183005,2.0259020996104313
2070.520480548724,0.10537592265639324,106.17395292135475,2.6765484354723883
2077.2620109638,0.05448813369222338,104.56386905172178,1.3839985957824736
2083.7943093703248,0.05723373720008676,114.69666213584328,1.4537369248822036
2090.3954698389134,0.056758326273166855,137.21785212047106,1.4416614873384381
2096.889573625359,0.08223879544248823,120.53664514868564,2.088865404239201
2103.6367934495734,0.05953826322998899,114.44036148181486,1.5122718860417201
2110.1378580494547,0.03299748193728383,130.09444430185053,0.8381360412070092
2116.0488075123326,0.04135546390621188,147.29706512689398,1.0504287832177817
2123.2312946374427,0.05471514584860139,119.66297702028236,1.3897647045544752
2129.7362271406414,0.05770022781237192,116.40202836457708,1.4655857864342468
2135.241249974222,0.031936392674084706,137.28055652589083,0.8111843739217515
2142.1718661848654,0.0377556562203705,154.97531426560235,0.9589936679974106
2148.79807463988,0.06082352646402236,123.32714639646782,1.5449175721861679
2154.665076682571,0.04459271607807672,144.6692899799829,1.1326549883831487
2160.9896188052167,0.02131368921334855,139.32968835417515,0.5413677060190532
2167.234726888882,0.0597779071049437,135.89109308428883,1.51835884046557
2173.373628045073,0.061902083395588094,123.3887880774702,1.5723129182479374
2179.7422520572018,0.05545114376939826,125.18631410102353,1.4084590517427158
2185.5729296297536,0.04787725187104768,150.1149419056543,1.216082197524611
2191.828860081188,0.06588611543219283,139.81430371357376,1.6735073319776979
2197.496485362135,0.03829494235386412,102.45029732667533,0.9726915357881485
2204.1945742231205,0.0491064648788708,104.69466734372408,1.2473042079233183
2209.8893793938414,0.04790149815272288,125.98866672202824,1.216698053079161
2216.338217729031,0.05041760340249928,123.19961072294626,1.2806071264234817
2222.012339313557,0.058026131281913446,118.82174302793592,1.4738637345606014
2228.502931200376,0.03885017906054498,122.78460997277116,0.9867945481378424
2234.392479057748,0.04847812582723312,146.98355157413073,1.2313443960117212
2240.9921895119787,0.04970936859130158,121.73387103154144,1.26261796221906
2246.8836616196418,0.05308222040508732,128.19364145650874,1.3482883982892178
2253.398194212398,0.06218395208361037,140.2091851373719,1.5794723829237034
2259.565852086004,0.06501479118610107,137.9510908563855,1.651375696126967
2265.5962434750663,0.05393381982821592,140.59038811747916,1.3699190236366843
2271.8947544086022,0.04016516885370847,132.3298392284107,1.0201952888841952
2277.9835797387955,0.07085136336958364,148.63737698291294,1.7996246295874243
2284.244146188371,0.044005715998511725,126.34892067341332,1.1177451863621977
2290.770859490642,0.049866460508972754,130.79613435399042,1.2666080969279079
2297.034921272987,0.05902753854210781,124.71876403638493,1.4992994789695382
2302.975908215163,0.06713886282376741,127.49241561040876,1.705327115723692
2309.173812888662,0.055643956164501046,131.4884029777599,1.4133564865783266
2315.389457576648,0.04481775128794584,133.2570347158246,1.1383708827138241
2320.9737104956894,0.05366693877673135,131.9108736432182,1.3631402449289762
2327.3912200677632,0.05143312569137628,131.4004245174698,1.3064013925609574
2333.0687710338734,0.02928448490800494,136.83725055378105,0.7438259166633254
2339.082797315992,0.044142455642648695,121.8212919752475,1.1212183733232768
2344.51588117698,0.04041605743478304,93.39055140304048,1.0265678588434892
2350.81337909372,0.03970985999188588,150.02085492186453,1.0086304437939013
2356.8046628898956,0.03493945884847724,128.84398544905605,0.8874622547513218
2361.9076874593366,0.04456466167996336,133.1322836204224,1.1319424066710693
2368.0552891404486,0.056596435746325925,121.78796411357544,1.4375494679566785
2373.06879040534,0.0497517805639736,163.97457898068424,1.2636952263249293
2379.213994656076,0.046488694642559225,137.38691645374556,1.1808128439210042
2384.4377394814496,0.026472497066503068,140.86241114643747,0.6724014254891779
2390.5983478298263,0.025450483067842408,106.58853037702659,0.6464422699231971
2395.567704608659,0.03796176922701346,138.58841033511823,0.9642289383661419
2401.582252449615,0.029157597195434495,136.19218925144196,0.7406029687640362
2407.173757115836,0.023146757510931655,114.34992713953916,0.587927640777664
2412.6909317057903,0.05194738640173206,122.92862156238652,1.3194636146039944
2418.720545303252,0.056892973541432544,135.86975584876853,1.4450815279523865
2423.5966853673085,0.03972425003487301,135.2525172183352,1.0089959508857744
2429.807907603075,0.034628361938075385,126.14458282608108,0.8795603932271148
2435.154061897209,0.05569230089663559,128.79267714705077,1.414584442774544
2440.716008217256,0.06824269262841955,144.41481808521658,1.7333643927618563
2446.228019319913,0.03400997217437397,117.18363634587652,0.8638532932290989
2452.046079960555,0.04246234965101681,114.542836646214,1.078543681135827
2457.3734994657807,0.050102011993815934,148.8926758498518,1.2725911046429246
2462.9711312282325,0.036071526541094794,138.46800086732583,0.9162167741438078
2468.3465696973767,0.035373167656986504,102.64367105300312,0.8984784584874571
2474.660870961264,0.03259719808074487,112.99255523201953,0.8279688312509197
2479.706486752032,0.03570587684340961,135.7233010107101,0.9069292718226041
2484.8708348148616,0.018932649859057522,81.14925189556979,0.48088930642006106
2491.796836308986,0.035296552280459366,122.78551500927908,0.8965324279236678
2496.654593312718,0.05339268766549456,117.53590294197888,1.356174266703562
2502.687530977282,0.04533888029878247,123.95940366320193,1.1516075595890747
2508.3984453535586,0.03911028177896541,115.05441815339168,0.9934011571857213
2514.0422018447334,0.04598647670975336,124.63598667178,1.1680565084277352
2519.1576941702688,0.029380661944650704,113.3508499884797,0.7462688133941279
2525.513451896863,0.033665374986722986,128.67732762421784,0.8551005246627638
2529.9478934726794,0.034348564112583725,123.78453689429708,0.8724535284596265
2536.06170105568,0.04738142899850704,115.77072732504956,1.2034882965620788
2541.5981784340966,0.03954616381035016,153.98844753751763,1.004472560782894
2547.3314910798567,0.03503908235808189,140.2304703373887,0.88999269189528
2552.19119403535,0.048068134654985245,131.0676795107672,1.2209306202366252
2557.5383309205126,0.06085127681724256,133.9782812480648,1.545622431157961
2563.0250266598614,0.0480947835376536,150.47089031504572,1.2216075018564012
2567.7493966821658,0.015318201733347714,150.1076041440926,0.3890823240270319
2573.1003052814203,0.035871516225201364,133.1672304738557,0.9111365121201146
2578.59801663611,0.043667180218573,131.59276251036812,1.109146377551754
2583.454291801355,0.03187718511673862,161.0825707944678,0.809680501965161
2588.965557633186,0.02149106569557691,154.7948507850249,0.5458730686676535
2593.6420141412254,0.003922610835028217,143.60811110195556,0.0996343152097167
2599.81006000301,0.02855751255909867,97.67920518402079,0.7253608190011062
2604.530620361684,0.039320261109142655,147.25129321037747,0.9987346321722234
2609.8292949930565,0.017603256779886313,164.0573872621093,0.4471227222091123
2614.769265073924,0.01894543849872089,-138.25885449028695,0.48121413786751055
2620.11527908944,0.02132529281454485,-167.9949404634802,0.5416624374894392
2625.375666644747,0.009818363299270844,78.48143745956867,0.24938642780147943
2631.0558757638864,0.04109951845954035,136.72659807308122,1.043927768872325
2634.864410011121,0.05164858679923448,156.14765047558288,1.3118741047005558
2640.698538105405,0.01960073509722921,179.07796512357848,0.49785867146962187
2645.6947949875166,0.02003107686522848,165.30918500800493,0.5087893523768033
2650.794903830652,0.013502226334681948,86.3259037510511,0.3429565489009215
2656.4594946168804,0.02869265390806376,126.52114527395096,0.7287934092648195
2661.60921414162,0.033883147001414315,145.0173337227708,0.8606319338359235
2666.5685866366207,0.015648237309813497,-151.9142608780151,0.3974652276692628
2671.249200181561,0.01836781738681612,99.49261015190628,0.4665425616251294
2676.8154952232094,0.03420114982338114,143.9246388549279,0.868709205513881
2682.024802917914,0.006854012125703572,47.33479140363636,0.17409190799287072
2687.099222210525,0.027279560307853692,67.48449571150528,0.6929008318194837
2693.046685318021,0.02783294095923613,134.57551598697273,0.7069567003645977
2697.17315783244,0.021500828676889128,153.15431323875717,0.5461210483929838
2703.1538662881676,0.025546015157755408,135.95702395022343,0.6488687850069873
2708.3083349672747,0.03702847578403058,146.0127588493553,0.9405232849143768
2713.484053573592,0.02086825914723915,130.19882655846587,0.5300537823398744
2718.7794016611238,0.030431846492894172,152.74735100338305,0.7729689009195119
2723.7797026292787,0.020798740022925966,176.0997086613499,0.5282879965823195
2729.5777405685512,0.02259876148215457,139.8538501750582,0.5740085416467261
2734.4281800528815,0.042084024361283376,144.0525737813863,1.0689342187765978
2739.7040651498555,0.02541570188179196,155.82834206019868,0.6455588277975158
2744.464718903903,0.03593552865075223,145.72127783889147,0.9127624277291067
2749.8019980194913,0.040970515016515725,112.06668590625245,1.0406510814194994
2755.172983067247,0.028530071390872595,110.18671162212947,0.7246638133281639
2759.76212496812,0.04085801332915537,111.02894158473168,1.0377935385605463
2765.5702625936638,0.02285183349128594,147.88959884505124,0.5804365706786628
2769.5346858555463,0.031082926474089223,132.37003129768155,0.7895063324418662
2775.0938625674657,0.037127585613231935,162.54895340124688,0.9430406745760911
2779.7764970276235,0.026863787513323713,154.9692949088139,0.6823402028384223
2784.079054095428,0.036902871240745184,-177.15007167773072,0.9373329295149276
2789.4162046561946,0.01570887260186209,147.40625582183034,0.3990053640872971
2793.850945115083,0.019659231086571728,169.97146051669247,0.49934446959892187
2799.4119138943274,0.01633259638762985,174.1705372532776,0.4148479482457982
2803.619697386112,0.027355467896120814,156.29623641011963,0.6948288845614686
2808.278031725244,0.03538245392127748,112.87931203544215,0.898714329600448
2813.1979780600473,0.038144221728801365,138.8375894587909,0.9688632319115547
2818.2156553511163,0.037199170882159,168.93309410873016,0.9448589404068386
2822.7553781864817,0.038695360111627754,178.4059274723446,0.9828621468353449
2827.0232170876448,0.023832594281126815,174.82122017100724,0.6053478947406211
2832.2847834702166,0.0182966453170427,177.7672415454628,0.46473479105288457
2836.969196525465,0.03549343074558681,122.67917076104568,0.9015331409379048
2841.549683811158,0.039773100397186775,149.8633930335251,1.010236750088544
2846.3876977759355,0.03438206753429622,136.45758036990065,0.873304515371124
2851.758768476525,0.013259791259693322,141.52462444673105,0.33679869799621037
2856.0992326195887,0.02039580711926989,150.79600232272827,0.5180535008294552
2862.0793552245814,0.025637963600226344,-155.92560564360437,0.6512042754457491
2865.84686924086,0.05598351805088303,167.58800334389068,1.4219813584924288
2870.3392857621284,0.023986303318394887,145.6083501879358,0.6092521042872301
2875.941879691267,0.03153446289162606,-168.8336356856952,0.8009753574473018
2880.6418043855188,0.029268187100859076,163.4235585680062,0.7434119523618204
2885.5274585764223,0.03367576122961729,147.62606931770344,0.8553643352322791
2890.7201331502933,0.023258256150892956,153.83357702392817,0.590759706232681
2894.789050282601,0.03659962850458569,136.61977132836307,0.9296305640164764
2899.7348328285807,0.034035905182727665,171.50807432101297,0.8645119916412827
2904.219644789051,0.02224852497138949,105.22315548157972,0.565112534273293
2909.045977153652,0.0022382214133598805,114.47887057243916,0.056850823899340965
2914.8928853610955,0.029924301523558988,153.44773779472092,0.7600772586983983
2917.88813990534,0.04482617834528464,169.38675660347087,1.1385849299702298
2923.294704136491,0.040418065071847045,151.7384071188532,1.026618852824915
2927.201025399999,0.034094313870675005,144.87933789823987,0.8659955723151451
2932.753758018035,0.03304217201492531,144.9398431981965,0.8392711691791029
2937.110637662226,0.05007734617343179,133.90952045104035,1.2719645928051675
2941.4278290749926,0.007754439928632573,123.53255477120815,0.19696277418726735
2946.247434984679,0.014697471032816264,85.4995255133683,0.3733157642335331
2951.554958152372,0.03639794004888654,131.66178767987563,0.924507677241718
2955.4347647033137,0.024942823922783804,108.84432684931603,0.6335477276387086
2960.2154823817195,0.02984213007789256,173.77991555416563,0.7579901039784709
2964.756356209064,0.01294405879310772,-160.70663405783225,0.32877909334493605
2969.3849447059933,0.01955708400985714,135.75229813943164,0.4967499338503713
2974.5177354805182,0.016877696030724587,134.74064701120926,0.4286934791804045
2978.5780825271586,0.033113014068053365,148.20832681731724,0.8410705573285554
2983.5465685664926,0.03861531396954576,153.01934797319873,0.9808289748264623
2987.5943054122145,0.02780733533219341,118.84519705552196,0.7063063174377125
2992.947315647403,0.022709097920172262,146.66327881600452,0.5768110871723754
2997.487101853407,0.0388618096804302,140.02777831047305,0.9870899658829271
3002.0662684047716,0.03002870343779339,152.57183015866948,0.762729067319952
3005.7869925006353,0.015098040063612324,-160.5945265712556,0.383490217615753
3011.5250936966454,0.020612532632283524,-178.71920447599797,0.5235583288600014
3015.818612430375,0.010879865022145836,156.80097121123285,0.2763485715625042
3019.724828123788,0.02260700751202621,176.69091493444785,0.5742179908054658
3024.756754217228,0.013205339967092876,-171.8046039126228,0.33541563516415906
3029.8351408735844,0.01982411250756188,146.22552480358652,0.5035324576920717
3033.37184601845,0.04215683574146037,150.20119677597182,1.0707836278330933
3037.755280841701,0.03006396607570319,144.85813580612455,0.763624738322861
3042.4689854525595,0.03047007173442854,97.20423614450237,0.7739398220544849
3046.782727574973,0.049498913182644745,99.40239287325785,1.2572723948391764
3051.6629386816307,0.01681833641303384,143.50436853430227,0.4271857448910595
3055.599099499966,0.0154283802818948,130.20414567030664,0.3918808591601279
3060.242592504556,0.014140457796011759,125.00787695657786,0.35916762801869867
3065.303957288564,0.03625670286583364,113.75577605346209,0.9209202527921745
3068.837584396196,0.03341906436516418,153.03379896631904,0.8488442348751701
3073.7604400904806,0.02282637459628885,124.98261788649684,0.5797899147457368
3077.8211330435247,0.03760482802956282,137.30171638010162,0.9551626319508955
3082.4941981571087,0.015571040065467103,108.76716199272433,0.3955044176628644
3086.6830312769507,0.024142574338353807,165.1504349640505,0.6132213881941867
3091.331872401471,0.007714268996011995,-121.48785936988716,0.19594243249870466
3096.259159828641,0.022887094212822767,96.18175505515644,0.5813321930056983
3100.2352471707304,0.0493764071853972,112.75227195340148,1.2541607425090888
3105.159627011936,0.025402283232931665,150.42899475249078,0.6452179941164643
3109.3557683020335,0.03381431085319394,152.34192781437275,0.858883495671126
3112.6574001635868,0.02610630705472768,-165.01217840608112,0.663100199190083
3118.6342133239614,0.01415696593740832,49.75455343019629,0.3595869348101713
3122.829893438712,0.003516124231382448,147.9302799444234,0.08930955547711418
3126.421125704635,0.021774894113181096,162.835840576342,0.5530823104747998
3131.504101753741,0.023518310152189702,137.10533806794515,0.5973650778656184
3135.406663262124,0.020673522077189622,175.6071352234904,0.5251074607606164
3140.7338267333175,0.03016068862696332,-142.8156410412234,0.7660814911248682
3143.92670802824,0.01249957282669732,135.8716774126189,0.31748914979811194
3149.0696568234785,0.02221091290779049,129.40131165906533,0.5641571878578785
3154.1879300849887,0.042234001471426495,140.96641188071587,1.072743637374233
3157.456068464944,0.047699055318698814,135.73306062201695,1.2115560050949499
3162.468407326892,0.028049857349569027,-135.00904332096292,0.7124663766790532
3166.0673725609568,0.03650567004917531,-144.93668178665848,0.9272440192490528
3171.123465419917,0.0297584481335922,-151.67314812501104,0.7558645825932419
3175.282960566132,0.016181432946393397,-166.24097876258122,0.41100839683839224
3180.735861389756,0.008575169944095174,177.11761084694456,0.2178093165800174
3184.607881137128,0.00480630537523303,154.6151391197874,0.12208015653091896
3188.768792021837,0.021963101499173635,137.98723840385657,0.5578627780790103
3192.483104655315,0.03754570196908364,82.0442395049666,0.9536608300147245
3198.363987718627,0.007312808625794227,176.52097630773991,0.18574533909517335
3202.261704451432,0.025142071140297165,133.17805271757905,0.6386086069635479
3206.946061905984,0.04135349199094982,132.2672012228521,1.0503786965701254
3210.5006398650626,0.022947570888388905,155.11803842491784,0.5828683005650781
3216.0438702827823,0.03410466956589317,139.45593387138425,0.8662586069736865
3218.039613994999,0.04039769954269658,103.74370377418187,1.026101568384493
3224.318984426529,0.0413078560118441,96.94263271550035,1.04921954270084
3228.1112868353816,0.015179989986736427,138.58139618532078,0.3855717456631052
3231.661924165344,0.019903021228129775,155.93225953236052,0.5055367391944963
3236.074667969592,0.008268481246626,155.76007487658143,0.2100194236643004
3240.502452751194,0.0009222581277684936,-16.057290200980095,0.023425356445319737
3244.397814251003,0.016228865293725178,100.95108288157547,0.4122131784606195
3249.687935857419,0.013974102598698263,156.4787693530713,0.3549422060069359
3252.874612468698,0.01636413877296794,149.79520691880276,0.4156491248333857
3256.6181730698063,0.06373985661179442,103.18555859762604,1.6189923579395782
3261.8556244183487,0.03666519691431109,118.33483461766512,0.9312960016235016
3264.535743991393,0.04090127885840914,101.8858378264416,1.0388924830035922
3270.3768619707494,0.020225465721389283,133.96858623697045,0.5137268293232877
3273.5611303683518,0.03187650902864109,102.80059645457624,0.8096633293274835
3277.94452368164,0.017997870362518438,63.91203593759285,0.4571459072079683
3283.031646291145,0.007807186643293569,144.61978487266333,0.19830254073965664
3285.9184347756145,0.025515962850455418,158.14573219155747,0.6481054564015676
3290.501904219001,0.03674262504152103,121.0707825050202,0.9332626760546341
3294.6971095324134,0.02997328288449272,148.3216784051799,0.761321385266115
3299.297920172735,0.02193113089917069,97.8580818487328,0.5570507248389355
3303.0734910868778,0.024831438667490723,147.96421270348972,0.6307185421542644
3307.0134992464887,0.02099437769771345,154.2205786463592,0.5332571935219216
3311.5741943834178,0.012140858756940877,136.33993904026863,0.30837781242629825
3315.778932923846,0.009965866475846895,147.1679090957687,0.2531330084865111
3319.930759478756,0.023536672314092597,173.3801898897329,0.5978314767779519
3323.97896428632,0.01421932237498934,140.79518255336347,0.3611707883247292
3327.4622623198848,0.017122339772418855,-98.43677671115097,0.4349074302194389
3333.192741598071,0.011215005938036891,-88.16507098692851,0.284861150826137
3336.1036099401085,0.00876304238278613,-148.8375585268651,0.22258127652276768
3340.336534677488,0.03388582150561193,158.82919716549932,0.860699866242543
3343.948755636731,0.03495562823544696,106.27722236388516,0.8878729571803529
3348.3806357280278,0.015588781750241733,159.82579285967856,0.39595505645614
3351.398126846252,0.013888207837974313,-122.15275649513895,0.35276047908454755
3356.536596368356,0.011308444883845092,12.062452265421268,0.28723450004966533
3359.8692303831567,0.006269348469568615,-114.0632119818465,0.1592414511270428
3364.943174520079,0.03212847165807814,121.90805893944876,0.8160631801151846
3368.2526845049047,0.019158207131946475,161.19034989463967,0.4866184611514404
3371.9106349502435,0.025298012403489972,-133.47675763931403,0.6425695150486452
3376.720984574607,0.024084098691728863,-159.27975366167283,0.6117361067699131
3379.788507966844,0.02111047981605329,157.41405536136625,0.5362061873277535
3384.8773157292167,0.03283852013544076,131.6929417892835,0.8340984114401953
3389.049696111428,0.01557523769601145,123.61086297103913,0.3956110374786908
3392.898760309655,0.03169865358420083,-146.2289550509776,0.8051458010387009
3395.973946542035,0.030592162445845755,-154.18279335652943,0.7770409261244822
3401.7926256251435,0.026858580625834256,-159.4129809186244,0.6822079478961901
3404.5562318618727,0.04288933769853175,179.1790443617157,1.0893891775427065
3409.009480074152,0.05449912487917522,152.74017541412513,1.3842777719310506
3412.656158391199,0.044216337895627705,131.4519885323989,1.1230949825489436
3416.5476487974393,0.02148247574122841,167.19835406785808,0.5456548838272016
3420.403713763977,0.01588508620597424,152.92804784283814,0.4034811896317457
3425.4066023376654,0.03861498599577076,136.9778988609687,0.9808206442925773
3428.6401268168865,0.02176112339215654,137.15126816677864,0.5527325341607761
3433.889318754603,0.024906622206374743,121.87209566401874,0.6326282040419184
3437.3813361287907,0.01751586868388387,81.27966584044287,0.44490306457065026
3441.591784317203,0.019371881123891852,113.40638497482539,0.492045780546853
3445.854960422097,0.02126615400155168,-140.69303540987823,0.5401603116394127
3449.685455668632,0.011891153170254649,158.06869643524513,0.30203529052446804
3453.7501970061458,0.019808669516037783,178.48447016831713,0.5031402057073596
3457.8620332420974,0.024419975412608087,106.1543610542662,0.6202673754802454
3461.2073759929403,0.04051148478346805,100.62546441627627,1.0289917135000883
3466.0459614337315,0.03074123952964012,129.66461240336483,0.780827484052859
3468.403912515488,0.031470962990876684,103.86656635893706,0.7993624599682677
3474.1840037184593,0.01975729181025033,-42.61198404425917,0.5018352119803583
3477.177307303447,0.01887491979227067,57.037823245391294,0.47942296272367496
3481.7622631434187,0.00513060326258479,143.7800572311685,0.13031732286965367
3485.195078418722,0.018463509652076233,155.9387428105966,0.4689731451627363
3489.897526504304,0.01664406825030692,154.8904575849836,0.4227593335577957
3492.9766813727115,0.051610895488948635,144.0702012807868,1.3109167454192954
3498.004171691043,0.02029395171116999,132.18558148906467,0.5154663734637177
3500.4395303687656,0.011760395545223498,157.2147249189684,0.29871404684867686
3505.4226524668607,0.0030000253464835367,0.0837554020538295,0.07620064380068182
3509.0780488438418,0.029584606215746583,-155.78521360595252,0.7514489978799632
3513.890457968342,0.022882651164828065,-143.7718751977721,0.5812193395866329
3516.4677722979745,0.0061044064460517794,-152.81794453507527,0.15505192372971519
3521.115126001231,0.021253987399647695,157.17507260910156,0.5398512799510514
3524.8719864464715,0.035842704951953845,135.32377894714568,0.9104047057796276
3529.42047389688,0.019481581066392608,148.13428881071528,0.49483215908637224
3531.669082027943,0.02156083153728089,114.43988571538598,0.5476451210469345
3536.293593009745,0.023541334971136228,97.00725700836183,0.5979499082668601
3540.659511142031,0.02955714949993482,133.99016420900372,0.7507515972983444
3544.6425252624904,0.014581042567569924,113.70377830283164,0.37035848121627607
3547.350289531614,0.009306341427434998,121.97112834640208,0.23638107225684893
3552.49688158389,0.03562433123155248,126.407574510209,0.904858013281433
3555.5445412370445,0.02029660993112663,172.85394457588208,0.5155338922506164
3558.929265262728,0.018383280809395216,-153.3037584184087,0.46693533255863845
3563.43452266472,0.010375162099666735,175.80726641674903,0.26352911733153506
3566.774920017628,0.01662488861392494,77.49369944747198,0.42227217079369345
3570.694463435955,0.033154309920491384,92.45919483015496,0.8421194719804811
3574.851940435264,0.02609575218003968,-134.9984833272197,0.6628321053730079
3578.753331839115,0.018609594716507256,120.79234724565148,0.47268370579928426
3582.110123011504,0.019893886613107807,102.61930543905264,0.5053047199729382
3586.01274309313,0.032431921487688746,-166.28532372095967,0.8237708057872941
3589.6074492083358,0.03901566704883305,145.3017052156108,0.9909979430403595
3593.487570311603,0.04327953170839618,160.3904072800307,1.099300105393263
3596.302390420685,0.017787280360542605,64.9718651259584,0.45179692115778214
3602.123604363771,0.010872738394349294,-51.232551955619485,0.27616755521647207
3604.5833084788032,0.008473497465011113,-130.57311146459753,0.21522683561128225
3609.0084315192207,0.032529177477133374,162.45969835063383,0.8262411079191877
3611.6000499923825,0.035727868249538615,161.9484861910319,0.9074878535382808
3616.52760613492,0.015233517744566084,143.88890445623235,0.38693135071197854
3620.062829955044,0.007743222387836997,89.75092117499287,0.19667784865105972
3623.820031404696,0.02953617633624805,105.20061544198816,0.7502188789407005
3627.5433532543448,0.004336781331133138,85.43057298311602,0.11015424581078169
3632.2802931215488,0.017714390902009852,128.85580365964816,0.4499455289110502
3634.8650482165926,0.02185454410049401,141.67784046728087,0.5551054201525478
3638.6918383634106,0.02635361444961181,158.8738115367829,0.6693818070201399
3643.8429558183616,0.019671387663845494,-141.8851057387895,0.49965324666167554
3646.7597394532336,0.0390756207019018,159.07814534802327,0.9925207658283056
3650.536430886161,0.014074878959874613,82.43103228336021,0.35750192558081517
3654.8701286294145,0.029945919549857983,137.83278203465588,0.7606263565663928
3658.4449749929695,0.03274919371448039,167.62294992797234,0.8318295203478018
3662.265299080047,0.021002062684269716,154.96480627525048,0.5334523921804507
3665.5403874100975,0.01224740194807578,157.05274281045504,0.3110840094811248
3670.870042794247,0.018569290679293856,-135.80613057707103,0.47165998325406394
3673.326833345696,0.00712477982065404,111.00725876571748,0.1809694074446126
3678.243020847569,0.013871939148919758,121.07253406026268,0.3523472543825618
3681.725790438848,0.021270460392553706,166.1759308300393,0.5402696939708641
3684.8082921180503,0.006091979236665927,-55.26734407316518,0.15473627261131453
3689.5561072752553,0.03503119061313969,125.02467057658203,0.889792241573748
3692.340895310307,0.03209878868776992,105.6683231830662,0.815309232669356
3696.911685626229,0.004870092223362133,142.84870836714083,0.12370034247339817
3700.8014933787535,0.02218281646420209,150.796009054749,0.5634435381907331
3703.6899848167345,0.03131854875377792,163.54774203914013,0.7954911383459591
3706.847040275531,0.042235125714153776,121.13940080313824,1.0727721931395058
3711.479304257032,0.011627289338939395,64.4361745048152,0.2953331492090606
3715.999525977165,0.015447905241669299,149.96853898515158,0.3923767931384002
3718.1636891999806,0.016390908424424862,148.0755350873582,0.4163290739803915
3722.624321446304,0.02807351642885405,114.89855189068648,0.7130673172928929
3725.624638340127,0.0227901820128036,122.56044523672574,0.5788706231252114
3729.4573769223375,0.01701987324587664,62.28331318062802,0.4323047804452666
3732.990145460019,0.015695977045586857,-133.47710647743386,0.39867781695790616
3736.594695154812,0.010143124143251536,156.36868809256225,0.257635353238589
3740.099150652364,0.0200324095938777,120.93505653779556,0.5088232036844936
3744.1219198398385,0.003831075347321824,-116.30699348671737,0.09730931382197432
3748.196991155704,0.013441085463452155,157.55860037213495,0.3414035707716847
3751.225418581193,0.03049488334868202,158.9780836675893,0.7745700370565233
3755.821005561987,0.03234232412511114,133.11512980303937,0.821495032777823
3758.3662967415703,0.02537646484210356,129.27384219002747,0.6445622069894303
3761.9441482883385,0.02508696006365871,121.62735674631682,0.6372087856169312
3766.5357345462176,0.024328101358642103,128.1651265633379,0.6179337745095094
3770.4771747830846,0.02722740398770202,163.4342992165105,0.6915760612876313
3771.8554834445385,0.04238072359070882,128.57343436584452,1.0764703792040038
3778.0750938561473,0.019392589401096092,149.10832130141193,0.4925717707878407
3780.4243686584696,0.023474831233559517,162.62018961110428,0.5962607133324117
3783.774772286338,0.021195218841538355,85.04355926871231,0.5383585585750742
3787.597741343647,0.004780676098403614,-85.30939658664464,0.12142917289945178
3790.5065033400774,0.021464486429057007,92.04203391184473,0.5451979552980479
3795.9345517459287,0.011707952126040245,-135.73636996047375,0.2973819840014222
3798.884392210471,0.013185983025988512,-158.3641778959197,0.33492396886010817
3802.1589968054686,0.013131032062209084,157.77844142386147,0.3335282143801107
3806.101767467988,0.02374921145419622,-157.93522242647285,0.603229970936584
3809.397646332312,0.039304678783092246,142.4173617682772,0.998338841090543
3813.0405172584105,0.026663455001871984,173.78179044916007,0.6772517570475484
3816.910922752405,0.032996334695137436,146.3224158927534,0.8381069012564908
3820.5600952171176,0.018856497487669065,173.646022047541,0.4789550361867942
3823.7192290824855,0.03283964259616937,156.12652954432502,0.834126921942702
3827.2332223830185,0.04025630962645265,105.0336408051051,1.0225102645118973
3831.880855247248,0.03895981699667776,122.3773953956814,0.9895793517156151
3835.1019360089326,0.04693977833312685,114.78703553903313,1.1922703696614219
3837.7905932980143,0.04259384783987146,77.47654732653126,1.081883735132735
3842.8055005014394,0.041728355154683365,94.14374932929049,1.0599002209289574
3845.0060541299417,0.02366225181382132,95.55731052800394,0.6010211960710615
3848.771013208035,0.011691508563801268,108.75865241394715,0.2969643175205522
3852.2187708270576,0.020246257077742778,120.4748508008944,0.5142549297746665
3856.406425874588,0.02029116177006614,87.80811936657724,0.51539550895968
3859.8306317412166,0.01933738635401024,83.93866658751814,0.49116961339186005
3863.29250471756,0.022783320298364797,113.91149089206976,0.5786963355784658
3867.236701473226,0.025611745495293985,128.2691791603812,0.6505383355804671
3869.4297384277297,0.011562548297942427,144.64031311667205,0.2936887267677376
3874.757666750113,0.022235538955645825,118.83760833647824,0.5647826894734039
3877.988535420469,0.023789988301899975,148.09134356486507,0.6042657028682593
3880.0525066442383,0.015680126887558415,179.82119825836557,0.3982752229439837
3883.9526989651063,0.011284335489178456,-146.0911915663132,0.28662212142513277
3888.832848065679,0.03585056287303539,138.92826479209984,0.9106042969750988
3889.5905889639207,0.0407947646377546,87.89120658912198,1.0361870217989668
3895.7822960216904,0.020660291407828595,88.05053090499078,0.5247714017588463
3898.3273059928047,0.00694426932493796,155.24406135602214,0.17638444085342417
3902.2605496957017,0.018423486703444767,-146.30902014780727,0.46795656226749704
3906.6576131997545,0.02418694235837259,-144.15195582326544,0.6143483359026638
3908.026284961904,0.042526848101764096,152.39501483250606,1.080181941784808
3912.370168940276,0.04881847826849169,93.22454817946229,1.2399893480196889
3916.939656869198,0.002897454800440661,49.90880607688417,0.07359535193119279
3919.653083740076,0.016960498610121517,136.62503149007554,0.4307966646970865
3922.720248756679,0.03938750726249385,131.00624213845555,1.0004426844673437
3925.9863261931137,0.0319442102072752,139.19536105669314,0.81138293926479
3929.6801932929175,0.02552104725397215,102.74830581287226,0.6482346002508926
3933.7148797510818,0.0265490393050828,122.56399892706628,0.674345598349103
3936.826246792852,0.017345127812071176,83.084340442148,0.44056624642660785
3939.870793606912,0.029722398216177524,74.65423547868464,0.7549489146909091
3943.42031259942,0.023653004939975963,88.78421362155575,0.6007863254753895
3947.437714634924,0.020298999551688696,135.33210116092485,0.5155945886128929
3950.3214052549647,0.032996401465671996,126.37563066535115,0.8381085972280686
3954.132549421073,0.035906265659412365,127.99824376927403,0.912019147749074
3957.2280439397264,0.018124992167285844,137.48072621769168,0.4603748010490604
3960.755718215924,0.022315485972095296,94.37408433440729,0.5668133436912205
3963.950637511314,0.016644303531371224,160.05683177998287,0.4227653096968291
3968.1772954863486,0.035190652720585205,143.89375147582848,0.8938425791028641
3970.355621440545,0.02918907098538409,127.66265065096296,0.7414024030287559
3974.613931835853,0.01825267649286696,102.42555601278607,0.4636179829188208
3978.8377364461544,0.014622916699740855,-114.82504561145804,0.3714220841734177
3981.0535116103674,0.029525320630901616,-163.40610754989424,0.749943144024901
3984.3955296623935,0.026610602527074156,146.74087165593335,0.6759093041876835
3989.973804293199,0.0024671217302077784,-125.1693638544513,0.06266489194727756
3990.9336358763735,0.014820543030968128,97.5218204385018,0.3764417929865904
3995.8349790579546,0.016212269468541863,143.66822603544068,0.4117916445009633
3998.962609459987,0.0391105716519775,82.22948550589314,0.9934085199602285
4002.346972582134,0.01983677266168024,45.58359373115779,0.5038540256066781
4006.9170135410127,0.011125511060900189,71.65984118600423,0.28258798094686477
4009.410051279792,0.016138742913344776,61.91170695144672,0.4099240699989573
4013.875480447684,0.022212027286393887,24.94635852370233,0.5641854930744047
4016.0953287498105,0.003134679240397187,15.846839606680547,0.07962085270608854
4020.793344695996,0.024527293795437076,-160.48045660279166,0.6229932624041017
4024.060507993227,0.019718184540871098,156.95463258794499,0.5008418873381258
4027.765859136563,0.014327685045435384,-133.20619918221308,0.36392320015405877
4029.9158388145097,0.025405403141444263,-172.29160791393295,0.6452972397926843
4035.118597844972,0.027169554973579497,120.54515710291328,0.6901066963289192
4038.4744286793407,0.012775325669050454,112.10482426964047,0.3244932719938815
4041.3411967013594,0.0038190979970026536,48.28170317211347,0.09700508912386739
4045.240653098561,0.0387809644231142,166.15058201037382,0.9850364963471006
4046.744244613103,0.039148214966167286,102.40230028155364,0.994364660140649
4053.046308765684,0.01818645409198917,83.0128070802809,0.46193593393652493
4054.8708939131616,0.030919177472131104,-132.98709663961068,0.78534710779213
4058.865770979645,0.033916589001268906,165.85997109110593,0.8614813606322301
4061.3540690356695,0.02874182024799194,131.45055223738632,0.7300422342989953
4065.004122609877,0.016500807819281763,153.3768555352576,0.41912051860975674
4067.7812920533615,0.009490230118464787,82.11926649297763,0.2410518450090056
4072.22146405144,0.045839283604532814,104.48314740863144,1.1643178035551334
4074.50598681724,0.019537062746128313,143.34501274455107,0.4962413937516591
4079.12160968798,0.035707066322752785,104.26353557150556,0.9069594845979208
4081.5759534807626,0.012547698658594723,132.54655519590375,0.318711545928306
4084.713329841157,0.018105275360650125,120.01180606179106,0.45987399416051317
4088.2268134744577,0.012016732760942388,70.97322872018313,0.3052250121279366
4090.3923003787368,0.025133191097615807,76.25532542666765,0.6383830538794415
4095.822985551263,0.020856908828037535,83.50408978945958,0.5297654842321533
4097.633280214776,0.031911485893118346,106.28305129830522,0.8105517416852059
4102.009032564481,0.0015954100688658588,-113.25543829927804,0.04052341574919281
4104.164541073809,0.04646748531721402,74.95223839534651,1.180274127057236
4108.43008993224,0.01779361397199873,11.8536922240665,0.45195779488876775
4111.42241159147,0.034461341474686824,110.45502358503629,0.8753180734570453
4112.907175051801,0.05504565812669082,103.29503449139494,1.398159716417947
4118.689332302222,0.026631939635768122,92.42181441959688,0.6764512667485103
4121.496972908743,0.006663121068782208,-91.59402138202815,0.16924327514706808
4123.062031285834,0.0404755725214646,140.0786576364344,1.028079542045201
4127.520017714156,0.024959415703419262,101.69112875833255,0.6339691588668492
4130.515537325394,0.015986509621340583,152.93206278802947,0.40605734438205077
4133.875661295096,0.015499617364115908,116.11137744766756,0.39369028104854403
4138.091333716524,0.01521771351673394,136.5743568868528,0.38652992332504205
4139.09521489192,0.020505920374262313,171.73034362295255,0.5208503775062627
4144.130396229233,0.0148993708601231,133.31521945783865,0.3784440198471267
4146.909584761781,0.020513174973847425,52.87753986297956,0.5210346443357246
4150.868135713672,0.0052747815142064735,137.11375493152843,0.13397945046084442
4154.096262326376,0.03347020801270158,175.58368674245915,0.85014328352262
4155.503553570616,0.025701309405961,141.22876340304205,0.6528132589114094
4160.010991593977,0.014829513471520207,89.39068787801614,0.37666964217661325
4164.637638856157,0.02150413300691276,108.2505876299472,0.5462049783755841
4166.58755116322,0.03444227296491158,123.39873326107664,0.874833733308754
4169.577654759869,0.015305125398592368,45.54143705572619,0.38875018512424614
4174.0414221042765,0.010244501591834055,-100.37698417974464,0.260210340432585
4177.762533082574,0.023203627636598903,142.1998632165611,0.5893721419696121
4179.698770816933,0.03447405200183925,112.64805001605389,0.8756409208467169
4183.181717556615,0.023269694487513023,165.08715350439672,0.5910502399828308
4187.293217066495,0.032824789331019164,114.67057247798896,0.8337496490078867
4190.2955369547935,0.029979379935301087,66.87158631872303,0.7614762503566476
4193.57549101822,0.02648980600020282,-66.74525878263064,0.6728410724051517
4197.544092557268,0.025007077530251887,-113.0559344723648,0.6351797692683979
4200.758281472388,0.0069558524419076045,169.23333945161707,0.17667865202445315
4202.756150065596,0.012196810363713643,-146.48883310308923,0.3097989832383265
4206.069909837257,0.03249082765957726,87.1291430132721,0.8252670225532623
4211.183641331211,0.014762160659591753,71.1962980971281,0.3749588807536305
4214.57802092843,0.026959929451632537,-177.67328725531905,0.6847822080714664
4216.3510297821695,0.028374701030367423,117.06105253952848,0.7207174061713325
4220.091004641123,0.013035958552485924,65.77257583681735,0.33111334723314245
4223.167390451776,0.008131899780296634,66.60013378463043,0.2065502544195345
4226.036837956589,0.021758922266844866,123.25243004575177,0.5526766255778596
4230.960781429145,0.017162726869000756,-176.84053256554773,0.4359332624726192
4232.362876127283,0.03229959462261429,158.39859359917455,0.8204097034144029
4237.3602998707165,0.013151096351143863,177.15952405723525,0.3340378473190541
4239.212139006285,0.027224878040786375,143.88076359186852,0.6915119022359739
4242.8185094971,0.019748206969260863,61.20465997445566,0.5016044570192258
4246.657773685824,0.019384120286854503,150.41903165316776,0.49235665528610434
4247.8597747274525,0.016246212548332868,174.8512399469448,0.41265379872765484
4252.021456150159,0.016316839586466268,125.83821053165624,0.41444772549624315
4256.0993127410175,0.02326345590206639,57.13688865624605,0.5908917799124862
4259.6911019525005,0.0034856294524111438,76.03860028330762,0.08853498809124305
4260.216268282025,0.004278019086977349,-46.25328944261295,0.10866168480922465
4265.360129892449,0.009083549236177976,-20.345531519778433,0.2307221505989206
4268.837223605985,0.011087029824717091,112.79778074464684,0.2816105575478141
4272.036840783005,0.01959226837871655,95.66071234697684,0.49764361681940034
4275.119127628152,0.02869717364801376,102.14390229097953,0.7289082106595495
4276.534763076236,0.03631213258232793,148.772496694411,0.9223281675911295
4280.655239946876,0.033049144100979234,109.09318894559657,0.8394482601648725
4285.15232760886,0.02529887605800304,114.3221295922179,0.6425914518732773
4286.706941475328,0.02829199213725569,106.59614958261388,0.7186166002862945
4290.290207767995,0.01638109511637613,105.73940592153735,0.41607981595595367
4292.85553066911,0.03867537775470033,81.30068652830198,0.9823545949693883
4296.169999336737,0.020764445962036117,43.35200401142578,0.5274169274357173
4298.835297571459,0.010374967973782383,133.0134044254578,0.2635241865340725
4304.170278366575,0.009065969379011694,-177.10924687238088,0.23027562222689701
4304.883113837684,0.023122499620658564,80.5163434139814,0.5873114903647275
4309.417071003158,0.0118933122550543,50.11720574177168,0.3020901312783792
4312.405822022068,0.035504490470141786,142.55240658237028,0.9018140579416013
4314.974792786412,0.015548763922973472,122.50182846896192,0.3949386036435262
4318.599989752115,0.01021299845807759,-80.71594904370988,0.25941016083517077
4323.206681244885,0.03138372358836677,89.99502876115427,0.7971465791445158
4324.140406503589,0.021110549369395774,110.00836711379964,0.5362079539826526
4329.293391542624,0.015498017438774447,159.28511862743883,0.3936496429448709
4330.048657368627,0.025267827485598648,123.90965972812268,0.6418028181342056
4334.4052375297315,0.029932370577339048,117.63099297719658,0.7602822126644118
4337.703392731798,0.008116465694003662,97.22058245181432,0.20615822862769298
4341.594887095916,0.027137577536507054,96.83961814175758,0.6892944694272791
4343.694902582864,0.02145224624467297,73.96602027644526,0.5448870546146934
4349.187972401427,0.016665230286387982,113.55245165721898,0.4232968492742547
4349.7304934584645,0.024272586057318808,163.5570494771441,0.6165236858558977
4354.271994952929,0.030577948190849708,129.00666666734196,0.7766798840475826
4356.459509288531,0.016961897877113115,104.90361997896846,0.4308322060786731
4358.974899830629,0.019258903801600957,72.65461070402002,0.48917615656066427
4363.67334141037,0.021693148468738543,151.38792137712096,0.551005971105959
4366.283920297187,0.04387259974063412,108.1030064198847,1.1143640334121065
4370.463193776582,0.03201439819598289,112.64773663304616,0.8131657141779653
4370.880014892792,0.024127120081200784,72.98917497726029,0.6128288500624999
4376.314637296294,0.027266768316498352,69.05695051351826,0.6925759152390581
4378.2263070143335,0.004033291946178809,-93.3603146862454,0.10244561543294176
4382.872944215831,0.024344574130433824,163.415371111324,0.6183521829130191
4385.061829694833,0.010923824337064361,155.1574876110799,0.27746513816143475
4388.248386322243,0.02084888567647593,-179.68499748904895,0.5295616961824886
4390.805992546985,0.04954997281036318,109.21164387659704,1.2585693093832246
4393.7638039263775,0.036968102700270136,120.96502660671285,0.9389898085868614
4396.5028010882415,0.027175642295581805,64.16966866056151,0.6902613143077778
4403.3946941812155,0.014634613513745934,-154.6736218547125,0.3717191832491467
4403.805766565762,0.0380735865140708,132.19235541878405,0.9670690974573982
4406.438361707857,0.02626160406168007,94.63402828117123,0.6670447431666738
4410.4459312975205,0.025489310396659658,95.61564216426704,0.6474284840751553
4414.412723110274,0.026599252365034527,128.7504667871207,0.6756210100718769
4416.640200220683,0.016063759041102205,70.2616731240715,0.408019479643996
4422.25578361596,0.04189849343253316,86.13325347312937,1.0642217331863422
4422.704965044278,0.01488244279689538,109.1210035987792,0.37801404704114266
4427.748947271067,0.02375956820206504,69.300092190222,0.603493032332452
4429.739959379595,0.015998683903496194,121.07391386633638,0.4063665711488033
4434.313522191519,0.01259767985192702,133.48967352783694,0.3199810682389463
4436.793825127724,0.02263409363273236,72.37971283216363,0.5749059782714019
4440.262025119261,0.018630409514203892,97.10128425726377,0.4732124016607788
4443.061564531263,0.02686627352562836,120.9378113467477,0.6824033475509603
4445.393879296382,0.006745123741649884,-115.19703300162382,0.17132614303790705
4451.067638698356,0.0341674484228392,88.75582093917198,0.8678531899401155
4451.792971175661,0.006831518679435237,152.8809454663742,0.173520574457655
4457.672247742058,0.020701113416179896,153.23209430618618,0.5258082807709693
4459.483753932696,0.03123095617126648,150.8729631038386,0.7932662867501685
4461.616906593319,0.017895999236819157,115.36560929645158,0.4545583806152066
4466.0594722403375,0.025239010109310785,101.29320685576268,0.6410708567764939
4468.217943369161,0.04854123268324007,89.91113203980785,1.2329473101542978
4471.227650704136,0.013412236349154807,13.001421110062712,0.34067080326853205
4475.071785321682,0.010637136329262492,106.7832734967352,0.2701832627632673
4478.063115835616,0.039833928831630255,107.09943266895932,1.0117817923234085
4480.668304427579,0.009610192453846146,-95.08228557091219,0.2440988883276921
4483.057693282543,0.022347949208436527,81.50170686545715,0.5676379098942878
4487.552993986198,0.026163357069209896,73.32112105527774,0.6645492695579314
4490.567419516891,0.01690413966428626,79.7158225847531,0.42936514747287097
4492.923742561499,0.02366204585378706,82.10115422267585,0.6010159646861913
4494.668176626739,0.031229990126480648,75.71115194006458,0.7932417492126084
4500.2824311397135,0.005985302433554686,165.78649920551723,0.152026681812289
4502.13996250826,0.0153438988585485,84.2791780461174,0.38973503100713186
4502.987485002239,0.029996094451827524,112.74739730861693,0.761900799076419
4508.536796569716,0.02760878526783691,66.1062194576175,0.7012631458030575
4511.515828296271,0.02840980796111644,106.87734843137848,0.7216091222123575
4513.648980038731,0.029623576354973084,131.59438523956715,0.7524388394163163
4515.99870378258,0.02257621662978763,128.81248121699167,0.5734359023966058
4518.834933474103,0.025220164742400342,91.4979274321671,0.6405921844569686
4521.5136534349085,0.02313139657036089,57.728239370342685,0.5875374728871665
4524.540422325514,0.03133439670236031,76.4737622318681,0.7958936762399518
4527.424240453697,0.009852256773244621,136.8119517028677,0.2502473220404134
4531.081067643023,0.019031852110058502,136.59628580003863,0.4834090435954859
4533.072747558751,0.03465314210706133,47.33460301588018,0.8801898095193578
4536.08334145164,0.008928546412202016,11.58552241897902,0.2267850788699312
4540.116885808761,0.007929188506620397,117.0999868883878,0.20140138806815808
4543.078141418011,0.015059843571884484,96.3939102397379,0.3825200267258659
4544.749166752016,0.031481299229878225,114.7034119504778,0.7996250004389068
4547.7277362147415,0.034142437590170494,78.83157995714937,0.8672179147903305
4551.4981766612655,0.010401306062357871,-112.2139763442304,0.2641931739838899
4555.004093597552,0.009168300873925773,108.57809149962863,0.23287484219771462
4555.907634051644,0.02322648133801234,122.93518065699153,0.5899526259855135
4561.847126152987,0.021240203452297653,92.06085569860504,0.5395011676883603
4562.615797703003,0.03368418711499284,86.3285576208514,0.8555783527208181
4565.48135198605,0.013688051412429339,91.5294192198699,0.3476765058757052
4569.27910582686,0.027439537680495334,141.02909972934637,0.6969642570845814
4571.5215102344,0.017740641323252353,114.40980206340076,0.45061228961060973
4574.637486854112,0.03456980703188071,109.72641794928506,0.8780730986097699
4579.694958934564,0.039385742705768646,135.37651037026052,1.0003978647265235
4580.866416190396,0.005852225269874624,88.4062174629603,0.14864652185481544
4583.965683553108,0.026699867637798427,85.97440519526961,0.67817663800008
4587.149245416244,0.019247020747433348,139.51100162581267,0.488874326984807
4591.065053243903,0.03574322592426379,81.60241036736477,0.9078779384763002
4592.724912106583,0.0191582935989671,63.29249527748912,0.48662065741376437
4595.834457156669,0.015697512140584475,113.2622817944092,0.39871680837084567
4598.465610246057,0.022221018064059128,90.33446317373279,0.5644138588271018
4603.744753491348,0.01490977426420968,71.04908658888975,0.37870826631092586
4605.542394753055,0.050296454165857055,80.94036936756378,1.2775299358127692
4605.631004131295,0.025708430183849065,118.2631778821092,0.6529941266697662
4612.629617353086,0.027785307665618583,110.240227126269,0.705746814706712
4614.068526639282,0.027852564461256266,-70.6614800783069,0.7074551373159091
4617.919216015464,0.03777414633076782,81.19380439061764,0.9594633168015025
4620.714509444264,0.03952551394076862,40.55580045304732,1.003948054095523
4622.197775118866,0.012516006879971904,110.49574690557591,0.31790657475128636
4626.694225468016,0.022020870909582064,100.86341580814597,0.5593301211033844
4629.050492751193,0.02694865834019914,88.68726613947837,0.6844959218410581
4633.137619623632,0.01122937488017732,159.29204490272306,0.28522612195650393
4634.107654454155,0.013065041947862116,147.81057783343388,0.33185206547569773
4638.039292366239,0.036692029839237375,113.94786327662936,0.9319775579166293
4641.271082558157,0.008133950702997085,20.200359483791033,0.20660234785612594
4644.749498831256,0.009548674008124378,-61.48936964095663,0.24253631980635917
4645.9597348126845,0.01975594211105684,118.83236881139756,0.5018009296208437
4649.711534219495,0.03562025342171465,109.36194708133142,0.904754436911552
4652.634313366239,0.0374410629079721,73.62466770965612,0.9510029978624912
4656.267481697082,0.012037435898602204,-4.826954346559204,0.30575087182449595
4658.7969391873485,0.014830771499982992,66.31977117728324,0.376701596099568
4663.764993775936,0.038766248357561456,114.68632884354037,0.9846627082820609
4665.02559323015,0.016513798277378585,-109.67352561502028,0.41945047624541604
4668.215632765826,0.028813825677502725,115.50123925762875,0.7318711722085692
4670.177365661934,0.04349564740409572,86.04262288440036,1.1047894440640313
4675.475551432694,0.015928905776479423,54.17156179287297,0.4045942067225773
4676.449135934111,0.014761424263767552,100.12599718637262,0.3749401762996958
4679.400462340297,0.0125491132314254,-70.1400861070575,0.31874747607820514
4682.612285298429,0.020290726860729687,116.24962327048588,0.515384462262534
4686.492719680205,0.03932157441195835,94.4988507723338,0.998767990063742
4688.9104847476365,0.03489388260835164,52.27866744116464,0.8863046182521316
4691.056628229996,0.010230754564971975,-169.00897580773176,0.2598611659502882
4695.050238331724,0.026200978091020437,80.02045863931197,0.6655048435119191
4697.3288606970655,0.026084412108853754,83.44408753218265,0.6625440675648853
4700.9482548036085,0.036368125077583226,67.52492190810395,0.9237503769706139
4701.936613220148,0.002700875078712175,37.245342067987,0.06860222699928924
4707.415539300428,0.015387604923576924,-115.88298904316208,0.39084516505885386
4709.7679139302845,0.03399128671878854,132.40037119473288,0.8633786826572288
4711.973603699536,0.03951733350455248,102.43898348589065,1.003740271015633
4714.9944429136995,0.017304966224841213,143.9795806228064,0.43954614211096676
4718.404052326296,0.036309255750117016,119.81018633858903,0.9222550960529722
4722.172146294105,0.023979774528720434,115.12791818329464,0.609086273029499
4722.470035580784,0.015599041527471758,116.6238658784512,0.39621565479778265
4728.343882212585,0.017066029304497243,99.62791589468378,0.43347714433422996
4728.408532203044,0.01508986351002782,38.253273818604335,0.3832825331547066
4733.657280121977,0.009192823302830314,110.10487765127164,0.23349771189188995
4736.114320958827,0.018515023302960676,101.705007672806,0.47028159189520113
4739.771219979493,0.015113886689345076,-16.03862364185572,0.3838927219093649
4741.088746818515,0.037446425409651415,135.54126962581572,0.9511392054051458
4744.09497829031,0.020212838357161145,47.01758691468207,0.5134060942718931
4746.610206019576,0.040781814090855566,94.39441086257811,1.0358580779077313
4751.8171825636555,0.018018720566719163,83.52253322389599,0.4576755023946667
4752.565781151765,0.03369374241591757,89.13511071905289,0.8558210573643062
4756.657238928264,0.016334708653690203,78.73166674796134,0.41490159980373115
4758.170253752372,0.025874555381524333,116.65683880729345,0.657213706690718
4762.390607807505,0.02693267771937891,70.07862312916365,0.6840900140722243
4766.624000469024,0.007017868979503837,116.36179311251676,0.17825387207939744
4766.886584703022,0.047928271546652086,106.63714786950196,1.2173780972849628
4771.364248223928,0.025055507789243456,100.31076622029852,0.6364098978467838
4772.789035986365,0.01562684206386832,118.5026617661265,0.3969217884222553
4775.440059154689,0.0247624689343694,119.27307523348424,0.6289667109329827
4777.856242227582,0.01084230287460808,81.26576391883722,0.2753944930150452
4782.639189180241,0.014107632819038181,95.06191670041449,0.3583338736035698
4783.334653822401,0.00757387359146416,166.7474923956595,0.19237638922318964
4788.39755613574,0.012222641714707293,60.301159290143005,0.3104550995535652
4788.398701325981,0.03405444768244394,91.28178146718216,0.8649829711340761
4793.134898574681,0.01591156502791472,110.67188245606576,0.4041537517090339
4795.89316475436,0.024192785100156464,95.34010275333496,0.6144967415439742
4798.176487257443,0.019090133532837283,33.61760211256253,0.484889391734067
4801.668525804224,0.0022389791968231683,-103.40663375596058,0.05687007159930847
4802.826130253718,0.052018334682946366,96.78903915642486,1.3212657009468376
4805.109546023536,0.04593731563129728,76.14544890417052,1.1668078170349507
4811.171285981528,0.04682648616696759,90.412726069636,1.1893927486409768
4811.935470794446,0.011013466768866996,152.4774199100297,0.2797420559292217
4813.8615091948,0.03010608704324438,90.72973679806941,0.7646946108984072
4818.589887649671,0.023238214707002672,55.1334563686498,0.5902506535578679
4821.640332091689,0.014896299280265047,52.25303279319862,0.3783660017187322
4823.660351282391,0.01280877111055164,53.05759226824686,0.32534278620801166
4824.703707622211,0.024009848135359068,101.1529848626756,0.6098501426381203
4829.250373767719,0.04155034856692633,84.39836237319561,1.055378853599929
4831.904384914591,0.02613281662701848,38.12758432899493,0.6637735423262693
4837.452912692526,0.015966184306772192,42.33335168161678,0.40554108139201367
4837.848450247836,0.022251831295285327,145.01579112850013,0.5651965149002472
4838.880415177936,0.025557416510643503,59.721970117982416,0.6491583793703449
4844.651829697922,0.030769880520460317,92.69933621190958,0.781554965219692
4845.836202100099,0.01963669083623999,79.74278035953601,0.49877194724049567
4850.272895902646,0.04374542851812321,93.63927920967042,1.1111338843603293
4851.531495869269,0.020277850129776048,116.7904137721026,0.5150573932963116
4855.1332618812685,0.016806972171539855,40.28827668530471,0.4268970931571123
4857.235908117083,0.0423747758080163,90.74319553504246,1.076319305523614
4861.795493035298,0.02996300030415745,77.73568794483438,0.7610602077255991
4862.299388860124,0.04760739005603752,75.43338286823693,1.209227707423353
4869.583685532662,0.02108629195088155,14.636251840386644,0.5355918155523913
4869.635994735832,0.012777343683017056,101.35356206262108,0.3245445295486332
4870.038777233055,0.039740242910666405,107.60791277232453,1.0094021699309266
4876.3160167939905,0.03724163231733393,42.45654606155277,0.9459374608602816
4877.055998036475,0.01634317318401244,59.65555032862658,0.41511659887391594
4881.778096053898,0.041015326429407466,63.46482957987011,1.0417892913069495
4884.052665423999,0.03906509062516849,98.32185988485709,0.9922533018792796
4885.245020919297,0.00815518888483552,38.38548245911237,0.2071417976748222
4889.394875361237,0.012489135030175512,36.91264188026737,0.31722402976645797
4891.728187292249,0.03752285598086808,85.80907916249248,0.9530805419140492
4894.671379063972,0.04722961797978749,69.58234766232697,1.1996322966866022
4898.434338767497,0.03202680317029877,86.45410358300137,0.8134808005255887
4899.1238315091,0.01687706600735926,38.07241167978664,0.4286774765869251
4901.263611323973,0.022763552884808386,75.53881156966541,0.5781942432741329
4904.796125859136,0.03504570437265921,47.42282846102035,0.890160891065544
4905.530794908126,0.029698140499811693,89.24755432266667,0.7543327686952169
4907.48790238512,0.04237129669452468,107.95614845268264,1.0762309360409268
4911.44677762936,0.016466341659838287,95.5705755825248,0.4182450781598925
4913.615560715108,0.03079071926480365,87.26105587164044,0.7820842693260126
4913.792300815646,0.013142878477070432,92.0610293473739,0.33382911331758897
4914.536524290098,0.022243463103714205,83.89437030839994,0.5649839628343408
4916.841150400927,0.037940418839589686,93.72556064730216,0.963686638525578
4919.4425913573405,0.02343959839252972,101.73005100231468,0.5953657991702549
4920.041847170161,0.013134639544190276,127.88433622685868,0.333619844422433
4920.7272337860795,0.03087683940356419,100.4574710112015,0.7842717208505303
4922.29082081808,0.017813248084687358,89.87642142773073,0.45245650135105886
4922.714665035671,0.024213425049152873,110.63550648998329,0.6150209962484829
4922.996977591051,0.041461581147041994,83.80725706830076,1.0531241611348665
4924.571921480531,0.019706094682042836,22.963266503533895,0.500534804923888
4925.075837715929,0.03492806594997833,98.87633829565043,0.8871728751294496
4925.413846363518,0.030418220129845366,85.5737903949233,0.7726227912980722
4925.466094486202,0.052187974102003085,90.47152699034973,1.3255745421908782
4925.524340299539,0.0316236942831696,89.01901201896581,0.8032418347925078
4926.128356504458,0.05450539509345607,95.75351749369347,1.384437035373784
4927.134611383445,0.0231879097266446,83.80463119557422,0.5889729070567729
4927.215924316647,0.009504615251785012,62.28514679659352,0.2414172273953393
4927.323246776162,0.03102679905746787,68.27246547500141,0.7880806960596839
4927.345288530219,0.05382560684615241,97.28075188286589,1.3671704138922711
4927.726923488442,0.02945306438153614,69.25201394952971,0.7481078352910179
4927.731304453506,0.04080919750396473,87.90320612894887,1.036553616600704
4927.771982233525,0.013665699056809297,37.09020419691046,0.3471087560429561
4927.925572828577,0.015521490796162213,54.3164432480736,0.39424586622252017
4927.997456351055,0.03037524856840803,110.94642112449078,0.7715313136375639
4928.327633171686,0.045602344905592805,71.95450034918255,1.1582995606020572
4928.593509822621,0.019072097610382647,76.14401874118289,0.4844312793037192
4928.6441399641535,0.011348876943021276,88.65638839605212,0.2882614743527404
4928.7915403340485,0.0476076937207704,104.88992641941392,1.2092354205075682
4929.036357599948,0.025037819052991604,95.99504906785756,0.6359606039459867
4929.0711906516,0.0037141729947219567,-118.98125090333812,0.0943399940659377
4929.271058241216,0.01477598321141616,40.55632993686322,0.3753099735699704
4929.498482686905,0.008842350715557652,75.94525931587815,0.22459570817516433
4929.656416641875,0.002794530818080868,-138.33563914418545,0.07098108277925405
4930.1052394134795,0.02903871300622991,64.28198880066248,0.7375833103582397
4930.855163996956,0.020424189474556417,115.28186362485133,0.5187744126537329
4930.8641660268095,0.03259790278905544,85.06021547067073,0.827986730842008
4930.928274484323,0.022486978314215655,72.02170217921079,0.5711692491810776
4931.033111167096,0.04392071820850309,97.96246616228812,1.1155862424959784
4931.92972906631,0.012216484741121351,-1.3616439861725784,0.3102987124244823
4932.0932909915,0.02526304788810421,92.95750588618569,0.6416814163578468
4932.411821890205,0.035408652109282235,100.48271139303858,0.8993797635757688
4933.9535455436435,0.03994006031551012,115.04463401607624,1.014477532013957
4934.06642386014,0.013267557220748035,18.243238918745885,0.33699595340700006
4934.9267396227715,0.009906393902203795,46.16223970571127,0.2516224051159764
4935.602857244199,0.04169188730474173,86.130186778239,1.05897393754044
4936.185385576805,0.022985484273979916,100.91485173021383,0.5838313005590898
4937.970387377947,0.012753585194836055,104.95188096359708,0.32394106394883576
4939.779117676906,0.018142439721322717,146.76414650390535,0.460817968921597
4939.806229539044,0.037872104447669946,85.18647933466576,0.9619514529708166
4940.623703691505,0.024324203574902847,170.40723704745272,0.6178347708025322
4941.1521516652,0.02428756209204938,50.77159197974369,0.6169040771380543
4941.271747922042,0.04949130358742855,117.64513906789009,1.2570791111206852
4942.785738672477,0.039341418454384554,91.36545104044336,0.9992720287413676
4942.965415510338,0.0063337836164471285,29.350394753016882,0.16087810385775705
4945.070174747617,0.027510874528741423,64.37161781348878,0.6987762130300321
4945.885297726865,0.04044871783235991,74.10626113834563,1.0273974329419417
4946.645222708401,0.03731539145987505,89.10294118592894,0.9478109430808263
4947.846881223872,0.032406658763301024,71.21846302869632,0.8231291325878459
4947.883471498092,0.025073422840926233,61.22280458451826,0.6368649401595263
4950.262302061676,0.040098817532776845,89.76503861853062,1.0185099653325318
4950.292421787944,0.03113964067435564,103.6486762472154,0.7909468731286332
4952.048774113855,0.02954557448697292,74.09372999389758,0.7504575919691121
4952.76592023746,0.04539739570250723,98.44592049302686,1.1530938508436837
4953.700960888523,0.03217243791277298,64.5573431566208,0.8171799229844336
4954.77894157714,0.010586022703559725,33.10378237759202,0.268884976670417
4954.985309658598,0.03209119480139344,103.68293299043182,0.8151163479553933
4955.319975764291,0.04163532652024588,65.26776684957456,1.0575372936142453
4956.270517106039,0.057891149818239514,92.12178876494052,1.4704352053832836
4957.885437660057,0.02382426554700459,125.87034338045711,0.6051363448939165
4958.325209104433,0.03007426228253548,67.25736016687026,0.7638862619764011
4958.7047226880395,0.05040071628574702,45.46583577619896,1.2801781936579744
4960.55916647366,0.04110317574530381,45.92565635305587,1.0440206639307168
4961.118836775531,0.052784536030984014,51.43580102958619,1.3407272151869938
4962.432721770569,0.0486700117931448,82.85090707747155,1.236218299545878
4962.572703883331,0.011011153341237727,118.37889306359108,0.27968329486743826
4963.296921450081,0.050363574228442655,72.20408611136669,1.2792347854024433
4963.351634164665,0.02522786375850398,57.25254012865159,0.6407877394660011
4964.212621709565,0.022800332383549896,36.28772247522687,0.5791284425421673
4964.6529316740125,0.032727541191837205,122.96443015797848,0.831279546272665
4965.078562875336,0.05376771979046471,90.09125871043818,1.3657000826778036
4965.692301946206,0.03326044965696973,89.10428462879331,0.8448154212870311
4965.891332577778,0.00914501845488117,152.85327012372187,0.2322834687539817
4966.602710149954,0.033753205690402646,63.01048806786928,0.8573314245362271
4966.94674285157,0.017576246729849816,43.58892818441611,0.4464366669381853
4966.982717575594,0.02668314094305452,73.98788160803956,0.6777517799535848
4967.998034807213,0.024108502532925766,89.60758457468995,0.6123559643363145
4968.057569013632,0.010349643261424618,90.23511944864612,0.2628809388401853
4968.363761341446,0.02048791739746207,144.1461666168997,0.5203931018955366
4968.372139619419,0.024062662779133537,82.23952030184967,0.6111916345899918
4968.389427422728,0.038675706751500255,66.88100053404625,0.9823629514881064
4968.57333170121,0.025597169639290727,32.46992668112257,0.6501681088379845
4968.626803945256,0.018042327138397388,106.6515108896036,0.45827510931529364
4968.9430210919545,0.02847624008387824,108.39764376594064,0.7232964981305073
4969.002423525471,0.05711304893827684,92.95863953264691,1.4506714430322316
4969.149056646087,0.01835749832081962,24.886704837667295,0.46628045734881834
4969.334367502095,0.03655365048336456,105.27072724794075,0.9284627222774597
4969.362527776241,0.06437058704950689,78.50623098344337,1.635012911057475
4969.423831372354,0.013030670819431335,74.46222380920113,0.3309790388135559
4970.0842658477295,0.020897391069480156,85.53763419085804,0.5307937331647959
4970.270463176304,0.017580771525142466,84.0869213442939,0.4465515967386186
4970.4042824114285,0.0375483535650178,57.6858219162565,0.9537281805514521
4970.516193713798,0.012332181855752447,45.11534400314472,0.31323741913611214
4970.576782044384,0.02654240948588053,86.91571744682054,0.6741772009413655
4970.718513058238,0.017346297994502317,132.34724250187045,0.44059596906035886
4970.720536176605,0.02884092480129116,93.37288960612783,0.7325594899527954
4970.819395044427,0.04973530621055768,120.7071480280321,1.263276777748165
4970.861433372032,0.05450973455936942,70.07526446258362,1.3845472578079832
4971.023787976787,0.008699334747928764,85.57358934019332,0.22096310259739058
4971.024930479477,0.027043654676115542,93.12350738062028,0.6869088287733347
4971.086465825726,0.03183975117274111,98.4555117999124,0.8087296797876242
4971.35116306089,0.0467510203706276,91.63902822122209,1.187475917413941
4971.43864797368,0.009494187187424286,86.02999664148005,0.24115235456057685
4971.564994268373,0.026057145068196445,115.64411930138468,0.6618514847321897
4971.744916273889,0.02436115676541656,82.46783030839353,0.6187733818415806
4971.992655048191,0.053210490226166154,83.43172378809923,1.3515464517446203
4972.322426806354,0.03749958872767276,104.7725194309982,0.9524895536828881
4972.397940916786,0.007709827890579387,98.41013967455281,0.1958296284207164
4972.482551835084,0.013345326207295284,44.38380001781824,0.3389712856653002
4972.9513165427,0.02672397393326259,82.74532894302646,0.6787889379048697
4973.172404718298,0.0406084579410765,88.96504676355728,1.0314548317033432
4973.191478542702,0.049800150974901834,73.36726987857817,1.2649238347625065
4974.5176845400765,0.03144983993889142,88.46783767553708,0.7988259344478421
4974.652423191095,0.0322695863276617,75.27984724644041,0.8196474927226071
4974.713405801032,0.042224373316956575,101.4973020834298,1.072499082250697
4975.599026702681,0.010680107585021527,-84.9996440747724,0.27127473265954677
4976.092138555261,0.026483760474575048,95.41607757449488,0.6726875160542062
4976.308939546756,0.02608547783827435,54.40939104565887,0.6625711370921684
4976.520227901116,0.02131076438898548,111.9274629196174,0.5412934154802311
4977.02228699736,0.02015636129402792,103.15778908424,0.5119715768683092
4977.279000848959,0.030971557707431808,122.0443639572406,0.7866775657687679
4977.807085608156,0.04084652354523391,63.85658339500006,1.0375016980489413
4978.3456078640365,0.033672872835090115,128.77518454564324,0.8552909700112888
4978.562478536465,0.031661238591465066,74.01891824352809,0.8041954602232126
4979.4714929522415,0.021852134552484647,98.95618335077539,0.55504421763311
4979.556128317811,0.0323401219612443,77.10480298678422,0.8214390978156051
4979.7070919076,0.023618197800602668,-44.16275243912589,0.5999022241353077
4979.986541450575,0.04369655594776409,63.31706216688504,1.1098925210732078
4980.149206845464,0.012339615451756677,140.87353211570226,0.3134262324746196
4980.198601799854,0.025578302611501097,99.44886560682673,0.6496888863321278
4980.664259436711,0.039630300552202895,103.83045614699994,1.0066096340259534
4981.751118139136,0.0167553318542782,151.54955479953662,0.4255854290986662
4981.919646250588,0.021721750081867223,124.42938546408648,0.5517324520794274
4982.715567244835,0.037274977245229754,73.3760980192243,0.9467844220288357
4983.316301384858,0.034234282667819575,47.91267653953104,0.8695507797626172
4983.575903211314,0.04080545513672246,71.22249104247643,1.0364585604727503
4983.827632285988,0.031671746150207604,85.95230001535505,0.8044623522152731
4984.304026430005,0.02607037809399511,99.28596440002111,0.6621876035874757
4984.396382558353,0.029239481762292397,128.47222088210995,0.7426828367622268
4984.779512785588,0.017730109095982986,68.61926939087968,0.45034477103796783
4985.08272498551,0.03992262853607208,37.830317420955375,1.0140347648162307
4985.762559995043,0.020726843056663936,13.111302947065687,0.5264618136392639
4986.002056243448,0.03262957798340446,83.77278356317953,0.8287912807784733
4986.009610227014,0.038611827925558624,126.04952108637896,0.980740429309189
4986.334905373689,0.06786521443997777,87.81634222181478,1.7237764467754353
4986.41658168951,0.02850889013862765,97.3072080977577,0.7241258095211422
4986.543302269657,0.031745921993108765,90.29024620366414,0.8063464186249626
4986.8971883105,0.06245987617550364,74.36128600728233,1.5864808548577922
4987.023262390737,0.011463572106405135,160.8979472489866,0.2911747315026904
4987.177838192572,0.04445104479640825,69.85665037998508,1.1290565378287694
4987.301810007373,0.017978939110857583,149.3157116274648,0.45666505341578256
4987.353582066321,0.03271192470681462,88.96475203003423,0.8308828875530913
4987.386978117084,0.027700329248085426,57.9498412098164,0.7035883629013698
4987.653453448183,0.019530284343696927,74.85122995728746,0.4960692223299019
4987.730126006789,0.049986891501314,87.97905903612573,1.2696670441333755
4987.799943133346,0.028425570852497768,83.28579892407961,0.7220094996534433
4987.897873143777,0.018611971521181568,87.59496299934078,0.4727440766380118
4987.90049944909,0.026683233689426832,107.69745256008537,0.6777541357114415
4987.927450573167,0.022589264429847097,30.66895067329112,0.5737673165181162
4987.96387324388,0.05792258688079376,72.59426990830899,1.4712337067721615
4988.035079227263,0.02244708859422334,99.90499989187784,0.5701560502932729
4988.057638607688,0.0064812224671212965,133.84739022463393,0.16462305066488092
4988.057681302024,0.03032720063777519,76.44633803361855,0.7703108961994898
4988.066592065079,0.03323520532576415,101.12590198783192,0.8441742152744093
4988.150259225254,0.04227364655999132,83.6666465533914,1.0737506226237796
4988.15364794452,0.03303986408535738,63.02444461467088,0.8392125477680775
4988.192203960117,0.008020341154296173,96.54859758740093,0.2037166653191228
4988.2223938760335,0.03405478410635847,52.53901334934479,0.8649915163015051
4988.240144426051,0.0523018241388416,60.59247776126792,1.3284663331265767
4988.261918276707,0.023287128774627665,88.99800009393321,0.5914930708755427
4988.278536789924,0.021315194248402607,90.61723670397892,0.5414059339094262
4988.480077312043,0.023464427160240896,91.23711713166469,0.5959964498701187
4988.496771070001,0.03533842841569944,92.27601554248606,0.8975960817587657
4988.504300153471,0.010541417805060812,89.60930697578547,0.2677520122485446
4988.764353536643,0.037489476566470274,56.102741754788255,0.9522327047883449
4988.982088597248,0.022637635759168648,67.0639072084144,0.5749959482828836
4989.005156281638,0.01818011124929995,128.06462703025048,0.46177482573221873
4989.186792925659,0.03023860191328073,39.10227667060553,0.7680604885973304
4989.205487988467,0.0452822642486639,84.45071142133726,1.1501695119160629
4989.219034566102,0.02352553871064084,158.70269503634952,0.5975486832502773
4989.22892589464,0.03626170190297048,75.76217125640174,0.9210472283354503
4989.310519946025,0.03329027657786242,107.57062837198968,0.8455730250777054
4989.315710836294,0.03962792017431163,64.6160648329211,1.0065491724275153
4989.37098602868,0.02606239563610313,74.91223926245088,0.6619848491570195
4989.626801234656,0.019148837727397273,2.329824379889288,0.4863804782758907
4989.957950784587,0.031256534619178246,120.77142777040218,0.7939159793271274
4990.140621103744,0.003830673783531113,6.972491839499422,0.09729911410169026
4990.20588255799,0.03953177828414294,96.12598318639456,1.0041071684172307
4990.315298068457,0.02638842771027118,62.64898812760655,0.6702660638408879
4990.495247684387,0.01859565851077772,83.60368167031199,0.47232972617375407
4990.657577275239,0.041300384430670446,86.83633997734897,1.0490297645390292
4990.6913822795195,0.03988693965270073,87.7221182641277,1.0131282671785984
4990.810277193452,0.04384061775675322,73.81444605900651,1.1135516910215317
4990.8675328626605,0.012073560216651723,125.34913647877836,0.30666842950295375
4991.122664582656,0.03927050605893838,60.402801602013035,0.9974708538970347
4991.592875607948,0.01560641369562056,85.81641458005596,0.3964029078687622
4991.954074540548,0.03730914358410368,76.94206471166653,0.9476522470362334
4992.105631704571,0.02870521848119776,19.60738802011164,0.7291125494224231
4992.109668172392,0.06022144448372299,69.9628520572205,1.529624689886564
4992.206594058988,0.03925886447852637,82.79502560938292,0.9971751577545697
4992.328517585291,0.020722013098733887,28.805477166416065,0.5263391327078407
4992.4751566521645,0.04243767499576648,69.53971499036582,1.0779169448924686
4992.507208972921,0.02671546008496264,131.8612158943185,0.678572686158051
4992.669123650788,0.013727841685685324,-154.8781171113427,0.3486871788164072
4992.781595241988,0.05229225694053976,74.95469382331007,1.3282233262897098
4992.940052074621,0.053363195035902505,86.62371421673711,1.3554251539119235
4993.073192171072,0.03615559641248431,38.85074818524621,0.9183521488771014
4993.1780970635145,0.03774982422904528,62.016241057503855,0.95884553541775
4993.202428637076,0.0264192461600858,106.03765925906475,0.6710488524661793
4993.306373899432,0.0221498004664657,83.98728315731894,0.5626049318482288
4993.31040735614,0.03165636164233396,95.82759967573897,0.8040715857152825
4993.425504254867,0.041539820266502686,101.91040868162278,1.0551114347691681
4993.425534206736,0.034317699267631174,95.12386463873437,0.8716695613978318
4993.456100449199,0.046507874035954896,37.574033270935,1.1813000005132543
4993.570902645929,0.0066988550072421904,118.87612524360613,0.17015091718395162
4993.599683973674,0.04872709023488218,74.53158102187663,1.2376680919660072
4993.602178869377,0.045438512237736095,121.3848412860152,1.1541382108384968
4993.606112477818,0.015637769227357982,79.46950203915729,0.39719933837489274
4993.614024837178,0.0456015750355475,66.5060369665338,1.1582800059029064
4993.617262097281,0.05095904413137192,83.84872920627147,1.2943597209368467
4993.6510724486525,0.04486564377085047,88.4194512605752,1.1395873517796018
4993.654683590762,0.035522758700086005,114.05000197810757,0.9022780709821845
4993.764141650537,0.030964329008619906,67.39548635212978,0.7864939568189455
4993.798066408017,0.05146599421134011,96.73936975505401,1.3072362529680388
4993.819182819358,0.02746469324272624,62.245697272003824,0.6976032083652465
4993.849133017601,0.03802840899245409,83.00957337914494,0.9659215884083339
4993.877093537412,0.015318131302111177,97.43972842300604,0.3890805350736239
4993.87908598651,0.0444407076289931,69.7983632817857,1.1287939737764245
4993.912324434571,0.008387537721378097,109.46020824467747,0.21304345812300365
4994.039486546481,0.022981072861582443,106.48815538764688,0.5837192506841941
4994.080511334899,0.03463848451900187,49.70976587969575,0.8798175067826476
4994.132707917305,0.04612614551845296,55.284867885467605,1.171604096168705
4994.133614571517,0.010061352302149575,134.48884687838273,0.2555583484745992
4994.201008134571,0.03452547658640924,53.18815494111988,0.8769471052947947
4994.211801911835,0.04830325868083209,77.97813950846525,1.226902770493135
4994.228810029974,0.04038664149899102,102.62644567981395,1.025820694074372
4994.289777914978,0.03834000456641844,59.39656869495289,0.9738361159870282
4994.316683945113,0.010098459857319431,82.53381693564228,0.25650088037591356
4994.338384425063,0.026764555140368712,63.87103413044241,0.6798197005653652
4994.387048786195,0.03395025975403049,79.2491116615971,0.8623365977523744
4994.405163162727,0.04389418601561823,94.58989108794368,1.114912324796703
4994.443630924635,0.01700563289788381,-11.6254294827811,0.4319430756062487
4994.48423556594,0.04262118271825345,45.06835797171264,1.0825780410436376
4994.529234218451,0.02861561459829172,125.43478017983168,0.7268366107966097
4994.532035255656,0.04756299027890116,66.49615947120243,1.2080999530840895
4994.545065733755,0.03363213392462191,83.09719926299928,0.8542562016853964
4994.64211135402,0.050637653377437856,102.29633035101826,1.2861963957869216
4994.647959343318,0.041506105945139815,68.01106536985296,1.0542550910065513
4994.714903124496,0.02843383399731674,41.065894926774874,0.7222193835318452
4994.757829953781,0.03919718797340349,103.849469305514,0.9956085745244486
4994.849440968009,0.0465686042941432,65.71796945470766,1.1828425490712373
4994.863924268366,0.018726460269039867,106.43287704284133,0.4756520908336126
4994.886003132496,0.02954906973219868,37.338457749914895,0.7505463711978465
4994.930591239326,0.04915193260472709,90.68001668565628,1.2484590881600681
4994.987466353114,0.02264657900067116,48.3812480679187,0.5752231066170475
4995.012496222736,0.04173342971451165,69.136334231534,1.0600291147485958
4995.04740259121,0.03629394314352628,93.37948641137022,0.9218661558455675
4995.13826835635,0.027040969966083236,33.98083072961785,0.6868406371385142
4995.16245054191,0.04512360500379068,80.83404162678195,1.1461395670962833
4995.184628702851,0.05908321237135988,76.91918750249857,1.500713594232541
4995.212979003346,0.019959706260664112,65.994915117866,0.5069765390208685
4995.259948174921,0.06314943882952655,87.92051205979409,1.603995746269974
4995.3086463331265,0.02679547984465956,87.8514744418956,0.6806051880543528
4995.351071057826,0.032698409241284886,95.79304869064792,0.830539594728636
4995.352385533265,0.01797401235910454,-29.90315670329124,0.45653991392125526
4995.355736994124,0.028385167760237046,64.39014839661698,0.720983261110021
4995.46777854882,0.033294388580315526,52.80476910294812,0.8456774699400144
4995.530463995736,0.06194147590919624,88.03650618660107,1.5733134880935844
4995.581592299601,0.03725506415177061,97.52845317555305,0.9462786294549734
4995.659487244697,0.049555674670035486,69.08617811835006,1.2587141366189012
4995.673865414774,0.039492599943676814,93.13006940395027,1.003112038569391
4995.740526292674,0.03954529101681098,69.39637477379084,1.004450391826999
4995.759083852582,0.02842438166818533,55.7028570843848,0.7219792943719073
4995.765957681808,0.04408547056867473,79.44460246290205,1.119770952444338
4995.803127322585,0.02493849214214787,108.26888303439644,0.6334377004105558
4995.827501915787,0.05466717154139908,68.61953347105631,1.3885461571515365
4995.865107974057,0.05360753541385404,88.58659905431922,1.3616313995118925
4995.886379954224,0.06119767108908661,93.50675147602529,1.5544208456627997
4995.890995731327,0.021254342879293373,96.62030585186868,0.5398603091340517
4995.923420740495,0.05537085197536431,97.02813914453517,1.4064196401742535
4995.950131583064,0.06420865473444087,82.04499118236046,1.6308998302547981
4995.968120532464,0.03213732042394269,140.6262651092705,0.8162879387681443
4995.996417643827,0.034700207823075126,114.91950187827976,0.8813852787061082
4995.996437885525,0.05434137717092381,113.5273779323202,1.3802709801414648
4996.0340327304175,0.020049624002964218,112.38932982102732,0.509260449675291
4996.034656228817,0.04883121444097651,80.51789892728723,1.2403128468008033
4996.045965072268,0.03198836617747733,71.69488800676191,0.8125045009079241
4996.094571979754,0.0669085327433336,97.94296004253938,1.6994767316806731
4996.1129957642925,0.06466002693721597,62.66050090459176,1.6423646842052855
4996.122655360413,0.038498309241449,104.19967122478153,0.9778570547328046
4996.127437119573,0.052072061245065755,78.05804287035104,1.3226303556246701
4996.167713438713,0.05197014486906655,80.2725494004751,1.3200416796742904
4996.183215985343,0.02162698364380592,42.74015887694388,0.5493253845526703
4996.19143259818,0.04938263465584682,81.4759539475298,1.2543189202585092
4996.212243592314,0.04771083101135874,88.78749935801318,1.211855107688512
4996.218090577966,0.03772228079874808,54.36847412162764,0.9581459322882011
4996.223564031072,0.05372643528894737,68.41889704890187,1.364651456339263
4996.228541277164,0.04044745315099477,68.06698353564936,1.027365310035267
4996.246272031134,0.03329985787188896,108.9766324761488,0.8458163899459795
4996.254857755143,0.04714871940781795,76.42008187085713,1.197577472958576
4996.279443281915,0.012386709188812966,48.16067097693927,0.31462241339584934
4996.281415528732,0.0720242935841495,73.1807383704402,1.829417057037397
4996.31703110518,0.04511650784193764,84.50226024288038,1.1459592991852159
4996.3231211352,0.0457836638319901,64.58394701436735,1.1629050613325485
4996.340831924278,0.034797449576844046,97.9124341340094,0.8838552192518387
4996.342706293275,0.036665028714071006,63.51536054647005,0.9312917293374035
4996.342836377817,0.05141900610506594,90.59850323055569,1.3060427550686748
4996.345492109178,0.04749248232307006,93.84645838470803,1.2063090510059795
4996.3525825297065,0.05906006447303369,106.334114951765,1.5001256376150556
4996.377645926628,0.030631108807065845,41.09578689319281,0.7780301636994724
4996.399764366693,0.042646407721709446,90.73072881859366,1.08321875613142
4996.4074157503655,0.055845342715964856,71.47090239730694,1.4184717049855073
4996.411528035523,0.0544148790070224,60.85351062705696,1.3821379267783689
4996.414790760857,0.07294660170771246,83.10678906696307,1.8528436833758963
4996.449086648894,0.04946285654860669,97.29336575319935,1.2563565563346097
4996.487373835991,0.05554943472925743,76.3078028697669,1.4109556421231386
4996.508186912752,0.06924166599897154,103.88003545330432,1.758738316373877
4996.513061737422,0.04373638168813796,80.47702959092032,1.1109040948787041
4996.516724101798,0.056577247135178234,73.54970476718219,1.437062077233527
4996.521257474501,0.023110737927175343,-5.742007342398907,0.5870127433502537
4996.5218026177845,0.03667975814368526,94.70664926330934,0.9316658568496055
4996.5264808303955,0.030179974512130742,78.80700716026772,0.7665713526081208
4996.544145010656,0.03935365829254238,74.28187555141129,0.9995829206305764
4996.555931435679,0.0700693000849276,80.66412422221913,1.7797602221571607
4996.58573232275,0.041740535045854045,85.11162073782155,1.0602095901646926
4996.58706908559,0.028539123681012486,77.51133193647647,0.7248937414977171
4996.59957845375,0.057250423245116366,95.65097690815433,1.4541607504259557
4996.6284299209,0.03749239139400139,91.6927093893984,0.9523067414076352
4996.628921374946,0.043663686105338856,93.34344554281456,1.109057627075607
4996.63465973582,0.01916153141943873,126.44104641760748,0.48670289805374367
4996.636433581654,0.015630112988535116,53.56650038782552,0.3970048699087919
4996.638385381493,0.022088903304501327,41.14257011671753,0.5610581439343336
4996.654006386996,0.047211825468931296,85.82809199019779,1.199180366910855
4996.657374187124,0.029205963768319115,112.79128519053572,0.7418314797153055
4996.666449309985,0.050595384879092445,108.39000150825892,1.285122775928948
4996.677936006816,0.03203417278063783,75.84477917661864,0.8136679886282009
4996.682323345123,0.054212395977698336,90.41971339687774,1.3769948578335376
4996.685871364444,0.010857234833823235,55.756142948658606,0.27577376477911014
4996.697132948763,0.03416687710447961,85.51370805226524,0.867838678453782
4996.698207737864,0.05495852852762344,86.67951185407716,1.3959466246016352
4996.722565721128,0.03202753815013976,106.65820320247006,0.81349946901355
4996.756400308207,0.04708363305748385,69.74734612175085,1.1959242796600897
4996.7600494223125,0.014209657751714056,93.02881702877552,0.360925306893537
4996.761991728472,0.034396688311836246,48.06201206202523,0.8736758831206406
4996.78821777945,0.061113664911514015,74.80169842788804,1.5522870887524558
4996.792016917636,0.044258049135010115,81.1477739133391,1.124154448029257
4996.79313058658,0.04784278603315738,87.41623276522098,1.2152067652421974
4996.799238555687,0.0795844903855383,89.7059937061099,2.021446055792673
4996.802411239552,0.04664539894885129,84.27887498600641,1.1847931333008226
4996.803495612615,0.031062707745955244,103.21626085909512,0.7889927767472632
4996.805020601412,0.04719427260753456,75.42908803784131,1.1987345242313778
4996.8181957927045,0.056104795333863235,82.73011187543617,1.4250618014801262
4996.81847450332,0.023513144711067867,135.86588507617856,0.5972338756611238
4996.820174822069,0.05809412223241046,91.64604785794448,1.4755907047032255
4996.823411519888,0.036247003794902574,80.99623565454958,0.9206738963905253
4996.829455022572,0.04529750909537441,116.18109481764861,1.15055673102251
4996.837423775654,0.0416580967159317,100.4866089671202,1.0581156565846652
4996.839790484408,0.05506717054935714,90.5803833817282,1.3987061319536713
4996.840806178568,0.03939666260953006,94.53588904014522,1.0006752302820634
4996.841273190152,0.02539660686499616,81.93971122404548,0.6450738143709024
4996.842747709239,0.018620482607150008,84.14610931200745,0.4729602582216102
4996.845596284779,0.05556080578815374,79.32536319666222,1.4112444670191049
4996.8517246721785,0.041511634931517286,95.07243223060327,1.054395527260539
4996.855675553082,0.03849878059416456,79.62210437824686,0.9778690270917798
4996.860675392552,0.03662000023124007,105.5340830843344,0.9301480058734977
4996.8711242413165,0.05013302264469057,104.44964467694687,1.2733787751751404
4996.878169516109,0.048693138443426,89.2000008777726,1.2368057164630204
4996.890200462944,0.04605444843558146,72.27651930055161,1.1697829902637689
4996.8930793359295,0.0430689144425881,105.7931440418206,1.0939504268417377
4996.90316491959,0.016058612485101067,100.60216667992442,0.4078887571215671
4996.904988827665,0.056229251381953886,92.07826222991825,1.4282229851016286
4996.905998353558,0.04943838342529672,94.36980653206369,1.2557349390025365
4996.908184023902,0.05212808439645253,72.68959094410688,1.3240533436698942
4996.919159564658,0.0466103579863392,60.39025085844885,1.1839030928530156
4996.928449493091,0.048519798859949344,68.73091856147036,1.2324028910427132
4996.934301739035,0.04953256649114366,90.37499973723517,1.258127188875049
4996.93578451861,0.02565793105656823,72.73967990418298,0.6517114488368331
4996.947790469566,0.04445703463275518,91.42679795484558,1.1292086796719816
4996.953918560597,0.03608517091226381,73.62919495066505,0.9165633411715008
4996.961275896028,0.03266252148250299,99.57841363361261,0.8296280456555759
4996.967655943628,0.031202022673718847,116.2090280479914,0.7925313759124587
4996.973327678964,0.059636326541149184,100.5897976557422,1.5147626941451893
4996.981885330783,0.03151903019913747,78.827665267688,0.8005833670580916
4996.985666274665,0.0500943009671894,79.42609531053085,1.2723952445666107
4996.988810707252,0.045445556367789935,88.67905004439208,1.1543171317418643
4996.990947595431,0.03775395582644144,86.11230827591126,0.9589504779916126
4997.002173748613,0.015516410444406109,32.41353601452621,0.39411682528791514
4997.002826583061,0.05523183278639396,81.00772747011288,1.4028885527744064
4997.004723002711,0.02348200149464408,-170.83021849970956,0.5964428379639596
4997.007461393921,0.04353744655003308,78.42974836636125,1.1058511423708401
4997.008341516224,0.05621362126331648,71.15621580741693,1.4278259800882385
4997.009818298477,0.05864874489988799,100.59585924916237,1.489678120457155
4997.013371941495,0.04827207208629696,87.37236951349533,1.2261106309919427
4997.014239731982,0.05005573873241028,70.41633234550811,1.271415763803221
4997.015204372433,0.0422645985772636,69.81840507667846,1.0735208038624953
4997.018252512854,0.04947031966561152,103.62099633990232,1.2565461195065326
4997.01884040104,0.014075777500529423,73.57204717576134,0.35752474851344734
4997.019041762414,0.007175719883490718,64.55682865441159,0.18226328504066422
4997.0305717575075,0.05231354144267348,100.48880748319473,1.3287639526439063
4997.0332995049375,0.027830414295174195,93.33506379152387,0.7068925230974246
4997.0366968786275,0.03521699830208371,38.896473653111585,0.8945117568729263
4997.045356156693,0.018823477005845295,81.88886184571763,0.4781163159484705
4997.045424575042,0.03906642281820698,85.79504133796323,0.9922871395824572
4997.055276205484,0.04299658696401933,90.03605246222956,1.092113308886091
4997.059050119001,0.05346015108954976,74.79425670177228,1.3578878376745638
4997.059274229732,0.04025965698632646,111.55720300807381,1.022595287452692
4997.060690913594,0.024003007841190208,77.27122629313038,0.6096763991662313
4997.061048405156,0.041407714289231866,93.02483457834259,1.0517559429464893
4997.061571313394,0.053386669946406735,75.6902247929738,1.356021416638731
4997.063982129955,0.07591535066918742,86.9733675852434,1.9282499069973604
4997.069523688036,0.02818527461596419,76.6158688746602,0.7159059752454904
4997.074939154476,0.037279519870031114,74.8463738354588,0.9468998046987902
4997.075943485344,0.030016238950523237,83.14644487771825,0.7624124693432902
4997.08166290346,0.044200573542488006,97.51651047474786,1.1226945679791953
4997.083516732091,0.030895910658934277,109.98834320494412,0.7847561307369306
4997.09506592834,0.0330156552689867,55.39454843727552,0.8385976438322621
4997.095126915239,0.029633967291683615,70.30443282888868,0.7527027692087638
4997.095932364729,0.06977530429213313,85.73705479007523,1.7722927290201815
4997.097804579734,0.027206424814718844,83.25919750755558,0.6910431902938586
4997.0999171453295,0.06258846023702548,84.10702279665723,1.5897468900204472
4997.102211992299,0.03865137309242426,64.86148436985644,0.9817448765475761
4997.104797146455,0.05383488682118545,73.68285025720493,1.3674061252581104
4997.112304168944,0.06072342115622283,89.34092582935389,1.5423748973680598
4997.119458297655,0.04663226740922302,62.71726690753984,1.1844595921942647
4997.120922610075,0.06251814294115803,79.34291227394645,1.5879608307054138
4997.13172225672,0.025248987712026726,74.47109395923444,0.6413242878854788
4997.136400745068,0.03178466940219774,94.53368041006365,0.8073306028158226
4997.142151807708,0.049879348611629425,74.70354547725934,1.2669354547353873
4997.146207274427,0.04597528129019392,103.66287632893435,1.1677721447709255
4997.148587843414,0.03665566388752672,83.99659455252447,0.9310538627431786
4997.1492715614,0.04418777270026875,87.50673152524877,1.1223694265868263
4997.151203274278,0.021409534693411746,89.42341079070879,0.5438021812126583
4997.151651472368,0.06097049622380308,87.85503688209575,1.5486506040845982
4997.15576859939,0.05689997338898943,90.13542380842476,1.4452593240803315
4997.157956321724,0.05128648492343514,99.5144448379105,1.3026767170552525
4997.1583081641065,0.041082273078732405,96.48833021369808,1.043489736199803
4997.158759866313,0.02934130100084155,78.21559231156894,0.7452690454213753
4997.1718756016335,0.03177951779846502,75.29135134931128,0.8071997520810116
4997.176920447474,0.03346528018168175,88.6377806258384,0.8500181166147165
4997.190621542233,0.04082194389705954,82.18401581236165,1.0368773749853122
4997.191466096913,0.05721220672093602,83.6628598277074,1.4531900507117748
4997.193230774295,0.04252660078705928,107.7508712727454,1.0801756599913055
4997.199144641729,0.03775109499376134,103.41069654812772,0.9588778128415381
4997.2001964070205,0.042119035369844654,89.12769902324764,1.0698234983940542
4997.200762743953,0.031036736266281787,61.025953601065936,0.7883331011635574
4997.201270127613,0.03286624412300065,86.76248611399862,0.8348026007242164
4997.201807205442,0.021387008164205395,67.27986755610513,0.543230007370817
4997.2030568229775,0.030454881654806056,76.79932847132199,0.7735539940320738
4997.206395852509,0.0291409281452921,45.12403701469102,0.7401795748904193
4997.206445694631,0.029364659351567915,85.46546748085001,0.7458623475298249
4997.206978262228,0.03424760441256283,92.54266158288294,0.8698891520790959
4997.209860819798,0.03037218691158568,67.85547127915332,0.7714535475542762
4997.212126809924,0.0196043117529038,106.10363511758668,0.4979495185237565
4997.212703331526,0.0249361506650698,85.9182925275223,0.6333782268927729
4997.220244353047,0.05680247623517,105.68031489020603,1.4427828963733178
4997.224952234239,0.03517661773506181,60.63802803591352,0.8934860904705699
4997.2251138689435,0.04828282078390491,93.94799460757997,1.2263836479111847
4997.22571439803,0.03634367545558245,90.73928841075887,0.9231293565717943
4997.226867888278,0.028431738137685778,96.47658496711672,0.7221661486972187
4997.229871223361,0.015367238512633215,79.40129889672086,0.39032785822088367
4997.23572891151,0.02558953671109961,108.58587726299857,0.6499742324619301
4997.236562950408,0.02766730100068396,52.57636294784301,0.7027494454173726
4997.237388649934,0.03484963633378126,101.06897777103411,0.885180762878044
4997.240413453073,0.04581734152665921,79.07574064832849,1.1637604747771437
4997.243393309921,0.043306161354860165,89.73022609563978,1.0999764984134481
4997.246556528036,0.019189175733436217,79.89205036457567,0.4874050636292799
4997.24696250509,0.02780738469395692,67.14023559919697,0.7063075712265058
4997.250551784214,0.06318187017308406,71.3983347177414,1.6048195023963352
4997.251514250581,0.03923843239846617,81.95370790598768,0.9966561829210407
4997.2613507757,0.03645151197488141,77.16739998166963,0.9258684041619878
4997.265744541694,0.03513806324544981,69.88004871589743,0.8925068064344251
4997.267313408569,0.046356667230879126,99.9972885300839,1.1774593476643298
4997.267746259568,0.03951004638545865,94.29649046027112,1.0035551781906498
4997.268457620081,0.04880678843822418,87.78350968866755,1.2396924263308942
4997.274198748278,0.04737400099296202,81.93002566623615,1.2032996252212351
4997.27493387604,0.03860297419582148,73.63173709720397,0.9805155445738656
4997.277498220443,0.07497280763447059,77.96875795735654,1.904309313915553
4997.279575539688,0.03522189236121086,31.518375863889435,0.8946360659747558
4997.280786180944,0.034059854940442655,70.41638895795482,0.8651203154872433
4997.284811686705,0.02080921352823227,20.935558084978688,0.5285540236170997
4997.284816034055,0.05648640374145353,75.96568682112769,1.4347546550329195
4997.287768749236,0.05708173266043388,75.19335598686251,1.4498760095750205
4997.295369798748,0.05343900057626529,97.3308598637268,1.3573506146371384
4997.300948355477,0.045320956431895376,91.76387972657747,1.1511522933701426
4997.30246530362,0.060590622373931376,72.00130084356,1.539001808297857
4997.302601036503,0.03556777144152909,104.06008194642143,0.9034213946148388
4997.30805321864,0.037719646885222974,79.6844451359923,0.9580790308846635
4997.312396122367,0.04192042693723782,89.22846763940291,1.0647788442058406
4997.314597414424,0.057742701227027675,101.58557233541312,1.466664611166503
4997.315877419641,0.04263406826674072,70.15723621807432,1.0829053339752142
4997.318160386865,0.03707835475077545,75.75280973944618,0.9417902106696964
4997.319757287519,0.049721429890621206,96.4853533292028,1.2629243192217785
4997.329260713536,0.027288568895869527,122.97739884889276,0.693129649955086
4997.336567396107,0.02734848714384002,74.11493252501838,0.6946515734535365
4997.343139647,0.03642479773516472,89.82057166239798,0.9251898624731839
4997.343275275624,0.049630409825658486,98.07716766395033,1.2606124095717255
4997.358456701978,0.06115694194819184,75.9614636166236,1.5533863254840725
4997.35873870242,0.04885109023809655,97.51108953673321,1.2408176920476524
4997.359957173485,0.045815978187506455,99.56491865725908,1.1637258459626638
4997.361975315736,0.045102662005623725,72.73679816273025,1.1456076149428425
4997.371275396469,0.016104992557958213,46.3464886382206,0.4090668109721386
4997.371611138778,0.05340627997679211,94.9811452671764,1.3565195114105195
4997.374238198294,0.02696645413414121,34.57490589440377,0.6849479350071866
4997.377238296097,0.0422435033939376,87.29360274541382,1.072984986206015
4997.381296596161,0.0630144053147042,89.74425994167062,1.6005658949934867
4997.3814752258695,0.03225753219251465,111.81986240346689,0.8193413176898721
4997.385490755543,0.038775196476030366,77.70969536469907,0.9848899904911712
4997.388359283121,0.03679022703524294,65.00133474741648,0.9344717666951707
4997.389637569365,0.028863712907078565,73.03671987055411,0.7331383078397955
4997.38975976457,0.012942411537657872,93.8645099063536,0.3287372530565099
4997.392945179241,0.05315973977035232,92.7006944373681,1.3502573901669488
4997.393454403048,0.02418645944342142,83.2021703480635,0.6143360698629041
4997.393572279,0.009844420699104026,91.9661707887928,0.25004828575724225
4997.3954457359005,0.027041067863706855,97.25121924318559,0.686843123738154
4997.397218415462,0.045470628573749935,90.28185348527047,1.1549539657732484
4997.402329328863,0.04510300490171241,118.35855075745148,1.1456163245034952
4997.402711493617,0.03307481257572376,75.45644084184174,0.8401002394233835
4997.406099151392,0.04419445193724696,73.93750913376827,1.1225390792060728
4997.407177979387,0.04404819005829834,69.20434978377571,1.1188240274807777
4997.407374323564,0.037871410739343976,63.85608668965828,0.961933832779337
4997.410011869628,0.007243653125058243,-168.78016616659525,0.18398878937647936
4997.4117593731935,0.025642473193046127,63.850387257170006,0.6513188191033715
4997.412364395267,0.043680139642802845,90.34190876218761,1.1094755469271922
4997.417462855885,0.028954990908209112,96.997399477693,0.7354567690685114
4997.42087715005,0.04672195268627661,63.34086307398973,1.1867375982314259
4997.422089030957,0.05063878674967977,74.4207930739924,1.286225183441866
4997.424220645248,0.021546265781345768,87.77456039601603,0.5472751508461825
4997.4250077664465,0.03205569243016674,86.07097001109938,0.8142145877262351
4997.425017168484,0.0657144798058887,86.448992302614,1.6691477870695728
4997.428906371285,0.03421908588651751,60.42012432213527,0.8691647815175446
4997.434971498907,0.05634004576428248,85.0286611217437,1.431037162412775
4997.436588207052,0.05745269884083109,89.55650517273669,1.4592985505571097
4997.438269228428,0.015748768331740992,67.03139300465998,0.40001871562622116
4997.438333732852,0.049001478961088966,77.64550465794846,1.2446375656116597
4997.439961211665,0.07106920293765362,94.66937103996253,1.805157754616402
4997.440043488134,0.021422191661201396,82.40800033132322,0.5441236681945154
4997.441224121308,0.05205329969689493,75.63469993074446,1.3221538123011312
4997.442156641823,0.04471412452751202,60.35527533150376,1.1357387629988052
4997.443398530184,0.035765071037838735,24.816456933017687,0.9084328043611039
4997.445464019549,0.02100121671407863,83.82878505003326,0.5334309045375971
4997.4461060578715,0.01779177369250891,111.4007078576106,0.45191105178972635
4997.453539279103,0.031202029919517357,71.54506223784323,0.7925315599557409
4997.457037317755,0.04228594861433605,106.19408469519628,1.0740630948041356
4997.457222441818,0.05455328306357858,65.31993940799073,1.385653389814896
4997.460578057045,0.034380663745426435,85.88248568983985,0.8732688591338313
4997.4674566847025,0.043048029089177854,93.24488389698361,1.0934199388651173
4997.4677914580125,0.01942852230228394,90.53022639727665,0.4934844664780121
4997.469587996093,0.04451298392039024,83.6036993870933,1.130629791577912
4997.472270300152,0.05677508723516494,68.2969742921669,1.4420872157731894
4997.478453349398,0.05023733190371906,67.95768507637463,1.276028230354464
4997.4809050254,0.02860193003642759,78.59561022076787,0.7264890229252607
4997.480944817115,0.056366209612741,86.7246884410712,1.4317017241636212
4997.481220525751,0.039480719500541966,88.31338835198173,1.002810275313766
4997.482028314965,0.050030384303656354,90.07449286680189,1.2707717613128713
4997.488408191418,0.045274228497115855,74.59246721974716,1.1499654038267426
4997.489120155999,0.04987470582544113,56.001126951410924,1.2668175279662046
4997.494644834376,0.030162148439480518,87.55980379756338,0.7661185703628051
4997.496588269184,0.03271078734939441,121.25140664346856,0.830853998674618
4997.496666859352,0.029644654242079904,61.258313050900114,0.7529742177488296
4997.496829810033,0.014807690710886952,82.42887154496687,0.3761153440565286
4997.497994484033,0.03488259350124178,34.75778617518452,0.8860178749315412
4997.498618893572,0.02836233832822811,73.62455357841709,0.7204033935369939
4997.504748261773,0.0468504947048422,78.08660301825101,1.1900025655029918
4997.505131163856,0.04538947814999533,118.27117104620946,1.1528927450098814
4997.508294191312,0.026622918595153797,78.53741854322729,0.6762221323169064
4997.508441943415,0.030792381905419997,123.34372491727972,0.7821265003976678
4997.51381538952,0.04573891529885927,58.17245151173555,1.1617684485910253
4997.515521103058,0.041472103440227615,44.23806390469554,1.0533914273817813
4997.51644279671,0.05398070535957861,102.52438182177676,1.3711099161332965
4997.519005318618,0.04226919372213316,80.91256010940195,1.0736375205421822
4997.5218820443115,0.02881744852300713,99.6152488766169,0.731963192484381
4997.5261268161175,0.03419052080511514,91.08698125236653,0.8684392284499246
4997.5261300858165,0.03140064696208894,109.56580575616427,0.797576432837059
4997.531293681721,0.02904259917868103,67.00162184243447,0.7376820191384982
4997.5335615486765,0.06397152230372534,89.1121802677476,1.6248766665146235
4997.534274031887,0.039711434831366486,72.1413169956363,1.0086704447167087
4997.535064331764,0.04646689873989655,90.29567364265944,1.1802592279933724
4997.538066413545,0.029541370921472757,107.53929167436011,0.750350821405408
4997.542850171129,0.014797035572167636,74.55363924539193,0.37584470353305793
4997.548794086623,0.04546747662482564,88.25138632503946,1.1548739062705713
4997.550882532011,0.038036189492789675,71.03539619804009,0.9661192131168577
4997.55437949428,0.03689787544410707,77.76076089454428,0.9372060362803195
4997.557907038182,0.04004443178674373,97.61031119837676,1.0171285673832906
4997.561367098091,0.02168580127347129,44.11532320586578,0.5508193523461707
4997.562734727632,0.07405991627903245,89.57646640240283,1.8811218734874242
4997.57015333568,0.07274525726113078,90.06833392030806,1.8477295344327216
4997.574009330288,0.032548561728861565,100.2702062947614,0.8267334679130837
4997.576118593995,0.042506903230061406,83.38933442475904,1.0796753420435596
4997.576456722615,0.038449023098257054,93.95803936256803,0.9766051866957292
4997.578072921888,0.03362808271546141,91.27396810574099,0.8541533009727197
4997.579490654148,0.004615282933627777,28.565632121793655,0.11722818651414552
4997.580426469417,0.0368637958024712,79.16527007696686,0.9363404133827684
4997.589906476653,0.032125245559526214,95.33491585711587,0.8159812372119658
4997.590491562317,0.0522890116952431,86.67352236578826,1.3281408970591748
4997.594035790083,0.012977577322277443,102.37371000890698,0.32963046398584706
4997.595228201305,0.05902037269189961,95.76649136001888,1.49911746637425
4997.595420197582,0.06269628089176228,81.55692437506767,1.5924855346507618
4997.597765036086,0.04938226945585965,68.59701816040835,1.254309644178835
4997.6018376904285,0.030966701911102297,131.80293117474088,0.7865542285419983
4997.602822250499,0.06647396237693977,102.91631910344132,1.68843864437427
4997.603817222265,0.02781472824323216,81.69794380755003,0.7064940973780969
4997.604803566646,0.05860288208363671,87.05736722300115,1.4885132049243723
4997.60872908076,0.047965591542367805,82.97153531641683,1.218326025176142
4997.610579381437,0.040541893169359376,65.04463891225197,1.0297640865017281
4997.611962731827,0.04625116349882663,58.52204859897074,1.1747795528701963
4997.613340161528,0.041644777714531886,60.69090194480771,1.0577773539491098
4997.617351109559,0.032502608973702836,96.10524253744445,0.825566267932052
4997.618538363195,0.0367897215209728,103.7029379200918,0.934458926632709
4997.61968465071,0.033070260553575315,88.93444584243076,0.8399846180608129
4997.620434540346,0.024068055599257808,100.63349985936593,0.6113286122211483
4997.623165892534,0.02402304890071712,72.99672214864195,0.6101854420782148
4997.623711126924,0.04075476185553623,94.73743157851604,1.0351709511306202
4997.6257958726255,0.025916803914880195,113.80734951771746,0.6582868194379569
4997.626132480273,0.04674553486922397,75.66819868657117,1.1873365856782887
4997.626913648942,0.03044305509084213,93.37587596292401,0.77325359930739
4997.6301183667865,0.022615432769733608,114.71756646920343,0.5744319923512337
4997.632137487401,0.007850379876548049,136.85046662992207,0.19939964886432043
4997.6338345325585,0.032831320134435994,76.63152646068959,0.8339155314146742
4997.633894067023,0.04409626862301368,88.78446627406058,1.1200452230245475
4997.6403817349,0.04087325068107162,90.37579589046383,1.0381805672992193
4997.645050489191,0.04773643248737017,98.5381560833244,1.2125053851792023
4997.647641774585,0.02011742599023871,115.7770719973041,0.5109826201520632
4997.650900271359,0.028797242112506068,70.05933549909857,0.7314499496576541
4997.65214434577,0.0406692549937652,84.34061124429971,1.032999076841636
4997.652245850588,0.03882234220730823,85.50838138433248,0.986087492065629
4997.652969265711,0.0477474361875251,121.55568214900487,1.2127848791631375
4997.659258329772,0.03085802626775362,76.24816385623599,0.7837938672009419
4997.659837307499,0.021111760650520752,104.43516505661916,0.5362387205232271
4997.659956036039,0.041436197215822174,93.07317857917388,1.0524794092818832
4997.660880915305,0.03705355741841379,76.4243335309663,0.9411603584277102
4997.660882941416,0.02737731153648743,96.82939024409347,0.6953837130267807
4997.661717882399,0.038034015482072414,91.87220144587118,0.9660639932446393
4997.673829814092,0.05925302594829101,72.44519472279896,1.5050268590865916
4997.676965905044,0.05507805555945855,103.22809501244787,1.398982611210247
4997.678707629337,0.03414975743721659,81.05138765592508,0.8674038389053014
4997.680791594203,0.0472949970985995,94.71733878815628,1.2012929263044272
4997.68228587476,0.03205433077125105,106.8653605872206,0.8141800015897765
4997.683629097212,0.036431867325003614,68.08662767446233,0.9253694300550918
4997.687777716169,0.03581899188893772,67.00247971236361,0.9098023939790181
4997.693806031519,0.03656774962410458,70.29811563362898,0.9288208404522562
4997.695485016416,0.04483595366188109,75.44096421738537,1.1388332230117797
4997.695797816708,0.04003953726321819,69.1835010718357,1.017004246485742
4997.698344026512,0.0027823298124894577,-117.21361770074849,0.07067117723723222
4997.699239752424,0.02391624474747248,100.96995222575572,0.607472616585801
4997.699423400707,0.06076760714011386,91.94024041302909,1.543497221358892
4997.700254768149,0.050496180319494335,58.648488952666895,1.282602980115156
4997.705633641827,0.04596817666393177,87.8490701167754,1.167591687263867
4997.709454625996,0.04993632383475932,102.45317127111086,1.2683826254028867
4997.711778410796,0.05367917776885332,84.33034088898972,1.3634511153288744
4997.712703034158,0.047801381425967605,102.72483641784544,1.214155088219577
4997.712934323157,0.025934639058375064,65.53222541432898,0.6587398320827266
4997.715510182564,0.012659012480758371,101.90619836490072,0.32153891701126264
4997.716431979565,0.04600917596459066,90.94616870890361,1.1686330695006026
4997.7186057864155,0.02609935139774388,109.03729042285865,0.6629235255026945
4997.720324206371,0.03728237985326194,57.551610051369885,0.9469724482728532
4997.720559941793,0.04849708037156791,69.97113531226033,1.231825841437825
4997.720562470794,0.03134275124428305,88.9640343426348,0.7961058816047893
4997.722392285057,0.025058794869302816,89.37805489593043,0.6364933896802915
4997.722988839937,0.04991796489301225,88.60944884458905,1.2679163082825111
4997.7243175935155,0.028491169288448782,97.60530874838685,0.7236756999265991
4997.725303751787,0.027799204592585502,59.066688991663035,0.7060997966516718
4997.725999468079,0.02730181148159496,59.56485309269148,0.693466011632512
4997.7278932096,0.04367751358396529,87.5191732995912,1.1094088450327182
4997.730180596748,0.054613257576902496,99.83986353809777,1.3871767424533232
4997.7335577779,0.0346466800634061,111.05238518356236,0.8800256736105149
4997.736548275375,0.034194300539547695,64.71263796145581,0.8685352337045114
4997.736665663188,0.04146385177298872,61.98908566392917,1.0531818350339133
4997.7389218138815,0.017232942043869694,41.529396049125445,0.43771672791429017
4997.739924249428,0.03836347097921235,80.23404731299927,0.9744321628719935
4997.740207455386,0.04356734349433115,93.19302149452646,1.106610524756011
4997.74337156131,0.0393238367339282,82.27246982372769,0.9988254530417762
4997.744018781556,0.08405389531355209,86.29642316477752,2.134968940964223
4997.7462606876015,0.04388172469835194,120.73325914352527,1.1145958073381392
4997.746457105752,0.02705025210795555,105.316311075967,0.687076403542071
4997.747267826238,0.0349766598520481,90.78333801664624,0.8884071602420217
4997.747722406503,0.02250238073160279,96.98519212902285,0.5715604705827109
4997.749858649712,0.0327422874279816,49.959479548166186,0.8316541006707326
4997.753083142256,0.04657917589578646,99.84028160805826,1.183111067752976
4997.753821748949,0.041390720524057296,65.18170830155739,1.0513243013110554
4997.754980341424,0.04203964814289712,76.35344169937957,1.0678070628295866
4997.755926709785,0.030649041894190855,95.222930577482,0.7784856641124477
4997.756380256345,0.015508577049133644,71.07385854960863,0.39391785704799454
4997.7576609049565,0.021729461097912232,81.0156650133553,0.5519283118869707
4997.758862350907,0.03332883511214169,87.55347408213534,0.8465524118483989
4997.759838514612,0.018141451747290416,77.68962215711821,0.46079287438117655
4997.760220390926,0.05448627951028201,77.56006813978115,1.383951499561163
4997.761141501908,0.06671642490667326,69.12252527131344,1.6945971926295007
4997.770174829219,0.06322188800350688,83.33274957390566,1.6058359552890746
4997.7735987824235,0.047570620614072086,69.91233449524815,1.208293763597431
4997.7758525645995,0.03980542029873105,90.29772502411507,1.0110576755877685
4997.777165571472,0.04093585736415772,63.68078923619142,1.0397707770496059
4997.780133205767,0.03714613796137737,97.98931162110834,0.9435119042189851
4997.781138376216,0.03994891380214951,97.07986104470068,1.0147024105745974
4997.781855189495,0.043082460087003976,61.00939097028262,1.0942944862099009
4997.784738349682,0.02845633755573688,59.63980264546765,0.7227909739157167
4997.7851488925535,0.013268523625874324,101.37060443640392,0.3370205000972078
4997.785662560783,0.029415455095220085,53.85366305902409,0.7471525594185902
4997.786436362205,0.03578467143671611,76.21483203825174,0.9089306544925891
4997.786696912393,0.05262799655656876,99.55152247221629,1.3367511125368465
4997.79354797613,0.04528319623302002,112.36040750704872,1.1501931843187083
4997.797105427188,0.041333660551572726,103.36949288979872,1.0498749780099472
4997.79858774864,0.052600312362035474,76.48002916214452,1.336047933995701
4997.799170182521,0.03244996743281072,81.45059198402959,0.8242291727933923
4997.79940870885,0.031534640214006066,74.0713532230078,0.8009798614357541
4997.800088765469,0.03332085796444249,70.36971179285355,0.8463497922968392
4997.800175189066,0.03940259469698816,97.68042291845843,1.0008259053034991
4997.800399783357,0.03666903083587415,84.16975581005555,0.9313933832312035
4997.804785493166,0.056070689115422255,71.61383439935634,1.4241955035317253
4997.813505016954,0.05911821451244152,82.03526026524621,1.5016026486160146
4997.81398642064,0.03558938348329361,67.28625287400777,0.9039703404756576
4997.814758566954,0.02924380310642933,65.32143464255563,0.742792598903305
4997.816540876524,0.0731713313976186,97.42315522769185,1.8585518174995121
4997.816651500169,0.03854919293472218,85.46787531842787,0.9791495005419433
4997.819343509333,0.0458390706775719,65.60412707377323,1.164312395210326
4997.823237774777,0.04926232273070479,95.21000884838192,1.2512629973599017
4997.824169291633,0.034877342376205205,50.762819750451406,0.8858844963556122
4997.824230716369,0.05453737021413695,71.96461710352946,1.3852492034390784
4997.82465682491,0.05007071561928566,80.64475623340465,1.2717961767298556
4997.824819013105,0.029072157300889485,62.92639256633466,0.7384327954425929
4997.828685236143,0.05012920736668357,95.42747489637507,1.2732818671137625
4997.828838083159,0.02690829843185886,100.31361263295018,0.6834707801692149
4997.829301854056,0.033029252561977446,77.39745720180957,0.8389430150742271
4997.831394787538,0.03347108865353703,103.02933008469287,0.8501656517998406
4997.833437696576,0.06637162413976454,92.45130804334357,1.6858392531500193
4997.834977484549,0.03441335494036042,97.42750750375168,0.8740992154851547
4997.83647895511,0.030155994834686877,113.71023108956292,0.7659622688010467
4997.836757418451,0.05142828367633613,92.96873447496598,1.3062784053789376
4997.838748039715,0.044388871806204,71.93874792830789,1.1274773438775816
4997.839178552289,0.024035621233250988,89.97144839667634,0.610504779324575
4997.839910453416,0.018335161793587136,48.55563366443178,0.46571310955711326
4997.844433257972,0.022853285523350284,72.17981577744956,0.5804734522930972
4997.846792005195,0.04231011717359985,86.1594514128079,1.0746769762094361
4997.848839902257,0.025086057892081435,94.52575409217411,0.6371858704588684
4997.8500432304745,0.04571808605290652,77.47420607544788,1.1612393857438255
4997.851715022836,0.06306744774564536,92.16439398897631,1.601913172739392
4997.852323591657,0.0358063926515211,113.33381171167576,0.9094823733486359
4997.855465654129,0.05908851047963279,69.83535453910585,1.5008481661826727
4997.855542038523,0.035118741135209845,113.9523350958412,0.8920160248343301
4997.855981048049,0.04198644815337028,94.73609879036928,1.066455783095605
4997.856688875512,0.06130499500525898,95.21820248054019,1.557146873133578
4997.857334128421,0.04445855233950081,75.97852445030091,1.1292472294233205
4997.857711428728,0.029854291527918807,74.0303067277364,0.7582990048091377
4997.858204097824,0.04512728111012729,72.83518764088832,1.146232940197233
4997.858910806291,0.04071962214240372,62.1720024383848,1.0342784024170544
4997.86316962463,0.03738454284514471,66.20467714771428,0.9495673882666756
4997.863694363187,0.051696324500996496,97.47753598375513,1.313086642325311
4997.864713910915,0.053098136509140005,91.60376892848157,1.348692667332156
4997.865304672379,0.052042880858864486,92.70819071375271,1.321889173815158
4997.869574783704,0.054609239014852894,64.25268751765566,1.3870746709772634
4997.869640847814,0.02852416760715084,112.2651506441564,0.7245138572216313
4997.870361413651,0.03455647689856568,84.28709910072938,0.8777345132235683
4997.87057612541,0.026873939502242997,88.00099415257577,0.682598063356972
4997.872892253681,0.04828961443272276,75.22759277635832,1.2265562065911582
4997.874325678689,0.049577933185291786,111.8695980029331,1.2592795029064112
4997.880609031691,0.03270209838837256,76.05827204757166,0.830633299064663
4997.881711599106,0.007107219613019517,-3.975617839017009,0.18052337817069572
4997.884138967781,0.02853837100996779,100.94441863852464,0.7248746236531818
4997.886592553429,0.04673863607579621,72.73943555726032,1.1871613563252237
4997.888996797497,0.030867330486807926,71.3990327183124,0.7840301943649213
4997.889938276593,0.01921777748261972,86.95964376632574,0.48813154805854087
4997.890293008585,0.048801582216659034,75.51919567717779,1.2395601883031393
4997.891820502236,0.03220978546785384,111.62797295774541,0.8181285508834875
4997.892584067489,0.04475165765524146,113.05155915582591,1.136692104443133
4997.8933746256425,0.045016049079165114,75.08853213197949,1.1434076466107939
4997.894303552203,0.04864398977333377,87.68008599354117,1.2355573402426776
4997.894603749247,0.055299036144861514,69.44821010176332,1.4045955180794825
4997.894828207076,0.03065002273188839,110.70964447254984,0.778510577389965
4997.895146705963,0.03951456785456728,93.11227275487715,1.0036700235060088
4997.895956498516,0.03155934457785495,88.92347479265212,0.8016073522775157
4997.896453681824,0.07275536855863368,80.51972498666247,1.8479863613892955
4997.897304145788,0.03263323329289705,102.64809856962307,0.828884125639585
4997.897497730113,0.04922652005838238,89.01389728701808,1.2503536094829124
4997.898390758625,0.03086527395986248,61.74194574554621,0.7839779585805069
4997.900253177225,0.01584220170747575,88.50242459722227,0.402391923369884
4997.900542403358,0.0377501582382656,68.51916908253845,0.9588540192519462
4997.901162032609,0.038271715367740274,89.6107328577798,0.9721015703406028
4997.902271653834,0.026199150283854715,69.12654835518231,0.6654584172099097
4997.903377012912,0.0466902453191442,71.30416583718956,1.1859322311062628
4997.9034961360985,0.024195166257600424,83.84515895112396,0.6145572229430507
4997.904336275686,0.045399691666240846,81.6813045270448,1.1531521683225174
4997.907341960404,0.028570541220838398,58.57841296989376,0.7256917470092953
4997.910627972095,0.0226627518023494,111.33468525189807,0.5756338957796747
4997.911763778384,0.03613201677991893,119.60862927023302,0.9177532262099408
4997.91256911843,0.036878009684920526,69.98172265709935,0.9367014459969814
4997.9149004756,0.04563556632096051,108.87201026506254,1.1591433845523968
4997.915268540452,0.02658390196533794,112.29982998501312,0.6752311099195837
4997.918747531769,0.02261291179631109,96.0278892518272,0.5743679596263016
4997.920919927583,0.04465835431568344,66.69994597012345,1.1343221996183595
4997.9210436736885,0.020094432974579635,68.25801290704344,0.5103985975543227
4997.921101741846,0.0301908327909642,89.00410011390893,0.7668471528904907
4997.921758358788,0.034916460276639666,89.10564194167779,0.8868780910266475
4997.9222615966155,0.03428453622490572,75.44384714177929,0.8708272201126053
4997.922365894529,0.024421589851926405,78.39119358603662,0.6203083822389307
4997.924701561971,0.03837998810681968,42.9428263203555,0.9748516979132199
4997.924981563022,0.04767609064211431,54.32435472134762,1.2109727023097034
4997.926419589714,0.04199771959110604,77.66436638331555,1.0667420776140935
4997.932249922591,0.051933101236016,67.01036222854619,1.3191007713948064
4997.933243067238,0.010521340777625536,80.47599333411237,0.2672420557516886
4997.933902380766,0.044632638897765274,73.33856111898211,1.133669028003238
4997.935511877336,0.042842598344940655,90.46918582646333,1.0882019979614925
4997.938878006264,0.03943008477199547,81.00473506447622,1.001524153208685
4997.939525265317,0.02756767116689873,16.463194950369594,0.7002188476392277
4997.939795874406,0.04783525293044406,91.61824205070073,1.215015424433279
4997.940534546641,0.015690489039340623,141.01166622773107,0.3985384215992518
4997.940860772144,0.01783723726100165,55.910695325771854,0.4530658264294419
4997.941396287313,0.02320772706884957,56.18083917390298,0.589476267548779
4997.944241879528,0.03991130259133616,103.67889225776455,1.0137470858199384
4997.945739623376,0.03476450394078433,99.56391003691267,0.8830184000959219
4997.951211419453,0.04262555907340228,90.38284407704413,1.0826892004644177
4997.955275846353,0.030096547501249852,85.25673422042163,0.7644523065317462
4997.955730320989,0.05168699249940725,66.77963046237383,1.3128496094849442
4997.957221159944,0.03682143563990555,98.25628149706819,0.935264465253601
4997.957587331882,0.015533343918972596,75.71730545559964,0.3945469355419039
4997.958553173745,0.02414339133846344,81.41390418601264,0.6132421399969714
4997.9629301386685,0.02669136390793373,81.92581490066534,0.6779606432615167
4997.9631275678,0.02902695175273218,60.51204195563714,0.7372845745193973
4997.965118981946,0.01803848026159672,69.15181421653278,0.45817739864455664
4997.968759224063,0.031709052802734915,104.13555518954765,0.8054099411894667
4997.970532283755,0.04837787839396772,79.49297055291335,1.22879811120678
4997.9748409663725,0.021815737278524705,69.40241156660088,0.5541197268745275
4997.976093311969,0.026768054049744253,77.65584374368744,0.679908572863504
4997.97642664179,0.05729712245348226,68.3185935430735,1.4553469103184493
4997.976939824259,0.0415245902778047,91.58805561494971,1.0547245930562394
4997.977228597786,0.05073110826265926,78.75726308632936,1.2885701498715452
4997.9772666431945,0.03713431131930993,120.7643721743686,0.9432115075104721
4997.97865311042,0.03621415939125544,57.63754046519482,0.9198396485378881
4997.981706547125,0.022969682585709222,102.80158922416976,0.5834299376770142
4997.982695747432,0.04341715362276823,85.3937863300772,1.102795702018313
4997.983312994991,0.03947166195444347,87.5927841905262,1.002580213642864
4997.984186195721,0.03573088582838507,85.51858315701458,0.9075645000409808
4997.986844007996,0.05685251767319937,83.07278032370867,1.4440539488992639
4997.987992264544,0.025081466847650034,76.59347782968234,0.6370692579303108
4997.988987574571,0.029823680902419044,84.73261011161857,0.7575214949214437
4997.991026173644,0.04536772409864468,70.03543872155215,1.152340192105575
4997.992950171517,0.07449937568123165,89.77909356748722,1.8922841423032837
4998.002442065132,0.020686917410769654,99.93662036889768,0.5254477022335492
4998.002551862784,0.014013797846268697,70.92889547701195,0.3559504652952249
4998.002931306069,0.02989358149429684,111.29104766665397,0.7592969699551396
4998.0042330785645,0.0400722375226671,121.12986757935084,1.0178348330757443
4998.005861976156,0.041854423684155054,94.00357743423216,1.0631023615775383
4998.0062928784255,0.03451014196481259,82.64226519592961,0.8765576059062398
4998.006591269609,0.037325566861503554,78.34881755625257,0.9480693982821902
4998.007398270203,0.02591141518652524,91.12205265102256,0.6581499457377411
4998.007684399631,0.044828510684500326,110.74535247383784,1.1386441713863082
4998.008177997597,0.0263468542544895,98.93623207506675,0.6692100980640332
4998.010058305137,0.03621926479030044,102.8584904782528,0.9199693256736311
4998.012797887066,0.01815386591858325,69.88495544697146,0.4611081943320145
4998.013841831616,0.05079526235049701,76.57082507662271,1.2901996637026238
4998.015073400296,0.02870867701228262,93.00279570087665,0.7292003961119785
4998.01757953761,0.06205947688475636,86.67927231504832,1.5763107128728115
4998.019259819819,0.05270534626155374,75.59974087880438,1.338715795043465
4998.025313662944,0.046486406766334046,77.917389365927,1.1807547318648848
4998.025404499177,0.02641775294643976,85.21751195624316,0.6710109248395698
4998.02798590498,0.02947946555005039,64.37194987375881,0.7487784249712799
4998.029259959786,0.04711366114249793,94.92804119902449,1.1966869930194475
4998.032340871089,0.04121515893711628,88.15717240854678,1.0468650370027535
4998.0328315452425,0.04908596149839853,85.84357746470457,1.2467834220593226
4998.033897816805,0.0318327631346609,47.700162818644685,0.8085521836203868
4998.034695507674,0.030716856998238742,98.42436819107971,0.780208167755264
4998.036451161836,0.04186415511359672,81.72842370959587,1.0633495398853567
4998.038358961164,0.03735055760404753,53.72180659673772,0.9487041631428071
4998.040940333016,0.03183099379807544,95.66957868682722,0.8085072424711162
4998.0410597615455,0.0470125402583569,78.52185153177209,1.194118522562265
4998.042789578149,0.05787547883143383,112.9848538746044,1.4700371623184192
4998.045167414537,0.03414494011586053,82.66025713192137,0.8672814789428573
4998.045639838617,0.0516225778362935,84.61259170428791,1.3112134770418549
4998.0462993519,0.02053764434983581,54.28127328227573,0.5216561664858296
4998.04673112496,0.028954015492498857,93.1573231501874,0.735431993509471
4998.047722528303,0.027488696534914772,63.04154749013948,0.6982128919868352
4998.047874658023,0.029375594044425673,13.695033399174728,0.7461400887284121
4998.049917439337,0.034505293343334645,94.36764068440186,0.8764344509206999
4998.050732459047,0.0411300076331348,41.14369850686861,1.0447021938816239
4998.05127432258,0.03916887056055848,89.18135289934193,0.9948893122381854
4998.053489290982,0.025731327698991086,78.08449569114245,0.6535757235543735
4998.059935904391,0.030366791472235675,124.3360038175524,0.7713165033947861
4998.062142067693,0.028326662668923943,66.3643369094073,0.7194972317906682
4998.064344200776,0.022146741803343074,60.999383787261095,0.5625272418049141
4998.064853875001,0.039363598874303296,104.38065386766596,0.9998354114073037
4998.067567974981,0.025743396833864163,89.00816854597872,0.6538822795801497
4998.06808059486,0.04741729777242,65.52358044991303,1.2043993634194678
4998.068968943644,0.029410705977122583,91.0951122178334,0.7470319318189136
4998.069004023265,0.03238571338697386,48.553997717375466,0.822597120029136
4998.070010150075,0.03575808340137492,86.22670209774206,0.908255318394923
4998.0760794964335,0.047287159396058445,94.42680273103193,1.2010938486598843
4998.077285291857,0.07093303731301073,90.06802353340838,1.8016991477504725
4998.077874074168,0.02527310596745981,108.302425735058,0.6419368915734791
4998.078224916025,0.028708516819375977,78.83607760976388,0.7291963272121498
4998.078802535337,0.05773638297971818,84.7724839196811,1.4665041276848416
4998.083574465388,0.02876689496949512,93.16946363152273,0.730679132225176
4998.085000860971,0.0265579538154736,75.43750140484526,0.6745720269130294
4998.086810606551,0.02157680115892076,70.07276109773692,0.5480507494365873
4998.0898628693085,0.020340903035298008,63.456855170910245,0.5166589370965694
4998.089975796282,0.016870206117377967,94.66899081192909,0.42850323538140034
4998.09061455672,0.040689018658217335,77.28078720641503,1.0335010739187203
4998.095024143807,0.022361123475877952,86.12847746666446,0.5679725362872999
4998.095626307912,0.056439326553716175,73.26864517527186,1.4335588944643907
4998.096056039364,0.06436767351385296,99.21789802353834,1.6349389072518652
4998.096788755315,0.02514600689990047,101.65994687186505,0.6387085752574718
4998.097050497534,0.039492871690642015,101.0650340739039,1.0031189409423071
4998.097474558092,0.03960486631809313,92.62944758153196,1.0059636044795655
4998.099745142907,0.009238179975092653,27.9671775837632,0.23464977136735338
4998.101188169191,0.028395578820759857,81.29367390395907,0.7212477020473004
4998.101215372666,0.03276400546119293,99.06074433095235,0.8322057387143004
4998.10241822187,0.046487925342856215,108.72793086160706,1.1807933037085478
4998.102419307584,0.033207927093176985,91.51392340604697,0.8434813481666954
4998.104709510757,0.0524020929090423,80.83055606655665,1.3310131598896742
4998.104911489199,0.04237147095800115,85.62119837525508,1.0762353623332293
4998.105370075051,0.023201437295763502,67.11317718169033,0.5893165073123929
4998.105565391339,0.04428224706266252,69.55911125018713,1.124769075391628
4998.107371850288,0.03131239473706303,77.71636675277405,0.7953348263214008
4998.109450136139,0.04907707338804927,96.56115298274808,1.2465576640564515
4998.110578713819,0.032080227553957515,119.69401652967198,0.8148377798705209
4998.110691101829,0.04876022222345167,92.52838731253463,1.2385096444756725
4998.110712502588,0.032767003753992385,110.56191506699754,0.8322818953514065
4998.112634452236,0.04021793390587091,84.92676795594353,1.021535521209121
4998.113948785396,0.023783452716208124,72.56282698603322,0.6040996989916864
4998.114613378464,0.044446212176595806,121.1501494896576,1.1289337892855333
4998.114693686171,0.015334277236282936,96.2012612803672,0.38949064180158655
4998.116357937218,0.02659141811215332,66.98697191679898,0.6754220200486943
4998.119181969872,0.03098399885160374,96.37108015374201,0.786993570830735
4998.120161580315,0.044616734775355375,51.343951497720944,1.1332650632940264
4998.120543476195,0.03385341611026345,105.04701258474898,0.8598767692006916
4998.121632789473,0.05594416790475246,113.87992777807239,1.4209818647807124
4998.124098813079,0.024458901959080615,95.31514240369592,0.6212561097606476
4998.127825359314,0.03649321794286224,89.00752635133817,0.9269277357487009
4998.13447190286,0.05626519949205146,83.361319230964,1.429136067098107
4998.134894557137,0.05809994189637917,100.20054035090305,1.4757385241680308
4998.136636661274,0.05151433853163206,73.96465403530075,1.3084641987034542
4998.14010239507,0.021368683308107733,42.08513065865719,0.5427645560259364
4998.140172775231,0.030296920431748538,89.08254228147528,0.7695417789664128
4998.141461040192,0.04026855647139869,79.3068423208414,1.0228213343735266
4998.143900132367,0.021696587090910886,106.03129954582064,0.5510933121091365
4998.144533819622,0.030787047606162354,103.97109208724495,0.7819910091965238
4998.144992538476,0.03447479577654762,75.56088550099285,0.8756598127243095
4998.145180705933,0.01478391960781422,69.70726442554626,0.3755115580384812
4998.145701629686,0.03252074564413688,82.79474218893324,0.8260269393610767
4998.145858241429,0.0411062765855456,104.1643289833338,1.0440994252728582
4998.145868696412,0.0311683399997024,63.44121468411617,0.791675835992441
4998.146130665652,0.0374133584629654,83.41893519498397,0.9502993049593211
4998.146566890603,0.022851026985273977,121.74540187385564,0.580416085425959
4998.148095742018,0.024978319970356638,98.68862433571756,0.6344493272470586
4998.148099543566,0.041624664416202495,86.99859091120138,1.0572664761715433
4998.149630274504,0.04000414783034748,100.30363979581735,1.016105354890826
4998.149955802494,0.04498350948137107,74.1964569186112,1.1425811408268252
4998.150369082728,0.04352706447303238,99.11109159099736,1.1055874376150223
4998.152417163496,0.043670742132191374,76.14544408582965,1.1092368501576608
4998.152467450502,0.05124381313714244,69.60384764774197,1.301592853683418
4998.152800354172,0.027307401314328687,115.58874596396552,0.6936079933839486
4998.155556557624,0.02399790184528324,98.48205252955113,0.6095467068701943
4998.15773707454,0.02808072401286574,54.147927448047774,0.7132503899267898
4998.1605478026195,0.0738049816906694,85.25184022861195,1.8746465349430028
4998.160824805113,0.039604568532866,92.54458377502591,1.0059560407347963
4998.161000958151,0.031584576316278486,72.09383830482705,0.8022482384334735
4998.162967179284,0.05562665555414058,71.70953980103766,1.4129170510751705
4998.164410450644,0.02270215239800304,71.0730798308775,0.5766346709092772
4998.164602511366,0.031000838823879245,114.76303833790176,0.7874213061265328
4998.165256582963,0.0465276167757418,102.55759626974856,1.1818014661038416
4998.167023081245,0.043989616528146314,79.69141615699456,1.1173362598149164
4998.167642085781,0.03067734125801276,109.64097591990569,0.779204467953524
4998.168060015147,0.03451541667682785,76.60221496890595,0.8766915835914274
4998.169612369625,0.0422219343466807,63.740610689227296,1.0724371324056898
4998.1699205874975,0.03248316118761439,73.81903952641893,0.8250722941654055
4998.170278474461,0.035019169136684784,118.06699628542856,0.8894868960717934
4998.170623723067,0.04971769628371412,64.92351726938057,1.2628294856063387
4998.171025501387,0.05548434845253141,82.62872811612517,1.4093024506942977
4998.171329293623,0.025771208244445606,74.12387191863695,0.6545886894089183
4998.17376535741,0.03276140690291406,83.97911278983129,0.8321397353340172
4998.174306395592,0.03213351904134061,78.73281129942274,0.8161913836500515
4998.177935525827,0.03626398935780441,77.87397904428147,0.9211053296882319
4998.17861982136,0.03322663698278453,61.54048885498519,0.843956579362727
4998.1788179213445,0.04893944326584577,79.57585505946744,1.2430618589524824
4998.179712582865,0.01340540620004694,58.57458988162135,0.3404973174811923
4998.17986140125,0.04362429060544978,54.83233829488768,1.1080569813784242
4998.180367454238,0.04803121931920672,73.09611195879779,1.2199929707078505
4998.182674412985,0.02289979226270073,130.79751291531113,0.5816547234725985
4998.182825803912,0.048369186837805465,74.44705396434867,1.2285773456802587
4998.183828775513,0.017353977229666296,100.08528701789406,0.4407910216335239
4998.18411104662,0.04636957014871535,113.20172388627071,1.17778708177737
4998.189051596428,0.011350341901052613,85.92400447669709,0.28829868428673633
4998.1891324434855,0.03948297976259486,97.50152122116307,1.0028676859699093
4998.189842939171,0.026826337212266654,101.69882238635093,0.681388965191573
4998.190420476299,0.04329379719909504,80.00838627159389,1.099662448857014
4998.19049916521,0.04162691612970736,68.23229798034909,1.057323669694567
4998.190585892239,0.03835487189384917,80.65575216107673,0.9742137461037688
4998.193292874641,0.0553865462386,56.949410258618286,1.40681827446044
4998.195525030349,0.0495104018149392,94.0988939928979,1.2575642060994556
4998.196051298698,0.054973075789649904,100.9916702494513,1.3963161250571074
4998.19622235975,0.03576800420122637,72.82379777340623,0.9085073067111497
4998.196899801101,0.04560339861888679,92.25263164247832,1.1583263249197244
4998.196908689793,0.0442993935016892,87.61399527298958,1.1252045949429055
4998.197147561768,0.033129015032347296,49.786019045151754,0.8414769818216212
4998.199423009147,0.02625201545950068,62.20142491004781,0.6668011926713172
4998.200011512554,0.05393220851053154,74.23622997888319,1.3698780961675012
4998.200274093952,0.035303247572211455,78.36198241689415,0.8967024883341709
4998.201143997847,0.0553759844951572,77.65762331059838,1.4065500061769929
4998.203624426295,0.01779886713007908,74.00199762014451,0.45209122510400856
4998.203662921878,0.027757606964975423,57.794121673739255,0.7050432169103757
4998.204563526981,0.041739656555429785,113.7151593049978,1.0601872765079166
4998.207182578025,0.042009732190036606,74.03768817330099,1.0670471976269298
4998.209876496026,0.027059913174761304,117.67015463209584,0.6873217946389371
4998.209906651765,0.04738774072549955,76.87383955410867,1.2036486144276883
4998.213944745893,0.035769544162566246,77.16893289142851,0.9085464217291825
4998.214688726803,0.05455408036124562,69.84098577262077,1.3856736411756387
4998.215984639392,0.03460599113066064,71.21538556966328,0.8789921747187801
4998.216603453401,0.03144760996095016,102.67408098145488,0.798769293008134
4998.216872781887,0.05646775987833957,95.85398939016547,1.4342811009098249
4998.216999833961,0.04067062375886052,71.61783822478205,1.0330338434750572
4998.217490631649,0.029477667560063724,66.56842667979011,0.7487327560256185
4998.217516654477,0.0413073533181439,98.56721051997599,1.0492067742808548
4998.217837235848,0.06137319953588428,98.83537159464211,1.5588792682114605
4998.219782517152,0.0567265655097679,66.70773530141017,1.4408547639481046
4998.2199528372485,0.0556373646989516,109.12396475370196,1.4131890633533706
4998.222168472896,0.03005578325645276,90.79552436687379,0.7634168947139001
4998.223092671235,0.04538517974562616,111.4803939065587,1.1527835655389045
4998.2247845188085,0.03513519812499208,88.18646974969317,0.8924340323747988
4998.226332009256,0.0410151454336976,102.60719100285584,1.041784694015919
4998.226633053857,0.03872355884575401,81.47458163820566,0.9835783946821517
4998.2283502685,0.03198506587160922,92.46334273024534,0.8124206731388742
4998.228536570985,0.06306733264300475,88.13730960964902,1.6019102491323205
4998.229445630086,0.03119082834934796,115.6065398197094,0.7922470400734382
4998.229623889972,0.052415351855153926,101.33368984722428,1.3313499371209097
4998.2310773534,0.05850758236595036,80.47241510526291,1.486092592095139
4998.2320815396,0.05102100839267858,98.48855622220724,1.2959336131740358
4998.2326300694995,0.037449622971741606,69.48309153123793,0.9512204234822367
4998.233208030706,0.03789839650936996,65.47476628722578,0.9626192713379969
4998.23325123964,0.026867993389333728,74.83673568406128,0.6824470320890766
4998.2357009255775,0.03538913168782043,108.12122056840867,0.8988839448706388
4998.237540769209,0.008892956791670086,127.37480060158416,0.22588110250842017
4998.239164030553,0.03816340933416466,105.9534641339078,0.9693505970877823
4998.240452772568,0.04349707667869872,94.04296011013336,1.1048257476389474
4998.244090315248,0.03511718893232676,89.15681620505056,0.8919765988810996
4998.245446407491,0.0427512056890826,94.01900701507185,1.085880624502698
4998.246000434292,0.05592610544675377,88.29290180784787,1.4205230783475458
4998.246382660047,0.04125605046316762,110.31536175159684,1.0479036817644574
4998.246931518524,0.03818793302600749,102.34347336543291,0.9699734988605901
4998.248557938272,0.036022244148531966,101.31799648540722,0.9149650013727119
4998.249400090284,0.03305715565449632,36.693024233568174,0.8396517536242065
4998.251177121219,0.04592279268556577,81.41424117536948,1.1664389342133705
4998.251770093832,0.020830189814217248,65.87348377610756,0.5290868212811181
4998.251770432583,0.030580738808999343,77.30624581283503,0.7767507657485833
4998.252273035698,0.06999115122574444,73.71368279203243,1.7777752411339087
4998.256160777739,0.019741304073790884,78.47837613492914,0.5014291234742885
4998.2566589424605,0.045699576736351125,83.34125463313303,1.1607692491033186
4998.257113284041,0.04775787686038083,74.99091369599407,1.213050072253673
4998.257537183892,0.018496692425780475,72.41249288619963,0.46981598761482407
4998.258197513441,0.03900697571806235,80.2233324953611,0.9907771832387837
4998.259709474832,0.028235085099897517,104.50832391037818,0.7171711615373969
4998.259982124479,0.04129168556239594,92.21458905840264,1.0488088132848568
4998.261145985593,0.025147336607807127,65.73311596267195,0.638742349838301
4998.261618008203,0.034831630543496174,91.7330995937237,0.8847234158048027
4998.26168706932,0.014853361069006086,77.76305392067027,0.37727537115275456
4998.262185464431,0.02990659749026521,110.96809121861811,0.7596275762527362
4998.262778458886,0.03228878212302604,112.09287357131169,0.8201350659248614
4998.262901883169,0.04078708395240501,54.850501702703035,1.0359919323910871
4998.266106481819,0.03914340091374973,86.96848071595156,0.9942423832092431
4998.266372540534,0.03552074212572599,91.03178833040974,0.9022268499934402
4998.267292244922,0.04161809074023006,81.92746138892412,1.0570995048018434
4998.268232505614,0.05283788792502741,99.22038401898713,1.342082353295696
4998.268547561012,0.05461783369402964,76.68826336720042,1.3872929758283528
4998.268777090832,0.041308624177875425,78.47785047542334,1.0492390541180356
4998.269753043984,0.03385629771264153,93.54375847417096,0.8599499619010949
4998.2707293910025,0.02677443250091001,66.07870382708245,0.6800705855231142
4998.271922014214,0.07212265651315455,82.41514085386302,1.8319154754341256
4998.272889933172,0.020599278551145603,72.754821058722,0.5232216751990983
4998.273273600896,0.02704639156779728,88.92457721650662,0.6869783458220509
4998.27398633054,0.037662112513062666,101.86036065128266,0.9566176578317916
4998.274124613221,0.05577239105791402,107.20831876897839,1.416618732871016
4998.274306268273,0.04035702945042973,70.30380801390275,1.0250685480409152
4998.2746519454495,0.03538554728516984,70.80383548446355,0.898792901043314
4998.2750904679615,0.04254660564101338,87.11814545236444,1.0806837832817398
4998.275902712024,0.029695186450572102,72.77227386360968,0.7542577358445314
4998.27643726054,0.036676323497639274,75.58103637157545,0.9315786168400375
4998.27795858496,0.029954884125910165,83.93904368834792,0.7608540567981181
4998.278691312825,0.03916627196031136,86.06704076867116,0.9948233077919085
4998.282788174538,0.02705857829228333,161.80709182307007,0.6872878886239965
4998.284305911127,0.044367589164344086,93.29591131879769,1.1269367647743398
4998.2847863670595,0.021644799367189313,67.517861156837,0.5497779039266085
4998.287161455918,0.01099150616045292,107.35904457036692,0.27918425647550416
4998.288050031992,0.021212018241358536,88.32652366571598,0.5387852633305068
4998.28879825388,0.029043543161258484,25.88480947475818,0.7377059962959654
4998.290871592993,0.010118495910883908,75.03574612418817,0.25700979613645125
4998.2917998803405,0.02797703894351613,88.6447201807711,0.7106167891653097
4998.292967782892,0.04197573969416474,95.0572807250774,1.0661837882317842
4998.294669924796,0.04048122801817486,69.07624151264338,1.0282231916616413
4998.294672137809,0.02995429843218701,82.58886909775553,0.76083918017755
4998.294928911117,0.02484646229640756,125.02147266492818,0.631100142328752
4998.295546402959,0.04169817333483272,34.31618023332454,1.059133602704751
4998.295689689787,0.024475188824465515,82.95979999688336,0.621669796141424
4998.296414360727,0.029177277513727437,95.97875938072217,0.7411028488486768
4998.29826652568,0.04056532220334471,77.16429527904965,1.0303591839649555
4998.298589581908,0.0326540012290468,55.58171921129322,0.8294116312177886
4998.298895401486,0.032463281253243326,65.99937177277957,0.8245673438323804
4998.299042013949,0.0613759707272166,88.92882758537641,1.5589496564713017
4998.299623685784,0.05615974856112932,107.4878260241754,1.4264576134526845
4998.299795570494,0.03781295155639717,63.83749159141287,0.960448969532488
4998.300958503404,0.04451564816285168,66.57415430977147,1.1306974633364326
4998.301401823438,0.02934206057538463,54.220810381326245,0.7452883386147695
4998.30186754595,0.043451666641932805,93.27802047519737,1.1036723327050932
4998.304388530089,0.034174142236802214,94.2242886907496,0.8680232128147762
4998.304495130942,0.0335352831575412,85.25012652467035,0.8517961922015465
4998.304974351106,0.024875849011453476,55.82698777952904,0.6318465648909183
4998.3052421684015,0.021247008354052844,71.49600783451916,0.5396740121929422
4998.305590284776,0.01614288090460595,101.23062368531248,0.41002917497699115
4998.305844045881,0.017915711452803327,29.62837458758816,0.45505907090120445
4998.306003845184,0.01804854359769857,57.136230198063416,0.4584330073815437
4998.306709572305,0.05050637776458753,59.69834097886826,1.2828619952205231
4998.307803093967,0.04084965137779152,99.4694271256544,1.0375811449959045
4998.309632545364,0.03685319252682494,78.20252428546627,0.9360710901813534
4998.309916144298,0.03238859008337146,59.84632036416862,0.8226701881176349
4998.3113112132905,0.026900486190296637,103.7434959274702,0.6832723492335345
4998.3120093753005,0.05454639081621529,98.34022901792441,1.3854783267318682
4998.313133279639,0.04175210784167373,92.97577609713028,1.0605035391785127
4998.313239966664,0.02241926919394506,51.805310060453984,0.5694494375262045
4998.3150103565595,0.04916591300514501,100.51411582464492,1.248814190330683
4998.315165328013,0.03340548382763701,85.72889999737565,0.8484992892219799
4998.3155266795875,0.02759272170707216,80.97589337959755,0.7008551313596327
4998.317568762528,0.04429519991335018,67.6439862874167,1.1250980777990944
4998.318422393509,0.06789254367673907,86.09466596257727,1.7244706093891722
4998.319401954835,0.04223709195223451,101.79434857200113,1.0728221355867564
4998.3194212123935,0.03464989949044689,78.57156900359978,0.8801074470573509
4998.321465061847,0.04156894555963696,113.93857386407498,1.0558512172147787
4998.321530722217,0.02607786235029,129.86026097147277,0.6623777036973659
4998.322389138622,0.024801621972110652,97.07009361581792,0.6299611980916106
4998.324507467612,0.034369414191517914,48.04804447637535,0.872983120464555
4998.325047363862,0.020809924411506732,103.38749536144446,0.528572080052271
4998.32743325738,0.036425962591959626,94.1434412029596,0.9252194498357744
4998.32750049485,0.023848277492830163,99.34199354272371,0.6057462483178861
4998.327501985992,0.015412295799220212,90.0108785080518,0.3914723133001934
4998.3277409932325,0.036696370814037434,92.94775305707597,0.9320878186765508
4998.327865525767,0.03514319892885442,86.42073133419169,0.8926372527929022
4998.328504477189,0.04796503805652056,61.63184616234956,1.2183119666356221
4998.330097671495,0.029924987226215824,74.82628578651762,0.7600946755458818
4998.330374601066,0.0242615998974442,90.32820644676303,0.6162446373950826
4998.330642071968,0.05838195823955474,88.72900265165195,1.4829017392846904
4998.330944067016,0.046301277887324487,46.2138147812317,1.1760524583380418
4998.3343196606975,0.029360434900221388,81.9224894139017,0.7457550464656232
4998.334796679448,0.04782371245206575,84.12921714245411,1.21472229628247
4998.335104766805,0.03292254323956594,84.29944462411883,0.8362325982849749
4998.335753934727,0.038578894406791166,75.5222105051516,0.9799039179324955
4998.336676021194,0.043176679882598136,81.57883828756809,1.0966876690179925
4998.33904015327,0.03155260818908714,108.97849629383055,0.8014362480028132
4998.339363560927,0.028351348982497086,102.54245404712836,0.720124264155426
4998.343973924918,0.015282844453657244,81.94847253366723,0.38818424912289395
4998.344899749694,0.02603807357300376,91.94497313512737,0.6613670687542955
4998.346176593344,0.028551266684313664,94.8721509801688,0.725202173781567
4998.3492943472975,0.04389577736082293,91.93833369040729,1.1149527449649024
4998.34936386351,0.04994359251251872,98.81302815964234,1.2685672498179754
4998.349977426413,0.05938884300408206,105.2244905869596,1.5084766123036841
4998.3504855346,0.04929496344365932,73.58327629399251,1.2520920714689467
4998.353405413819,0.033467212673531886,121.6030942566146,0.8500672019077099
4998.354536628358,0.03365378721556387,116.80065109922768,0.8548061952753222
4998.35611650759,0.0387472363729105,77.80304850724326,0.9841798038719266
4998.3566758489915,0.026883477590727303,103.57178284763216,0.6828403308044735
4998.356983897622,0.04136738947756538,85.83951663092553,1.0507316927301606
4998.360977553728,0.02212609685617013,84.7683815358443,0.5620028601467213
4998.361164812867,0.07430627372151569,83.86248769766281,1.8873793525264984
4998.361474936069,0.039093169506123605,88.42396323057348,0.9929665054555395
4998.361743673644,0.035802387194718024,109.12923002610997,0.9093806347458377
4998.361922599789,0.014479359656076832,85.58825378240017,0.36777573526435153
4998.362252242816,0.015981801308687444,74.86562441614971,0.40593775324066106
4998.362269101235,0.022128349909273554,75.62282140701588,0.5620600876955483
4998.362796753845,0.031217182487194583,68.43154518976628,0.7929164351747423
4998.364103742048,0.02260801490955948,121.1744455970161,0.5742435787028107
4998.365563477641,0.02706393884212505,77.03320458950802,0.6874240465899762
4998.365613106198,0.05817784519836497,102.87751281929552,1.47771726803847
4998.366834381984,0.052350470011125166,64.47955738334834,1.3297019382825792
4998.36699686869,0.027080080955988368,50.95630109494229,0.6878340562821045
4998.367837874192,0.03568712349250622,92.22047283510025,0.9064529367096579
4998.368749322788,0.02627018465186897,75.16541237068353,0.6672626901574719
4998.369661641563,0.01439729283864036,133.16081619930407,0.3656912381014651
4998.370707266305,0.029374479362741228,89.52865632845078,0.7461117758136272
4998.3709153995605,0.053362740783727984,94.54946599124344,1.3554136159066907
4998.3712546490815,0.04385209426620549,69.60092776766425,1.1138431943616194
4998.371466110884,0.027245274069168567,126.29630330902496,0.6920299613568816
4998.3723223298775,0.0352142672636958,81.69966401702028,0.8944423884978733
4998.372390395503,0.013380607543584128,136.21047245948137,0.33986743160703686
4998.373292025937,0.034961885397239954,64.95816994041952,0.8880318890898948
4998.376021550138,0.05388600200382399,90.8233121369826,1.3687044508971293
4998.376332672256,0.039176057316636814,50.21421257167579,0.9950718558425751
4998.377623360808,0.01988576744831716,87.57563520250606,0.5050984931872559
4998.379583167844,0.019507513086327925,94.529317597827,0.49549083239272923
4998.380759234468,0.01376050330961063,94.58072654857449,0.34951678406411
4998.38143393581,0.019083799082869064,85.958049907911,0.4847284967048742
4998.381464577362,0.04040390101042038,70.16469454529903,1.0262590856646776
4998.382189003933,0.03209084298449166,104.8865287477662,0.8151074118060881
4998.38368809759,0.05525602982710168,84.14885197838683,1.4035031576083825
4998.384230173857,0.017785945384901327,87.59034170226458,0.45176301277649367
4998.384457125456,0.04234681763024104,98.12995375958816,1.0756091678081223
4998.388279567814,0.028217852804079797,87.52921754291087,0.7167334612236268
4998.38885886388,0.025532025564119508,80.93682479903407,0.6485134493286354
4998.390840122831,0.021179259778024775,103.9271677949616,0.5379531983618293
4998.391598165801,0.02130163534368706,72.15827562965721,0.5410615377296513
4998.392282860088,0.045197308053091766,79.78237992101649,1.1480116245485308
4998.394759330162,0.05226699560350263,89.97569431336869,1.3275816883289668
4998.395522244333,0.03873721201619918,73.95485248528058,0.9839251852114591
4998.396062371908,0.04166458403308953,98.95843189901912,1.058280434440474
4998.397452914843,0.030553752349986495,84.69636475867699,0.7760653096896569
4998.397641345401,0.04771360240935762,48.98338456021972,1.2119255011976835
4998.397783587744,0.02471625884134354,70.05758867015687,0.627792974570126
4998.400278197144,0.02693779942263319,113.79933602362088,0.684220105334883
4998.400723682816,0.03347152413659398,96.89761864960663,0.8501767130694871
4998.402781125951,0.047422834187289375,83.8439983672347,1.2045399883571501
4998.403214058285,0.020650129953182016,58.45490356737204,0.5245133008108231
4998.404172382714,0.03245405172374417,86.89610246931406,0.8243329137831019
4998.405140400232,0.032842521091897746,54.735347060600006,0.8342000357342026
4998.405223119746,0.02527503971735044,91.02996245659712,0.6419860088207011
4998.407154374698,0.0409139191678748,74.48415199642126,1.0392135468640198
4998.407852417025,0.02810986206269885,67.71758596211481,0.7139904963925507
4998.4119859226075,0.035320313629207914,77.39643016171817,0.897135966181881
4998.412755447368,0.05614674933162593,76.92963971428183,1.4261274330232985
4998.412965285387,0.05119349401227621,85.74800041107734,1.3003147479118156
4998.41374237293,0.03663558876917738,71.79331828030028,0.9305439547371054
4998.41805267778,0.05638435994942634,101.57929879583835,1.4321627427154289
4998.418235692472,0.03546007397108343,101.96609744019231,0.9006858788655191
4998.418393197076,0.038411584996625336,98.70500854158915,0.9756542589142835
4998.418811554488,0.02876300965427363,109.3593767703716,0.7305804452185501
4998.419371849315,0.06017828799518809,87.28505474081024,1.5285285150777774
4998.422660612841,0.04893243788476168,84.47523098669832,1.2428839222729466
4998.423970944648,0.05664729145903008,105.48891260592576,1.438841203059364
4998.425014915992,0.03465032950316892,81.58609925741978,0.8801183693804905
4998.42540158799,0.04808990861178137,80.25003669460257,1.2214836787392467
4998.425452416019,0.058490737249167285,82.25761328367786,1.485664726128849
4998.426821385439,0.05161514461877074,109.02282947460054,1.3110246733167767
4998.429120575718,0.044557234076774366,78.07275050607842,1.1317537455500688
4998.4304295824395,0.05272271631612094,90.05207503691102,1.3391569944294717
4998.430619317327,0.018696310316510256,87.0049785225996,0.4748862820393605
4998.431173678096,0.03892479196882029,76.11259147343537,0.9886897160080352
4998.4314477696025,0.031216146237727265,63.41574755383892,0.7928901144382725
4998.431714239432,0.04253151456170724,65.085801520843,1.080300469867364
4998.431731204835,0.03821744422407026,96.20180925234446,0.9707230832913845
4998.431965332728,0.016764591916791367,88.23141193537325,0.4258206346865007
4998.432970235779,0.05018255281631007,87.28772743879817,1.2746368415342757
4998.434115019611,0.05587932109560336,92.43752143419945,1.4193347558283254
4998.4370228361,0.049151756073925294,85.012835187591,1.2484546042777025
4998.437358499722,0.009754709933107137,86.22878566231827,0.24776963230092128
4998.442212135399,0.042902334469123345,89.43118550664899,1.0897192955157329
4998.442277517863,0.045114505280197024,95.40175103421105,1.1459084341170043
4998.4432357744245,0.03004539156218911,81.19372174441233,0.7631529456796033
4998.443501964432,0.04921804226416112,66.05816853035559,1.2501382735096924
4998.444455549591,0.03902329428800932,63.66904379818816,0.9911916749154366
4998.447615446412,0.04031943015162759,78.29660892576521,1.0241135258513407
4998.449653879662,0.04935349010081213,84.45230304057115,1.253578648560628
4998.450323432128,0.04441926134139747,75.7479447208946,1.1282492380714957
4998.450846835317,0.04870396956079136,82.79543823450089,1.2370808268441005
4998.450907816849,0.04163091893994709,78.95210175828086,1.057425341074656
4998.451004136342,0.047608913374777975,78.53828789774118,1.2092663997193605
4998.453138380064,0.04892255841176673,82.76520401465909,1.2426329836588748
4998.453855365408,0.02758840858473914,74.15482694689084,0.7007455780523741
4998.4541407752,0.020522906798429674,128.01786086298532,0.5212818326801136
4998.456694762659,0.03310474020675963,99.82444165653075,0.8408604012516946
4998.456997210837,0.04561353942420703,53.825812169729595,1.1585839013748584
4998.458091860457,0.038097139407763915,63.262282228894456,0.9676673409572034
4998.458623610483,0.0535041541088314,82.5766178624416,1.3590055143643176
4998.460360441422,0.018549563826205998,79.5241666908056,0.4711589211856323
4998.461112710723,0.03530407517563878,79.73784294815037,0.8967235094612249
4998.461559241328,0.03461562669919154,85.56803199067198,0.8792369181594651
4998.463105558779,0.032659141260586506,92.99543325326995,0.8295421880188972
4998.4634200440305,0.03424869986546605,80.33042400336879,0.8699169765828375
4998.463564969289,0.026241670719304114,93.02506443157775,0.6665384362703245
4998.465706367707,0.020945883283487687,107.19265010866016,0.5320254354005872
4998.465831083164,0.04687565782074438,122.7714772475239,1.1906417086469072
4998.467529153173,0.054593955660620926,61.64850088902169,1.3866864737797715
4998.468249641405,0.048691232920751934,75.2384304013259,1.236757316187099
4998.468436069768,0.04801928334688192,91.87992830656691,1.2196897970108007
4998.46887376528,0.022455029185679383,104.92493581261093,0.5703577413162563
4998.469166436155,0.03461696364996591,102.47522715107712,0.8792708767091341
4998.469459959196,0.0509078774703646,77.48876234287225,1.2930600877472607
4998.469988785404,0.04519659219889708,99.39815518987022,1.1479934418519857
4998.470079415892,0.03446614773575046,50.26557019978125,0.8754401524880617
4998.472436135177,0.028959933231417233,74.46779418408983,0.7355823040779976
4998.473311444832,0.03170898784541633,106.62533130473864,0.8054082912735747
4998.473706155931,0.026284162308699194,75.57399010672573,0.6676177226409595
4998.47450143376,0.005364923045181942,80.75690839914198,0.13626904534762133
4998.475529849662,0.014465985423441985,47.5448798204906,0.3674360297554264
4998.476453897601,0.026582062192419854,66.86979233930872,0.6751843796874643
4998.47697226596,0.035318628103199766,77.83401443793056,0.897093153821274
4998.477476029832,0.03680676460701167,71.50576017263535,0.9348918210180963
4998.477572072221,0.06475551368060835,82.0581661356603,1.644790047487452
4998.479670552009,0.03995984570953079,68.72821896694029,1.014980081022082
4998.480756946165,0.030247244946180873,63.760585577303424,0.7682800216329941
4998.480827272306,0.05851295821062118,76.04513321667616,1.486229138549778
4998.484589194815,0.03270013230635241,70.46855370874181,0.8305833605813512
4998.48505856712,0.03446285583176267,107.38461395966608,0.8753565381267718
4998.486305986077,0.05313490592053013,87.1450816071582,1.3496266103814651
4998.486558945946,0.03353060253042518,84.85281303516572,0.8516773042727996
4998.488265578025,0.05019212996191909,82.42092266726206,1.2748801010327449
4998.488967607809,0.03809455709332318,45.58958422133508,0.9676017501704086
4998.491295614876,0.035357743653920984,75.52876621286502,0.898086688809593
4998.49335357344,0.05521489018433278,90.83141271046412,1.4024582106820525
4998.494728533185,0.052318834870768216,80.96315129622838,1.3288984057175126
4998.496154136747,0.023075717153656986,91.11394402829536,0.5861232157028874
4998.496518857951,0.011354304091108615,74.78255524534734,0.2883993239141588
4998.496607649016,0.029912409897580528,122.75328694216827,0.7597752113985454
4998.497248152577,0.043167479322719096,93.8314952164894,1.096453974797065
4998.501972423597,0.037888689473489966,82.74559846473836,0.962372712626645
4998.5049271187645,0.04451963676032365,75.74856410396745,1.1307987737122207
4998.505444096466,0.03090358888227755,84.7395142884452,0.7849511576098497
4998.5056787608955,0.01789205273246545,72.52146338710354,0.45445813940462243
4998.5061378996215,0.05692956033867241,88.3879509461383,1.4460108326022791
4998.507098737096,0.024637516799568285,24.968775604286847,0.6257929267090344
4998.507280018519,0.048221191065128566,70.27110326136382,1.2248182530542655
4998.508268497807,0.061734634352366737,99.28342693073513,1.568059712550115
4998.511274829079,0.011629399760740936,122.28650583951313,0.29538675392281977
4998.511625166646,0.02863023712918327,70.19065071241968,0.7272080230812551
4998.51177972274,0.02434441042667857,50.44577816580722,0.6183480248376356
4998.511975060437,0.018039508069671657,121.62363822245474,0.45820350496966006
4998.512062612303,0.04152906928728448,64.46787859879272,1.054838359897026
4998.513900998008,0.03773716638420318,120.89175539847211,0.9585240261587606
4998.514556471793,0.009090492123200048,78.1841697903371,0.2308984999292812
4998.514786257956,0.029298047118222797,34.72048401359081,0.744170396802859
4998.518620693592,0.04618329811692585,71.41620844906654,1.1730557721699164
4998.521852427285,0.028415397607335104,71.11831335516659,0.7217510992263116
4998.522573139776,0.01642638615387083,72.70260844868243,0.4172302083083191
4998.5234755611455,0.048808636148988296,80.56833375135172,1.2397393581843026
4998.523768557972,0.025501034606866604,89.09740809358178,0.6477262790144117
4998.527553553147,0.030083649725781748,27.6172458997994,0.7641247030348564
4998.529868020935,0.04213987723146618,77.416858227365,1.070352881679241
4998.5300612563005,0.022111494734801625,31.601085831276762,0.5616319662639613
4998.531350608433,0.02560881033100646,58.29500361369099,0.6504637824075641
4998.531364756201,0.03938212847979346,84.72417139676918,1.0003060633867538
4998.533107417821,0.04916590190038646,80.03422549014724,1.248813908269816
4998.533158393024,0.05887039705460301,95.79176213133165,1.4953080851869163
4998.53330025251,0.04599892988157532,61.756269079331155,1.168372818992013
4998.5356659671725,0.03741414790746454,64.1816431545865,0.9503193568495993
4998.536427400544,0.05794232668835232,76.92795949674284,1.4717350978841488
4998.536577163338,0.003398739706318562,-72.10121937652755,0.08632798854049147
4998.536721249561,0.036528468246404606,89.23243863449545,0.927823093458677
4998.537376269228,0.03090597082242352,80.71731170163491,0.7850116588895574
4998.537809858074,0.025250296427076675,100.63016045919052,0.6413575292477475
4998.53797167536,0.034505266772459554,74.66418946518263,0.8764337760204727
4998.5388971548045,0.03714965067530244,113.7878849067855,0.9436011271526819
4998.539202758205,0.037938059332726606,94.35886718674179,0.9636267070512557
4998.5394469858975,0.029283894713979047,90.8295891442068,0.7438109257350678
4998.5395351068255,0.035687480258389394,58.45916905723419,0.9064619985630905
4998.540907798856,0.03599588970210026,92.33165523298064,0.9142955984333466
4998.541125587756,0.04717384602487552,61.09925502535811,1.198215689031838
4998.544033148539,0.027387716659375335,91.88677870925288,0.6956480031481335
4998.545679680776,0.04387757784420929,90.56140578530751,1.1144904772429158
4998.545755306604,0.014073433162909679,27.319724502296452,0.3574652023379058
4998.547465319677,0.040722511493492417,58.57903960556761,1.0343517919347074
4998.547639366619,0.01011756118583268,30.519994683520583,0.2569860541201501
4998.547671923121,0.03254372015610263,55.84315129140165,0.8266104919650067
4998.548141691926,0.007223779006483971,-145.4472368142683,0.18348398676469285
4998.5487643045335,0.012699866364360452,91.53386292412489,0.3225766056547555
4998.5488378148575,0.05512559058511439,72.67143345641117,1.4001900008619055
4998.5503019442895,0.02780680521857456,92.85222166688928,0.7062928525517939
4998.551509326664,0.04076271932575908,78.58290817309243,1.0353730708742805
4998.556566512725,0.05808292718133351,86.35512402671486,1.475306350405871
4998.556796021657,0.03872775466199167,74.58859442362285,0.9836849684145884
4998.557327443536,0.029299524675246057,39.57369887212808,0.7442079267512498
4998.5589094689285,0.02354014869126376,94.91835206074803,0.5979197767580994
4998.559195370056,0.04122318909001298,95.37608914978232,1.0470690028863296
4998.559314715356,0.037343671530533994,79.76598073514533,0.9485292568755633
4998.563973780186,0.03744290288894176,89.47328976456924,0.9510497333791207
4998.565945830808,0.022371854228570603,51.74867518439317,0.5682450974056933
4998.56666514166,0.030985276458032965,96.32112166968541,0.7870260220340373
4998.56716428406,0.058143570235591045,89.60666683333754,1.4768466839840124
4998.567613187416,0.054255028111638334,87.09781258329657,1.3780777140356135
4998.5680441125805,0.04140012936546522,76.50245190267304,1.0515632858828166
4998.568775235968,0.048676671874618015,81.5886828260075,1.2363874656152976
4998.569630881959,0.028432086421420744,91.47812990812989,0.7221749951040869
4998.570914326343,0.0298281465095068,109.77245620660992,0.7576349213414727
4998.572246084373,0.014338999276839943,80.28895538597676,0.36421058163173453
4998.5735506211795,0.055848945773396885,55.057305689758095,1.4185632226442808
4998.574849785292,0.054235142512086096,86.40932998689875,1.3775726198069869
4998.574910868974,0.032869142469391904,65.04498377867442,0.8348762187225544
4998.577199682484,0.015319608495708173,67.56952889667207,0.38911805579098757
4998.577223910041,0.02442020545188217,82.73191865159284,0.6202732184778071
4998.577416730381,0.04354122588800614,87.00161821688293,1.1059471375553558
4998.577421153952,0.04399748365780096,62.87573554941815,1.1175360849081444
4998.57809540685,0.05367266819265999,74.84878172313162,1.3632857720935636
4998.579111068086,0.02720210137425104,115.39220853044412,0.6909333749059764
4998.5795306182135,0.05398961547568822,52.596180148591365,1.3713362330824808
4998.579969820035,0.02648150663759396,76.50295549003773,0.6726302685948865
4998.580357625601,0.06691963040983614,83.45537933129955,1.699758612409838
4998.580360173226,0.03393089617304436,123.87704885849196,0.8618447627953266
4998.58113749775,0.02667921555245612,107.34786282869933,0.6776520750323854
4998.581322175459,0.01932760159216145,75.5141475809979,0.4909210804409008
4998.581551077128,0.04314838034753065,91.09885305323027,1.0959688608272784
4998.584724125106,0.03176679727006721,99.68266475984352,0.8068766506597072
4998.584894647611,0.03767067381997917,76.87648859065108,0.9568351150274709
4998.58538267107,0.05599144167566704,100.3602842135893,1.4221826185619426
4998.586152283249,0.012411403130816371,99.24637793851667,0.3152496395227358
4998.587210215958,0.0298930338962422,98.11619948337368,0.7592830609645519
4998.587376393456,0.02778433755950081,59.66488447061672,0.7057221740113205
4998.5889359130615,0.03618964656723712,87.09329156185451,0.9192170228078227
4998.590002143774,0.0326356835155543,100.75663469206172,0.8289463612950791
4998.593056297925,0.06258385970330187,93.31631866739644,1.5896300364638674
4998.5933230217,0.0506063508171116,80.86770656248812,1.2854013107546347
4998.593596527368,0.033932607011864346,87.17587147128891,0.8618882181013543
4998.594218787352,0.03712503123300872,104.5061609597062,0.9429757933184214
4998.5942344164205,0.024355718257388814,79.29376660801078,0.6186352437376759
4998.595283644415,0.031652674275080325,79.20190977008353,0.8039779265870403
4998.595616334854,0.04009623809077618,62.56028550148579,1.0184444475057148
4998.59799335985,0.04511299469821518,67.82770118019413,1.1458700653346654
4998.598221483368,0.01893191357899646,90.3342941444008,0.48087060490651007
4998.598410452793,0.03899032216358573,85.61197565257761,0.9903541829550775
4998.599917545443,0.023392052506447426,65.39863590015307,0.5941581336637646
4998.600253775387,0.02028516519978512,45.68066218244322,0.515243196074542
4998.602745568771,0.040185022971536345,113.3850346774198,1.0206995834770232
4998.604270240148,0.021337780047396768,126.30509475686073,0.5419796132038779
4998.605111869941,0.03185098393820687,37.2004654372439,0.8090149920304546
4998.605372131191,0.03854595441765312,102.43921476804383,0.9790672422083893
4998.605484022158,0.04832026942151884,69.71031928872316,1.2273348433065785
4998.607307936325,0.02859308704458572,90.41439487442912,0.7262644109324773
4998.607490387882,0.03724709267632052,60.8290364653684,0.9460761539785413
4998.607626617753,0.02217716307821398,111.35756287253636,0.563299942186635
4998.6105251378995,0.025124302836097925,93.0460167232173,0.6381572920368872
4998.611630897569,0.04051955692964805,64.71059099546889,1.0291967460130604
4998.61301799787,0.03911230831498012,69.27001583369183,0.9934526312004949
4998.618123329327,0.022395517738982088,129.8603646670389,0.568846150570145
4998.6190166568085,0.05587264876859254,100.83604754522575,1.4191652787222504
4998.619378981432,0.047324443845674885,101.66482723643549,1.202040873680142
4998.619963719334,0.016157530385293776,87.52674165103977,0.4104012717864619
4998.620013616288,0.02785051355496348,84.73700441950433,0.7074030442960723
4998.620440221528,0.04861346217905876,87.6609525273155,1.2347819393480923
4998.621360071016,0.019122712816629524,55.57552594931516,0.4857169055423899
4998.621608508464,0.024394118686739175,75.22181987668051,0.619610614643175
4998.622961985673,0.02510730488753593,92.08946541101795,0.6377255441434126
4998.623389772044,0.040553233270806635,88.23500716163788,1.0300521250784884
4998.623911055872,0.0391911110871021,95.0626528805181,0.9954542216123932
4998.6240781279375,0.021467201817211384,89.33978084990606,0.5452669261571691
4998.625088958112,0.04719871640708697,76.33453537379654,1.198847396740009
4998.62550785315,0.029031965733198616,67.4956063774376,0.7374119296232449
4998.630674648764,0.03538918605212105,121.35667238749248,0.8988853257238746
4998.630856641906,0.051913223172379966,90.29284131725704,1.3185958685784511
4998.631401897942,0.02268534346685297,112.18422929740768,0.5762077240580654
4998.633514218794,0.04149867666796368,77.66698271148601,1.0540663873662774
4998.635973890106,0.017178521860995687,94.6519062886408,0.43633445526929043
4998.636070003685,0.032029898963740006,91.90399352086531,0.8135594336789961
4998.637428264521,0.05438646790217928,84.85902435621745,1.3814162847153535
4998.6375155766655,0.03477543423933436,70.99588575678757,0.8832960296790927
4998.637782158716,0.024346982328747685,65.93615534651623,0.6184133511501911
4998.638037644611,0.04365025873604464,77.57891362504587,1.1087165718955339
4998.638294636656,0.02498113811051343,87.33264875565166,0.6345209080070411
4998.6383001166905,0.03162431237743977,80.59090801294883,0.8032575343869701
4998.6395173535675,0.037020016447609605,94.1274533680856,0.9403084177692839
4998.6398910732505,0.04967918320291529,78.79023380353001,1.2618512533540482
4998.640103250184,0.050786626979377456,80.62647156559329,1.2899803252761872
4998.643177305576,0.01521863118497514,142.43429961098747,0.3865532320983685
4998.6467963519135,0.03575863001039445,92.56383781708867,0.908269202264019
4998.646881949648,0.05652877473007944,81.09138822246153,1.4358308781440177
4998.64749169156,0.03713487897452939,87.3180576683905,0.9432259259530464
4998.6499519921,0.06487224636315532,94.31976468310691,1.647755057624145
4998.651936903792,0.05824553060463927,101.65724348747572,1.4794364773578375
4998.652971326985,0.03420813648574154,110.08927733176267,0.868886666737835
4998.652988178488,0.02507699868020068,64.71259952003031,0.6369557664770973
4998.654907200054,0.04304635530641573,114.23092846744892,1.0933774247829595
4998.655559594991,0.010331311937003164,31.98964653590576,0.2624153231998803
4998.656092600224,0.03813944052497152,82.96116546011528,0.9687417893342766
4998.656380333736,0.018621214614932304,73.0404000663395,0.47297885121928046
4998.656877144602,0.03675670177276746,101.96904589554688,0.9336202250282933
4998.658792878739,0.025492472249742527,62.10693002916001,0.6475087951434602
4998.658829614808,0.0346129581929206,105.3857116331313,0.8791691381001833
4998.659474589576,0.01440764692496938,42.774544976666405,0.3659542318942222
4998.660269645413,0.03165149578246888,63.982814881032624,0.8039479928747096
4998.660582714439,0.039168147700870445,96.44835934093344,0.9948709516021093
4998.661425493536,0.0267611055522775,38.4456058210021,0.6797320810278484
4998.662170128451,0.02657496099032527,65.77528323031157,0.6750040091542618
4998.664114731818,0.03343202579909496,79.20557544293622,0.8491734552970119
4998.665943358096,0.02643340934576498,65.31690637229974,0.6714085973824304
4998.666246731138,0.01623227465843881,108.31646530219548,0.4122997763243457
4998.668936915576,0.027151472275869736,127.77735414943479,0.6896473958070912
4998.669391787799,0.047389089919703295,79.13732118535795,1.2036828839604636
4998.670233699916,0.03252679476081542,74.84062644224598,0.8261805869247116
4998.6726400739335,0.0377172755582169,78.8458601557438,0.9580187991787091
4998.672820118655,0.0541402506439083,68.91572819811735,1.3751623663552708
4998.673419616837,0.03160897532459484,87.14202550675196,0.8028679732447089
4998.6737258077765,0.020411710153828644,111.54578186805306,0.5184574379072475
4998.67453106199,0.0022643353301123885,-17.67356529615936,0.057514117384854666
4998.677106915528,0.030816897468226096,65.17000143690322,0.7827491956929428
4998.678632904652,0.06519216372074096,93.14096854846045,1.6558809585068204
4998.680476274574,0.043845087168703376,81.23684891148876,1.1136652140850656
4998.681253730844,0.0403819292408485,14.700511892218247,1.0257010027175517
4998.682406943295,0.05393389182687818,82.41816862362086,1.3699208524027058
4998.682868463963,0.007729848791223463,137.740888742935,0.19633815929707593
4998.6840152915565,0.02848742557372185,104.17372493799805,0.723580609572535
4998.68409765338,0.02349323296096053,89.74985050295211,0.5967281172083974
4998.684257894094,0.020781834697653715,97.4749614402982,0.5278586013204043
4998.684593635308,0.027969819160066346,116.90862092802212,0.7104334066656851
4998.685544675956,0.024347988990004975,37.82136795286152,0.6184389203461264
4998.685584395129,0.010717702126891642,56.41900695294726,0.2722296340230477
4998.687447191843,0.0379276645326265,99.15697327613914,0.963362679128713
4998.68882466555,0.024868821315941352,95.62370703516615,0.6316680614249103
4998.689208506616,0.026735150712695208,84.48993567025234,0.6790728281024583
4998.690189186804,0.03050098552630529,58.25928589546344,0.7747250323681543
4998.690520182507,0.021497996131722052,42.70851399066166,0.5460491017457401
4998.691146041147,0.04343293738817706,88.79176520576979,1.1031966096596972
4998.695285277958,0.02595865632895632,89.7656152404335,0.6593498707554905
4998.695337008068,0.0426650432334336,103.70899011225237,1.0836920981292133
4998.69622664806,0.021921118148608146,82.13025178993249,0.5567964009746469
4998.697168018513,0.044768958651637526,91.72042907821955,1.137131549751593
4998.69780749342,0.01735814105286026,101.3055764998688,0.44089678274265054
4998.697952410079,0.030715712202736792,66.30207753631626,0.7801790899495145
4998.698552867103,0.031442931992498944,79.41766694167313,0.7986504726094732
4998.70107334298,0.03522548266945366,72.99171384365691,0.8947272598041229
4998.701364866302,0.03783192203864306,104.86473494252115,0.9609308197815336
4998.703380692174,0.05132064966383947,84.88080180898302,1.3035445014615226
4998.705544434298,0.0338248672883784,81.06870422010729,0.8591516291248112
4998.705790391543,0.008892444411246626,87.68389601875272,0.2258680880456643
4998.706307366408,0.04465862804136865,98.62458797916189,1.1343291522507637
4998.706819361276,0.032758176479782734,96.68434005683095,0.8320576825864814
4998.706998636145,0.016894838316606296,101.11905271811344,0.42912889324179987
4998.707542695575,0.0651634191158057,74.50221566912353,1.6551508455414647
4998.708025407789,0.04109371237425541,89.56805632274384,1.0437802943060874
4998.7084705281295,0.02224188244766389,83.32335782252785,0.5649438141706628
4998.709337214878,0.028341608291364343,87.3190911435607,0.7198768506006543
4998.70993710058,0.03747032731167054,77.26594891926251,0.9517463137164317
4998.710235084581,0.057565297217017954,71.50731614124795,1.462158549312256
4998.711045200469,0.03503036568101073,90.79351608916227,0.8897712882976725
4998.711234208017,0.030830969545541223,72.24000827024832,0.783106626456747
4998.7114436035645,0.02464160069086709,22.060026267224515,0.625896657548024
4998.711499222227,0.015685463489713006,55.74995163773321,0.39841077263871033
4998.711881036852,0.01574624827449841,2.1777583102715004,0.39995470617225964
4998.712925570846,0.01756205846555852,111.22830651866552,0.4460762850251864
4998.713616055299,0.02486010568662772,82.81332160086617,0.631446684440344
4998.713847777244,0.016882258615411143,86.56411845229296,0.428809368831443
4998.715090312522,0.02791872172496702,66.63110166016419,0.7091355318141623
4998.716069057275,0.03938839075273708,138.06957799598965,1.0004651251195218
4998.716724067724,0.059256505193152446,80.23642948997222,1.505115231906072
4998.717066009603,0.035163346514379086,97.15293255538543,0.8931490014652287
4998.71915444468,0.05862865114987493,95.9322470809727,1.4891677392068232
4998.720128133956,0.04274282509352021,65.07442686922342,1.0856677573754132
4998.7215681421785,0.01674027028845084,75.8375677127371,0.42520286532665136
4998.721966749649,0.03117126851118826,66.60809365185006,0.7917502201841817
4998.722981501732,0.026517291579948,90.81378828754504,0.6735392061306792
4998.723771020612,0.04455875136873803,99.71330863638453,1.1317922847659458
4998.724296275755,0.04052051276450151,67.87172898687615,1.0292210242183384
4998.725425643041,0.03484993448224267,39.416734794485706,0.8851883358489637
4998.725622910484,0.03958869474007609,126.2068679576598,1.0055528463979326
4998.726308879922,0.02945898859102634,52.232635897337616,0.748258310212069
4998.728830330697,0.05050050715060316,81.01104776883722,1.2827128816253202
4998.729296203882,0.02382757144618983,46.70339751636833,0.6052203147332217
4998.729694888041,0.04779870325336197,84.0966468085155,1.214087062635394
4998.730310751805,0.0562112438450306,101.01575208537515,1.4277655936637772
4998.730356742,0.01377504563043554,85.07089365665706,0.3498861590130627
4998.7303727092585,0.03452015870233279,83.88014205188091,0.8768120310392529
4998.731999884549,0.029934046879677965,86.89469540406918,0.7603247907438203
4998.733471483512,0.027613658702472905,104.11127384836983,0.7013869310428118
4998.734848658564,0.022037237888921576,45.06030220806545,0.559745842378608
4998.734925106828,0.030958494038057983,117.00266914102122,0.7863457485666727
4998.7352944642735,0.025679244254479767,55.9429158748061,0.652252804063786
4998.735866136767,0.021010071241772,75.50711048574345,0.5336558095410088
4998.737169769161,0.011205793233220084,-144.2112694511999,0.28462714812379014
4998.737885409706,0.03148251967329526,102.45341322637796,0.7996559997016995
4998.740178837756,0.043351535581345024,70.34725719911096,1.1011290037661636
4998.742590117256,0.046514224928270696,100.28395046230023,1.1814613131780756
4998.743577949836,0.028866424523725287,93.7621446976946,0.7332071829026222
4998.745031721069,0.02683270483741272,63.96104853537904,0.6815507028702831
4998.748229173265,0.03369299897321695,92.74527040970823,0.8558021739197106
4998.7488543628015,0.026974918410863438,95.56240779073708,0.6851629276359312
4998.748906028919,0.02670728353737072,81.38318511142904,0.6783650018492162
4998.748989464079,0.02788933807874554,83.01033474472808,0.7083891872001367
4998.749679766153,0.051456270402988,68.18347341285909,1.3069892682358952
4998.751459076263,0.03227466045026636,74.67412316519959,0.8197763754367655
4998.751475400229,0.04849851593109049,79.3026253444095,1.2318623046496984
4998.754110223983,0.048860501266559074,79.71635847501977,1.2410567321706003
4998.754346450502,0.022299819569946824,18.892825491083165,0.5664154170766493
4998.754702709312,0.02448878764340859,46.1838481848469,0.6220152061425781
4998.758706826768,0.041823270318798525,71.5934896181024,1.0623110660974824
4998.76091470631,0.03179016180701488,66.70528604572552,0.807470109898178
4998.761260629824,0.0737725890254385,99.27407754420989,1.8738237612461377
4998.761590004459,0.04529910533935663,60.13167930468048,1.1505972756196583
4998.766144454825,0.03947064484280907,86.13897159127625,1.0025543790073503
4998.767655757379,0.043429924226131705,94.24378198503511,1.1031200753437453
4998.768080924528,0.02447802751935976,75.29328087897464,0.6217418989917378
4998.768202945984,0.0493870461598078,95.52340155036819,1.254430972459118
4998.769219803031,0.03314060450893868,74.16138666373841,0.8417713545270424
4998.77041898782,0.04569736388101934,88.02768772689261,1.160713042577891
4998.77110797012,0.05419459104558053,78.16641679463073,1.3765426125577453
4998.771576529207,0.020450422919447465,78.62802757458662,0.5194407421539656
4998.776106399873,0.029084704338387567,75.25972158543418,0.7387514901950442
4998.776764181021,0.04024273110319888,74.56321508712546,1.0221653700212514
4998.780758027096,0.030665292420589817,91.75649560045476,0.7788984274829813
4998.780794202719,0.03406138847577328,83.09895323231704,0.8651592672846412
4998.780885119678,0.03041204993242935,85.43698221040506,0.7724660682837055
4998.780966528888,0.030498327253405063,72.97568375692897,0.7746575122364886
4998.782006016807,0.04885432982985474,89.32126805166362,1.2408999776783103
4998.782409186574,0.04399036616138027,66.32993715551949,1.1173553004990588
4998.783009989396,0.02513687968867548,108.2588384102234,0.6384767440923571
4998.78322459315,0.036453107520300634,78.30957971161973,0.9259089310156361
4998.783472546591,0.025094355952397184,45.36561899305332,0.6373966411908885
4998.784545669314,0.06019742818873918,69.07754682228219,1.5290146759939751
4998.785933469251,0.04946516189895999,104.89966835561717,1.2564151122335836
4998.786565083672,0.0280365217744779,48.67549530235927,0.7121276530717386
4998.788154091313,0.05224141320660007,70.05481876448896,1.3269318954476417
4998.788281875233,0.0243166171887228,93.50405425281892,0.6176420765935591
4998.789589492845,0.008359816029395763,97.41034442669545,0.21233932714665235
4998.789589691109,0.03044351697571648,91.6921854097098,0.7732653311831985
4998.789628462044,0.04663075137731995,65.10369144689622,1.1844210849839267
4998.790403351163,0.02988785552172229,93.06514678652161,0.7591515302517461
4998.792317497967,0.05488896550100196,45.308997396355075,1.3941797237254496
4998.793005347024,0.03013739852830876,105.87550286446913,0.7654899226190425
4998.793025232616,0.028636463499916946,80.54700256802462,0.7273661728978904
4998.7930275141325,0.017074404226692298,71.48633170646774,0.43368986735798437
4998.794940988256,0.02884527705415017,74.12395462168313,0.7326700371754142
4998.795420724151,0.005408383403383477,-13.120347780830835,0.1373729384459403
4998.796339266466,0.04154163272425618,74.0009964227443,1.055157471196107
4998.7966483458185,0.03363200038279027,35.27087506179855,0.8542528097228728
4998.797868882353,0.046063061054217085,62.52840075256498,1.1700017507771139
4998.798191082863,0.04290849244849079,107.02644788209504,1.0898757081916661
4998.7987307707335,0.03972175548159089,86.61728945134078,1.0089325892324086
4998.799391662009,0.01638533614407153,48.11687352247797,0.41618753805941683
4998.800774643775,0.020256514477266514,101.28468829241964,0.5145154677225694
4998.80149723736,0.010967111289478844,152.19173068010252,0.2785646267527626
4998.80234806263,0.030890774910276305,101.32594486385214,0.7846256827210181
4998.8031785749135,0.04337214545937176,92.76473110625284,1.1016524946680426
4998.805060945471,0.03988415197156992,36.30012026062855,1.013057460077876
4998.805988571576,0.04681081098970546,82.85153647508005,1.1889945991385185
4998.806087496995,0.06132734380900345,63.285187276102555,1.5577145327486874
4998.807338576903,0.050996272042992286,95.0704521655252,1.295305309892004
4998.810497852449,0.044707348401461566,85.57303277248177,1.1355666493971237
4998.8106804431245,0.03945012218620301,105.09697341454894,1.0020331035295564
4998.811112617549,0.04162912120612349,59.99538861145452,1.0573796786355367
4998.811796897079,0.04118213611493703,93.46578730992279,1.0460262573194006
4998.812295792516,0.035934336214314425,98.19813624936972,0.9127321398435864
4998.812357367308,0.02929510807161737,67.99729471385504,0.7440957450190812
4998.813155766837,0.03358553436557748,70.51915173454617,0.8530725728856678
4998.813375606504,0.03694344189022359,74.82996065205599,0.9383634240116792
4998.813513268012,0.056248005362644383,96.77303081435987,1.4286993362111673
4998.814717445496,0.039107530868738714,96.77071041543977,0.9933312840659633
4998.815019575981,0.06657627905396478,69.63428119261786,1.6910374879707053
4998.815761785731,0.06698740284014737,91.87980906478744,1.7014800321397432
4998.815855278462,0.03008946176689379,62.41899885239762,0.7642723288791022
4998.816863688641,0.024232695016868994,101.63084182808566,0.6155104534284724
4998.817281881942,0.04812431081694704,66.29531436057282,1.2223574947504547
4998.818360153386,0.0630870707626815,92.1831426666283,1.6024115973721098
4998.8187378651355,0.025994620379459047,60.15223095710397,0.6602633576382597
4998.820450216324,0.034271113183694406,60.92332066836329,0.8704862748658379
4998.821340153861,0.047309114865641294,69.82900263193022,1.2016515175872888
4998.821350126363,0.021942214891404504,84.85149447777,0.5573322582416743
4998.822760621611,0.057480849795984106,76.33196371080851,1.4600135848179963
4998.823244325216,0.0067769370509675325,96.99316410508494,0.1721342010945753
4998.8241298456605,0.03108398205882116,91.23468074232346,0.7895331442940574
4998.825060807945,0.023829898471561722,46.82680939993576,0.6052794211776678
4998.826869819999,0.04042399928157994,85.4738154852346,1.0267695817521305
4998.827068583931,0.03806159138480938,113.10065118421716,0.9667644211741582
4998.827369357632,0.03398113175706324,90.11622129499281,0.8631207466294063
4998.828446260356,0.026406053648491117,37.66004873318164,0.6707137626716744
4998.833389603612,0.02595908188613564,80.03994434399075,0.6593606799078452
4998.833507982506,0.04903131462093478,86.67234560601422,1.2453953913717435
4998.834653241297,0.03336721253103113,116.05359463301414,0.8475271982881907
4998.835783898361,0.04847341028100729,97.65787515749567,1.231224621137585
4998.836142463652,0.04338488574591479,94.56550484886944,1.1019760979462356
4998.836894146214,0.042743924359456655,40.263169859007895,1.085695678730199
4998.839899486403,0.014637662887379815,114.86325511223028,0.3717966373394473
4998.840860066019,0.03604753232614658,95.05159845742035,0.9156073210841231
4998.842306279752,0.02573759129349513,97.50970636156707,0.6537348188547764
4998.844645008765,0.017694576570400397,79.97606222197948,0.4494422448881701
4998.84465826906,0.019316553707491566,95.50208805253544,0.49064046417028573
4998.845796123052,0.025888998679610663,45.42036620185396,0.6575805664621108
4998.846686739881,0.029418180194400744,93.41844090407197,0.7472217769377789
4998.847910825295,0.02601237215293058,70.28172180467924,0.6607142526844367
4998.848058622589,0.035796476502051394,95.05588417977751,0.9092305031521054
4998.84913440232,0.04945273676503482,64.2439828001648,1.2560995138318842
4998.850598269712,0.02909965821400468,97.34883858345351,0.7391313186357188
4998.850782529365,0.025915293814586075,75.79702298489396,0.6582484628904862
4998.851205901083,0.028058894592461435,85.06288521436097,0.7126959226485204
4998.852698533463,0.030730629637532737,62.19949347419423,0.7805579927933315
4998.852952841358,0.03641268191549575,91.2357994273808,0.924882120653592
4998.853877821923,0.04479222346369659,98.89445194777348,1.1377224759778932
4998.854228447215,0.05101220826031798,99.80675368869734,1.2957100898120766
4998.854466636295,0.05231070191779173,75.25747855992876,1.3286918287119098
4998.8549914986925,0.02221148991319449,82.95024892819417,0.56417184379514
4998.85565300705,0.04205030128617649,91.32384454768467,1.0680776526688829
4998.855973362523,0.0511087528928846,95.59487182148749,1.2981623234792687
4998.855973474974,0.018298501407828568,75.10642679058518,0.4647819357588456
4998.85680645681,0.03877527401756781,110.12340402824351,0.9848919600462223
4998.857354952203,0.01529274521496835,97.89188421550067,0.3884357284601961
4998.857393898784,0.012960581918379354,70.86281642247067,0.32919878072683556
4998.857452296462,0.033095275261712145,90.92155442741797,0.8406199916474885
4998.860563481028,0.027918265460911848,92.30682020849699,0.709123942707161
4998.860997198447,0.032975876119040105,69.3405563566247,0.8375872534236186
4998.862775208793,0.04123619012905841,92.09106313195625,1.0473992292780836
4998.86435304489,0.03905264189339392,61.89366740412637,0.9919371040922055
4998.864879664199,0.02130388650632028,119.1574461540641,0.5411187172605351
4998.867907402603,0.014149391248524735,79.04322580768074,0.3593945377125282
4998.8682437603375,0.025895231279935847,104.74999268975267,0.6577388745103705
4998.8687800957005,0.024061460997063945,63.52963106093812,0.6111611093254242
4998.8687849429625,0.05139769559865421,64.00758735952634,1.3055014682058168
4998.869839044703,0.02471115242540292,-7.4278510273367075,0.6276632716052342
4998.869948368518,0.03167572691454601,94.477863090311,0.8045634636294686
4998.870184487616,0.02048759796768374,59.02184988470371,0.5203849883791669
4998.870695264289,0.026184100949649104,35.03545127263621,0.6650761641210872
4998.871182509046,0.046486602925208,94.18634446774067,1.1807597143002833
4998.872120940272,0.03238172729176882,105.53092435612017,0.8224958732109281
4998.87292684138,0.030730919337439,84.97886547409132,0.7805653511709505
4998.873038571209,0.028520933110870263,99.25873807585866,0.7244317010161047
4998.874106094995,0.03733159548667474,69.98878212556812,0.9482225253615383
4998.874163146599,0.045497138744185976,82.75748924728843,1.1556273241023238
4998.874235237172,0.03278729373113283,111.96282563682456,0.8327972607707739
4998.874293919333,0.037912076252565936,106.08266434011792,0.9629667368151748
4998.87514398222,0.043915329640031496,80.03051295544228,1.1154493728568
4998.877892792624,0.042980826972487375,89.31911827055843,1.0917130051011792
4998.878342192724,0.03471381951325729,100.69876935989562,0.8817310156367352
4998.878596091889,0.03916424173736577,95.45208185924425,0.9947717401290904
4998.88226519488,0.03443608291498247,73.14925582637579,0.8746765060405547
4998.882271077912,0.050513872344244426,98.81573418064384,1.2830523575438084
4998.884182057629,0.017904274147119172,114.0967870550196,0.45476856333682697
4998.884657021069,0.04429574800520076,81.40129454131562,1.1251119993320993
4998.887142131871,0.05029810800880686,98.89747823005185,1.277571943423694
4998.888520184686,0.01091747588388666,105.61153417956632,0.27730388745072115
4998.890461966416,0.02464379409987208,118.68624747888548,0.6259523701367508
4998.890549652871,0.046920207581516445,81.4978481387704,1.1917732725705177
4998.890608548481,0.0293602311387086,54.960282724486234,0.7457498709231984
4998.891919093092,0.03689849859898288,88.68434523827774,0.9372218644141651
4998.893699412962,0.03979495071291112,74.86903418643587,1.0107917481079425
4998.894350976528,0.03499959773549588,73.88836366733821,0.8889897824815953
4998.894437301848,0.037370562054936704,76.23237293196286,0.9492122761953923
4998.895851814144,0.025535033989568443,106.43745604684132,0.6485898633350384
4998.896306934816,0.04126465602992106,74.63788424251452,1.048122263159995
4998.897822661794,0.025985909538406293,72.4224052153807,0.6600421022755198
4998.897955560536,0.01575389120208033,121.9321501460317,0.4001488365328404
4998.8982971099485,0.05713463964902533,79.61377917826313,1.4512198470852433
4998.898407337592,0.014004189179611416,81.80572950634918,0.35570640516213
4998.899905466933,0.02195302290475088,60.453082658750304,0.5576067817806724
4998.90192630914,0.03171745854683475,98.10577138732306,0.8056234470896025
4998.903387647661,0.04672434865060484,114.8575247654615,1.1867984557253628
4998.903665223744,0.04910655438827751,110.98979880993544,1.2473064814622488
4998.903900040976,0.03223718497247859,74.63994447162814,0.8188244983009562
4998.903978533366,0.05369123286976944,94.58650481414713,1.3637573148921438
4998.904603243986,0.03553549933089127,98.39449738268573,0.9026016830046383
4998.904817550412,0.02752681842681747,68.16827470602449,0.6991811880411637
4998.905144029059,0.04381310623083414,92.56835279668049,1.1128528982631871
4998.910527975041,0.04528593946519453,130.3174286804287,1.150262862415941
4998.910719718756,0.036382709524503905,67.78313309389232,0.9241208219223991
4998.910837435468,0.04442971486365602,102.0522683560239,1.1285147575368628
4998.910964360065,0.055329999842918365,77.05520551826795,1.4053819960101264
4998.912378760383,0.02898659004085081,52.2288365626023,0.7362593870376105
4998.912961634411,0.013199985279477012,64.80469708536995,0.3352796260987161
4998.913020737702,0.005220296433565599,80.53770039614876,0.13259552941256622
4998.914650035357,0.02766327132778663,95.25829530501635,0.7026470917257804
4998.915462561276,0.04716667155035306,110.6968518944117,1.1980334573789677
4998.9162053438895,0.027535327671506384,94.077409692436,0.6993973228562621
4998.9164535813,0.04221969604448559,82.78511682806086,1.072380279529934
4998.91648105851,0.03504721995481397,90.725069742738,0.8901993868522747
4998.916719738849,0.038726224157923046,105.2664466890508,0.9836460936112453
4998.917448540561,0.03535461419249696,104.79482004641896,0.8980072004894228
4998.918523602932,0.0340330595141438,97.51415290918403,0.8644397116592525
4998.919049038092,0.020915093816934984,111.15964294135776,0.5312433829501486
4998.919050215897,0.046948840703156455,82.77532376257491,1.1925005538601738
4998.920842883609,0.03380548879394401,84.27695377028952,0.8586594153661777
4998.921259247692,0.03785930481534159,75.56528909772537,0.9616263423096764
4998.921342108581,0.025531385943939687,94.39573663189863,0.648497202976068
4998.922369065942,0.011676813540889173,-22.120327439571703,0.296591063938585
4998.923092012808,0.027088693696149194,57.51375706496757,0.6880528198821895
4998.923158899349,0.023013502978276687,86.8507617410544,0.5845429756482278
4998.923922960284,0.02412831004051664,66.18663001881458,0.6128590750291226
4998.9250435309295,0.0220154573025784,127.79873444975992,0.5591926154854913
4998.925540072636,0.0315900693338697,106.26806647583724,0.8023877610802904
4998.927001962079,0.031337379978110216,104.28643053467523,0.7959694514439994
4998.9273544694015,0.03824558171118814,64.87305981169166,0.9714377754641786
4998.928121970355,0.034247726908206745,68.21734198430677,0.8698922634684513
4998.9290259823165,0.026934293967313828,97.34204395870486,0.6841310667697712
4998.929688146522,0.03289225093596951,81.62986366350067,0.8354631737736254
4998.930758520664,0.029003359697988017,37.63823826493307,0.7366853363288957
4998.931109923207,0.029646726158886475,64.87424441321077,0.7530268444357164
4998.931675788416,0.05809089240996264,87.09824000367485,1.4755086672130509
4998.932755745721,0.044059165552949656,65.04369850990132,1.1191028050449212
4998.933000369952,0.0391720711063823,101.51822663980462,0.9949706061021104
4998.933025278643,0.030496007953148784,43.388209696759795,0.7745986020099791
4998.933780060648,0.024909742327636052,79.02241015643146,0.6327074551219557
4998.934937693969,0.03658327581491111,60.596631931711606,0.9292152056987422
4998.935055312685,0.041952384717585285,101.31037857916554,1.0655905718266663
4998.935515358909,0.028006830691295503,78.9624252195086,0.7113734995589057
4998.9360888602,0.06986314530649665,78.56765623033517,1.7745238907850147
4998.936275792516,0.02801123014019019,133.97377268094408,0.7114852455608308
4998.938624265779,0.012914833908044552,36.97143400367099,0.3280367812643316
4998.938678252982,0.01938831175436616,115.769640858779,0.49246311856090047
4998.939081817939,0.029146999995916845,142.424844178707,0.7403337998962878
4998.940072965699,0.04283209092174612,59.853845924393994,1.0879351094123515
4998.9411259818335,0.039686940615709675,74.10369593345811,1.0080482916390257
4998.941626373879,0.01883830075886404,96.92454919910529,0.4784928392751466
4998.943936247521,0.020278029774388435,43.72992589756607,0.5150619562694663
4998.948000111108,0.028224869614699777,84.62403174210266,0.7169116882133743
4998.949400925289,0.022895199673124797,97.28554018871124,0.5815380716973698
4998.949797382136,0.0247725629770466,59.126797464582815,0.6292230996169836
4998.952529685983,0.024777421989013892,100.85034677868038,0.6293465185209528
4998.952793027108,0.02199796716288853,58.97229537920674,0.5587483659373687
4998.954002758343,0.014313407938352727,52.63883308052058,0.36356056163415923
4998.95409060831,0.019992133752646468,80.66140893041097,0.5078001973172203
4998.954505996906,0.05056529625953128,112.98998852323258,1.2843585249920946
4998.9546698446575,0.017998289921673512,57.09391293151407,0.4571565640105072
4998.957708508296,0.015322592542717853,25.75381050044528,0.3891938505850334
4998.958224984825,0.02120817863126886,104.86306668324792,0.538687737234229
4998.958526679877,0.025602910543751745,86.86484626706839,0.6503139278112943
4998.9599618137745,0.025280203765296612,126.46465085138358,0.6421171756385339
4998.960141361305,0.020199657197804012,52.34288829847652,0.5130712928242219
4998.960978560918,0.04699439499905722,83.05757056783187,1.1936576329760533
4998.962062059929,0.03860110424381284,33.92991066362739,0.9804680477928461
4998.962286009938,0.018945366843578608,95.64015722000835,0.4812123178268966
4998.962419002367,0.0309798484915194,54.79174259121318,0.7868881516845927
4998.964111229153,0.04771253321549188,81.80605610864306,1.2118983436734938
4998.964948203704,0.035469227054386515,82.2480873656427,0.9009183671814174
4998.965032557563,0.04439229342720868,84.49730688721411,1.1275642530511003
4998.968815057468,0.03079773117988978,76.36753669791653,0.7822623719692003
4998.971538869454,0.023479151793720746,97.18397106998496,0.5963704555605069
4998.973370786584,0.05529285548256614,107.61697381351308,1.40443852925718
4998.974791315582,0.03437457634479808,97.49052600761142,0.8731142391578712
4998.975011416576,0.02182476575005096,38.81260484921425,0.5543490500512943
4998.975418466152,0.027237776187168015,82.45791141565539,0.6918395151540676
4998.975501623294,0.03823568885969484,56.376422426183126,0.9711864970362489
4998.975660886859,0.030119299039369295,91.26038729734222,0.7650301955999801
4998.975690683395,0.02692472632826517,92.74336620675315,0.6838880487379353
4998.976034960145,0.052721325543436726,90.29792086842654,1.3391216688032928
4998.976332721366,0.055946436297468864,63.823725368198815,1.421039481955709
4998.976720214074,0.03174598936996401,78.81395630436886,0.8063481299970859
4998.97681291675,0.037857875919199535,71.89618248950347,0.9615900483476681
4998.976921419577,0.023901994171249323,63.5304482081087,0.6071106519497328
4998.977623361716,0.02046861940568655,78.90797140337743,0.5199029329044383
4998.977950731768,0.037233566801425665,105.11840162031892,0.9457325967562118
4998.979093211296,0.0522081554561717,82.6771139055415,1.3260871485867611
4998.979323214776,0.013714200033714232,30.085312362957826,0.34834068085634146
4998.979921827637,0.03993427467832888,63.38647194518236,1.0143305768295534
4998.980734923742,0.021216945250796027,67.55229616843384,0.5389104093702191
4998.981885979372,0.03511733172938922,71.1682403539589,0.8919802259264861
4998.982094980323,0.028090779678939835,82.454010043213,0.7135058038450718
4998.982118918824,0.04695161229377504,100.85809603182015,1.192570952261886
4998.9832246179885,0.020384138771130305,119.31817438023673,0.5177571247867098
4998.984480518632,0.019155823731695953,46.2278236203107,0.48655792278507715
4998.984837590047,0.04877552083315741,90.76462801323427,1.2388982291621982
4998.986820209312,0.033380434938691486,121.19621587023028,0.8478630474427638
4998.987939340298,0.04543295399213598,105.30176305899012,1.153997031400254
4998.989114013761,0.029941021756518717,72.75656723817205,0.7605019526155754
4998.990645579496,0.03203533733820514,98.75444031247997,0.8136975683904105
4998.990775395039,0.0356462778267233,81.54739987682997,0.9054154567987717
4998.990813887952,0.028575285684974108,72.49941773335203,0.7258122563983422
4998.992979114471,0.03042791540149823,61.2947439574197,0.772869051198055
4998.993584827251,0.025249302817808,89.52335224949833,0.6413322915723232
4998.993717319727,0.04690750475175676,62.74551788463162,1.1914506206946216
4998.994345874845,0.01563095325275092,86.46060480035065,0.39702621261987336
4998.9946298637,0.005989289277670729,73.85955570094988,0.15212794765283652
4998.995212410658,0.0305683775698359,97.99961482980184,0.7764367902738318
4998.995753824973,0.026189351457992838,106.02441949723328,0.665209527033018
4998.9959749754435,0.05155423343773853,79.88885820501756,1.3094775293185585
4998.996795899963,0.013134991332627357,-168.15861221108167,0.33362877984873485
4999.0005128466655,0.03980568602951589,75.31391041895345,1.0110644251497036
4999.0028343134845,0.037548859657171176,91.69360976632673,0.9537410352921478
4999.003019842113,0.04086487572186509,108.44494190363912,1.0379678433353732
4999.00326710414,0.04949233957089858,110.51222807045524,1.257105425100824
4999.003332948153,0.0190588197831764,74.30332426066715,0.4840940224926805
4999.003718545103,0.042331350461837114,79.34397232870431,1.0752163017306626
4999.003738026932,0.04354301937611301,59.901558179896426,1.1059926921532703
4999.00584750182,0.03160471601775162,52.89000494799392,0.802759786850891
4999.006001808815,0.03839361972203091,86.84256703098222,0.9751979409395851
4999.006938713291,0.04815266221792339,70.42441134124756,1.223077620335254
4999.008781842976,0.048045783823573635,61.75489169011169,1.2203629091187702
4999.008918503122,0.02546708147735386,130.53787888121752,0.646863869524788
4999.009209349133,0.045663607345259795,93.64740649346872,1.1598556265695987
4999.009882771509,0.026082576306198136,83.1008481828136,0.6624974381774326
4999.010110877873,0.04895465747027523,100.88820092646424,1.2434482997449907
4999.012086364255,0.03294647983068874,94.52765418029011,0.836840587699494
4999.013287817077,0.044146839421572326,65.20570948314679,1.121329721307937
4999.013594946362,0.038805327977873685,105.73330392890205,0.9856553306379916
4999.014217009055,0.06534051810262359,77.7691514764639,1.6596491598066392
4999.015250811261,0.0018352600445227928,-50.609911353972,0.04661560513087894
4999.015379809801,0.04931639066795364,91.00952716339971,1.2526363229660225
4999.0157588505135,0.03765890850254076,81.84989368168847,0.9565362759645352
4999.01879830756,0.054188613038915485,83.24447953809204,1.3763907711884533
4999.019500826712,0.04271022476677109,47.45064467604176,1.0848397090759856
4999.019838369384,0.045903299442413045,100.16531671864918,1.1659438058372913
4999.020199800659,0.01794318753673648,66.95594186060708,0.45575696343310657
4999.020426774499,0.03111723669023291,111.86813961239405,0.7903778119319158
4999.021197929342,0.01861118610974358,101.59820740457543,0.4727241271874869
4999.021998909623,0.03268106232814351,88.92094768386555,0.8300989831348451
4999.022172356294,0.019566051895914215,71.01378783106217,0.49697771815622105
4999.022770801849,0.03824508599615888,103.84865586437152,0.9714251843024355
4999.023990336062,0.04676188294047641,96.50657936779315,1.1877518266881006
4999.024105070555,0.03279527574057443,85.54051962384662,0.8330000038105904
4999.024786990537,0.03029976258710966,79.0796327369289,0.7696139697125853
4999.026415298609,0.031224754720101888,81.42030874538112,0.7931087698905879
4999.0275813189855,0.035418088230164214,94.2302124567781,0.899619441046171
4999.027597471626,0.03517432660561869,95.59162991520051,0.8934278957827148
4999.031802607321,0.01697353975500185,140.17420322375068,0.4311279097770469
4999.033095889507,0.04819869326295392,106.35305017602496,1.2242468088790295
4999.035074972034,0.01214676727817705,111.30291518097924,0.30852788886569704
4999.035123810393,0.03762796039006729,68.71281276793417,0.9557501939077092
4999.035918327253,0.06146844043256471,62.055248362315034,1.5612983869871435
4999.037049569592,0.055795569414486365,77.29664929950604,1.4172074631279536
4999.038075846469,0.032715757231234016,108.45781085871285,0.830980233673344
4999.040464883017,0.01344770900465658,45.197622481457074,0.3415718087182771
4999.042868310751,0.018479889026657096,78.40984811243217,0.46938918127709023
4999.043270593326,0.01977609615522405,57.38492083364002,0.5023128423426908
4999.043411259512,0.026580056640970972,100.47816574867043,0.6751334386806627
4999.044022246438,0.051308039284008865,92.6997882062742,1.303224197813825
4999.044660584875,0.0209624188418452,66.94951457877944,0.5324454385828681
4999.0453050762,0.023930417323338813,68.82605510561837,0.6078326000128058
4999.045356893461,0.03044820798282032,59.799866198021945,0.773384482763636
4999.046858537943,0.019697560354599096,40.97942800487917,0.500318033006817
4999.048659829468,0.018412946285862528,66.64709865492091,0.4676888356609082
4999.049912924859,0.034664420585476925,35.80265649164459,0.8804762828711139
4999.050285797353,0.019557891064724824,28.953408750419655,0.4967704330440105
4999.051669598629,0.031070863898126418,45.937258248719594,0.7891999430124109
4999.052133744472,0.025697634220902155,17.10295403026926,0.6527199092109147
4999.0523693480745,0.03888055350419552,86.67685346350461,0.987566059006566
4999.054801159746,0.06197747329670535,91.80081769434595,1.574227821736316
4999.054828742057,0.02426776139268768,70.2786359058323,0.616401139374267
4999.055618697229,0.028882717596159936,29.18248266972372,0.7336210269424623
4999.057369624742,0.05134353878321342,84.23056099606752,1.3041258850936208
4999.058941898521,0.02521689196783503,86.24019962473345,0.6405090559830097
4999.060582608358,0.03011860622954084,59.815920405751136,0.7650125982303373
4999.061342710082,0.06580324960979667,91.80110244526237,1.6714025400888353
4999.06180863341,0.026382605191664805,94.23641066447912,0.670118171868286
4999.0631834323885,0.010804208004185613,45.67816608230199,0.27442688330631454
4999.065070939633,0.018955039132822888,84.90059898168688,0.4814579939737013
4999.065339205366,0.0169550743913382,121.56202515376827,0.4306588895399902
4999.066013933201,0.03642668486841292,74.7036367850414,0.925237795657688
4999.066170410258,0.023118359904887142,88.80237770812093,0.5872063415841334
4999.06617484653,0.036038810778150784,101.89290191165585,0.9153857937650298
4999.066220342756,0.020781920220379616,97.18208744537435,0.5278607735976423
4999.067456181282,0.03965401245665743,88.2730051599099,1.0072119163990987
4999.067744731621,0.02435287764000792,134.9918227068826,0.6185630920562012
4999.068052258251,0.028637636116005175,70.18980423183206,0.7273959573465314
4999.068770361133,0.06662275728856908,78.6733087611369,1.6922180351296545
4999.070938596921,0.050059293325326326,73.19578395381897,1.2715060504632887
4999.0711198201,0.05259249252684811,91.62877698504643,1.335849310181942
4999.071148734364,0.03017456358695693,52.107216861294326,0.766433915108706
4999.071218575485,0.026417279255166487,103.15895435447293,0.6709988930812287
4999.073469757755,0.04672438620083669,98.20202846561683,1.1867994095012517
4999.073741501799,0.01825596162855615,84.33938013613644,0.46370142536532616
4999.0757320845705,0.04555021597686513,82.80239119785638,1.1569754858123742
4999.076184210428,0.03560436331095734,85.72821154180579,0.9043508280983165
4999.076695242285,0.052605371373199615,57.87195774299451,1.3361764328792702
4999.077195859757,0.02981205031120486,106.06176449044784,0.7572260779046034
4999.077529534753,0.05584195055857591,91.3491515278424,1.418385544187828
4999.0779584584325,0.017044569205965324,81.021310655232,0.4329320578315192
4999.078227767294,0.026960793487435512,59.27645131837022,0.684804154580862
4999.078231833651,0.025151425435401047,73.10226684914096,0.6388462060591865
4999.078750088595,0.04639628771685272,70.60271107108076,1.178465708008059
4999.078772243441,0.02295040728452988,50.59833922493062,0.5829403450270589
4999.0792566565615,0.050830032661222886,85.7770086019171,1.2910828295950612
4999.080016746208,0.04971208647776274,38.90239712213647,1.2626869965351735
4999.080399774298,0.047144482722822414,60.24191639861847,1.1974698611596892
4999.08066460569,0.018500628949479063,113.77773084921115,0.46991597531676815
4999.08190483143,0.03306978454009439,90.73615305208936,0.8399725273183974
4999.082742691845,0.062150866726286655,85.34371967213684,1.578632014847681
4999.083305745814,0.0357901121871491,85.64648781663787,0.9090688495535871
4999.083797126501,0.03854067989425078,92.23728810391177,0.9789332693139697
4999.083804258919,0.02427677546950216,111.4692679509684,0.6166300969253549
4999.084224535987,0.05484542624489656,62.52159716658653,1.3930738266203724
4999.0863730674255,0.05334883473700061,95.66122793382283,1.3550604023198154
4999.087698509296,0.016289804082527354,31.591960991619526,0.4137610236961948
4999.087797700386,0.034398877279841235,72.72807742928109,0.8737314829079673
4999.088071668583,0.021901529019887,77.21980293073331,0.5562988371051298
4999.088100375878,0.02416899778500581,77.83409526646153,0.6138925437391476
4999.089859399705,0.019486855449599452,93.57376700084868,0.49496612841982607
4999.090446230564,0.050415029741958925,72.26425357988514,1.2805417554457565
4999.090530559062,0.03440253294308332,123.74780201107444,0.8738243367543163
4999.091945531561,0.034232867216783355,77.66944514393384,0.8695148273062971
4999.092858676665,0.03279145353346677,89.6179653007179,0.8329029197500559
4999.092930113573,0.04115833909262842,79.3666829142229,1.045421812952762
4999.093763778122,0.03459155554697212,56.8822539415337,0.8786255108930919
4999.094064731895,0.03371031228107035,89.92085532830613,0.8562419319391867
4999.094465175968,0.01853496057447201,61.35845303191832,0.47078799859158904
4999.095660530336,0.036823398548097824,90.94782105317849,0.9353143231216847
4999.095922051636,0.039307981292923615,85.77159867537797,0.9984227248402597
4999.096267472525,0.03154141246960792,87.61297931591164,0.8011518767280411
4999.0964738816165,0.011562391446616287,57.75319630877064,0.2936847427440537
4999.097745151755,0.03686102811783715,58.72664221203557,0.9362701141930635
4999.097755936268,0.03132494553408571,73.60275928709977,0.795653616565777
4999.099146766066,0.03942738814724962,92.20211398478772,1.0014556589401404
4999.0993558300925,0.029043449252661602,65.50559029323718,0.7377036110176046
4999.0997070994845,0.029240215585226367,103.73568338708688,0.7427014758647497
4999.102362986361,0.03276825833017625,87.12891598421135,0.8323137615864766
4999.103068936904,0.03850088293536708,86.15172867436702,0.9779224265583238
4999.105735687368,0.031860882397183515,46.95553732039838,0.8092664128884612
4999.10654455823,0.027506394992717925,68.54536034251409,0.6986624328150353
4999.107629135463,0.033918300094645984,86.60834263747381,0.861524822404008
4999.108115572583,0.02853649058392868,61.50045246220102,0.7248268608317885
4999.10910275352,0.025336022586604407,86.16790841026847,0.6435349736997519
4999.110162801709,0.023004075776684348,87.65695269100958,0.5843035247277824
4999.111969853732,0.022169522239003384,75.19422275760581,0.5631058648706859
4999.1128290211045,0.023404752608607464,114.02656041817984,0.5944807162586295
4999.113559691243,0.01808586123442508,-11.608527361540302,0.45938087535439703
4999.113948818178,0.036909586999584965,87.66315337811571,0.9375035097894581
4999.1154587136525,0.01945700001063373,-34.040703678506006,0.4942078002700967
4999.116839813426,0.029368682590044447,63.2107390218924,0.7459645377871289
4999.117543822152,0.035321796635569905,102.4475395046838,0.8971736345434755
4999.11772260856,0.047415719246849376,95.82101507569344,1.204359268869974
4999.118366571209,0.04074280220255993,79.96215044943911,1.034867175945022
4999.118653020224,0.017053050176304475,54.662955670182605,0.4331474744781336
4999.119039028585,0.027232493950411083,121.3192151995836,0.6917053463404415
4999.120894475728,0.02630089366451381,59.78897916627616,0.6680426990786508
4999.1233481808,0.06093474012504327,63.95703774235747,1.547742399176099
4999.12414308529,0.046562636897645435,71.02170445625798,1.182690977200194
4999.124350902473,0.028470413573000734,94.9543374903518,0.7231485047542185
4999.125097782521,0.038818786404899816,82.70011509059202,0.9859971746844552
4999.127647662676,0.049931608771293,137.03469015956475,1.268262862790842
4999.129627150059,0.022313659021983807,120.09159768854452,0.5667669391583886
4999.129687929148,0.06327313266199786,73.91335486489412,1.6071375696147454
4999.130209075896,0.033477172739331304,82.7909540445255,0.8503201875790151
4999.13035869078,0.04203148280075453,87.78077166156795,1.0675996631391649
4999.131392727475,0.03229086420327815,44.53110228375135,0.8201879507632649
4999.133171276447,0.03803743906299947,75.74371341499528,0.9661509522001865
4999.133422543808,0.02637319299084248,78.45172674097331,0.669879101967399
4999.13680063319,0.023333912941139755,63.50453804374007,0.5926813887049497
4999.1388671023315,0.041769939828628526,69.86145741812382,1.0609564716471644
4999.1394122146785,0.029735322846908534,62.617370137480656,0.7552772003114767
4999.139764907336,0.007048624840011524,110.2239110264915,0.1790350709362927
4999.140612645498,0.017016794691513095,89.88340065132246,0.4322265851644326
4999.140670105688,0.04003575166533629,85.98146455358847,1.0169080922995417
4999.141256368398,0.045350329965038336,73.75498691327678,1.1518983811119736
4999.141516991798,0.03960655479119149,104.5519693503178,1.0060064916962639
4999.1429273229405,0.035656534228981386,97.93788523492609,0.9056759694161272
4999.143085991941,0.025433300240102884,134.17864020499746,0.6460058260986132
4999.144787296742,0.019088665638120745,57.104895706785136,0.4848521072082669
4999.145232221108,0.022214336964992688,74.97373590954403,0.5642441589108143
4999.146259745474,0.02890168350982245,66.36264114274881,0.7341027611494901
4999.147139063128,0.03564226767458201,81.4615647346171,0.9053135989343829
4999.148614253823,0.02895528282838857,48.54558143252385,0.7354641838410696
4999.149335753781,0.022224504136472225,107.5757191432632,0.5645024050663945
4999.149556198659,0.06511324125908706,72.37821806871234,1.6538763279808113
4999.149973432489,0.018699789538843863,61.18404119799404,0.4749746542866341
4999.149991921036,0.00983511869977662,-88.91865070487435,0.24981201497432615
4999.151289807346,0.013712226916721377,126.32346236110295,0.34829056368472294
4999.15188703487,0.0216597164089221,34.10704354096542,0.5501567967866213
4999.151913662306,0.01626811880452679,94.72556232013153,0.41321021763498045
4999.1522837946395,0.04104196475614207,77.85215328836644,1.0424659048060085
4999.152356787031,0.03615950978958255,96.95476654416291,0.9184515486553968
4999.154835439808,0.05168430646394004,111.28369478569576,1.312781384184077
4999.155640342944,0.032837209824786384,66.7723980800035,0.8340651295495741
4999.157490232497,0.05461178774977748,108.67551159795548,1.3871394088443478
4999.157530059796,0.04196633695037776,69.48108959777497,1.065944958539595
4999.157892347066,0.025345565789230622,96.95593636241965,0.6437773710464578
4999.158396996976,0.011123887652320188,87.27409792276364,0.2825467463689328
4999.158707586104,0.04282122342982101,103.30964696277812,1.0876590751174535
4999.162319678088,0.03832190407350289,93.18704712315302,0.9733763634669733
4999.164428987897,0.04060655429045464,55.37119157764054,1.031406478977548
4999.1646686863405,0.012969582569577984,38.80691276983367,0.32942739726728076
4999.165382818554,0.041421086975850736,84.39114909305792,1.0520956091866087
4999.165776058531,0.02770493055608164,60.94413454702814,0.7037052361244737
4999.16701558956,0.05610290529976537,98.32421034242806,1.4250137946140402
4999.168285809398,0.017919267332965533,116.63323974076224,0.4551493902573245
4999.168344436312,0.039611927439282185,105.03167809641012,1.0061429569577673
4999.1692710045245,0.05077932489323515,99.32531968573679,1.2897948522881728
4999.170048725314,0.055284248171464295,92.3007025183876,1.404219903555193
4999.170132686547,0.05003797658202509,67.09434025636655,1.2709646051834373
4999.170658316662,0.02021387889043035,75.8580135655136,0.5134325238169308
4999.170944336607,0.02131520853007656,103.42872718457508,0.5414062966639446
4999.171501658437,0.029423047528267864,87.7403999464847,0.7473454072180037
4999.1716756393325,0.01910571552460985,129.19475563738536,0.48528517432509016
4999.173012973778,0.02628677780552862,26.00821173912121,0.6676841562604269
4999.1739224489775,0.030105395340774065,105.45187297168268,0.7646770416556612
4999.174235073292,0.05426677829448993,74.56977064217745,1.378376168680044
4999.175604639352,0.0317175613137636,76.68251257389709,0.8056260573695954
4999.176230767449,0.02795751751674598,39.51463113340919,0.7101209449253478
4999.177067083485,0.03617183101162692,71.11517248252974,0.9187645076953238
4999.177317397821,0.0482173419281392,84.56526933674387,1.2247204849747357
4999.177860002875,0.018384249494297303,131.53878361470373,0.46695993715515144
4999.180576542985,0.0375251332752304,92.38159219494682,0.9531383851908521
4999.182295694694,0.038123799921150496,58.78818013792769,0.9683445179972225
4999.1824350487095,0.01816424614470767,82.26927845241049,0.46137185207557485
4999.18289042874,0.04869299012717268,72.18483997975295,1.236801949230186
4999.184932092856,0.01698404002289112,72.91002665336643,0.4313946165814344
4999.1851564979,0.03128878999662719,92.6961465395469,0.7947352659143305
4999.185637729319,0.027543752717408897,83.2831484848688,0.699611319022186
4999.186186378266,0.024348355854721407,51.954553452099695,0.6184482387099237
4999.1869867603,0.05121588112110716,90.17805067315777,1.3008833804761217
4999.187815196953,0.033594871246421465,89.15376052410313,0.8533097296591051
4999.18791894689,0.017882740299072167,-48.83891420757215,0.45422160359643304
4999.188069364328,0.040558320231765005,70.81811860971216,1.030181333886831
4999.189267379777,0.027189627821967908,45.54539570414146,0.6906165466779848
4999.191281986177,0.03810438493186228,83.0105900452657,0.9678513772693018
4999.19164150516,0.0401914094243112,93.09172438437841,1.0208617993775044
4999.193619920039,0.055999070632741246,108.3480450207856,1.4223763940716276
4999.194017201408,0.017419438341894806,104.03265807578424,0.44245373388412806
4999.196684855408,0.04590092829344074,65.25877267471581,1.1658835786533948
4999.197505134055,0.048347620398413935,73.7312479284328,1.2280295581197138
4999.197563740937,0.03953606391833758,98.86093915966562,1.0042160235257744
4999.200832389294,0.027799427821202517,91.10630689853527,0.7061054666585439
4999.201221389232,0.025321143216305155,101.41917679049476,0.6431570376941509
4999.202626656065,0.04452743774358248,110.10390681259572,1.130996918686995
4999.203089261324,0.015996556611285982,82.72399081216595,0.40631253792666394
4999.204632539298,0.034038076443956095,89.9521011767484,0.8645671416764847
4999.205394084744,0.02558706708248888,37.194466504596754,0.6499115038952175
4999.20539719238,0.039917664807979605,107.91054625520856,1.0139086861226818
4999.205921832507,0.039777743051982874,77.03885767554075,1.010354673520365
4999.2073571321325,0.019920153802156938,87.00883354563187,0.5059719065747862
4999.207436622578,0.02310307021184026,114.41976665066028,0.5868179833807425
4999.207880130062,0.03094942907451414,73.21226506427335,0.786115498492659
4999.2084020507855,0.02202355387546517,76.01662432850634,0.5593982684368153
4999.208528635334,0.046776244918400406,90.2706346882856,1.1881166209273701
4999.208581849977,0.032028864897395766,83.05280930130729,0.8135331683938524
4999.209106393105,0.04915756045011126,86.55760331801184,1.2486020354328258
4999.209229668792,0.04342698190973997,86.44601778763915,1.103045340507395
4999.209237659868,0.04407960496966914,105.20544391313332,1.119621966229596
4999.2103933445715,0.020231051902861275,82.74389708070811,0.5138687183326763
4999.2109003313735,0.026045583813313553,66.69805018951301,0.6615578288581642
4999.21125354614,0.02418672656272241,95.19345318943897,0.6143428546931492
4999.211656495105,0.05249186286755409,66.46179213494601,1.3332933168358738
4999.21281774213,0.02491927955408951,71.83492134377462,0.6329497006738735
4999.214834356408,0.04265753129877837,68.18115345083217,1.0835012949889704
4999.216675650501,0.03302058680264126,108.98889692389022,0.8387229047870879
4999.2175936920685,0.03464230313477414,88.55647872117767,0.8799144996232632
4999.218790232955,0.02485581344772965,96.53379397793475,0.6313376615723331
4999.21881698541,0.024173392097658983,59.64629930329605,0.6140041592805382
4999.218930500583,0.0385175401426805,102.93766178408964,0.9783455196240847
4999.219802241888,0.06151816311478507,77.64288074917346,1.5625613431155407
4999.221038487835,0.05221501238106355,100.73719678381428,1.326261314479014
4999.222263981897,0.03716270877858704,105.94194280907205,0.9439328029761107
4999.222549599313,0.013106946383567648,79.09353116179717,0.33291643814261823
4999.222563546778,0.03421570422358816,73.2501082858256,0.8690788872791393
4999.222941744327,0.03964289813926388,102.26419187740616,1.0069296127373024
4999.223689914656,0.029508852645260708,101.41059047783796,0.7495248571896219
4999.22440242111,0.02769173868259471,95.6335449210286,0.7033701625379056
4999.225754466728,0.04724599884616477,66.97588961155205,1.200048370692585
4999.229271016433,0.021606705009919448,101.55650221257042,0.5488103072519539
4999.229617174953,0.03169628091652537,49.23053723333652,0.8050855352797444
4999.23151712165,0.03665846166486156,78.3627024026878,0.9311249262874836
4999.231672035993,0.039914362209019075,76.66547872721523,1.0138248001090844
4999.232570159942,0.015839373800819644,48.96286766104205,0.4023200945408189
4999.232978115691,0.026008098207993047,71.8221019346847,0.6606056944830233
4999.234023305509,0.02287355997232462,130.37738162341896,0.5809884232970453
4999.235679091504,0.03620706688254301,81.50834173059465,0.9196594988165924
4999.236332135273,0.036055186518416674,54.18774209801686,0.9158017375677835
4999.236597530728,0.022807374900814265,124.0687733346582,0.5793073224806823
4999.237012479408,0.040508090205125205,56.33366495572563,1.02890549121018
4999.237216863855,0.03371343788229144,57.02013305448754,0.8563213222102025
4999.239134111298,0.010248616700843236,39.62914490581488,0.2603148642014182
4999.239824246864,0.03426268648649625,97.34514194806202,0.8702722367570046
4999.240241845004,0.03231477264002483,69.6224396247029,0.8207952250566306
4999.241607602585,0.0271645385764533,66.06771853086337,0.6899792798419138
4999.242076412664,0.024532038349985436,57.84900036382516,0.62311377408963
4999.242984995486,0.04601096514194425,94.22363911833955,1.168678514605384
4999.24400287146,0.04260736641477433,74.21237063162732,1.0822271069352678
4999.244011277006,0.02693061044476324,100.31665333815424,0.6840375052969863
4999.24470011757,0.03071054888515873,69.55234551709977,0.7800479416830317
4999.246789311723,0.0051727341165219804,87.93904306997814,0.13138744655965828
4999.247323301362,0.0308298854432632,77.84758497198074,0.7830790902588852
4999.247520743188,0.03789619579636454,91.5141305800081,0.9625633732276592
4999.249353954725,0.03739241331474384,90.3728446965419,0.9497672981944936
4999.250016698067,0.022777510240658577,81.33083194165857,0.5785487601127278
4999.250331678947,0.013954194071721451,132.42744425932327,0.3544365294217248
4999.250545844836,0.03528821276197999,91.85073220604116,0.8963206041542917
4999.251229370084,0.03722023893445215,101.64666732291896,0.9453940689350846
4999.251239507084,0.049863540713915536,76.74134605553702,1.2665339341334545
4999.251880852232,0.03478571348927817,95.94735433185448,0.8835571226276655
4999.2570610761695,0.028490166962259148,84.78999996886708,0.7236502408413823
4999.258946927356,0.021062638966137432,42.0342019808288,0.5349910297398908
4999.259311070271,0.03573663793231353,88.68593452140429,0.9077106034807635
4999.260108797175,0.02642293950974099,107.74524585003547,0.671142663547421
4999.262024036248,0.033992380028358596,74.56772210135898,0.8634064527203082
4999.262077525805,0.022383032906241652,145.5699299911439,0.568529035818538
4999.2623275171645,0.02259383733386756,54.81001223721245,0.573883468280236
4999.26261661535,0.02050863618535516,109.37199343774112,0.520919359108021
4999.264461232896,0.041519213824440536,111.4810469582578,1.0545880311407896
4999.266723700024,0.02505799648980277,100.71788594374055,0.6364731108409903
4999.266894328258,0.042633003299309455,96.18291701250328,1.08287828380246
4999.2677748056485,0.0322794253423998,75.83547844043223,0.819897403696955
4999.268780533152,0.02646369149283315,97.71686458130976,0.672177763917962
4999.26892367896,0.029122244195168248,70.61717398117435,0.7397050025572734
4999.270403980473,0.05266046008818553,80.04453252007015,1.3375756862399124
4999.2707742960965,0.030032914348780294,62.6175821256092,0.7628360244590194
4999.272323834259,0.031069855089698048,99.65740467656678,0.7891743192783304
4999.2733295428725,0.01158111482778688,73.21263519384429,0.29416031662578673
4999.273805849991,0.03527301956711611,83.38097184359249,0.895934697004749
4999.273829131264,0.04899215838872025,70.01558143072502,1.2444008230734944
4999.274648365284,0.027305427873926327,65.93159716834094,0.6935578679977287
4999.2758420092605,0.026231977500907572,114.3321627831843,0.6662922285230523
4999.278855966243,0.022103966770349905,111.03357340325108,0.5614407559668876
4999.27942250361,0.026310515463363437,54.73055652804688,0.6682870927694313
4999.279467580473,0.04428529311778157,80.81241378457506,1.1248464451916518
4999.279583933833,0.023862505603438423,114.9911141428992,0.6061076423273359
4999.281397433316,0.05298541381384674,84.59420757745252,1.345829510871707
4999.281567519438,0.034178348306025605,94.68275620973789,0.8681300469730503
4999.283037009087,0.04548166026059677,51.42156427755778,1.1552341706191578
4999.283822388101,0.0351207422991588,70.15163746521732,0.8920668543986334
4999.284065892392,0.010320903477239008,112.83735622902202,0.2621509483218708
4999.284369982731,0.027253866304254044,62.79879208494942,0.6922482041280527
4999.284740128758,0.03404935017796336,72.61056917716958,0.8648534945202693
4999.284759399676,0.03603159847377116,51.16430187740372,0.9152026012337874
4999.2862608121,0.0386155452603419,94.3978418202152,0.9808348496126843
4999.287134181072,0.02280137893192272,99.53306310709789,0.579155024870837
4999.289142242424,0.030362823233257716,72.73001222334781,0.771215710124746
4999.289511030631,0.04554769773499207,73.47395983866724,1.1569115224687985
4999.290099947632,0.027776581579129368,64.17712442489217,0.7055251721098859
4999.29124202525,0.038690576714244,86.0370785049177,0.9827406485417975
4999.292288518043,0.025303142236114365,56.73712916151992,0.6426998127973048
4999.292537415834,0.033119091424597374,86.73528203197064,0.8412249221847733
4999.292802536082,0.04978313079185413,90.71549326398717,1.2644915221130948
4999.29361391224,0.0656682749254896,84.60651001031961,1.6679741831074357
4999.293772620404,0.038653616643382856,97.24675692731383,0.9818018627419245
4999.294563870513,0.03700943360329471,107.74809887738272,0.9400396135236855
4999.295421548256,0.05560733751816622,65.24001135736803,1.412426372961422
4999.296353797482,0.04634686193158023,64.48523239495627,1.1772102930621378
4999.297090516267,0.030384302988366155,65.67599310314823,0.7717612959045003
4999.297458727014,0.03898619801727557,84.764646870562,0.9902494296387994
4999.298034087213,0.04325786547741346,83.69782352520755,1.0987497831263018
4999.29809557926,0.05576064265117527,73.56088388845961,1.4163203233398518
4999.298318934868,0.024764866774401494,123.63259812390052,0.629027616069798
4999.298964267057,0.03679506670629284,69.42083834090108,0.934594694339838
4999.299795798262,0.03459356524690053,38.26573230162893,0.8786765572712734
4999.300908226403,0.04115571902813977,98.77117319092974,1.04535526331475
4999.301126470744,0.023087826824841545,92.4542378798284,0.5864308013509753
4999.301211558132,0.019617694109565792,77.9537809657902,0.4982894303829711
4999.301425490119,0.03030643829613484,127.017154161673,0.7697835327218249
4999.303238514123,0.05609077692331121,72.96203135995448,1.4247057338521045
4999.30385760478,0.04135112535489184,77.6297746156596,1.0503185840142526
4999.309676644454,0.028353031532923217,92.43728154526427,0.7201670009362496
4999.311287147105,0.043598231719524,96.78742947502819,1.1073950856759094
4999.311678835435,0.05785415806152665,89.87531510892691,1.4694956147627767
4999.311727568207,0.01235296789881814,65.30213551884356,0.31376538462998077
4999.312424821368,0.034164898849611505,46.19683641801948,0.8677884307801322
4999.3130547160235,0.04897457192774085,64.07816581060266,1.2439541269646175
4999.3151456839805,0.04027353649602622,105.24743577598052,1.022947826999066
4999.316239205928,0.034753843681094264,59.54147062501316,0.8827476294997942
4999.316754540076,0.0167208800510947,43.75479954778542,0.4247103532978053
4999.318608970792,0.03452399664239696,88.26018635453904,0.8769095147168828
4999.320029095168,0.0250264166365626,88.36384194570205,0.63567098256869
4999.320243922622,0.026958834737831183,95.7725818955348,0.684754402340912
4999.320491864226,0.031829541745178026,93.77755925459715,0.8084703603275218
4999.321177570728,0.03222508560780715,101.35769853022224,0.8185171744383016
4999.321815482704,0.036147484114088406,76.46908418101432,0.9181460964978455
4999.324552270354,0.03345322679563337,114.5193872703166,0.8497119606090875
4999.324562111671,0.03922754311407524,42.4684648811447,0.9963795950975111
4999.324565361527,0.058400037462068975,64.72486682383999,1.4833609515365518
4999.326414002754,0.011216979020779677,38.464091944082206,0.2849112671278038
4999.326696373334,0.02479874278677877,113.82887202209984,0.6298880667841807
4999.3269507264995,0.04966319601915053,86.63372687063556,1.2614451788864234
4999.328869427957,0.026697208549972023,41.41553817720653,0.6781090971692894
4999.329496053215,0.04314576510018815,131.26455674539778,1.095902433544779
4999.332630851189,0.02095202224808725,111.3767816334168,0.5321813651014161
4999.333156493278,0.022542316511836993,84.21758746754878,0.5725748394006596
4999.333780463185,0.05184689321778665,75.62891367352344,1.3169110877317807
4999.333964403284,0.026573736503604405,43.40385731833237,0.6749729071915519
4999.334895451885,0.02812841724491072,82.1945084500832,0.7144617980207323
4999.33511022438,0.037154171210784015,84.25667613294867,0.943715948753914
4999.335477669696,0.03817645265702607,81.87002807965413,0.9696818974884622
4999.335630357307,0.05679651735414309,86.5622508136709,1.4426315407952344
4999.336024634842,0.02260158496406282,66.54385925514015,0.5740802580871956
4999.336163472064,0.04063481459037638,70.21163437198501,1.0321242905955599
4999.338810433295,0.017139834922473833,70.64996585998057,0.4353518070308353
4999.33936232578,0.03115685798437491,109.05799288455415,0.7913841928031227
4999.3407446888,0.03133837707916064,75.75612883367572,0.7959947778106802
4999.342107905536,0.018352867110958786,70.21049263892179,0.4661628246183531
4999.343733161575,0.025657971817147136,52.645861254537614,0.6517124841555372
4999.346078646459,0.03477817320792837,57.48311690195623,0.8833655994813806
4999.34633574535,0.044782506086556685,56.64533108855109,1.1374756545985398
4999.349070032159,0.0425999482487022,106.87320973920203,1.0820386855170359
4999.349180096174,0.02696700625603042,50.84111115713628,0.6849619589031727
4999.350054750974,0.04448712036199916,117.70810534892664,1.1299728571947785
4999.350637289017,0.04926332633191922,90.40849160888544,1.251288488830748
4999.351385598204,0.03057294010238876,97.75869890726995,0.7765526786006745
4999.35167281388,0.04233787050977713,54.912472543721286,1.0753819109483391
4999.351771239969,0.01668350588879318,55.63544284305612,0.4237610495753467
4999.353209242793,0.04715012530027413,122.67929453961992,1.197613182626963
4999.353983386143,0.02704836202757024,114.33582432885936,0.687028395500284
4999.354054185272,0.027013004558340076,85.16482918330848,0.6861303157818379
4999.35454887056,0.05568525998027819,87.69828175540651,1.414405603499066
4999.355615140814,0.030091936310229925,66.81137941601727,0.7643351822798401
4999.356247760516,0.042511537841636915,97.37405949759044,1.0797930611775777
4999.356671250416,0.05004932584976939,82.91257335561123,1.2712528765841424
4999.356781338445,0.018232594133379527,65.87014640501108,0.46310789098784
4999.357082593232,0.036705491165880406,98.43562699010614,0.9323194756133623
4999.357923786909,0.018016791590619884,130.3141343238817,0.457626506401745
4999.358352317691,0.01809620704631643,94.33350976596269,0.4596436589764373
4999.359009321212,0.023366964167265324,89.16961654113689,0.5935208898485392
4999.360082489791,0.031481565122027266,79.94824641123799,0.7996317540994925
4999.36026474472,0.03350687160775185,100.52697504897816,0.8510745388368969
4999.360437060526,0.016019816057528443,45.60741524977259,0.4069033278612224
4999.360947416459,0.018082627327603507,105.98096205494492,0.45929873412112904
4999.361051949059,0.017080874345046286,71.0320877659886,0.43385420836417565
4999.36139355584,0.02965333431374436,76.93947189652022,0.7531946915691067
4999.362600619716,0.0242292887069256,97.089419357732,0.6154239331559102
4999.365805557185,0.034952911594881814,62.97902071149316,0.887803954509998
4999.367235946481,0.05514843480369126,73.81441582916342,1.400770244013758
4999.367423135993,0.042946268651516566,96.6551876523684,1.0908352237485206
4999.368439192016,0.03401861827123219,70.97816131290516,0.8640729040892976
4999.369080380764,0.022576730017513768,87.56434111855536,0.5734489424448497
4999.369672372558,0.020551204480123684,72.65916932293956,0.5220005937951415
4999.370649260328,0.03797761423998944,66.10709522511198,0.9646314016957317
4999.371880350824,0.04647498549075261,83.6709657377899,1.1804646314651162
4999.372018894051,0.01764402723872816,85.17834432166606,0.4481582918636952
4999.372398579339,0.039964414603754314,65.2605132767893,1.0150961309353594
4999.372477755369,0.04671477776577174,110.62045477452313,1.186555355250602
4999.373694189574,0.04261913911599133,67.58810432657803,1.0825261335461798
4999.37461494676,0.05385267808224483,65.59796098057443,1.3678580232890185
4999.375055609888,0.03785561808078178,81.86623523283771,0.9615326992518571
4999.379214209195,0.012757495950362846,98.62893068234112,0.3240403971392163
4999.379411486807,0.043918722602190575,102.01101127436873,1.1155355540956406
4999.379677146082,0.025530350976667164,73.05493681885278,0.648470914807346
4999.380833945539,0.03022381728999685,81.69334503423363,0.76768495916592
4999.380850982502,0.030784325378165407,98.43025786378752,0.7819218646054013
4999.3815168330475,0.06387645167639769,90.51663410725372,1.6224618725805011
4999.381606759585,0.027037344280918175,125.69738901554967,0.6867485447353217
4999.381687930856,0.02636639189001412,103.36581984482908,0.6697063540063586
4999.3820435583675,0.04446397412074874,71.13843667584686,1.129384942667018
4999.382998635293,0.04175769326435336,87.9630294694487,1.0606454089145751
4999.3851102387525,0.035380113680381006,76.71749224001485,0.8986548874816775
4999.385426657392,0.021258677063263703,71.79960307283098,0.539970397406898
4999.385605634634,0.02712908924847789,53.117096368159295,0.6890788669113384
4999.386781847653,0.0234102542204574,116.59387006856996,0.594620457199618
4999.386796667715,0.027248874408530552,64.37389817301474,0.692121409976676
4999.387031601377,0.05281789514881723,70.29817449694654,1.3415745367799576
4999.387944137998,0.05209253217050837,78.14512060338512,1.3231503171309125
4999.388120324264,0.03182308435546776,97.03656076513649,0.8083063426288811
4999.388507987368,0.04047120482256574,116.40933636016977,1.0279686024931698
4999.388606571781,0.023899976627897977,102.41069808212129,0.6070594063486086
4999.389158424942,0.04883251481171542,72.3898587354427,1.2403458762175716
4999.389184430373,0.04087016272008469,106.335276468856,1.038102133090151
4999.390540552072,0.03854393375862409,60.78181715535841,0.9790159174690518
4999.390787327057,0.03950838401772846,93.73098839586946,1.0035129540503027
4999.3923738359435,0.014551820450017116,133.9883856648787,0.3696162394304347
4999.393417751586,0.04205745649265328,72.16831664547615,1.0682593949133932
4999.393698152536,0.0445312961101185,68.38318285778091,1.1310949211970098
4999.394095021724,0.03554915070014059,98.8650939559736,0.902948427783571
4999.396170396752,0.03365968465630733,102.46559360193037,0.8549559902702062
4999.3962818747,0.01528998645940012,178.41803507065973,0.38836565606876305
4999.396561769833,0.057348870588170224,100.26050389281347,1.4566613129395236
4999.396676157365,0.03134719625703471,88.79976652597927,0.7962187849286815
4999.398541006962,0.0366744822669235,100.55603542220344,0.9315318495798568
4999.398550188518,0.02708786738434332,107.70056813889516,0.6880318315623203
4999.398817418565,0.030104209597637824,87.97112788052252,0.7646469237800007
4999.3990585809515,0.020217871461192437,82.48516597860188,0.5135339351142879
4999.399267160961,0.024506604702140503,90.26462059586407,0.6224677594343687
4999.400101226635,0.03221354333246203,91.33534451581066,0.8182240006445355
4999.4002740365295,0.04174826992844087,90.69776851891991,1.060406056182398
4999.401640605243,0.014353134616772128,79.64028455972044,0.36456961926601206
4999.402351612922,0.024052538270172275,127.24848062393576,0.6109344720623757
4999.402617194718,0.01718653782360159,23.26312489364979,0.4365380607194804
4999.403175932712,0.02963255442618329,116.50521005371472,0.7526668824250555
4999.404678369348,0.03020676445454784,99.97512156000299,0.7672518171455152
4999.406904174889,0.012385644411523473,83.8937673050099,0.31459536805269617
4999.408933788736,0.02741896863847661,62.294287285982,0.6964418034173059
4999.4093975362175,0.010123679104388291,5.176151413476097,0.2571414492514626
4999.410004415477,0.02977992662101746,59.45607020636022,0.7564101361738435
4999.410349474266,0.01645348019890874,64.62661104490367,0.41791839705228195
4999.410525641391,0.022924472643321352,81.40807266738445,0.5822816051403623
4999.412278747381,0.04192154081553554,66.89189938344151,1.0648071367146028
4999.412341907181,0.023999246932357825,61.00566883344365,0.6095808720818887
4999.412951041119,0.025593436422342183,91.86169688500974,0.6500732851274914
4999.413880147846,0.02364075469816069,97.00183935101865,0.6004751693332815
4999.413951327538,0.029780909513704965,63.81830116501053,0.7564351016481061
4999.41597750474,0.033116468775868935,57.67931650561222,0.8411583069070709
4999.41632112584,0.04986207563064082,70.51854353545197,1.266496721018277
4999.419796871966,0.02959005280384557,49.93168668283669,0.7515873412176775
4999.421741259753,0.026494538327987177,71.94838194717127,0.6729612735308743
4999.421919700892,0.015413804137126688,95.60332135264757,0.39151062508301787
4999.422731255119,0.01729415482716351,134.61223740391043,0.43927153260995316
4999.423036753487,0.050783798564452885,65.8464911169647,1.2899084835371033
4999.4232103848635,0.03088184435897305,31.430761125369322,0.7843988467179155
4999.423310805789,0.04008557834982634,89.7380543634675,1.018173690085589
4999.423335296099,0.03345640034310266,76.7840176543838,0.8497925687148076
4999.423541353332,0.02460609802254685,65.68630524447171,0.6249948897726899
4999.424408708368,0.015433662244229571,63.325003630710974,0.3920150210034311
4999.424881826848,0.02514146594448637,96.68285720026093,0.6385932349899538
4999.425122275448,0.0285889559778436,68.18836815181503,0.7261594818372274
4999.425827596409,0.0517811552749864,84.96084314146994,1.3152413439846544
4999.426008550809,0.02892257645569915,86.55551070878536,0.7346334419747583
4999.427558941462,0.03596778135751346,71.72732220908037,0.9135816464808418
4999.428167644,0.047909995538449664,89.3538596226748,1.2169138866766214
4999.4311487415725,0.04950455688182968,66.03663483701352,1.2574157447984737
4999.434498942373,0.019919000234181895,91.24555003190017,0.5059426059482202
4999.436687547455,0.027509562366706097,91.6078213372928,0.6987428841143348
4999.436910524737,0.027457178417613824,74.81477327829948,0.6974123318073912
4999.439781810402,0.02726449352100229,50.14859324754482,0.6925181354334582
4999.440510740958,0.04515487212961839,83.39755112599019,1.146933752092307
4999.441682684949,0.03708755693494813,117.40454903968212,0.9420239461476824
4999.443507110242,0.02584073331491348,130.26622392198922,0.6563546261988024
4999.444147730696,0.019832620256988055,62.989931173422114,0.5037485545274966
4999.445274886612,0.01859325304855505,87.63424680307665,0.4722686274332982
4999.446014924462,0.03619888158172497,83.4140842983359,0.9194515921758142
4999.446421381801,0.043467620494398215,62.16263703702112,1.1040775605577147
4999.447331646148,0.02641098742869025,46.84260253385946,0.6708390806887323
4999.448756205131,0.0161451450950105,98.8989569254227,0.41008668541326665
4999.451652897774,0.02717986400551546,89.98414365315446,0.6903685457400927
4999.454328106734,0.04756863986036952,105.46719950540856,1.2082434524533858
4999.454918887376,0.026559303653999607,110.52653402499922,0.67460631281159
4999.457473767408,0.0313538842967255,95.3542697459512,0.7963886611368276
4999.4578163937485,0.03658009714994949,89.7568609762408,0.929134467608717
4999.459091476574,0.04323874364036696,78.36656476748217,1.0982640884653208
4999.460336705937,0.018797985418285566,82.00271528419502,0.47746882962445336
4999.461163347696,0.01819164075839344,132.1454585773972,0.46206767526319337
4999.4612206554175,0.03780009149454504,100.02909757568023,0.9601223239614439
4999.461408142043,0.029200826870649007,83.84701938463418,0.7417010025144848
4999.46249650957,0.02794819085553984,106.1760905729491,0.7098840477307119
4999.464408519001,0.02188036601140056,78.34000651042923,0.5557612966895742
4999.464657493132,0.0513035125175034,86.91141883089742,1.3031092179445862
4999.46659967808,0.01657954754787973,86.55982811729622,0.4211205077161452
4999.466946864016,0.03461340168521823,89.0661499921626,0.879180402804543
4999.469250014159,0.037813329604954475,65.7297739761122,0.9604585719658436
4999.469287855848,0.027383051746630676,87.43126910037991,0.6955295143644191
4999.470442044645,0.021458167521669184,73.19192042773929,0.5450374550503972
4999.471547669762,0.05354939696807678,95.87051332383248,1.36015468298915
4999.471852055229,0.061373305902440806,79.96856227314068,1.5588819699219965
4999.473725900024,0.034251727354284146,76.30489312004858,0.8699938747988173
4999.476413998135,0.0411339531323696,92.50820487691085,1.0448024095621877
4999.477135906473,0.04054074433227795,58.20245918852032,1.02973490603986
4999.478479445665,0.007848428587415444,69.62178924664735,0.19935008612035227
4999.478703795664,0.04118268157364421,64.83287213576291,1.046040111970563
4999.481745508797,0.03725003664519521,75.89358192369238,0.9461509307879583
4999.482394475842,0.020320226223853537,108.12978731208484,0.5161337460858798
4999.48254004183,0.019647953696671525,89.2225490151535,0.4990580238954567
4999.482975023057,0.036245748343213806,100.88271048399977,0.9206420079176306
4999.483207322494,0.018582727921588903,112.33800892262845,0.4720012892083581
4999.483538337388,0.035591282702031324,71.53766598957067,0.9040185806315956
4999.484362236994,0.0257313844964136,98.20889769322125,0.6535771662089054
4999.484646247487,0.02909221749984028,52.87320693949776,0.7389423244959431
4999.487978712696,0.022885115864328176,65.1427965889796,0.5812819429539356
4999.488484506686,0.034150611688012734,69.18485988700571,0.8674255368755234
4999.488654099261,0.06714340203211595,96.05950797854288,1.7054424116157452
4999.489160577145,0.04681930704114941,108.44697358699425,1.189210398845195
4999.489340760612,0.039310317757105195,91.30367059694181,0.9984820710304719
4999.489808743959,0.02765617692090705,58.394095569518555,0.702466893791039
4999.491049471676,0.03305563059382048,90.8178875267518,0.8396130170830401
4999.4912004431135,0.04355915018668537,102.4788693251856,1.1064024147418083
4999.49145446374,0.04447035754684309,73.45182537740588,1.1295470816898143
4999.491477835842,0.026937763733823623,95.3213308900628,0.68421919883912
4999.492082349273,0.028857794425163695,41.35634977973273,0.7329879783991579
4999.492318503468,0.04313361706340776,78.6712981714466,1.095593873410557
4999.49418201102,0.015180205197347672,129.2338847318069,0.38557721201263084
4999.494936986171,0.0454976748609576,81.31588936125625,1.1556409414683229
4999.496370088198,0.014691671683954804,89.40612999340227,0.373168460772452
4999.4983599789575,0.018442909938045652,104.09596478888857,0.4684499124263595
4999.499214338905,0.06596522875205761,89.7604860474327,1.6755168103022633
4999.49951766806,0.01242692607991315,45.2311851525778,0.315643922429794
4999.504570953184,0.048922079019809626,40.1140611028336,1.2426208071031644
4999.505101096604,0.021538822534027287,78.48624955829976,0.5470860923642931
4999.508014771009,0.05271903110464624,88.2688615655093,1.3390633900580144
4999.509072815729,0.04746129423750001,81.90184014853757,1.2055168736325002
4999.509560324062,0.035981399490714785,75.3752675478798,0.9139275470641555
4999.50993952852,0.04084407998553724,90.4966173897496,1.0374396316326457
4999.509984399378,0.03468368333754568,64.87541201151465,0.8809655567736602
4999.51128430191,0.02754273826709873,101.60146090364589,0.6995855519843077
4999.511503609505,0.04708278128224272,86.15149112739398,1.1959026445689651
4999.511587354286,0.030260716289922784,97.92191356093619,0.7686221937640386
4999.515294768651,0.03266907710021505,62.69670100472774,0.8297945583454622
4999.515596601986,0.03591948109843749,94.82644611664038,0.9123548199003122
4999.516490786044,0.030328751416678585,87.67231641457523,0.770350285983636
4999.516537341272,0.019411376858235543,88.69463286273998,0.49304897219918276
4999.516553201072,0.031743339873788204,95.65096613512966,0.8062808327942204
4999.518022775587,0.05257598193472346,91.52787339024286,1.3354299411419759
4999.518858798981,0.023882658120618128,80.08718748917542,0.6066195162637004
4999.519715724878,0.05194418373050257,94.44413180086909,1.3193822667547652
4999.5203224873585,0.02850707697794829,97.7001142789248,0.7240797552398865
4999.520366091512,0.03723937394523401,100.10279281440532,0.9458800982089438
4999.52080508424,0.021486948504410807,0.987953666483717,0.5457684920120345
4999.521859857622,0.05148440619950197,78.16025693198993,1.30770391746735
4999.5222548261,0.027998907656443243,72.47883004807728,0.7111722544736584
4999.522831149732,0.030906831754375638,100.2916470198704,0.7850335265611411
4999.524428932822,0.013691219177199863,21.704092920192576,0.3477569671008765
4999.524873520724,0.039935065635625294,71.45396307320185,1.0143506671448823
4999.525687029437,0.026065509476883682,75.70209424803022,0.6620639407128455
4999.525725687468,0.049242300964033967,79.37320854281171,1.2507544444864627
4999.525927609096,0.013110633432449302,106.47293034739504,0.33301008918421227
4999.527728233548,0.03916675694860357,93.12391492196365,0.9948356264945306
4999.529029690445,0.03901062024714352,93.37853280595165,0.9908697542774453
4999.5304078367,0.013671611920602896,63.30704590869886,0.34725894278331354
4999.530838294438,0.056106142051902085,87.29342559332211,1.4250960081183128
4999.531674857884,0.022089136586000886,57.813328538550486,0.5610640692844224
4999.532187939456,0.022377602355263593,84.71429404977816,0.5683910998236952
4999.533930462777,0.03828986810319784,128.34546845041126,0.972562649821225
4999.5339391534635,0.017573165170888673,56.566150885493336,0.44635839534057226
4999.534348261016,0.069122459036788,110.010628924558,1.755710459534415
4999.534372625133,0.05047067129554074,86.58738522976083,1.2819550509067348
4999.534968215525,0.03570701353962131,94.91925997369374,0.9069581439063812
4999.536321212066,0.03817370802823215,101.798530881604,0.9696121839170967
4999.536871622256,0.03574382170229146,102.72443762696184,0.9078930712382031
4999.537329627302,0.036979746974002685,80.72792932471165,0.9392855731396681
4999.538486339874,0.04685940310194672,59.72700781659167,1.1902288387894466
4999.53864163585,0.017516652878759344,68.8328052100508,0.4449229831204873
4999.539530085655,0.026767304864824246,55.0089194890262,0.6798895435665357
4999.540699731709,0.04322179155834312,91.61840484589905,1.097833505581915
4999.5408949618695,0.05118330624573258,97.29675852533272,1.3000559786416075
4999.541390314625,0.04422444049085007,96.93654532545331,1.1233007884675918
4999.547776376701,0.0371724692263906,78.44964365124622,0.9441807183503212
4999.548097368504,0.018397344091982185,39.662412703835685,0.4672925399363475
4999.54832019588,0.032915979091278684,94.45992808140353,0.8360658689184786
4999.548485763873,0.02635929370780612,98.98953245259823,0.6695260601782754
4999.548703991351,0.018663758869193407,46.58987036969359,0.4740594752775125
4999.549548680224,0.035958952882281306,100.05341960304848,0.9133574032099451
4999.550000160657,0.03836206680004643,42.49026831721855,0.9743964967211793
4999.550253465003,0.03094563353900649,102.7524818464464,0.7860190918907648
4999.550390616526,0.01969808641814105,125.07964083677008,0.5003313950207826
4999.550639714662,0.03469094553876004,77.36357817645965,0.8811500166845049
4999.550820417609,0.027576643646629064,88.55506566219317,0.7004467486243782
4999.550958386143,0.0063762442550365965,64.70354707714061,0.16195660407792956
4999.551468334005,0.021255364067186634,105.57637677410108,0.5398862473065404
4999.551553577918,0.02443859998809697,65.78804122541689,0.620740439697663
4999.5516883318605,0.03293517291459335,51.95613102004107,0.836553392030671
4999.552192537348,0.02219996608460732,72.02097600851562,0.5638791385490258
4999.552783407721,0.023814411322137807,107.84844173395489,0.6048860475823002
4999.553257182472,0.020279598704837552,83.97331669115933,0.5151018071028738
4999.553383783006,0.046737608334298096,91.1958655474157,1.1871352516911715
4999.556418867654,0.048623909711422254,95.41012955937236,1.2350473066701253
4999.556556105358,0.044197414950141706,78.36647352963193,1.1226143397335993
4999.556652298742,0.009698327349733556,99.44239001870568,0.2463375146832323
4999.556666006824,0.0048548380554427435,177.0912697433737,0.12331288660824567
4999.558103828555,0.019956033418651445,108.0459582446462,0.5068832488337467
4999.560333214758,0.019216380066661896,65.78888289362291,0.48809605369321213
4999.560394099043,0.03358988434685652,85.7336427493398,0.8531830624101556
4999.561018810931,0.021682861381867428,75.53543360782906,0.5507446790994326
4999.561378451177,0.04327785894759526,96.77273483703982,1.0992576172689197
4999.561792435506,0.041821979313417454,48.937909730440126,1.0622782745608033
4999.561824663331,0.03089319392757473,63.385062370960874,0.7846871257603981
4999.562466134051,0.02451130938332652,66.56361793603534,0.6225872583364935
4999.562498677134,0.049875355783984734,73.46863635758312,1.2668340369132123
4999.563433587918,0.031835921169149455,55.481585211013154,0.808632397696396
4999.5645238143925,0.011471486607285858,55.2105902997285,0.2913757598250608
4999.564676791284,0.02973860799527749,90.18737465320234,0.7553606430800481
4999.56518100383,0.035143060244143286,61.36918729121715,0.8926337302012394
4999.565409692208,0.021651722660308407,73.10170524686151,0.5499537555718335
4999.56654804455,0.04336144463647318,82.81421054646944,1.1013806937664188
4999.567944575844,0.030498624153988435,72.79829342744556,0.7746650535113062
4999.570137951021,0.021358325659776183,53.635887586392634,0.542501471758315
4999.571296978764,0.022775617997915245,113.01245806014468,0.5785006971470472
4999.572072458052,0.05066669610219386,85.64444389419064,1.286934080995724
4999.572130906471,0.04710857847682189,97.37455389976003,1.196557893311276
4999.572788993335,0.036646331927881054,61.873095698498254,0.9308168309681787
4999.573276392729,0.0176033134617535,50.177510889272746,0.4471241619285388
4999.57588835923,0.02405613440285917,98.81874770475011,0.6110258138326229
4999.5768069501055,0.02447623622686867,56.42955674733361,0.6216964001624642
4999.577406558576,0.04171474041981319,91.20010502608744,1.059554406663255
4999.5795825070845,0.019683877986327074,104.94820550837709,0.49997050085270767
4999.581358974336,0.024154298632427577,55.069018843142906,0.6135191852636604
4999.581600127691,0.05555094150218845,83.73017890080398,1.4109939141555865
4999.582477217099,0.03001035417446801,57.631997023647536,0.7622629960314874
4999.584075061995,0.023921441328910185,99.61728780361116,0.6076046097543186
4999.584678431539,0.024376254956405306,69.6779707076469,0.6191568758926947
4999.586214506376,0.044261836410646446,110.6965002038752,1.1242506448304197
4999.588302636168,0.020770987051597883,6.589510261953732,0.5275830711105862
4999.589398485856,0.03214708370458757,91.06704577811252,0.8165359260965243
4999.589698856964,0.009729751666091507,44.98081106806469,0.24713569231872426
4999.59029340822,0.014540737231446232,75.4769208211807,0.36933472567873427
4999.591563101656,0.03255421247623744,82.52543994348927,0.8268769968964309
4999.592615140151,0.027024436912029305,19.093320658441456,0.6864206975655444
4999.594335223526,0.026004913258436752,57.55791300403559,0.6605247967642934
4999.596566579438,0.04496240885797535,65.94334831663308,1.142045184992574
4999.596682240092,0.03901814386519952,114.25994347414967,0.9910608541760678
4999.598128476776,0.03687232550256284,61.11835116831,0.9365570677650962
4999.598159861436,0.027122037060306248,30.702177094447883,0.6888997413317787
4999.599923715494,0.022338558745855025,43.932426777584006,0.5673993921447176
4999.600502034394,0.0321052070864406,58.280358130730406,0.8154722599955913
4999.600971068673,0.047263883881393055,90.565345122149,1.2005026505873835
4999.601411694744,0.02518788172602585,75.98745076559514,0.6397721958410565
4999.6014735997915,0.03220918397828783,72.92494996412147,0.8181132730485108
4999.601654744512,0.01537034373863222,143.1143702112394,0.39040673096125833
4999.603036284628,0.03433679119820637,114.2691344884011,0.8721544964344419
4999.605147271773,0.02235969199170405,95.95636005325603,0.5679361765892829
4999.605699288186,0.04407478487945641,90.65005465262128,1.1194995359381927
4999.605999178752,0.03168386603660163,86.90567930708809,0.8047701973296814
4999.606899294684,0.047608329375373695,88.0043830336494,1.2092515661344918
4999.606988172565,0.02704685895727059,79.71310954685798,0.6869902175146729
4999.607605960514,0.011160977848906668,34.97338460578674,0.28348883736222935
4999.607747943156,0.029718340190217924,61.633081244190976,0.7548458408315353
4999.610059253871,0.06701041554232555,84.61330039676444,1.7020645547750688
4999.610919431658,0.019554368767728675,100.73153599597596,0.4966809667003083
4999.61096233584,0.04412861466236116,66.48702619186982,1.1208668124239736
4999.611507006482,0.006903760924370681,-144.5044409154764,0.17535552747901528
4999.612013911837,0.038705899389265296,118.97228872348856,0.9831298444873384
4999.61458966896,0.01738739650280379,114.92650621725224,0.4416398711712163
4999.614637139219,0.03348201202006158,89.63053624027037,0.8504431053095641
4999.615478788108,0.038280792514069455,86.7721292135326,0.9723321298573641
4999.6175563628,0.03408670544936891,66.15235543960615,0.8658023184139703
4999.618287362535,0.04115896655945902,55.81609119803045,1.045437750610259
4999.62163040342,0.021252206680429056,69.33002860649272,0.539806049682898
4999.621832030858,0.02814837001330006,81.55092287828015,0.7149685983378216
4999.623828672947,0.029085164720251706,86.39362680053983,0.7387631838943933
4999.6245785425135,0.04422683358225478,106.99809488034826,1.1233615729892714
4999.625691337211,0.027456031666753644,64.70751055036716,0.6973832043355426
4999.6263184749805,0.02808122997037303,107.89455430645256,0.713263241247475
4999.6275632429815,0.03322851462677825,81.26003114038467,0.8440042715201674
4999.628275438301,0.0461780875599553,85.63521530227133,1.1729234240228645
4999.628587136673,0.03602520394736367,94.70628053815261,0.9150401802630372
4999.630585816304,0.03263179319841117,89.09629731866185,0.8288475472396436
4999.631260696732,0.041586153670963806,112.01086263096173,1.0562883032424806
4999.632171371768,0.04572457038533027,84.6807065402383,1.1614040877873888
4999.6324098126,0.06010739476703258,108.85200484113705,1.5267278270826274
4999.636280730244,0.008841870537223658,56.95737161399939,0.2245835116454809
4999.639049547833,0.021617967229723135,54.52645796794232,0.5490963676349676
4999.640481561734,0.021724823583829492,111.02225727236498,0.551810519029269
4999.641801741211,0.024378685383172664,81.42883653217025,0.6192186087325856
4999.642221571874,0.04356894370347291,69.83302288605996,1.1066511700682118
4999.642635069323,0.05226848006199479,84.62222684767794,1.3276193935746676
4999.643996237974,0.03733362709221689,70.40210060823962,0.9482741281423089
4999.6442791476575,0.026060181776899168,82.39079930225066,0.6619286171332388
4999.646012084142,0.037921061684900205,103.47448600527439,0.9631949667964651
4999.646794440899,0.01743736862840725,27.27317927618708,0.44290916316154416
4999.646920508898,0.017016306166198154,73.88100498610065,0.4322141766214331
4999.647972970313,0.033272603962889384,100.48705777476286,0.8451241406573903
4999.648988323368,0.0328604336819449,101.7056658764974,0.8346550155214003
4999.649059669605,0.040955958950742735,93.83389956165568,1.0402813573488654
4999.649301211353,0.026597142254813622,79.20938781884179,0.675567413272266
4999.6524134571455,0.035665515823697654,98.99702438711482,0.9059041019219204
4999.652787852254,0.036925478064000726,77.20908472569202,0.9379071428256184
4999.654193042907,0.02895904246243368,82.57831114114599,0.7355596785458154
4999.654406194014,0.04743548478037608,96.311308199527,1.2048613134215524
4999.655743425601,0.025439538592527976,75.73535075967891,0.6461642802502106
4999.655893480447,0.02986291934533672,78.20648582943926,0.7585181513715527
4999.656603034468,0.02788615772759404,51.17531230405218,0.7083084062808885
4999.656744008991,0.005781022048882273,-132.5689313213673,0.1468379600416097
4999.656806473405,0.012281752337747332,50.41268580626769,0.3119565093787822
4999.657584559026,0.020792739823571507,54.22518348627282,0.5281355915187163
4999.657969977176,0.02730122986482381,120.9022427575382,0.6934512385665247
4999.659516867705,0.035711475109299985,99.78514890126323,0.9070714677762196
4999.659791438806,0.025437480784879007,95.38180216272461,0.6461120119359267
4999.660019715492,0.03100113660468132,100.69642732177108,0.7874288697589055
4999.660226763179,0.028818711942885458,39.73224885623976,0.7319952833492905
4999.660788883051,0.0607872703036275,90.36722658987091,1.5439966657121384
4999.661565113873,0.040052054192009856,100.28418544013743,1.0173221764770504
4999.662912274824,0.02398851129354601,90.23062810444303,0.6093081868560687
4999.66531164768,0.03848775867831963,100.36624846009246,0.9775890704293184
4999.666305140783,0.026175535746273,102.9196177777221,0.6648586079553342
4999.666416518294,0.033995274125479744,98.87614842005357,0.8634799627871854
4999.666653716147,0.03596097020792854,87.11347799286817,0.9134086432813848
4999.666668742121,0.033357239329545964,97.5784039581378,0.8472738789704675
4999.66681296603,0.0212994894761432,35.788853518583714,0.5410070326940373
4999.667858429025,0.02976898980184021,56.93950546701837,0.7561323409667413
4999.668981251433,0.02757742499270097,69.70301414157059,0.7004665948146046
4999.6718136431045,0.03313243941744188,51.21210559421082,0.8415639612030237
4999.67246173591,0.01885232399014303,88.49827807538924,0.47884902934963297
4999.675184973776,0.05309283092225536,62.78634526318502,1.348557905425286
4999.675318159551,0.05048503122619395,81.7069587733167,1.2823197931453263
4999.677135060294,0.03311111274697606,90.24466313393128,0.8410222637731919
4999.679222739117,0.03311538960066544,119.35914761479114,0.8411308958569023
4999.679483048585,0.07032573565486713,84.35338756852828,1.786273685633625
4999.680595293441,0.01327942111916747,-21.873174220336463,0.33729729642685374
4999.680732259701,0.0482401042552104,75.14536733153409,1.225298648082344
4999.682486256769,0.0470387135490556,93.24470069702419,1.1947833241460122
4999.68258163502,0.012259168638489696,17.38436001256174,0.31138288341763826
4999.683135927179,0.016647142639708856,75.57848759459226,0.4228374230486049
4999.683970913473,0.02455188378560178,111.34396410782556,0.6236178481542852
4999.686446662544,0.06299087111590866,101.23403616024612,1.59996812634408
4999.687034213678,0.03831915250234631,86.95909742808648,0.9733064735595963
4999.688918846993,0.03350663963021142,84.1480434625373,0.8510686466073701
4999.689311553613,0.029732676155953257,83.49082084170277,0.7552099743612127
4999.69084051419,0.017825305186895596,99.47972904102329,0.4527627517471481
4999.692625141937,0.04613697313935916,100.44934716738612,1.1718791177397225
4999.692823014128,0.0045188138038573565,-158.98381818982534,0.11477787061797685
4999.694027057285,0.026883094165884896,77.48439868638694,0.6828305918134763
4999.694666686622,0.03116115816208615,72.22797047559632,0.7914934173169882
4999.694735364033,0.038775505322006416,108.42846395155937,0.9848978351789629
4999.696213574698,0.03918659256779002,79.80223799032252,0.9953394512218665
4999.69969820294,0.04263486900961333,97.06446222692009,1.0829256728441785
4999.700328257353,0.042890190928362805,97.64543084512118,1.0894108495804151
4999.701919659127,0.0597600273685076,68.48202796628424,1.517904695160093
4999.702272158817,0.046909254694473435,82.32860283382969,1.1914950692396251
4999.702412495023,0.027637096320166865,91.95637885513013,0.7019822465322383
4999.703099635447,0.03850541177176668,67.88819577520013,0.9780374590028736
4999.7039250609005,0.04133885860146094,106.2598611445553,1.0500070084771078
4999.704300372519,0.029560417453036895,127.39180957361296,0.7508346033071371
4999.704549613283,0.04051769548981195,100.41983523131024,1.0291494654412234
4999.704683179534,0.036108719735218286,73.16655265018035,0.9171614812745444
4999.704712548126,0.0504551538747848,93.73986145349667,1.2815609084195339
4999.70495117053,0.01764251498857588,101.9061970941475,0.4481198807098273
4999.705320931842,0.04298065629894864,66.98271428777332,1.0917086699932954
4999.7053749711295,0.03013026468410544,79.45274460597774,0.7653087229762782
4999.706071055272,0.039391644235818334,78.55127643379387,1.0005477635897857
4999.706528297976,0.03421758832151908,75.25974822805213,0.8691267433665847
4999.706615148669,0.05191034847304575,98.52825966058894,1.318522851215362
4999.707793703325,0.04223017121654599,90.60570188820029,1.0726463489002682
4999.710869915741,0.035676293884890756,87.19495496321885,0.9061778646762252
4999.711939404817,0.036318831967198914,76.61438511441686,0.9224983319668524
4999.7119396505195,0.023034754120201,94.93925768114562,0.5850827546531053
4999.712353144697,0.044864420354782435,48.753297440062056,1.1395562770114738
4999.712651917241,0.0035507179154632444,-115.5206499868204,0.09018823505276641
4999.712871970725,0.004326459245899209,-167.9972406349625,0.10989206484583991
4999.713018775682,0.05378530751338101,83.02448594865103,1.3661468108398775
4999.713548602157,0.025082100277808012,103.77860448927696,0.6370853470563235
4999.713564759232,0.026312817677874942,46.90723639110574,0.6683455690180236
4999.714371434916,0.035927037349742987,102.42213415239112,0.9125467486834719
4999.715033922645,0.030596120870186636,84.03025977550207,0.7771414701027405
4999.715142191097,0.038200430530762136,100.50348725404449,0.9702909354813583
4999.7174898420935,0.05947480339163519,85.8151738872104,1.5106600061475337
4999.7175657372445,0.03690856894560346,95.9326945762712,0.9374776512183278
4999.720207924868,0.03746674704900606,70.18772719403965,0.9516553750447538
4999.72168786163,0.03020976001659844,7.121252603473148,0.7673279044216004
4999.723069938766,0.02674981461961873,111.90562675079963,0.6794452913383158
4999.725362212045,0.015920112046277798,112.7165180086413,0.40437084597545603
4999.7253833468885,0.02309451834276368,60.32404089426432,0.5866007659061975
4999.726979915485,0.03625890367893384,12.623399910446215,0.9209761534449196
4999.727115590648,0.036252133636941755,76.76308095572297,0.9208041943783205
4999.727116360319,0.01781188038956918,23.134054506981435,0.4524217618950572
4999.727152540758,0.042878279687902955,78.93798871175818,1.089108304072735
4999.727841034907,0.02654384713996068,118.13638086072436,0.6742137173550012
4999.728013041544,0.03551503217557609,81.98080523950915,0.9020818172596327
4999.728977400868,0.03636026557149036,70.64239349222564,0.923550745515855
4999.729596672459,0.029435075975155395,48.26023624611511,0.747650929768947
4999.7337851106595,0.05142006138434273,71.85182219218011,1.3060695591623053
4999.7341096624,0.0391589508395032,104.52221112637194,0.9946373513233813
4999.735909122448,0.028661418728468755,41.1090624315484,0.7280000357031063
4999.736642153504,0.0386176285215418,40.18426484798853,0.9808877644471616
4999.737059935298,0.022076773011723005,100.05282603926457,0.5607500344977643
4999.739678458273,0.03496311679375725,109.87195362721572,0.8880631665614341
4999.740111490495,0.026774851772307668,108.20724026154745,0.6800812350166148
4999.740375330525,0.03976174785116872,89.66245710162772,1.0099483954196855
4999.740927045248,0.01854050601515832,47.14493943279257,0.47092885278502133
4999.741231111241,0.03194124252903694,87.20592517681337,0.8113075602375383
4999.742694392536,0.05365511764414727,83.31631857370074,1.3628399881613407
4999.7446396605565,0.04075771391991516,70.4351135686654,1.035245933565845
4999.744728787559,0.034624064933093966,69.66155099654645,0.8794512493005867
4999.745415720554,0.02291574200518226,98.50532272746112,0.5820598469316294
4999.745673039618,0.019780018549270695,85.80851158860028,0.5024124711514756
4999.746072202673,0.05093969218080419,93.52237104130953,1.2938681813924264
4999.746419246847,0.03469311232482488,40.64459379528576,0.881205053050552
4999.748102985923,0.03329466160366433,91.49439176739021,0.8456844047330739
4999.74919448002,0.048271479910838015,118.25580365687856,1.2260955897352854
4999.751149778155,0.032894787898348134,100.24078531073422,0.8355276126180425
4999.754307940726,0.011972468745028412,16.387580989538694,0.30410070612372164
4999.754482462481,0.03654915620919528,83.53693167357011,0.92834856771356
4999.7553081920505,0.02359159848021169,79.83681111435229,0.5992266013973769
4999.756418395468,0.027960621965977452,89.36136942498433,0.7101997979358272
4999.756875964132,0.018178686155420155,47.68248780651155,0.46173862834767193
4999.757341192672,0.016503109011196,78.40220993873699,0.4191789688843784
4999.757662653952,0.013607533016540328,23.812645034791483,0.3456313386201243
4999.758818325803,0.045048471583481395,66.31997934390444,1.1442311782204273
4999.759160664855,0.01727560084661918,61.82591408897154,0.43880026150412715
4999.7591874971,0.03885431610260903,81.52450496402606,0.9868996290062694
4999.75934313538,0.03548902398020594,89.54819960724569,0.9014212090972308
4999.7633892574495,0.020919753432857863,86.67583957909515,0.5313617371945897
4999.763500165636,0.03793298637180706,78.51895789181648,0.9634978538438993
4999.763790344577,0.032078652573611456,64.31990635492141,0.814797775369731
4999.764047116393,0.03761684852389737,68.96312414632536,0.9554679525069931
4999.764178527755,0.04509309976444973,82.33478999247082,1.145364734017023
4999.765606427448,0.015089987928470943,106.04046245791776,0.38328569338316193
4999.770512506688,0.023693654626903957,99.33593272552832,0.6018188275233605
4999.771188603101,0.045544179181618,93.15421881328521,1.1568221512130972
4999.771791129712,0.03235420265001018,88.8021993915943,0.8217967473102586
4999.774022279907,0.022744288974009732,83.85349166299707,0.5777049399398472
4999.774422394793,0.07057341865971851,75.96209504947734,1.79256483395685
4999.7744331289405,0.016744320271533265,109.81003015328984,0.4253057348969449
4999.774935854785,0.02813788584799736,47.317936351123905,0.714702300539133
4999.775189877603,0.05040569087875625,86.36168767953505,1.2803045483204087
4999.775793491618,0.03906110379087266,93.67843301319736,0.9921520362881655
4999.776195155041,0.04555613557772897,71.00079950473359,1.157125843674316
4999.776334536249,0.03253956484564298,119.14697247262532,0.8265049470793316
4999.776555353184,0.041476043064927616,137.61161486318414,1.0534914938491613
4999.778979152772,0.04109861660368527,76.12967487838775,1.043904861733606
4999.780015682503,0.019142011122212168,101.66573692790271,0.48620708250418904
4999.780475156021,0.013913830060812092,109.7524300632362,0.3534112835446271
4999.7810324095,0.038204729915004426,78.80639410232051,0.9704001398411124
4999.781186986378,0.030216814470711457,155.5260512087331,0.767507087556071
4999.781300947461,0.030391920300228335,58.02486585517007,0.7719547756257996
4999.782479679425,0.02795687702901069,68.6554997328148,0.7101046765368715
4999.782627326244,0.03400887281448304,92.08854601586894,0.8638253694878691
4999.785587792609,0.02440923500178176,92.5303893823624,0.6199945690452566
4999.788015622582,0.04531614424989797,107.7969525423582,1.1510300639474085
4999.7883200895085,0.033111385614305794,60.17300277020294,0.8410291946033671
4999.788972687082,0.053565902758621366,75.71280185272853,1.3605739300689825
4999.789619108064,0.03696704907660487,108.32893106791607,0.9389630465457637
4999.79001593058,0.03207262778946284,128.16213669460302,0.8146447458523561
4999.791452492207,0.018856719536742263,115.45599849275693,0.47896067623325345
4999.791542995961,0.02737584997470604,93.69691612342797,0.6953465893575334
4999.792362822994,0.026013010458950825,98.79150292327681,0.6607304656573509
4999.7933752447425,0.041628961532890106,89.74033049780645,1.0573756229354085
4999.795418189064,0.023353636335781948,78.96310392107213,0.5931823629288614
4999.797647143039,0.01632112373169315,124.85636194816534,0.414556542785006
4999.799159532672,0.03943916783958959,93.59332856521357,1.0017548631255755
4999.799170323173,0.03779990613001932,50.43435988363529,0.9601176157024908
4999.800195320319,0.04732309913683819,106.02041745479848,1.20200671807569
4999.800633491844,0.019574092314193707,27.008068011707397,0.49718194478052014
4999.80066424405,0.016233264361100397,-162.10151734154087,0.41232491477195005
4999.801611544204,0.01845596837170404,38.89409927310088,0.46878159664128255
4999.802226866905,0.03795023464174843,85.01520343427971,0.9639359599004101
4999.803203427866,0.034592609686402126,102.88829523498885,0.878652286034614
4999.8055833851295,0.020468375235529017,86.79973882454425,0.519896730982437
4999.806422500589,0.0319524871672478,79.16732547699635,0.8115931740480941
4999.806921183088,0.03899725546033462,89.46224924907239,0.9905302886924993
4999.807114503881,0.011987793840902669,-65.11382490420489,0.30448996355892777
4999.807406564758,0.03320036864431343,99.5154989715366,0.8432893635655611
4999.808114501021,0.023841786881359336,80.64670345635719,0.6055813867865271
4999.809515370996,0.01989088129007784,35.66612241912982,0.505228384767977
4999.810468216318,0.006327821271483369,41.9930882027016,0.16072666029567756
4999.810842981462,0.01619067012505469,47.676297751122966,0.4112430211763891
4999.811917963353,0.043338733950249855,93.09128652853713,1.1008038423363462
4999.813121354863,0.02967017767193276,40.2239879204359,0.753622512867092
4999.813147379506,0.013322983281679303,26.578476899621684,0.33840377535465427
4999.813233481968,0.04032424937707802,115.39772033374616,1.0242359341777816
4999.81473332312,0.02074180429684131,87.08562628829756,0.5268418291397693
4999.815420358241,0.028854448164515743,111.54139128329416,0.7329029833786999
4999.815619775107,0.032692644973304805,37.80335065035032,0.830393182321942
4999.8165678062205,0.02725377640424155,35.31521662247007,0.6922459206677354
4999.816787596497,0.018268848365344086,76.38797840282106,0.46402874847973974
4999.817530077115,0.047612596821926936,77.18294026743598,1.2093599592769442
4999.817872067481,0.009431857220686495,80.61929265611543,0.23956917340543696
4999.81798739645,0.04683762131902228,89.93964217898208,1.1896755815031657
4999.819005983207,0.030866746343055085,110.27094262622713,0.7840153571135992
4999.819799261666,0.015467993714801884,25.862119277520797,0.39288704035596783
4999.819953065323,0.03108077791366925,78.8719951673539,0.7894517590071989
4999.820027246564,0.036348825124252304,69.28549481773868,0.9232601581560085
4999.8210648072445,0.056046924142497005,73.8303551330296,1.423591873219424
4999.822708572196,0.03787080798335516,63.966683066597525,0.961918522777221
4999.823007014524,0.029295637167721256,23.15496720097214,0.7441091840601198
4999.8232368469935,0.049582679295213344,107.3042593864063,1.259400054098419
4999.8245861643845,0.032603023409575715,104.40738599322933,0.8281167946032231
4999.825643718459,0.05505034239711144,85.80914232125691,1.3982786968866305
4999.825709015743,0.03460292524774944,68.53007973337519,0.8789143012928357
4999.8259126401435,0.04565610587535274,98.15808247486684,1.1596650892339595
4999.82670255483,0.010744743956357949,53.475930915463216,0.27291649649149186
4999.826996083388,0.013756557917244155,74.29275692233684,0.3494165710980015
4999.828325582986,0.019379860128681724,77.90678954152173,0.49224844726851574
4999.831372757189,0.06432786693935799,88.66862953904133,1.633927820259693
4999.832117086465,0.028396168951202568,77.05922676241636,0.7212626913605452
4999.833563684351,0.03835331517089286,97.58420613114988,0.9741742053406787
4999.834130795949,0.01542756730128179,-52.71578429524886,0.39186020945255745
4999.8341399879855,0.03220073525909114,90.5747576500561,0.8178986755809149
4999.834598972624,0.06540462184461805,59.14189033730835,1.6612773948532984
4999.83527865217,0.009033531144708179,59.98505967679243,0.22945169107558772
4999.835330337789,0.03517559427905824,94.22821574486355,0.8934600946880792
4999.838204857972,0.03629057680998312,94.92901962638751,0.9217806509735712
4999.841264460165,0.04806961060608096,80.9766132437348,1.2209681093944564
4999.84239243164,0.04230853809583682,106.0282277205394,1.074636867634255
4999.84250334037,0.0380421415361608,104.6466940363842,0.9662703950184842
4999.843238723644,0.04403220856532133,95.35373411692785,1.1184180975591616
4999.844968680742,0.02041567038323456,164.84657896930875,0.5185580277341578
4999.845043155806,0.03270950128681597,60.49129316497636,0.8308213326851256
4999.84557017715,0.03335922128731919,103.78987780604469,0.8473242206979074
4999.845611807942,0.010616486429363416,57.393729493803626,0.2696587553058308
4999.845629497884,0.03168236655125624,61.339575422450686,0.8047321104019084
4999.845662897252,0.04847875204503362,77.3896988870387,1.231360301943854
4999.845689250839,0.028543480601980364,120.44312518952295,0.7250044072903012
4999.8472398499935,0.03334455560148949,108.80200931744287,0.846951712277833
4999.847697947432,0.03124172279372258,132.3142274157476,0.7935397589605535
4999.848824243254,0.031141475140324556,85.80069476655457,0.7909934685642437
4999.849128760514,0.02766255875848217,104.34594257003155,0.7026289924654471
4999.85072667076,0.024322953951871732,94.85879381463661,0.6178030303775419
4999.852218929087,0.019085113963999124,90.77314533633103,0.48476189468557773
4999.85271937773,0.03794364587002805,85.68844539991981,0.9637686050987123
4999.855041671647,0.02806985391458826,117.91726681124412,0.7129742894305418
4999.857473512361,0.05776689479020482,86.91041790812899,1.4672791276712023
4999.860869845576,0.012911025656596346,107.43670332190555,0.3279400516775472
4999.860957157538,0.026248051913921194,67.4261361371224,0.6667005186135982
4999.861134805553,0.02321755213676792,131.14554584277033,0.5897258242739051
4999.861555694401,0.0461452110023457,95.92245739794528,1.1720883594595808
4999.862503174534,0.06080593633513653,80.04698065302806,1.5444707829124678
4999.863403137114,0.03374511740810938,75.31144503010732,0.8571259821659781
4999.864318553484,0.03781715339801888,66.8645881746957,0.9605556963096795
4999.864673876646,0.030803128617657407,110.75682210547488,0.782399466888498
4999.86578376746,0.04471427177665612,86.5652480524507,1.1357425031270654
4999.866971238504,0.030231669814842432,77.98770009661565,0.7678844132969977
4999.8674718677275,0.03738358319605039,93.75193426433992,0.9495430131796798
4999.868250516275,0.03270621093460921,91.113194745608,0.8307377577390739
4999.868848029092,0.04937418746467026,86.96707792495806,1.2541043616026246
4999.869048111879,0.0321967983859721,42.938773148473615,0.8177986790036913
4999.869831959451,0.04341698945818385,76.14826111339619,1.1027915322378696
4999.871209722235,0.06048896455668261,91.23890765109017,1.5364196997397381
4999.872589830449,0.024355224206831505,103.09369663143976,0.6186226948535202
4999.872745490592,0.04442072359474672,82.39571197062605,1.1282863793065665
4999.873038083135,0.036706772899331046,77.18792893774896,0.9323520316430085
4999.873421993591,0.05447688279770577,83.82003869092996,1.3837128230617264
4999.874753945444,0.018826395268860055,2.224616378173867,0.47819043982904536
4999.877959086651,0.03464992154059169,89.92167440301222,0.8801080071310289
4999.879343748806,0.047607062811381,93.55950771545176,1.2092193954090773
4999.879457015696,0.007039790706277625,58.86457462119934,0.17881068393945165
4999.88039854322,0.031592498854892834,62.0260601109316,0.802449470914278
4999.880414458616,0.05879699457387926,64.7418279539765,1.4934436621765332
4999.88107191317,0.03185819985306671,85.15475875572673,0.8091982762678944
4999.882975906133,0.0252437534582502,41.30473240838178,0.6411913378395551
4999.885031322078,0.02139847361002212,85.29308352145107,0.5435212296945618
4999.886078436499,0.05348577189735602,56.44411154131618,1.3585386061928428
4999.88662414996,0.018808172465916487,107.24598282586273,0.4777275806342788
4999.888558108516,0.029504756793104728,87.63032701787354,0.7494208225448601
4999.888780760489,0.06278017906451483,108.31815117179325,1.5946165482386765
4999.889499584699,0.034200304120835204,66.98984076442862,0.8686877246692142
4999.889701799191,0.036097697225118575,102.84595971072562,0.9168815095180117
4999.890781593184,0.02446383773305825,113.49572358792608,0.6213814784196796
4999.8908868925,0.030572894828359613,104.77563656348978,0.7765515286403342
4999.891062103216,0.04639550732513692,78.62908926024029,1.1784458860584777
4999.891814058664,0.0238809980163143,71.00893226785658,0.6065773496143833
4999.892100098965,0.003813626432257205,105.52456615708884,0.096866111379333
4999.89413533497,0.018242257527301724,117.05077973313884,0.4633533411934638
4999.895341821264,0.022855907625793485,61.20738046620068,0.5805400536951545
4999.895681325116,0.022696838363325252,114.10680998003645,0.5764996944284614
4999.89596461262,0.029162630845813813,93.75443267490915,0.7407308234836708
4999.896942755568,0.01831095759746921,106.99927832211311,0.4650983229757179
4999.8980947704895,0.03976255474045652,63.27058128775241,1.0099688904075956
4999.899091991572,0.03315225517391418,46.41988171184416,0.8420672814174202
4999.899593208961,0.03965917475033965,93.80140908255918,1.007343038658627
4999.899925119769,0.050966610184064225,96.42387954289352,1.2945518986752311
4999.900441551216,0.034453890902972545,81.78875874705074,0.8751288289355026
4999.9006505608895,0.0418348658650296,79.935824941806,1.062605592971752
4999.901065516194,0.04874615220126924,58.37454144149908,1.2381522659122386
4999.901187624056,0.06507947194918934,74.87555248306886,1.653018587509409
4999.9014052754255,0.04761611782080572,68.57114493582965,1.2094493926484653
4999.902325782932,0.031858806642750766,85.71757714389676,0.8092136887258694
4999.905160330744,0.03685988456836314,59.120285817594095,0.9362410680364236
4999.906253950953,0.036179422921288895,91.66576420869865,0.9189573422007379
4999.906352073228,0.028114367996931712,65.93901957890705,0.7141049471220654
4999.906587680383,0.030050410548885995,63.73957753983721,0.7632804279417043
4999.9090262308555,0.01028120971818393,115.95833110758132,0.2611427268418718
4999.909381040806,0.009404629550334023,74.22336503801625,0.23887759057848415
4999.909478961889,0.01563429238336739,48.50881643785977,0.3971110265375317
4999.910447118475,0.022184829422145082,116.87954564502505,0.5634946673224851
4999.910911796821,0.016233732204311006,61.43894881928463,0.4123367979894995
4999.912826046931,0.03643783385012194,92.52351350018877,0.9255209797930972
4999.914140650565,0.06272684266462679,98.86643290572177,1.5932618036815203
4999.915797434804,0.037494284078101646,119.01391101820008,0.9523548155837818
4999.915806357735,0.03931270769692562,76.94196872524348,0.9985427755019106
4999.915941689368,0.014745988915810236,72.74937928199726,0.37454811846158
4999.916096379688,0.05261643017119021,67.83357092839302,1.3364573263482311
4999.917110180809,0.04240416516105215,73.98382366557406,1.0770657950907245
4999.9173248730685,0.02118501995042668,130.9814693647304,0.5380995067408376
4999.917768112772,0.027687485930060343,123.8588788559312,0.7032621426235327
4999.919718130967,0.04232364213913158,71.14706903011884,1.075020510333942
4999.919930514262,0.035551521500884406,83.1471759241967,0.9030086461224639
4999.920266670168,0.07499988137089098,82.36895919570432,1.9049969868206307
4999.921212727825,0.039916538749115375,107.5414093953446,1.0138800842275304
4999.921422100417,0.029939059115889947,58.66437115301474,0.7604521015436047
4999.921564056476,0.05335735613365228,99.02116383784158,1.3552768457947677
4999.921755312304,0.02941321116138695,23.79801844700305,0.7470955634992285
4999.922969495912,0.03424443949874088,105.08608636745724,0.8698087632680184
4999.9234486430905,0.02107614753566108,88.35479275733414,0.5353341474057914
4999.924133572084,0.044814476358885295,79.21458820262184,1.1382876995156865
4999.924142384028,0.03044763313064266,80.26069407892803,0.7733698815183235
4999.924678136295,0.035204695587016506,107.11119687119105,0.8941992679102192
4999.925607211196,0.050854006435746266,95.06324792558227,1.291691763467955
4999.92685399039,0.029591834561527305,65.98247739045108,0.7516325978627935
4999.9270536737085,0.03517958972985353,79.63454053205336,0.8935615791382796
4999.927330123033,0.04797362762402626,66.91553650088869,1.218530141650267
4999.927342388421,0.020308978178190135,54.375884404790945,0.5158480457260294
4999.9294515978045,0.01677725319947416,42.54302318995801,0.4261422312666436
4999.929716439228,0.041238634471700966,81.76525663025693,1.0474613155812045
4999.930321852062,0.003463732939489605,111.60071891682992,0.08797881666303596
4999.932527286611,0.030667364293600768,100.94960770541996,0.7789510530574595
4999.933920446068,0.017907398682640144,60.45529891886848,0.45484792653905964
4999.934510272795,0.043737870456891245,99.47614961982377,1.1109419096050375
4999.935303120144,0.05420009745921003,59.65947656143732,1.3766824754639346
4999.9368081177445,0.02316224450651302,4.432917765924899,0.5883210104654307
4999.93855105339,0.04772804947789605,83.35332243556057,1.2122924567385596
4999.939240387341,0.051602812825839006,98.02258266736584,1.3107114457763107
4999.940558274765,0.019759673650916226,142.47015262252927,0.5018957107332721
4999.941131134809,0.02358271535423061,66.7056795691414,0.5990009699974574
4999.942053803326,0.05030164186660396,105.80626598667656,1.2776617034117406
4999.945405215867,0.04718722381260152,87.84672763556891,1.1985554848400786
4999.9457232301065,0.044788277376694816,89.89438630550451,1.1376222453680482
4999.945978522582,0.04117847474291834,59.508677919887006,1.0459332584701257
4999.94601325849,0.053536576316957504,79.74303867718451,1.3598290384507206
4999.946092248413,0.03471077762519564,67.50919213403748,0.8816537516799691
4999.946482662534,0.02389857202148218,94.29152649685021,0.6070237293456473
4999.948814878448,0.01199087215350028,109.67690547426093,0.3045681526989071
4999.9499809887,0.00401906001144919,69.33391305641085,0.10208412429080943
4999.950467147163,0.017617670691147634,79.3221412228163,0.4474888355551499
4999.951803259654,0.033979972900366584,91.75962971211847,0.8630913116693112
4999.952341818519,0.05430381608273117,88.35860149192378,1.3793169285013716
4999.953017543713,0.02125270250555221,82.19285169089504,0.539818643641026
4999.953556113201,0.013812561652540188,131.0515888032604,0.35083906597452075
4999.954756092775,0.041830737953397326,93.58225170779208,1.0625007440162921
4999.956626678836,0.03061171194227268,62.62979895046244,0.7775374833337261
4999.958408626084,0.04666282746458721,52.27760143337263,1.185235817600515
4999.960246243259,0.01066557269983272,91.98489868569017,0.27090554657575106
4999.961620858478,0.01571125000851615,130.85667493840657,0.3990657502163102
4999.962256577307,0.03466573750545612,42.75986075409539,0.8805097326385855
4999.962270358667,0.04025005948447697,101.76440925920537,1.022351510905715
4999.963081496223,0.05478189783355843,83.07286509732718,1.3914602049723839
4999.964509257884,0.03215871866268585,71.74528400933961,0.8168314540322207
4999.964964283034,0.01831553403624912,67.47146101417665,0.4652145645207276
4999.967131876712,0.05514005134599069,95.73257580698126,1.4005573041881634
4999.968128337825,0.03610428429255543,95.61150890679176,0.9170488210309079
4999.96896249562,0.025957870271149527,67.82842529875428,0.659329904887198
4999.969926189993,0.002454566206873703,-17.4102780429271,0.062345981654592056
4999.970853931694,0.022000328713602777,58.48643057623742,0.5588083493255105
4999.971099696691,0.01671123359907022,55.82555049388996,0.42446533341638354
4999.971239201268,0.05448114219322041,86.49563055504211,1.3838210117077983
4999.97185893551,0.034173699285617004,60.13186357881247,0.8680119618546719
4999.97220506661,0.021769895843839423,72.8321414566198,0.5529553544335213
4999.972479871894,0.016048560897950072,115.5962723222418,0.4076334468079318
4999.973421680178,0.04533552887311339,101.40167883445996,1.15152243337708
4999.975899415284,0.01500910847507544,85.99128452119139,0.38123135526691615
4999.977837932606,0.029540530621164216,71.12960405313545,0.7503294777775711
4999.977857946049,0.017977892138711853,54.37928530236985,0.45663846032328104
4999.978708499764,0.02075221717875556,87.37719252045778,0.5271063163403912
4999.979347953256,0.03726561781827855,96.88338105482153,0.9465466925842752
4999.980902561033,0.029213715974229573,75.31394274085356,0.7420283857454312
4999.981405180372,0.03076911143194211,91.93511479313256,0.7815354303713296
4999.981536638687,0.02885765989713234,77.29976677312636,0.7329845613871614
4999.982066587208,0.02503303236560177,93.65687459498687,0.635839022086285
4999.986076012209,0.03289129517782528,78.48952402991665,0.8354388975167621
4999.988028466953,0.010397964359534892,112.28730326270016,0.2641082947321863
4999.988981288539,0.03570745666796883,67.632176737586,0.9069693993664083
4999.989921303008,0.017999000309679217,69.46041919102832,0.4571746078658521
4999.990466737156,0.034426476310986345,54.52396772545588,0.8744324982990531
4999.99092187065,0.024461156999116655,42.766829034401226,0.621313387777563
4999.990963422447,0.04100745618413096,53.71925139841092,1.0415893870769264
4999.991138742318,0.029636587699443877,117.0623310663522,0.7527693275658744
4999.993263308801,0.021821104418779727,57.74291181542146,0.554256052237005
4999.993936407172,0.03705494871573732,76.43829083938839,0.9411956973797279
4999.994106703133,0.01756560765887034,96.191665009383,0.44616643453530663
4999.9960819903,0.010221512347937308,51.8396485579931,0.2596264136376076
4999.996307658329,0.03207302911236653,86.08901111023017,0.8146549394541098
4999.99663242031,0.02593150024483645,99.89002014069548,0.6586601062188457
4999.998162110644,0.018157163968754903,110.6856054035606,0.46119196480637453
4999.99897885833,0.035360080115550585,62.6000228725656,0.8981460349349848
5000.000204582836,0.01013906804610216,112.64620793108048,0.2575323283709948
5000.0029230351865,0.05541285376262862,72.85366331263052,1.4074864855707667
5000.003199632049,0.024742648421048143,111.39301527760485,0.6284632698946228
5000.004271857441,0.031112338467055908,102.01799943860142,0.7902533970632201
5000.004611503394,0.036204482731348894,99.07913088974931,0.9195938613762619
5000.004943303801,0.022701650919801388,74.51896369591002,0.5766219333629552
5000.005475267531,0.037939963033014334,80.01121931549822,0.963675061038564
5000.005918120222,0.01789306261038528,101.324211780591,0.45448379030378605
5000.006026370185,0.04070784315915252,105.03559009208185,1.033979216242474
5000.007181749774,0.03989686164746872,101.51453559573687,1.0133802858457055
5000.00936825096,0.029807507955971976,56.71392756208967,0.7571107020816882
5000.011125761936,0.05027137772394877,90.91736020936646,1.2768929941882987
5000.011299371989,0.044486729472098016,100.39080283172498,1.1299629285912896
5000.012803237018,0.04889731973812673,77.51132874771008,1.2419919213484187
5000.014172643815,0.034909819486478845,100.6615163564716,0.8867094149565626
5000.0155737121595,0.03342071732080667,72.98465970251458,0.8488862199484893
5000.01673387311,0.02685127726930448,70.84698164203736,0.6820224426403337
5000.017987267357,0.041648232908511856,68.7098487620914,1.0578651158762011
5000.022003162673,0.048233110501413774,57.833751920599525,1.2251210067359097
5000.023610133383,0.02206602411419497,106.03900049552556,0.5604770125005522
5000.023753201038,0.02362712609843201,67.4429529628891,0.600129002900173
5000.023773487225,0.05033718744715113,70.295075393554,1.2785645611576386
5000.024114272707,0.025398234453656663,62.8722440826652,0.6451151551228792
5000.0244657875355,0.019276485178411976,106.27129525027232,0.48962272353166414
5000.025395459079,0.04374420834679994,107.16115679240524,1.1111028920087185
5000.0256095744335,0.04515605460246716,79.91055742867385,1.1469637869026659
5000.027914703366,0.027724129054715194,88.22208035230476,0.7041928779897659
5000.028298642049,0.025240815998052647,94.23214018799695,0.6411167263505372
5000.029340814494,0.024246602003372024,89.32346361626573,0.6158636908856494
5000.032810470368,0.037381037859885856,54.58770913764256,0.9494783616411007
5000.033398549968,0.03915853378624942,93.19047521535953,0.9946267581707353
5000.033416657208,0.023062325717054605,152.492195373559,0.5857830732131869
5000.035625190713,0.05402614126170614,77.46451095679596,1.372263988047336
5000.036517716321,0.04954089579710414,91.89964690037309,1.2583387532464452
5000.038544874848,0.045396236932507245,59.87533412898178,1.153064418085684
5000.039246354276,0.02581684621794996,67.2237382173431,0.655747893935929
5000.040751307869,0.03611272653968992,60.73342585865191,0.9172632541081239
5000.041440273273,0.01909625908150443,82.08237067601561,0.48504498067021246
5000.043274854645,0.029960697431480648,119.077750639557,0.7610017147596084
5000.0443039161855,0.030204789435622756,81.41507386686705,0.7672016516648179
5000.044624169415,0.03297662591520645,58.099823998236815,0.8376062982462438
5000.04537310086,0.040915131225919166,17.96677373402482,1.0392443331383467
5000.0457377461935,0.022594178672630263,100.79001145259576,0.5738921382848087
5000.045855041185,0.03256852711895123,49.443634378679086,0.8272405888213612
5000.045905555779,0.012639761152721092,-72.14265879300646,0.32104993327911574
5000.0471465358405,0.04512079737029541,91.7090218566627,1.1460682532055033
5000.047381025298,0.002703262776749851,92.98223810264636,0.06866287452944622
5000.0492952229915,0.053851146172891766,77.18519066654022,1.3678191127914507
5000.049535093636,0.056885338010001625,80.65660423308739,1.4448875854540413
5000.050448403565,0.029773955435290364,46.43768160897681,0.7562584680563752
5000.052014639124,0.01423632343120484,72.53726877905241,0.3616026151526029
5000.052024937766,0.021352531075703295,114.7016869213474,0.5423542893228637
5000.052177242816,0.02648351214059323,108.5717653179152,0.6726812083710679
5000.052209664966,0.039281387204866555,96.1691877282165,0.9977472350036104
5000.052217632092,0.025000386921602433,72.28935530495232,0.6350098278087017
5000.05259135876,0.044184877307240016,76.20044405671763,1.1222958836038963
5000.05355679663,0.014679713338324244,72.13877004591448,0.3728647187934358
5000.053831240775,0.031038670057633604,84.3844818171647,0.7883822194638935
5000.054423242272,0.036549656082035795,75.64985934976802,0.9283612644837091
5000.054895423046,0.039870847048977885,29.661875589283248,1.0127195150440382
5000.0554240429765,0.01234162420314867,53.344216735735195,0.31347725475997623
5000.055759491742,0.03883275824175569,47.576395340615456,0.9863520593405944
5000.056620706657,0.037729703114556846,78.04909971633762,0.9583344591097438
5000.058317332233,0.0293256989480173,86.09062833003328,0.7448727532796394
5000.0583760866075,0.0013580246532302388,-63.91520545155896,0.03449382619204806
5000.058377937021,0.024588112187944645,85.96723764888571,0.624538049573794
5000.058626561742,0.02375332576430253,126.69490045062508,0.6033344744132842
5000.059372088176,0.033681401727375854,114.72454731381762,0.8555076038753466
5000.060213697326,0.036095563815759034,67.12266112406711,0.9168273209202794
5000.060423592274,0.02377089518462487,103.96505760787204,0.6037807376894717
5000.061149096251,0.02706311446357096,109.26892069318836,0.6874031073747023
5000.061157522308,0.02552336843496332,83.39497784922045,0.6482935582480683
5000.062109939508,0.01314499308595764,120.83015303351944,0.333882824383324
5000.0649974099,0.021169724174109644,68.83859471328054,0.537710994022385
5000.065236315392,0.018318640900638103,161.24326134106568,0.4652934788762078
5000.065273308989,0.019899633515209795,36.133998004691634,0.5054506912863288
5000.065466214544,0.018320286266831753,170.4917667185953,0.4653352711775265
5000.066497932062,0.030931760011218157,109.55649608736404,0.7856667042849411
5000.067545575475,0.0207743398825886,112.54729560901384,0.5276682330177503
5000.06760088384,0.03118752515434453,79.16826411167457,0.7921631389203511
5000.0679367813,0.02731371998330521,76.242424800091,0.6937684875759522
5000.068611548872,0.016948814923510278,87.1963823309072,0.430499899057161
5000.070592422492,0.03811997319145948,87.28682406915912,0.9682473190630708
5000.070672877448,0.03767331774821964,94.3239178767752,0.9569022708047787
5000.07109347294,0.01924167903655151,132.9616013077229,0.4887386475284083
5000.071861520541,0.019225938597756904,98.93280128462496,0.48833884038302533
5000.074024555675,0.02471639606875122,53.59175398071366,0.627796460146281
5000.074044904445,0.0234944990547896,72.44146555692372,0.5967602759916558
5000.078218803988,0.01943430889989165,83.49740109651509,0.4936314460572479
5000.078325908336,0.027281184704889813,97.03076279713652,0.6929420915042012
5000.079594982185,0.04767423175891425,88.03087274946921,1.2109254866764219
5000.080948094399,0.05028062226838712,72.42977738438809,1.2771278056170328
5000.081769132524,0.0333103564151238,79.33159140985155,0.8460830529441445
5000.083151651519,0.02049454930301824,79.88159534812773,0.5205615522966632
5000.089732653508,0.020968342826042905,111.8431431087996,0.5325959077814898
5000.092532353154,0.022286511163572567,90.37704265387161,0.5660773835547431
5000.0928025352,0.01817610267035316,57.07930194795271,0.4616730078269703
5000.096749370763,0.039282411864035166,76.6019859819543,0.9977732613464931
5000.096949476231,0.02696969944683168,69.06357608424965,0.6850303659495246
5000.098676064931,0.034645045807487486,76.12420141207937,0.879984163510182
5000.098855707593,0.03114802805987124,51.74036073419685,0.7911599127207295
5000.099529294785,0.04017527680282387,47.97255263376655,1.0204520307917264
5000.10044284651,0.03274029241467125,71.31184116875488,0.8316034273326498
5000.101723885474,0.03161095016285541,79.91398290542203,0.8029181341365274
5000.103175243289,0.049122066150927395,70.61844006340674,1.2477004802335558
5000.1036639629565,0.045696583016368905,61.958164999289934,1.1606932086157702
5000.105068202053,0.03729358943279226,76.02687341596784,0.9472571715929234
5000.1053729651785,0.04612760948488334,99.51337725841978,1.1716412809160368
5000.105574529491,0.030137532470366844,110.31728933773039,0.7654933247473178
5000.105683759328,0.0396193993709398,116.92395146055412,1.0063327440218708
5000.106152920966,0.050580866330026016,62.789658977020395,1.2847540047826607
5000.107410750796,0.03449187411378127,87.77770149406241,0.8760936024900442
5000.1074372166895,0.023749878717565003,91.34532684844768,0.603246919426151
5000.108826239785,0.03690645005571378,69.61149554085998,0.93742383141513
5000.109791782273,0.025320993759151183,137.8740660131022,0.64315324148244
5000.109890247098,0.016920676168844323,112.57861027104455,0.4297851746886458
5000.110870839368,0.03739892917612025,60.78444643628042,0.9499328010734542
5000.110936200355,0.016157532925419722,58.91302115505003,0.41040133630566095
5000.111915146871,0.0214182752738312,96.4412542600604,0.5440241919553125
5000.113414536589,0.0243434963727546,87.45384722353838,0.6183248078679668
5000.114368273456,0.021355876098844408,-19.28695915956184,0.5424392529106479
5000.1144885235135,0.03273491494926199,92.99724178045254,0.8314668397112546
5000.115308231445,0.012514373989102354,63.3750913147014,0.3178650993231998
5000.117022963243,0.02271371474131856,68.27736529658131,0.5769283544294914
5000.117200625013,0.00976069340500821,104.9812947155782,0.2479216124872085
5000.118194750707,0.028265772631719244,42.45490258961144,0.7179506248456687
5000.118821399167,0.02307993997420944,57.662457385060016,0.5862304753449197
5000.118866203978,0.04328548875606686,98.54593758707027,1.099451414404098
5000.119884448494,0.030113993768840927,70.53330528962577,0.7648954417285595
5000.120883531531,0.034483520626507655,73.05930483793854,0.8758814239132944
5000.120900508402,0.038222253696943535,81.29935823553282,0.9708452439023657
5000.121394910232,0.026646768265941204,87.62663105379494,0.6768279139549066
5000.121955132351,0.017102627809088288,100.3128368491772,0.4344067463508425
5000.1235515160415,0.02499116336087516,105.67125241446124,0.634775549366229
5000.125567313712,0.024865461152964525,64.56817517563277,0.6315827132852989
5000.126266614763,0.029230745759831464,86.97198413494434,0.7424609422997192
5000.128625849414,0.045386612485550475,73.62434680261879,1.152819957132982
5000.129365011869,0.023276055491352355,110.11472746282388,0.5912118094803498
5000.1319571273025,0.04436193810682811,73.38209538389415,1.126793227913434
5000.134475943076,0.05738464465580581,81.04097292405467,1.4575699742574675
5000.135587439977,0.020584736350724366,80.6111045528831,0.5228523033083988
5000.139879034786,0.019962350569013344,94.69405114691088,0.5070437044529389
5000.142032947441,0.046518005080488346,94.20303629055508,1.181557329044404
5000.142299972745,0.020913466891628724,30.58545604185448,0.5312020590473696
5000.143068101437,0.04644866926261313,65.30743189783401,1.1797961992703734
5000.143415523449,0.035053400851788374,62.86279992373538,0.8903563816354246
5000.143739431115,0.037117903212985366,89.95362254656156,0.9427947416098282
5000.143824085308,0.02409918475080722,69.3405381938927,0.6121192926705034
5000.144143670309,0.05889929467533925,80.46352485579686,1.4960420847536169
5000.144265387377,0.02431091241010758,95.11873145825709,0.6174971752167325
5000.144935493101,0.039572210837519176,57.04123991231984,1.005134155272987
5000.146951146649,0.01409985211577914,105.51892868721198,0.3581362437407901
5000.147739948867,0.008682973475573444,99.2057508512082,0.22054752627956545
5000.148162015505,0.06634988468882995,88.10348514620344,1.6852870710962806
5000.149044452491,0.022409173391831433,113.98142963528612,0.5691930041525184
5000.149306634719,0.02533503076858071,46.57862593797766,0.64350978152195
5000.150197237921,0.033920654066326064,56.16091773037788,0.8615846132846819
5000.151648481759,0.051269227460897314,81.38966036659157,1.3022383775067916
5000.1536876478085,0.03399114672894028,90.98221450124616,0.8633751269150831
5000.154647357125,0.04406087673858912,87.45358116214912,1.1191462691601635
5000.154701450538,0.02001800528419956,78.9946396845511,0.5084573342186688
5000.155655419293,0.005431155755233708,108.03932640375037,0.13795135618293616
5000.156604623036,0.04271171952710605,70.84079260394013,1.0848776759884935
5000.15699593606,0.047778672748959805,88.33834541384793,1.213578287823579
5000.157166567336,0.014322195997736686,163.8056133661968,0.3637837783425118
5000.1577373926275,0.022988294976212773,37.933012250174535,0.5839026923958044
5000.158031472272,0.031003576323182555,98.05918170231485,0.7874908386088368
5000.158906087392,0.03802212368045824,68.04145374892695,0.9657619414836394
5000.159912681247,0.04071236598631717,104.2625805374706,1.034094096052456
5000.160291808202,0.050896124606640565,92.59918048731846,1.2927615650086703
5000.160861042785,0.040239670258604206,76.71245784156349,1.0220876245685468
5000.160940285241,0.024738326867978295,73.61058141353733,0.6283535024466487
5000.161970976277,0.048073843855030905,80.87529765273486,1.2210756339177848
5000.162246080735,0.04935879701253116,91.43089172674476,1.2537134441182913
5000.162551870822,0.04894380618327347,79.23693315532014,1.2431726770551461
5000.163905540151,0.032440149299176796,124.3717911045545,0.8239797921990906
5000.164039200526,0.03379858598529615,98.8588230789132,0.8584840840265221
5000.164995048504,0.021286267148623778,77.80654997086766,0.5406711855750439
5000.165232983532,0.03455562715929723,83.19559547147513,0.8777129298461495
5000.166114032012,0.03614905332814124,31.550906552864863,0.9181859545347874
5000.166478848919,0.05759448075056428,87.74122449331577,1.4628998110643328
5000.1674925650495,0.01561039642741225,102.03982786729728,0.39650406925627113
5000.169234338053,0.05793249783815647,85.06908095477063,1.4714854450891741
5000.169621473891,0.041693003301071965,72.58035101201176,1.059002283847228
5000.171208810215,0.05929664199136062,102.23530306847256,1.5061347065805597
5000.171620854073,0.025929816019120408,64.25413283934941,0.6586173268856583
5000.171777096867,0.026584951557046044,107.13086278555632,0.6752577695489694
5000.172180964572,0.0508843428607561,94.24332094278051,1.2924623086632048
5000.172932402057,0.05350477138017325,62.10134727333644,1.3590211930564005
5000.173310814472,0.0394761815668104,77.14626984818366,1.0026950117969842
5000.173603374095,0.042093952622751646,69.2263406383637,1.0691863966178918
5000.174568586305,0.02663930342068128,105.78099596348171,0.6766383068853045
5000.177081721775,0.02856064819504404,100.32817053562844,0.7254404641541186
5000.177097023212,0.012581991923477026,116.31432675170984,0.31958259485631646
5000.178882157997,0.012892913855028427,87.03552118804924,0.327480011917722
5000.17949301688,0.03141144682270396,52.3317153869372,0.7978507492966807
5000.181284664195,0.04926869068893884,95.42648378276589,1.2514247434990464
5000.181807205661,0.023373707665918102,37.1942220365441,0.5936921747143198
5000.182344030186,0.04534502039158574,82.1020011590822,1.1517635179462777
5000.185238242062,0.027288047065485724,17.227050818604734,0.6931163954633374
5000.187965015659,0.021975056220513968,73.28915653027371,0.5581664280010548
5000.18825406991,0.03582361931209824,99.8381302337128,0.9099199305272951
5000.188875948287,0.023371902407251895,81.42043998136083,0.5936463211441981
5000.189680645566,0.035496898260368545,76.02782335303228,0.901621215813361
5000.190015286276,0.01719537092107956,53.483021554203205,0.4367624213954208
5000.192662452996,0.04980564938522165,69.20812427224365,1.2650634943846297
5000.192747049628,0.015936359567946503,76.80822036612409,0.40478353302584114
5000.193438607672,0.03276376109417467,83.2578316929878,0.8321995317920365
5000.194526457509,0.0364955295166245,57.152859176972974,0.9269864497222622
5000.195339784454,0.0270582422618599,65.82976625114078,0.6872793534512415
5000.196351066644,0.03699754414864785,83.8866550754201,0.9397376213756554
5000.19999975596,0.015796495174292734,99.55166215217096,0.4012309774270354
5000.200819491926,0.027424604613046688,100.29928553191918,0.6965849571713858
5000.201116718082,0.037354211201604974,76.61197086675675,0.9487969645207663
5000.201158228959,0.02466983466288652,40.45072377814625,0.6266138004373176
5000.2014131004335,0.03552461768954626,81.01728189735017,0.902325289314475
5000.201964912469,0.03724482543500955,86.32267441032873,0.9460185660492425
5000.20481608612,0.013160102827616439,98.40967984414308,0.3342666118214575
5000.208042826444,0.0230823161076815,68.55505633761646,0.5862908291351101
5000.2091446815,0.04177928134538527,118.67836259446705,1.0611937461727858
5000.209767445926,0.01544379592604071,98.57044843074908,0.39227241652143396
5000.210033193456,0.009716305569679137,140.18878556070308,0.24679416146985006
5000.210097260188,0.03967802257727888,88.32062828845251,1.0078217734628834
5000.210557514476,0.024557343540528048,104.31164476883248,0.6237565259294124
5000.211235793615,0.029684522548922027,70.53874808345203,0.7539868727426194
5000.211392357176,0.03555435227165701,114.24922507099936,0.9030805477000879
5000.211780082829,0.04832288656833453,91.99755867033008,1.227401318835697
5000.211822230465,0.033793697810557514,58.27594470127421,0.8583599243881608
5000.211922989523,0.00870894819108921,120.22653083369144,0.2212072840536659
5000.212326758604,0.025767378231978815,87.73126171719223,0.6544914070922618
5000.214224034028,0.041453912525394654,117.67039563634845,1.0529293781450242
5000.214323722836,0.05043493697615314,102.29166931510528,1.2810473991942897
5000.214524463934,0.061583662849899114,81.51407353058384,1.5642250363874375
5000.216621351248,0.04988126137811509,68.00507131937579,1.2669840390041232
5000.217713653932,0.011860535368208244,19.191861008353797,0.3012575983524894
5000.218426630292,0.031358530573827766,76.5550447012258,0.7965066765752252
5000.219181162445,0.058135884907169366,105.634659992858,1.4766514766421017
5000.220087577818,0.05200273097946818,65.9575384334166,1.3208693668784917
5000.220212132125,0.02625969720096973,92.04819067696029,0.6669963089046311
5000.220850859803,0.057501748309209975,109.47527273151024,1.4605444070539333
5000.22132092539,0.02773846941912291,33.78315664506274,0.704557123245722
5000.22224601567,0.021392687361089863,69.450811155876,0.5433742589716825
5000.222304391946,0.037977787346442166,92.51555346589912,0.964635798599631
5000.224081487705,0.036060675103156616,55.97176576501936,0.915941147620178
5000.224609675595,0.03097175627020652,74.09276367799556,0.7866826092632455
5000.226398234494,0.02154630058567077,112.30299887402576,0.5472760348760375
5000.228226129761,0.02811235753754976,60.44657610807298,0.7140538814537638
5000.2285055495695,0.028023977237108425,87.35128706734046,0.711809021822554
5000.229220474296,0.029329576504353635,74.91295511966518,0.7449712432105823
5000.230940900992,0.04823190374037393,88.51299668267401,1.2250903550054977
5000.2324627077805,0.0546768725165277,84.48854911272124,1.3887925619198034
5000.232653183519,0.04115780209913636,65.76418275982049,1.0454081733180636
5000.232671896219,0.042661894376845005,56.89681624167471,1.0836121171718631
5000.235754886529,0.041933972090001645,93.24051074338352,1.0651228910860417
5000.2361901646445,0.03723852150057235,63.878557454274606,0.9458584461145376
5000.237232155796,0.02754122162560886,88.0235811664926,0.6995470292904651
5000.237372655272,0.02518312039866348,62.549846465372745,0.6396512581260524
5000.237917240344,0.025294716092862306,89.30894373575454,0.6424857887587025
5000.238305124077,0.03144798510245275,94.58940751501795,0.7987788216022998
5000.239578520594,0.03166584175932727,94.88823576023928,0.8043123806869126
5000.240198383536,0.049768954776077685,101.0706575423235,1.2641314513123731
5000.240622724935,0.014933338940309224,69.70834771631785,0.3793068090838543
5000.242050621418,0.01004945296106392,104.0313256012434,0.25525610521102354
5000.2425189796,0.02455033532629235,105.84675487091864,0.6235785172878257
5000.244072359419,0.021766170659037434,69.49643479613655,0.5528607347395508
5000.24547834732,0.045576270804588766,74.32913630798278,1.1576372784365545
5000.245905150112,0.026213351958826292,110.16122315511484,0.6658191397541878
5000.246550531544,0.023657415571496063,96.71628543839981,0.600898355516
5000.246639920716,0.042872439356631806,91.60866622133229,1.0889599596584478
5000.248373650828,0.03319067981548877,114.96327986047912,0.8430432673134146
5000.250546332783,0.020776761092470657,99.38333563188931,0.5277297317487547
5000.250713387763,0.025786127109767184,76.17419220937995,0.6549676285880864
5000.252580677738,0.031877841550027486,62.8438491828641,0.8096971753706981
5000.252972039835,0.05240563548802972,97.42919733092928,1.3311031413959549
5000.253620232981,0.03822423366139813,114.48860885204338,0.9708955349995124
5000.253935947323,0.04565998651278437,98.510963861676,1.159763657424723
5000.254870743646,0.03788601163987554,60.55248966370116,0.9623046956528386
5000.255172769919,0.007620166549377738,94.84580905899936,0.19355223035419453
5000.256019021052,0.049243297074867264,79.93284161398257,1.2507797457016285
5000.256539241989,0.044385396555486414,50.75631819150451,1.127389072509355
5000.2569892009,0.020138411770815736,73.43546103258181,0.5115156589787196
5000.257430528865,0.04641705569143895,95.42843172041074,1.1789932145625492
5000.259295606142,0.022055359562948487,163.15794185421984,0.5602061328988915
5000.25991503872,0.01744617466026969,71.71161482565148,0.44313283637085016
5000.261509668824,0.007176266651375366,44.133934812563915,0.18227717294493428
5000.26248089304,0.03453254984966948,101.28442567827796,0.8771267661816048
5000.26282527007,0.031597537421141124,109.20923624990733,0.8025774504969845
5000.263447081132,0.01615968636357454,142.20052038761037,0.4104560336347933
5000.265065237905,0.033054212526284155,88.62105927411898,0.8395769981676174
5000.265249672912,0.03712898420107339,57.90477603568585,0.9430761987072641
5000.265415092974,0.024967506400477586,73.98642933791454,0.6341746625721306
5000.265730258076,0.05097371642610313,78.98001975253814,1.2947323972230194
5000.270261522495,0.028203911348135637,76.08487276802772,0.7163793482426452
5000.2711244783,0.02825751848325568,89.94556151199981,0.7177409694746942
5000.2717233635685,0.030082345532874488,85.37186465633171,0.7640915765350119
5000.27213044373,0.03514437390308264,101.22312121989329,0.8926670971382991
5000.272616081541,0.019386255963379957,84.27173851983994,0.4924109014698509
5000.272846500158,0.014774264661796228,33.59222230022544,0.37526632240962415
5000.273876754698,0.03987139993133592,78.58230144106997,1.0127335582559323
5000.274114862939,0.038737730512820576,85.40115377882323,0.9839383550256425
5000.27424503088,0.018513785798923536,-166.198643638614,0.4702501592926578
5000.275517658098,0.021631564411392835,4.33935658546178,0.549441736049378
5000.275521631654,0.05606242658484482,82.90607918260993,1.4239856352550582
5000.277333766314,0.03487949320328508,65.1372353116639,0.885939127363441
5000.278287183756,0.017564302592828148,35.76243969678323,0.44613328585783496
5000.278965469425,0.005314588458156885,93.32634371360784,0.13499054683718487
5000.279583867593,0.0435611669784274,92.91044031478381,1.1064536412520558
5000.280615682358,0.07136150085836501,64.9997705571091,1.8125821218024711
5000.281873294989,0.03164899659729357,63.65663794026037,0.8038845135712566
5000.282670234957,0.037824075300721946,74.63891870537425,0.9607315126383373
5000.2832808260655,0.02616641363193416,94.08762081411967,0.6646269062511276
5000.283336456024,0.020981479714131248,69.33756133359559,0.5329295847389337
5000.2839660416685,0.05865206212935593,62.70354666391708,1.4897623780856404
5000.284000498024,0.02123266259745504,63.64396297222154,0.539309629975358
5000.287094736563,0.005718541881165532,98.82391298921921,0.1452509637816045
5000.287886601671,0.0296123681362564,81.48274017928257,0.7521541506609125
5000.290021671113,0.03467787638117406,91.5491979615101,0.8808180600818211
5000.290576337805,0.031095214700478085,65.78236412625644,0.7898184533921433
5000.291319805974,0.039034958629974005,83.93371841109648,0.9914879492013396
5000.293850415852,0.027975932245431438,112.45699162808656,0.7105886790339585
5000.296397485228,0.026623348213045357,118.79476939271868,0.676233044611352
5000.297281884348,0.026448031856900388,81.43440939434842,0.6717800091652698
5000.297734337785,0.02976153909156709,99.92899712892768,0.7559430929258041
5000.298352106952,0.03126588822823663,63.30038709172194,0.7941535609972104
5000.299100208358,0.03647103433570702,89.3785833126069,0.9263642721269582
5000.302991958325,0.022277025287725908,54.86445686179662,0.565836442308238
5000.304131161777,0.023647158826353366,65.61213971918387,0.6006378341893754
5000.304271863399,0.029061555595710505,56.64325263461576,0.7381635121310468
5000.305240892392,0.04065673365986358,115.00995176973068,1.0326810349605349
5000.30692370209,0.004904197435226141,-148.86684413812068,0.12456661485474396
5000.30715001702,0.029969648434145377,94.78688309833376,0.7612290702272926
5000.3077315049195,0.041322583416994976,70.54611457497873,1.0495936187916723
5000.309548492252,0.014795284323453247,95.34726315869376,0.3758002218157125
5000.31084462972,0.033460986139699944,110.07242305957124,0.8499090479483785
5000.311167265137,0.01751986689470167,71.73328601456303,0.4450046191254224
5000.311677705641,0.02191834224457941,88.22123071775475,0.556725893012317
5000.312501318597,0.04629374812927129,40.96378525892899,1.1758612024834907
5000.314116581687,0.015196527552174512,73.12538992885162,0.3859917998252326
5000.314684527741,0.06023493397395094,90.08651158263156,1.5299673229383537
5000.317954940587,0.03659718774941046,64.19752050751568,0.9295685688350257
5000.318120911916,0.045931196519319366,51.47458016557621,1.1666523915907119
5000.318613912234,0.031610163418175394,64.91172029079844,0.8028981508216549
5000.320565137325,0.05100342106050343,83.49351165601747,1.295486894936787
5000.321894135492,0.023690988492945885,143.71462944844626,0.6017511077208254
5000.322029745232,0.0501730157897635,72.47373537338598,1.2743946010599927
5000.3228991264605,0.05624116829827333,97.23395888030403,1.4285256747761426
5000.325984217816,0.023987609042572376,86.15734917917787,0.6092852696813383
5000.32612876698,0.02723864179849673,47.89721810747324,0.6918615016818169
5000.32870770574,0.021400520968055607,112.05678700247567,0.5435732325886123
5000.328897592171,0.030804128634715332,115.08354817154148,0.7824248673217694
5000.330510057358,0.03806216150460429,83.23338435563657,0.966778902216949
5000.332915261641,0.039968560328203,99.22267245709651,1.015201432336356
5000.333315587385,0.045765634017655855,46.29182480165759,1.1624471040484587
5000.333703482958,0.03134814917453299,97.44117980582665,0.796242989033138
5000.33630332822,0.07043049444430936,100.09107059514452,1.7889345588854577
5000.336320222166,0.03329668646385356,117.18563320515972,0.8457358361818803
5000.3372638212395,0.028001900473097446,173.30367691492037,0.7112482720166751
5000.337665414985,0.05740141050701014,68.49910463037085,1.4579958268780575
5000.338879716212,0.03437053642463617,81.66080529305091,0.8730116251857586
5000.339308006564,0.020033426137982556,74.8271221614398,0.508849023904757
5000.3404857225,0.04558847686163504,88.47690537486899,1.15794731228553
5000.340772130965,0.04667652917421708,80.42529545827041,1.1855838410251138
5000.341262115532,0.0247329931970343,69.77467352681263,0.6282180272046712
5000.341952012081,0.06384877818952275,85.70978084411267,1.6217589660138778
5000.342005037664,0.028231249933212715,86.52734093202191,0.7170737483036029
5000.342235909787,0.031964568134980303,95.3830891326764,0.8119000306284997
5000.34335619848,0.05904109224256292,89.80103321737971,1.499643742961098
5000.344631736009,0.03301113059924552,76.63944268630335,0.8384827172208362
5000.346579836818,0.03285964480581119,102.02540080487712,0.8346349780676041
5000.34878035024,0.001017496279791709,99.33058469634902,0.025844405506709408
5000.349684959009,0.04661954017974002,83.21275098817489,1.1841363205653965
5000.353044005219,0.033817595395176335,127.23840365298292,0.8589669230374789
5000.3536210222965,0.03542867267570203,26.812897681459436,0.8998882859628315
5000.354054458455,0.04106671168162535,100.5322717873089,1.043094476713284
5000.354846035345,0.032638136098442065,100.81371172697484,0.8290086569004284
5000.355142444804,0.036609796234013184,97.23146322290937,0.9298888243439348
5000.355533097509,0.02004930220101037,95.79280304213584,0.5092522759056634
5000.357167235276,0.0310311223491652,110.45000517879856,0.7881905076687961
5000.359050277438,0.0493146634752712,79.57554957625489,1.2525924522718883
5000.359718265862,0.043400077591208994,97.47471646388664,1.1023619708167083
5000.36062453676,0.023091197656277943,101.57275053826872,0.5865164204694597
5000.366342116524,0.050576440748234246,112.99695494634908,1.2846415950051497
5000.36745161122,0.05101459895499965,58.068198837497455,1.295770813456991
5000.367587415898,0.03788808689724216,73.63424806984506,0.9623574071899508
5000.367924135377,0.02484183202914698,78.51129527335398,0.6309825335403333
5000.369181001331,0.0558916465205682,76.5527402140695,1.4196478216224322
5000.369232549936,0.01781314591641385,60.30796981635339,0.4524539062769118
5000.369439372108,0.008750104434946377,55.987323417993714,0.22225265264763797
5000.370190828908,0.01189525557584925,116.80628513204223,0.30213949162657094
5000.370438155135,0.02626464012750572,85.19291418726331,0.6671218592386452
5000.370764872625,0.051889313163919606,88.35266326896641,1.3179885543635579
5000.372608895612,0.037281197817996735,89.81638085310964,0.946942424577117
5000.3733860981,0.03807602857548879,88.2717246419283,0.9671311258174153
5000.37375116881,0.06607509949320464,78.20759465394674,1.6783075271273977
5000.376228382776,0.0176380985702632,-11.55338496927324,0.44800770368468523
5000.379069310084,0.04733269224063041,88.84819841801043,1.2022503829120124
5000.379211345429,0.04309376868346793,88.09537984897851,1.0945817245600855
5000.38009853946,0.032284034269553966,89.0766237485055,0.8200144704466706
5000.380542308334,0.058602331073971566,105.9635959346603,1.4884992092788776
5000.380825304342,0.04456581448432228,62.64121806168421,1.1319716879017858
5000.381371466327,0.02999527124442571,95.1296573019561,0.761879889608413
5000.382662157168,0.03483713423417598,96.38624365018823,0.88486320954807
5000.383550409518,0.019841146897232327,61.348496251875055,0.5039651311897011
5000.384418303484,0.025376082238711007,98.14271606537743,0.6445524888632596
5000.384911515265,0.03496524850259017,88.79757673897646,0.8881173119657902
5000.386038547629,0.061755494444125994,94.20810822818862,1.5685895588808
5000.3869197449885,0.023312988163322047,66.61319172862032,0.5921498993483799
5000.387382995846,0.0319817745048083,62.050579593005246,0.8123370724221307
5000.387724455675,0.013415143677037496,102.10245830462596,0.34074464939675236
5000.390359886835,0.027426024137860706,73.92706892923641,0.6966210131016619
5000.391313936631,0.0336709251818412,97.19007934816925,0.8552414996187664
5000.3916028056365,0.039669050883275096,92.33241280457113,1.0075938924351875
5000.392137294521,0.04362642510454685,86.58658793772543,1.1081111976554898
5000.392797948355,0.03476241858172905,110.3737741352306,0.8829654319759178
5000.393121079962,0.08229762666481252,103.58420556468124,2.090359717286238
5000.394132664235,0.011596316319218203,69.50607758621167,0.29454643450814233
5000.394155393344,0.04384144831235426,86.77948034433891,1.1135727871337981
5000.394869320185,0.011694472039846106,83.61904532725573,0.2970395898120911
5000.394919157827,0.05664106129595872,94.3714706216892,1.4386829569173514
5000.39835140463,0.051983924248956016,91.35775673081672,1.3203916759234828
5000.400398266372,0.05394922827693944,76.05150251881761,1.3703103982342617
5000.402575446541,0.03272780293880588,53.54770982231412,0.8312861946456693
5000.403387259956,0.03330484726960414,62.27432625527183,0.8459431206479452
5000.405928877065,0.05348889465012528,89.30226729558731,1.3586179241131822
5000.406956317164,0.020762476582401938,72.82512626193521,0.5273669051930092
5000.407667402064,0.03293088231581233,87.94461511324349,0.8364444108216331
5000.408621998861,0.006216321926152688,-23.363011429652683,0.15789457692427827
5000.409036530661,0.04222586721490846,80.52779162470145,1.0725370272586747
5000.410193300187,0.04306364611007974,113.39902505555195,1.0938166111960255
5000.412148647512,0.015843436912339363,26.16400540772653,0.40242329757341977
5000.41439484601,0.027277964113444048,100.1747083835908,0.6928602884814787
5000.415874524557,0.008150110165481674,39.58644539468524,0.2070127982032345
5000.417876285481,0.02027973739224114,78.56058511130898,0.515105329762925
5000.418739117534,0.03939999018907014,63.163182230255075,1.0007597508023813
5000.422155303489,0.04349422461218542,108.1921549125208,1.1047533051495095
5000.422973785728,0.031330851896674984,75.31287189821953,0.7958036381755446
5000.424861932046,0.06932812344947492,83.53068910023171,1.760934335616663
5000.425663957382,0.025687842186901136,81.3079364377905,0.6524711915472888
5000.426586701096,0.009557006804392141,30.686024721080184,0.24274797283156038
5000.427916685408,0.020411836315009948,83.6604609516871,0.5184606424012527
5000.428358159032,0.011360177794129131,108.49953227804689,0.28854851597087994
5000.428758408265,0.03275194507105913,50.7244659301106,0.8318994048049018
5000.42947082594,0.06487605535590978,87.45262468525777,1.6478518060401082
5000.42952079752,0.04549110390186813,91.42514167764092,1.1554740391074503
5000.430514461112,0.0484472463699652,99.67063843668473,1.2305600577971159
5000.430999460478,0.03663086252983316,88.65214950831107,0.9304239082577621
5000.432710204036,0.031623221551050226,92.22723514235584,0.8032298273966757
5000.433066158756,0.020137117827321423,55.468688726751004,0.5114827928139641
5000.438573061007,0.04658132639050272,75.64109931690933,1.183165690318769
5000.440973228749,0.022142655816986007,86.0696430541319,0.5624234577514445
5000.441449355677,0.019242902112724235,79.19043434608851,0.48876971366319555
5000.441480707988,0.02856214292048237,85.57088420241308,0.7254784301802522
5000.441908402965,0.023191683387059864,96.33485547625773,0.5890687580313205
5000.442686401328,0.01852756190326644,90.59151800687229,0.4706000723429675
5000.443206729213,0.030408657405715845,80.67314675879956,0.7723798981051824
5000.443568874169,0.034530078127086646,78.84525358892108,0.8770639844280007
5000.447927445321,0.015237835370103684,99.83065316538115,0.38704101840063354
5000.448192697008,0.05095291470642943,108.80810268997776,1.2942040335433074
5000.4482137743,0.01958745719252651,90.1380261770578,0.49752141269017336
5000.449994619527,0.0563051489887598,100.5223946563143,1.430150784314499
5000.450163243909,0.016195067576370382,82.818318457557,0.4113547164398077
5000.45185127983,0.02816941892490997,80.10373514823861,0.7155032406927132
5000.454960364472,0.030326402436365345,105.62130491707418,0.7702906218836797
5000.455415153168,0.03276327736002905,99.38510125319992,0.8321872449447378
5000.456830451291,0.03578030400398357,104.72733720498272,0.9088197217011826
5000.459082292406,0.02175213767628449,87.12631174858643,0.552504296977626
5000.463646912174,0.03905467230142252,75.15971452973294,0.9919886764561319
5000.464026886179,0.040653593346979135,87.3459639410241,1.03260127101327
5000.464441185832,0.013819645147691108,93.87438304989197,0.3510189867513541
5000.465034018929,0.05302106445171734,88.7362613758123,1.3467350370736202
5000.466594581572,0.025246218827019214,127.96043992452645,0.641253958206288
5000.466665166442,0.031606788436699285,86.91250548893889,0.8028124262921618
5000.46808134151,0.04301963421613025,72.86751503825701,1.0926987090897082
5000.468685895701,0.033166528494611214,144.74110521232575,0.8424298237631248
5000.46939553535,0.03425065702662175,92.74387224832448,0.8699666884761924
5000.47073954276,0.025897526790254675,85.21829997619754,0.6577971804724687
5000.47360484413,0.017486956694132545,56.66741906405564,0.4441687000309666
5000.474360806547,0.01732427358504281,22.384994707253654,0.4400365490600874
5000.474558952344,0.028341191039689153,83.09742883769141,0.7198662524081044
5000.475854808174,0.015886134009496043,124.25667656032824,0.40350780384119944
5000.476681184676,0.030075214655146378,90.49626347751446,0.763910452240718
5000.4776504344745,0.032641931324499045,61.54893886446104,0.8291050556422757
5000.47878968494,0.017781964236070726,35.02979540466553,0.4516618915961964
5000.480587620094,0.028895331928705754,95.33696379430509,0.7339414309891261
5000.481847435744,0.034187094471179444,77.60296000765938,0.8683521995679578
5000.482376622705,0.03567802136020246,97.69447099116637,0.9062217425491425
5000.482654720626,0.04435666467542486,97.89750609077468,1.1266592827557913
5000.482827783037,0.05788559567112449,97.81577978212485,1.470294130046562
5000.4842841532745,0.04598940189333831,89.26867972490805,1.168130808090793
5000.486659864169,0.032111414539847734,82.88805639212545,0.8156299293121324
5000.487386206969,0.036005722072001534,96.68635646535196,0.9145453406288389
5000.487423366716,0.02856745419781296,78.06925220982033,0.7256133366244492
5000.487463185596,0.03989052002758559,75.01349814311914,1.013219208700674
5000.489267730406,0.02956979167500825,93.93264858587808,0.7510727085452095
5000.489594572988,0.04037350098256934,77.45497711717127,1.0254869249572611
5000.491259745637,0.0208468547161154,131.78191037422485,0.5295101097893311
5000.491622931002,0.04172597195870884,77.50620069400793,1.0598396877512046
5000.492587999489,0.028939808487047837,69.26625066677123,0.735071135571015
5000.492703168592,0.015084181181696712,-10.663232271495646,0.38313820201509646
5000.4930018004725,0.03203875886895188,38.86308438670866,0.8137844752713778
5000.494165425484,0.036872356770269246,75.059439987499,0.9365578619648388
5000.494174806502,0.03948808779631361,84.03455099464918,1.0029974300263655
5000.496309344391,0.015573831919920796,-177.65908442210835,0.39557533076598816
5000.497736910159,0.033133423199011275,58.27395102822087,0.8415889492548864
5000.499826216001,0.007867615240295344,108.22238589031876,0.19983742710350172
5000.501041282985,0.0243955852097807,74.74397686438625,0.6196478643284298
5000.503546730698,0.05957781804930038,102.12181019058843,1.5132765784522295
5000.504710239208,0.051920497412844366,91.78839048130638,1.318780634286247
5000.505037465801,0.05146248191241449,72.71830384878093,1.307147040575328
5000.505903564519,0.04213249146710605,94.34535457090509,1.0701652832644937
5000.509722527378,0.02765516470190228,78.3690469506569,0.7024411834283179
5000.510263615372,0.02327551212217307,108.62889111714333,0.5911980079031959
5000.510280885087,0.01768572043615198,106.00443651000153,0.4492172990782603
5000.51460018852,0.04134172240722227,78.86564261366163,1.0500797491434455
5000.515886044384,0.027055899061138568,19.07645760886216,0.6872198361529196
5000.517431963024,0.02435987624352521,80.65189914907599,0.6187408565855402
5000.519617976235,0.020279182180358596,104.38915926109313,0.5150912273811084
5000.520133965671,0.043442252850656435,113.8845225454862,1.1034332224066734
5000.5203433292,0.03402254829575991,65.01667386346831,0.8641727267123016
5000.520760460219,0.02373059965282244,132.2816620028063,0.6027572311816899
5000.523219297448,0.04492053727776148,92.46674994229673,1.1409816468551415
5000.526046050604,0.058808064468157485,83.2918225919122,1.4937248374912
5000.531310680776,0.023756754794308655,47.14458496684235,0.6034215717754398
5000.533022736688,0.0285067581922929,21.798353803652727,0.7240716580842397
5000.534087812911,0.02449987637248314,62.65291660956272,0.6222968598610716
5000.534635432728,0.040173106854742416,72.0698211613639,1.0203969141104574
5000.534738524917,0.02829191334818538,88.2463117749723,0.7186145990439087
5000.535562563742,0.03599290177829705,72.68189837262902,0.9142197051687451
5000.537293296088,0.02021794815408645,84.93803392359362,0.5135358831137958
5000.537822426675,0.023695932919832248,115.15779288801228,0.6018766961637391
5000.538105478982,0.02973166931034072,68.90276539458728,0.7551844004826542
5000.538222791152,0.0520794300634287,83.08933966951999,1.322817523611089
5000.54020871267,0.05389451798196571,81.64719333874508,1.368920756741929
5000.540529138992,0.041535208256076754,103.02323423799449,1.0549942897043494
5000.54063883498,0.03025553090279689,89.14713985938121,0.7684904849310409
5000.542519696679,0.02469280374916396,86.22865313059766,0.6271972152287645
5000.544156894214,0.01739694657613749,49.563548611209455,0.4418824430338922
5000.547480049369,0.050650711603454704,105.62104521082112,1.2865280747277494
5000.5474866114855,0.003893957935327084,-129.20643772290163,0.09890653155730793
5000.551663996229,0.020278034788635057,58.97278804224904,0.5150620836313304
5000.552481120193,0.023087461164958994,94.52879535408815,0.5864215135899584
5000.554868284865,0.028177926881606696,123.16193450167523,0.71571934279281
5000.555047535368,0.0358144656835034,103.65929043105265,0.9096874283609864
5000.556207911149,0.012889519872498385,116.21145105514668,0.32739380476145896
5000.556653473228,0.03056236383900236,92.65412765849464,0.7762840415106599
5000.556716556822,0.03490420628253929,88.96825244938148,0.886566839576498
5000.557523202557,0.03115845951619584,82.48678282407406,0.7914248717113742
5000.55756974016,0.05615416915170546,95.37372438529648,1.4263158964533185
5000.55778029873,0.025770867936888056,51.01419773318312,0.6545800455969566
5000.558370170493,0.028067563534957735,80.29641119311891,0.7129161137879264
5000.559679470934,0.04431174368709091,118.96293838311952,1.1255182896521092
5000.560523642693,0.035014910755910386,92.61880577730122,0.8893787332001237
5000.560700361726,0.04122660178709799,69.48765272614062,1.047155685392289
5000.562921004743,0.011477833590402395,163.7907943354041,0.2915369731962208
5000.563686378404,0.03148099307422172,99.58339820329756,0.7996172240852316
5000.566170532248,0.037987398227299275,112.53683886377524,0.9648799149734015
5000.566488240494,0.06384375010857513,81.30038885449719,1.621631252757808
5000.567039622292,0.011038906163316759,105.40205004985228,0.28038821654824564
5000.56819837494,0.03761324528301824,78.6762234854742,0.9553764301886631
5000.568533765175,0.03515387917268931,64.58908072825437,0.8929085309863085
5000.569264366374,0.04306572929575309,100.08244762714997,1.0938695241121286
5000.56926477651,0.05006543104504786,91.77781686741156,1.2716619485442155
5000.569554665505,0.030627553162865244,105.1478791744273,0.7779398503367772
5000.569840472424,0.06109254589535493,91.07438133712903,1.551750665742015
5000.57269891949,0.031528197881449505,79.15968370708882,0.8008162261888173
5000.573170259434,0.05035028630603581,86.83923857519278,1.2788972721733094
5000.574125554616,0.01969974631958311,78.95400102477305,0.500373556517411
5000.576175574842,0.017822360075271312,122.84070867925456,0.4526879459118913
5000.5779119854205,0.044860156646943386,69.28717567725563,1.139447978832362
5000.578557739805,0.020478580826400698,78.58989331591067,0.5201559529905777
5000.57884772612,0.02094045713461372,63.859999453896805,0.5318876112191884
5000.583130943332,0.051495901269026895,88.7815740870548,1.307995892233283
5000.58574492457,0.025790327242017998,113.28548631192912,0.6550743119472571
5000.590329856121,0.039312216978885456,118.94219146950707,0.9985303112636905
5000.590435574313,0.024420549393201357,43.59982926793273,0.6202819545873144
5000.592169341475,0.025945918259225948,53.17123220887164,0.659026323784339
5000.596897576265,0.07451199164293902,82.94721542390471,1.892604587730651
5000.598235329836,0.04974740547308354,80.14682486123257,1.2635840990163218
5000.598302358935,0.007349423279218262,132.06356936154256,0.18667535129214385
5000.5985402878205,0.03595946795605028,93.082450416641,0.9133704860836771
5000.599449642132,0.022863729507551736,78.15011575266058,0.580738729491814
5000.599808952058,0.022773789346853115,56.63793488490288,0.5784542494100691
5000.600359938468,0.05136371330035538,79.89650481187361,1.3046383178290266
5000.601568469843,0.012057694902097408,47.7958187571255,0.30626545051327414
5000.602071517508,0.039057271304514696,113.79073470142396,0.9920546911346733
5000.602585227465,0.028619386603605215,54.71291196435845,0.7269324197315724
5000.603739695284,0.0317277746885428,72.25888597981745,0.8058854770889871
5000.605967058728,0.02034489243777644,61.84967956935071,0.5167602679195216
5000.608455918653,0.01583336153716461,83.76536337573603,0.40216738304398103
5000.608776424792,0.013111459024223584,78.17611282948718,0.33303105921527903
5000.609619914257,0.06383583509638731,86.28289516249507,1.6214302114482375
5000.6105936753365,0.02735279714504313,154.78941566507544,0.6947610474840954
5000.611039327063,0.05462830613114114,95.85188184987184,1.387558975730985
5000.611053174188,0.05924630649127149,99.92133831391264,1.5048561848782958
5000.6114347549,0.001978333337764319,89.20074574879312,0.050249666779213706
5000.61260453387,0.038152857214870925,89.02944615352723,0.9690825732577214
5000.614655996716,0.035042774242702524,94.12865580784351,0.890086465764644
5000.615998009286,0.04270446992275534,85.9321452115145,1.0846935360379855
5000.618008414642,0.014294857505945611,2.249258818228819,0.3630893806510185
5000.6182321399165,0.025430584144904303,99.07338010929593,0.6459368372805693
5000.6185038357535,0.03902345473232368,98.5558281438256,0.9911957502010215
5000.624653088177,0.026895224920460047,100.48192583885157,0.6831387129796852
5000.625719208809,0.01977857352693364,34.041087938579565,0.5023757675841144
5000.627755643259,0.028513901215044612,91.00744359805283,0.7242530908621331
5000.628027286825,0.02240931585866171,86.53524010965204,0.5691966228100074
5000.628032945943,0.022887724205899903,150.01315576546116,0.5813481948298576
5000.629976120769,0.017909992144791578,63.50049336735306,0.454913800477706
5000.632560448704,0.0016235373037277803,-32.225977561621505,0.041237847514685615
5000.633211488395,0.02542078723497592,115.82885416061988,0.6456879957683883
5000.633715734368,0.03192740332319232,75.00514322692813,0.8109560444090849
5000.638192540213,0.034712371206879415,109.35762362750266,0.8816942286547371
5000.638956568772,0.04748417309222223,93.83591568699376,1.2060979965424445
5000.639030259043,0.045555335847075794,68.93395458412837,1.1571055305157252
5000.639473826604,0.034610833724240765,50.87042388699872,0.8791151765957154
5000.640016261964,0.025890021727109032,62.59037473456492,0.6576065518685694
5000.641590111855,0.05149496264206311,105.47022841192384,1.307972051108403
5000.642178547885,0.026945562804420575,68.57040418623065,0.6844172952322826
5000.643417973099,0.021526568600197287,76.25977832302156,0.5467748424450111
5000.64457502875,0.042362773225420695,107.45703876507196,1.0760144399256857
5000.644676191707,0.04483759594453677,63.93498998799126,1.1388749369912339
5000.645794461533,0.009274232918608023,-104.57914523063621,0.2355655161326438
5000.649248571494,0.029902042301667528,64.4914147207036,0.7595118744623551
5000.651134303425,0.05113804503821715,100.08344386554472,1.2989063439707156
5000.651629571189,0.021460805033985755,91.83068107484289,0.5451044478632381
5000.652445880873,0.026089494098749375,105.145570553123,0.662673150108234
5000.652565608962,0.04852122736948535,89.02699770236275,1.232439175184928
5000.652668723782,0.0549389338243647,70.62754476009941,1.3954489191388633
5000.653404425352,0.04704253652859471,83.48897054007675,1.1948804278263057
5000.65370891921,0.03981573478467902,71.92616260076453,1.011319663530847
5000.653719130009,0.050220947820787135,74.32890080595635,1.275612074647993
5000.65541938872,0.028061089422116547,75.0555107010515,0.7127516713217603
5000.656279693783,0.032908197334177054,60.72942746509937,0.8358682122880972
5000.656746654805,0.020345720491495127,92.15246426744748,0.5167813004839762
5000.658841483227,0.02266591346377448,77.836832379599,0.5757142019798718
5000.659753136767,0.01616399553738116,102.40287623068949,0.41056548664948145
5000.659875281688,0.045458161426556766,64.83080127806389,1.1546373002345418
5000.660394967736,0.04776956563112077,91.09716686732713,1.2133469670304675
5000.662954562569,0.03675897922463275,121.44802140582775,0.9336780723056717
5000.663097954069,0.011319059691809316,68.07453519311018,0.2875041161719566
5000.663155795744,0.02614793209354217,45.98527177149919,0.664157475175971
5000.665254662939,0.008874277993495484,22.610717813728265,0.22540666103478527
5000.667363245238,0.05362877994254879,106.69612744707436,1.3621710105407392
5000.671084755515,0.013913003274974505,37.44910502850695,0.3533902831843524
5000.672019926961,0.05495739311013728,77.98184862089097,1.3959177849974869
5000.672700655991,0.03889587872183403,81.11699188660029,0.9879553195345844
5000.673297041797,0.05749568655083068,82.75762277544418,1.460390438391099
5000.675149421394,0.04918949750474757,90.26626010119624,1.2494132366205881
5000.675980265882,0.0390870571064993,90.96859714324273,0.9928112505050821
5000.676497784572,0.009272474561637715,46.73894320183995,0.23552085386559796
5000.677833484061,0.03475290868806025,77.06772581046606,0.8827238806767302
5000.679325223347,0.06745470341116969,83.90662564864348,1.71334946664371
5000.681690314897,0.03706851061922255,79.10045853364835,0.9415401697282526
5000.682171008247,0.020257009347526625,67.52020047016963,0.5145280374271762
5000.68390500486,0.05040191662667206,91.98813164348643,1.2802086823174703
5000.685018457736,0.03209137346796509,77.23434878386412,0.8151208860863133
5000.686204542585,0.0187172247739062,60.28453826776844,0.4754175092572175
5000.68904304136,0.03567980021800363,120.30966979745102,0.906266925537292
5000.691285810552,0.03629117807676373,75.0339938837613,0.9217959231497986
5000.692415273163,0.05260408324772044,97.09358234059425,1.3361437144920991
5000.692982452269,0.032265239521327954,71.11453816299255,0.81953708384173
5000.693825407471,0.04690970847476341,106.8240146665925,1.1915065952589905
5000.694085864061,0.028705874374749887,93.81342402665891,0.7291292091186471
5000.69423133774,0.026015875725898852,17.188673347843377,0.6608032434378308
5000.696290927063,0.03330336089054411,97.55628939187562,0.8459053666198203
5000.6976875802075,0.02960561867443471,100.10501654546567,0.7519827143306416
5000.701025376373,0.019377599661482833,175.8315302281511,0.4921910314016639
5000.701851762148,0.041078106650552,92.46904261311936,1.0433839089240207
5000.702581741904,0.0290345936622186,68.33783602265909,0.7374786790203524
5000.704288543065,0.07015650423945845,103.22521292053212,1.7819752076822444
5000.704979515582,0.02138285430813244,95.71990073516564,0.5431244994265639
5000.7056652702495,0.04805708425059413,62.42000635858211,1.2206499399650907
5000.706136072587,0.0299924456936664,95.81246867815905,0.7618081206191265
5000.708075863966,0.029000256894555623,55.91838020330217,0.7366065251217128
5000.709269096809,0.028024208948111896,111.13471392110796,0.7118149072820421
5000.709597706515,0.01945240051200611,118.40315347371616,0.49409097300495514
5000.71085108242,0.057294573970239314,87.3209787157593,1.4552821788440784
5000.711295986484,0.03493982343108863,73.45798705309195,0.8874715151496512
5000.712744485037,0.04379226405003015,76.72834473467061,1.1123235068707658
5000.712813199303,0.0338420204236442,81.17196280218185,0.8595873187605625
5000.715052453856,0.028725187391425343,68.27938606237075,0.7296197597422036
5000.715765906696,0.02326447107260156,61.229025446922954,0.5909175652440796
5000.715902405504,0.03516854983862024,87.40807953604065,0.8932811659009541
5000.716594065324,0.056379080434207904,90.76144728592381,1.4320286430288807
5000.718247481188,0.03459061656155436,117.90908052870623,0.8786016606634808
5000.719331862028,0.029351631612444157,51.037319273140426,0.7455314429560815
5000.7216392890605,0.04360235611404906,99.8114052811085,1.107499845296846
5000.721895250104,0.02411514074852741,74.2736845577527,0.6125245750125962
5000.722066638089,0.046934401554815805,64.54303028047539,1.1921337994923213
5000.723332338401,0.031127194646964482,109.16778221219532,0.7906307440328978
5000.724706304152,0.03113522865202423,113.22255728321734,0.7908348077614155
5000.727155699453,0.04725554275417461,73.82157235822342,1.200290785956035
5000.728415047054,0.03473600061006649,76.41594089432057,0.8822944154956889
5000.731708894693,0.017341488513338988,84.60181960187454,0.44047380823881027
5000.733283604857,0.04639582795917413,74.24551454445684,1.1784540301630229
5000.734745799596,0.05703852047865125,87.41840649466516,1.4487784201577418
5000.736569054267,0.029262943649460946,85.66424798688607,0.743278768696308
5000.737457309454,0.04270251852572137,111.42428339716932,1.0846439705533228
5000.737825625792,0.01540040924484002,124.64256364882984,0.3911703948189365
5000.738132365838,0.03702230063480442,100.24174098368124,0.9403664361240321
5000.7386378738265,0.02536327014793144,97.86176578602335,0.6442270617574586
5000.739917344484,0.03807914826411456,90.4485835965836,0.9672103659085097
5000.74042065246,0.04310050202888577,67.62526777525464,1.0947527515336983
5000.7423819529695,0.07034280767212599,64.89707571678737,1.786707314872
5000.743202420579,0.04273716366448973,116.55723426945592,1.085523957078039
5000.744079203883,0.034306982874474784,76.1542223506903,0.8713973650116594
5000.745565598727,0.04256328422736481,77.98466696941186,1.081107419375066
5000.746659986406,0.02441739425913997,54.4126474665288,0.6202018141821551
5000.747727294789,0.03422500511526904,65.73007201410475,0.8693151299278336
5000.748260923978,0.040279307615590954,92.22582798932032,1.0230944134360103
5000.749037910079,0.016817547312377598,61.465336927662555,0.42716570173439095
5000.749375213998,0.03582934621524673,95.87866143406877,0.9100653938672668
5000.751059815237,0.02145072481561802,56.29481968495232,0.5448484103166976
5000.751866035028,0.026484227733977198,49.99953520424724,0.6726993844430208
5000.752283044752,0.01959865149110652,74.89492296255929,0.49780574787410564
5000.752599633515,0.029458422171833525,80.01105416531723,0.7482439231645714
5000.75413533035,0.024983508387959368,109.66331593086343,0.6345811130541679
5000.754578072826,0.06745560962323602,81.18430452377194,1.7133724844301947
5000.755084274168,0.02524112691229604,97.1491175120951,0.6411246235723194
5000.757059884259,0.04316383531321913,56.951127943114194,1.0963614169557658
5000.758233923353,0.03190782664233369,80.9548588364717,0.8104587967152758
5000.758859340352,0.01881187687940737,114.91084259667817,0.4778216727369472
5000.760128521277,0.04099005458291357,78.3743672244808,1.0411473864060046
5000.76346903357,0.043972795896881765,85.27213418933918,1.1169090157807968
5000.764016152788,0.058127100716325875,83.85720533417097,1.476428358194677
5000.7641220264,0.015365498383811156,62.10186693944426,0.39028365894880335
5000.768368814658,0.04657838029736895,86.66192533082126,1.1830908595531713
5000.769115152463,0.030415025387110783,76.99688737761866,0.7725416448326138
5000.772560816276,0.0017502456356546588,-137.20650388705977,0.04445623914562833
5000.773657460598,0.031643327050590024,51.9930069269821,0.8037405070849866
5000.774322168869,0.03979215143779723,97.78265317182621,1.0107206465200496
5000.774663346895,0.049751264912066016,86.62337496679862,1.2636821287664768
5000.775154655892,0.03669236088385451,83.55924640841644,0.9319859664499045
5000.775640213728,0.03282284129537106,72.3362060485214,0.8337001689024248
5000.777836135378,0.020789780432122488,32.68474028045304,0.5280604229759112
5000.779088466016,0.02681481779931411,76.44801273328488,0.6810963721025783
5000.781701728131,0.02304270531054776,62.9223582278535,0.5852847148879131
5000.782507350689,0.035728079123269606,89.38727665482757,0.907493209731048
5000.783450958244,0.03743669292447415,76.31418508202732,0.9508920002816433
5000.7837896631645,0.024825403671732388,53.70419829578455,0.6305652532620026
5000.784702469873,0.028750847502918318,79.1665849104973,0.7302715265741252
5000.786275673421,0.024431838820530127,95.6725908138147,0.6205687060414652
5000.7901584768315,0.028341979699926384,99.19193788536334,0.7198862843781301
5000.793730150369,0.02530041306471242,-9.912212874500291,0.6426304918436955
5000.793784109533,0.016983118395981295,43.098356225394475,0.4313712072579249
5000.794608423275,0.04614555743721629,91.52317171131364,1.1720971589052935
5000.7983214752485,0.030647773343235405,90.20698170332882,0.7784534429181792
5000.798505594211,0.02194645663687194,65.54691031954258,0.5574399985765472
5000.7994827250495,0.048280045504580725,85.95361617364678,1.2263131558163503
5000.799544490962,0.034402754612858084,81.96339448276467,0.8738299671665953
5000.80170264134,0.03804036571797868,92.63054441847144,0.9662252892366585
5000.801927464016,0.008519085342786208,55.46177120905188,0.21638476770676968
5000.802398512519,0.04669893777229684,67.14339447425562,1.1861530194163397
5000.804625743458,0.033490162107260024,68.28325173131579,0.8506501175244046
5000.80486857261,0.053203293354285766,87.443286270511,1.3513636511988585
5000.805087943361,0.036498722224303,87.96133037776242,0.9270675444972961
5000.805233429423,0.02238047166525852,88.98053843537241,0.5684639802975664
5000.806146865884,0.032704396695079296,98.65268653018599,0.830691676055014
5000.807966090121,0.022488158137955305,133.3739517057805,0.5711992167040647
5000.812495100368,0.02096549662827497,105.91481166115145,0.5325236143581842
5000.813219802353,0.04529652717572046,90.76011634780048,1.1505317902632997
5000.8149826021745,0.037045483002840655,95.31978897744324,0.9409552682721526
5000.815347584848,0.03681513543128608,58.150244735516864,0.9351044399546664
5000.816074963433,0.017788870991441812,48.15519966761318,0.451837323182622
5000.818143315696,0.0386883673236978,66.74093201087359,0.982684530021924
5000.818453532107,0.016318738330245504,51.124965664613114,0.41449595358823577
5000.819865049472,0.024334772181322007,101.86285245844233,0.6181032134055789
5000.820251613793,0.01589229313835472,68.3968551818355,0.40366424571420984
5000.820375273991,0.02400544994104373,17.213249755338154,0.6097384285025107
5000.825278584251,0.0304470652120713,57.338536734152015,0.773355456386611
5000.827216560809,0.04432265672009661,75.15705068616921,1.1257954806904538
5000.827824332226,0.03747165092588245,74.27675224206553,0.9517799335174142
5000.828839714397,0.022200052286974827,83.45895264591229,0.5638813280891606
5000.829166515484,0.019805616489408207,86.03638212049346,0.5030626588309685
5000.829658551893,0.04484175850194262,78.27344225382835,1.1389806659493424
5000.830038830297,0.04673129866681183,80.98157643999967,1.1869749861370205
5000.831047843011,0.036056796117033,55.75881808951892,0.9158426213726383
5000.831299254424,0.0230050832430055,127.07894640906935,0.5843291143723397
5000.834404395217,0.017536273764376446,102.82772999763736,0.4454213536151617
5000.837718675273,0.048323194885029085,88.01339303771678,1.2274091500797386
5000.840712610392,0.05032307263991746,83.34653856611487,1.2782060450539035
5000.843669985256,0.04047950407588662,83.93826895988961,1.0281794035275202
5000.844751891289,0.05351933119790165,88.39557748075023,1.359391012426702
5000.8448462980605,0.004894709073527612,149.3127533632179,0.12432561046760132
5000.847272829052,0.03975010154550941,80.74438082678786,1.009652579255939
5000.848005057657,0.036845473696427246,79.37457994129969,0.935875031889252
5000.848343549202,0.02684824390930246,96.96800407149736,0.6819453952962825
5000.848369654221,0.034278346207287834,66.38969075939042,0.8706699936651109
5000.848423527196,0.040108220289080405,97.07679147912465,1.0187487953426422
5000.850151826964,0.029788976982693272,46.8236345472184,0.756640015360409
5000.850890272816,0.021972397485637982,82.60640481041936,0.5580988961352047
5000.85108589259,0.043491514409146205,70.42070416763315,1.1046844659923136
5000.853199556756,0.032286082099157155,122.59991634842544,0.8200664853185917
5000.853616002909,0.022091142328331342,102.06812479317173,0.561115015139616
5000.856397828848,0.03955405589443007,80.02842890288137,1.0046730197185236
5000.8565216300285,0.036720032873421474,101.1263850849412,0.9326888349849054
5000.857537059393,0.0256054077527406,99.64926935890163,0.6503773569196112
5000.85846477216,0.06273981293382758,95.0114336344606,1.5935912485192203
5000.859659421348,0.06084516401669319,102.25303890934002,1.545467166024007
5000.860851310881,0.02869388842987205,133.28042572293273,0.72882476611875
5000.861140992312,0.009967335262388882,67.79448981153881,0.25317031566467757
5000.864429790505,0.05310385661859324,93.1706354515565,1.3488379581122683
5000.864592303402,0.026136584559985528,75.72801738776383,0.6638692478236323
5000.86483243294,0.02231942788805591,73.4618967834547,0.56691346835662
5000.866479127698,0.034414647788249965,99.93607060917245,0.874132053821549
5000.867527826044,0.04924208786462509,96.03316166106006,1.2507490317614773
5000.86753772971,0.029378478729624735,90.93123957809097,0.7462133597324683
5000.86857367279,0.060987987371697375,84.85614590259237,1.5490948792411132
5000.87068345128,0.025828205625416087,87.88659497783355,0.6560364228855685
5000.875211864334,0.014066885277651084,142.95576157355447,0.3572988860523375
5000.875349562422,0.01014095223551854,70.45449275470285,0.25758018678217093
5000.877028186072,0.02567652786591044,77.2512535596125,0.6521838077941252
5000.879658799121,0.0424606933672214,50.776248625328655,1.0785016115274235
5000.881121166827,0.02930109214402492,76.12166201705155,0.7442477404582329
5000.884218710685,0.025546050679680448,48.9302046496374,0.6488696872638834
5000.884340463788,0.03613758268425971,49.824407266978874,0.9178946001801966
5000.884487005844,0.044877814538407536,104.65968389408113,1.1398964892755514
5000.885446308614,0.023047710116549665,80.31806573423762,0.5854118369603615
5000.888595434913,0.0224397298750971,131.3749936929839,0.5699691388274664
5000.889504873986,0.025924508399454368,91.30177238643314,0.6584825133461409
5000.892806776296,0.04486787870135281,77.08038419660393,1.1396441190143614
5000.8938291684335,0.022146994137343515,129.03220235847294,0.5625336510885253
5000.894414115766,0.022397062739166244,79.99981413742358,0.5688853935748226
5000.898029724865,0.03795814508051268,38.779977433379855,0.9641368850450219
5000.898457481655,0.013444795404000063,123.80333919390117,0.34149780326160156
5000.901070365047,0.03416718198343663,49.2988027539967,0.8678464223792903
5000.901916935516,0.06962284754599786,92.73038200377229,1.7684203276683454
5000.904810778024,0.01089173424036215,80.99994232051355,0.27665004970519863
5000.905047193049,0.02573676747075144,99.11787609004793,0.6537138937570866
5000.906871269378,0.022653286090820544,109.46703807925248,0.5753934667068418
5000.907136279515,0.049551499482976304,89.301481077483,1.258608086867598
5000.907839326545,0.027776741242620594,58.655106901591004,0.7055292275625631
5000.908498002024,0.013919780906248548,37.808467468008125,0.3535624350187131
5000.910143524581,0.02899656897094092,74.03015453923209,0.7365128518618993
5000.911627826507,0.03327631005834564,85.78832896582173,0.8452182754819791
5000.912358424305,0.05258823630790673,93.301521538297,1.3357412022208308
5000.913140333357,0.01827293388306657,89.38921556957902,0.46413252062989085
5000.913194523147,0.02487632400110298,60.09557268686608,0.6318586296280156
5000.916507974713,0.047151898765127515,83.69139575346166,1.1976582286342388
5000.916642337262,0.05351553098919848,89.41411425811822,1.3592944871256414
5000.918115936564,0.0411746299505717,75.46409825500491,1.045835600744521
5000.918236026852,0.0483001758510631,83.26655011600563,1.2268244666170027
5000.92106695835,0.03685826715128957,59.11478225848984,0.9361999856427551
5000.921104379248,0.06381638939621695,95.96857053113165,1.6209362906639104
5000.923295894306,0.0414680655354882,71.23287985575077,1.0532888646014003
5000.925409163413,0.02191706886960629,54.16933997184623,0.5566935492879997
5000.925813611932,0.040756261870857534,80.97168520145556,1.0352090515197814
5000.92587902977,0.04116219764013761,54.98439584524871,1.045519820059495
5000.9276734954765,0.014041356751978307,96.76406075574732,0.356650461500249
5000.928171545736,0.01891931287264832,76.65478706924038,0.4805505469652673
5000.930557197325,0.02897754306924768,72.38445190321791,0.736029593958891
5000.930984765686,0.03690050741424276,95.29166116122904,0.937272888321766
5000.931866415754,0.028512171689298555,51.913724856645565,0.7242091609081832
5000.932086215247,0.01179561378928792,-147.42713452665913,0.29960859024791314
5000.9352435657,0.031892719822523265,97.15089743791864,0.8100750834920909
5000.935754515686,0.04538523601128734,58.18738813609016,1.1527849946866984
5000.935874023367,0.02265166586580083,166.7232501512563,0.575352312991341
5000.9381690689115,0.04220362224854886,88.46221633800215,1.071972005113141
5000.942761066254,0.034280846360589465,76.94251029267414,0.8707334975589723
5000.943750472014,0.027831964515157816,66.62620219096472,0.7069318986850085
5000.943876149324,0.023174087735700896,115.65916962041024,0.5886218284868027
5000.944455158282,0.05142138081842153,72.07076060516428,1.3061030727879068
5000.945757640164,0.040812975230825055,60.19296293436036,1.0366495708629564
5000.9484742568075,0.025403671325080607,90.7911128540325,0.6452532516570474
5000.949157679265,0.029074779549788297,86.79827449377386,0.7384994005646227
5000.950452480894,0.01944522918801252,48.50381978517676,0.493908821375518
5000.951733098024,0.0443206529577535,88.68011707821448,1.1257445851269388
5000.95192264083,0.018812236001570695,134.0611232760918,0.4778307944398956
5000.956224104645,0.014672082475440568,43.172953916786426,0.37267089487619043
5000.957239811437,0.039122292484944574,106.1065583597006,0.9937062291175921
5000.95739789962,0.03031417452850779,84.07731548271343,0.7699800330240978
5000.958721434299,0.01914928414270325,120.14762310877876,0.48639181722466257
5000.965312589908,0.04974083857817613,116.089907740187,1.2634172998856736
5000.965525823206,0.046693085930747454,92.19935146743168,1.1860043826409852
5000.967896562526,0.047444186466165536,92.24288454589976,1.2050823362406045
5000.968508370933,0.05982632985181211,93.8900490589308,1.5195887782360276
5000.968678783638,0.045450943207989127,56.431717390728,1.1544539574829238
5000.969227314604,0.03189486281325336,64.0357977893961,0.8101295154566353
5000.969538809982,0.021600725627152085,39.921164938271275,0.5486584309296629
5000.970796786945,0.03041292043786921,57.39254914673173,0.7724881791218778
5000.971656836233,0.010349798154479232,137.00765158258932,0.26288487312377246
5000.972115871289,0.029943146603764365,82.1055523010479,0.7605559237356149
5000.973518649393,0.04711698373889487,101.7760892777329,1.1967713869679297
5000.973901093982,0.039266144400154655,94.4755845820339,0.9973600677639282
5000.973918985903,0.024650895938591433,67.70596847247477,0.6261327568402224
5000.976099988608,0.05076426518105532,59.80447631889656,1.289412335598805
5000.977509631328,0.027587789273987667,90.644581251676,0.7007298475592867
5000.977737319019,0.04112620023627376,87.17332003497536,1.0446054860013534
5000.97886203302,0.0389807389234377,74.65893121086233,0.9901107686553176
5000.979743226088,0.00923618629442747,-90.56558348086402,0.23459913187845774
5000.980718751401,0.03894089587841909,42.4345762980885,0.9890987553118449
5000.982036247551,0.014510173892819257,78.12101903806835,0.3685584168776091
5000.982217690765,0.04274636771721002,102.87266382470887,1.0857577400171345
5000.982772688739,0.05388933921657544,77.67855079792886,1.368789216101016
5000.984278225176,0.024325468031353967,118.78261413868128,0.6178668879963908
5000.98434163943,0.04296493268011559,90.00708260160219,1.091309290074936
5000.984774354163,0.04221736141733813,86.27982869402072,1.0723209800003886
5000.98741230283,0.0059102518654939535,-64.32027352279054,0.1501203973835464
5000.98822921676,0.04738098915214904,95.70804370904142,1.2034771244645857
5000.9906072339345,0.018742337245659504,55.46995745042685,0.4760553660397514
5000.991293238724,0.03964539725471484,118.82729261105573,1.0069930902697568
5000.992995231578,0.048621157726979135,44.37973352064628,1.2349774062652699
5000.993093894088,0.025351986967747295,69.2420075313447,0.6439404689807813
5000.993702324837,0.02174010099786192,102.00708363433009,0.5521985653456928
5000.993788299144,0.06486240571386494,99.07194868875453,1.6475051051321694
5000.993870109205,0.030460460229114056,39.357491487728474,0.773695689819497
5000.994818649393,0.040141148528879275,53.808931020504346,1.0195851726335334
5000.99555975914,0.013337206060155557,-18.24611401662815,0.3387650339279511
5000.9955605588175,0.020761842627746056,69.82252750615578,0.5273508027447498
5000.997196104174,0.0194599508527374,82.83805236654075,0.49428275165952995
5000.998121902137,0.018588129382787724,79.7468106455697,0.47213848632280814
5000.998402098093,0.0481397998869959,110.70531034335843,1.2227509171296957
5000.998989867288,0.013993229537741377,71.43862921754437,0.35542803025863096
5001.000448269361,0.03231348842745048,58.50504160038045,0.8207626060572422
5001.000478985978,0.02580244804405695,79.84196652181097,0.6553821803190465
5001.003370845612,0.037092553669207134,102.37348482280505,0.9421508631978611
5001.0036261690975,0.027153755804507403,115.0595976556373,0.689705397434488
5001.004201246797,0.04523038732104877,77.20964835466941,1.1488518379546386
5001.005434762043,0.053530545727454464,64.36879465866498,1.3596758614773432
5001.00608797504,0.047496692932874625,100.54609885807255,1.2064160004950153
5001.0064594956175,0.040731050754744993,98.20799467692258,1.0345686891705228
5001.006732211032,0.029854136949719435,110.60900666608748,0.7582950785228736
5001.007279875138,0.03370293123190938,88.64486162668851,0.8560544532904982
5001.010556505991,0.01942699378465868,119.70541774896228,0.4934456421303304
5001.012044381692,0.02806411026243356,63.62935577972088,0.7128284006658124
5001.012139474513,0.061588529201824296,92.82233197187632,1.564348641726337
5001.012280994932,0.014774797045027032,-15.475203702089823,0.3752798449436866
5001.013252313862,0.03788740746064992,75.41308639997722,0.9623401495005078
5001.013940287055,0.03790836964234354,81.06301091535661,0.9628725889155257
5001.0139699701695,0.03228324959423344,102.275768663348,0.8199945396935293
5001.015026632451,0.03561105407708752,77.50369547118457,0.904520773558023
5001.015546670727,0.021793195914009248,40.45537021065386,0.5535471762158348
5001.01623722872,0.018820648346345656,86.24291634194131,0.47804446799717965
5001.017107970921,0.020704652169283685,38.63669363838336,0.5258981650998056
5001.017384283122,0.01721209935284113,76.62858958734962,0.43718732356216466
5001.017568708471,0.03912871448466929,89.98301178181353,0.9938693479106
5001.018911819926,0.04089320982118556,92.45476548048624,1.038687529458113
5001.0196143593375,0.03845659530090399,99.25912415426352,0.9767975206429613
5001.021001143689,0.039888732426021714,71.04876200881961,1.0131738036209514
5001.021332904258,0.010793804481248757,178.46340113078514,0.2741626338237184
5001.021790624509,0.03902575770027778,67.22459721749084,0.9912542455870555
5001.021986385012,0.04157699921149513,73.5885537809169,1.0560557799719763
5001.022123931245,0.05961217775948036,97.89821074801347,1.5141493150908012
5001.02245414294,0.027207397865401346,84.34094476246987,0.6910679057811941
5001.022912118109,0.016895899052761516,-160.76999335657317,0.4291558359401425
5001.023468259488,0.03180997480287521,46.797163550174005,0.8079733599930302
5001.024651978471,0.007601865988359763,64.04740392057214,0.19308739610433798
5001.026272825619,0.02965085362254617,88.261719582332,0.7531316820126727
5001.029450002914,0.03053895602146589,94.80178555790461,0.7756894829452335
5001.029994316259,0.013241474143755575,70.56703775674596,0.3363334432513916
5001.030783290485,0.02511362859352484,97.96573107178493,0.6378861662755309
5001.033910267712,0.03006829224240779,68.64824296294958,0.7637346229571579
5001.034685932753,0.044511582524108896,86.98904696780163,1.130594196112366
5001.0362030604365,0.046944157748598406,73.35916891767255,1.1923816068143995
5001.037121403126,0.025169510182259304,47.47251146344092,0.6393055586293863
5001.042349411326,0.02849978255936945,100.59331124230782,0.723894477007984
5001.044858780952,0.02360890957564575,120.20559519437668,0.599666303221402
5001.045807692938,0.030766640761055543,124.20216412230339,0.7814726753308108
5001.049044744897,0.00874734866358127,44.61625535827553,0.22218265605496423
5001.049639455217,0.052232041674416,102.29804486021816,1.3266938585301664
5001.050642986813,0.04527354962458464,77.78284762081914,1.1499481604644497
5001.051557457757,0.01766603174069164,115.76021596730274,0.4487172062135676
5001.052112522952,0.03494916409578518,93.56569719520819,0.8877087680329436
5001.053558251186,0.02143988796780275,85.59238410426438,0.5445731543821898
5001.053579650497,0.03617840982973646,62.61495652820727,0.9189316096753061
5001.055468945416,0.02831319659119588,78.16763261421187,0.7191551934163752
5001.055698648338,0.0334767658258819,57.93299129357143,0.8503098519774003
5001.056113607308,0.04172102291528398,88.8353217652509,1.0597139820482129
5001.057189216561,0.034877981062354346,133.58405015862127,0.8859007189838003
5001.0595361998985,0.02340765056484946,88.32126340632776,0.5945543243471763
5001.059826053923,0.024725513856526892,52.01445093313433,0.628028051955783
5001.060129862738,0.06067527753800091,64.73706621658178,1.5411520494652229
5001.061398589412,0.03196208817082901,105.69920684350198,0.8118370395390568
5001.063647145388,0.02561213525958088,91.23387653172102,0.6505482355933543
5001.063918229134,0.028109223566581604,90.34523499038752,0.7139742785911727
5001.065990256236,0.04135865276781306,67.39299012808809,1.0505097803024517
5001.066343041596,0.05002713853508135,71.8721084399323,1.2706893187910664
5001.066447378959,0.01934537335660404,93.8722050100804,0.4913724832577426
5001.06864142051,0.031704095625936894,88.9946183626476,0.805284028898797
5001.068976137414,0.04980289060188237,109.92608235451068,1.2649934212878122
5001.070202938973,0.06016524890792601,63.26746771449625,1.5281973222613205
5001.0708697060845,0.045712714270335096,75.83984373035014,1.1611029424665114
5001.071951754856,0.028667873844863884,40.88072699392649,0.7281639956595426
5001.072665952262,0.05038488835704263,76.27478182526545,1.2797761642688827
5001.073063935153,0.04603226629309181,83.36686528350462,1.169219563844532
5001.073663662664,0.034436341920436736,92.6921317495417,0.8746830847790931
5001.076055877358,0.04090123228155028,115.53436191092156,1.038891299951377
5001.076224425491,0.028068071199775963,62.751419366591215,0.7129290084743094
5001.077742709813,0.03965049570969714,101.86708795608384,1.0071225910263073
5001.078536204112,0.036809050312309625,68.7162901060204,0.9349498779326645
5001.080463933396,0.0344033132508538,99.2221064419656,0.8738441565716865
5001.081161961395,0.027100442540204512,60.68857553309181,0.6883512405211946
5001.081583504398,0.025328372988593455,-149.7615562065355,0.6433406739102737
5001.081897335884,0.044294114743433206,66.91439027013558,1.1250705144832034
5001.083673384048,0.010136268254480194,66.72095546351035,0.25746121366379693
5001.084142071698,0.033697521155045734,102.03044544108371,0.8559170373381616
5001.087136372968,0.042703639600879265,82.93557150677015,1.0846724458623334
5001.088070408651,0.02433077158973915,68.48913790635,0.6180015983793744
5001.088682926214,0.02399227051458318,49.720242445352895,0.6094036710704128
5001.089560947301,0.02146542448401949,84.84065221693076,0.5452217818940951
5001.093248609611,0.028127324486231706,103.15219784937167,0.7144340419502853
5001.093708854707,0.019818200926505197,120.24888923539976,0.503382303533232
5001.09380251856,0.023551776330458223,73.08524616612257,0.5982151187936389
5001.093849162407,0.03649589002596283,72.55909315102679,0.9269956066594559
5001.094279057118,0.012361319332268118,38.648851942392064,0.3139775110396102
5001.094581306241,0.03604510938269723,107.65448205316945,0.9155457783205095
5001.094595499623,0.05744058742671968,62.92191184493502,1.4589909206386797
5001.095227851612,0.036552353825660834,114.87218238608456,0.9284297871717851
5001.095534040168,0.031109824910406373,69.04866826340226,0.7901895527243218
5001.097327048939,0.018786034750591405,94.19281432966258,0.4771652826650217
5001.098306550562,0.04126413567074702,81.14259910900698,1.0481090460369742
5001.0988149007435,0.011632995763555556,-22.749493891069854,0.2954780923943111
5001.101205436407,0.0464501831592826,83.88533458249134,1.1798346522457779
5001.1013281715805,0.058716403208061395,108.13924710129687,1.4913966414847593
5001.101890891007,0.04262159572332696,63.908444889877025,1.0825885313725048
5001.102317345374,0.04435794043273322,84.18447396161609,1.1266916869914239
5001.102371950968,0.05944283387312599,97.05304096462936,1.5098479803774
5001.104092602404,0.03148693627514568,95.73241788771576,0.7997681813887002
5001.106356355803,0.028358445499027225,76.36815296406584,0.7203045156752915
5001.106591128258,0.021238030668777472,74.27076863865187,0.5394459789869478
5001.106634221019,0.03147900172048864,52.80042584485096,0.7995666437004114
5001.107051313609,0.03345305853015682,122.08774607179755,0.8497076866659833
5001.109330519002,0.038960757040849885,90.13333028242947,0.989603228837587
5001.109988604824,0.043666676584343866,78.38375395016224,1.109133585242334
5001.111499341964,0.04551097428086343,117.05241261145471,1.155978746733931
5001.111533963744,0.042162178685355406,86.55240648406206,1.0709193386080273
5001.114501508778,0.04128120299157195,128.75874737107617,1.0485425559859276
5001.114682735017,0.028175173507192106,95.62250051021837,0.7156494070826794
5001.1155044710595,0.032405290517059086,100.89033141739684,0.8230943791333007
5001.115995082857,0.033459423748610016,80.69707289944452,0.8498693632146944
5001.116285315145,0.012458238523748808,112.8519695332511,0.3164392585032197
5001.117260917425,0.03622910725337965,71.79562173646984,0.920219324235843
5001.118295557057,0.040949869775993714,39.071580874682056,1.0401266923102404
5001.118678912366,0.02290632519886883,43.84903367288548,0.5818206600512682
5001.119034031749,0.04306666483272276,90.32173215341777,1.0938932867511582
5001.119060099608,0.03343039768663068,101.22870005186712,0.8491321012404193
5001.120079862253,0.007738492411493901,114.87715635902008,0.19655770725194507
5001.121512641751,0.014990422551502952,66.49036171715606,0.38075673280817496
5001.121613619633,0.028666353679459456,73.45099540402249,0.7281253834582702
5001.122037328698,0.026243519537202848,78.86318123293611,0.6665853962449523
5001.122169276475,0.056564199279184296,91.66501316625487,1.436730661691281
5001.123082994592,0.03606557713902176,71.58223201835875,0.9160656593311527
5001.124800017108,0.046878762814677205,56.925235684004,1.190720575492801
5001.125030697911,0.028212391273059374,93.01204411101091,0.7165947383357081
5001.125832385098,0.044498082149437054,100.11529506354884,1.130251286595701
5001.1284489952495,0.04428058478290507,95.25770933333449,1.1247268534857888
5001.129995418545,0.049958474170732126,107.78766783768776,1.268945243936596
5001.132641520609,0.03638569619207072,72.05597052107626,0.9241966832785963
5001.132902650842,0.015216186566171002,83.96259249699169,0.3864911387807434
5001.134241422808,0.04729167947002868,114.91525753136072,1.2012086585387283
5001.134501285497,0.029969092883534942,120.22070772557171,0.7612149592417875
5001.135771326503,0.028844614382282644,124.25911823356446,0.7326532053099791
5001.136482547615,0.049035632411215,94.62209388132673,1.245505063244861
5001.137002403814,0.02157628854228476,77.43390160849042,0.5480377289740329
5001.138141548951,0.034983544935772375,43.6345005217317,0.8885820413686183
5001.138425682208,0.04566142297169474,89.10272313246726,1.1598001434810463
5001.138497667793,0.020134874457186685,61.87324654609021,0.5114258112125417
5001.139317835906,0.022282604416463923,117.60153364191376,0.5659781521781836
5001.142103867263,0.027425765934491583,102.39854018501462,0.6966144547360862
5001.143290394059,0.03233321952744496,40.6438869866593,0.8212637759971019
5001.144236730959,0.05160529730826108,93.55017565696825,1.3107745516298313
5001.144814003221,0.03435328517219986,78.4964875355581,0.8725734433738764
5001.145992770987,0.01881097326325916,116.591525853958,0.4777987208867826
5001.1460929442055,0.022038630269395475,92.6095605319827,0.559781208842645
5001.1471216303935,0.018005594962469295,83.41093570502966,0.4573421120467201
5001.149417405948,0.025548584776299805,106.85570096126752,0.648934053318015
5001.149491638492,0.032228131408066296,83.61916316656396,0.8185945377648839
5001.150104828656,0.03373344472313882,112.43120983248627,0.856829495967726
5001.151479443605,0.04827030768642237,77.84421443330199,1.226065815235128
5001.152824522644,0.03617883858721992,91.59563544428612,0.918942500115386
5001.152922930809,0.031877502495612574,106.11317954514683,0.8096885633885593
5001.153402537378,0.037716886358108485,105.74223188978132,0.9580089134959555
5001.154420516119,0.027260426176400055,58.509078325481035,0.6924148248805614
5001.155101601601,0.025546256832814328,79.45533330675929,0.6488749235534839
5001.1565054953535,0.04467108151293542,56.31046179581909,1.1346454704285596
5001.156948722275,0.03566994988191836,72.82607905662972,0.9060167270007262
5001.1580840215,0.034847490988314835,113.33055597437787,0.8851262711031967
5001.160223871301,0.01745997970858071,47.90599430222393,0.44348348459794995
5001.160399843359,0.021748625255940048,101.05077504119136,0.5524150815008771
5001.160721730927,0.01976062324401096,63.52972535156232,0.5019198303978784
5001.160898382792,0.04883368634273404,91.90670169059555,1.2403756331054445
5001.163279469877,0.04386051586154253,74.64537403943467,1.11405710288318
5001.163546659062,0.04836567811653059,74.2772173535645,1.228488224159877
5001.170120622697,0.048775112497992726,78.51074992205072,1.2388878574490152
5001.172865065097,0.030306246753071687,104.7255306718649,0.7697786675280208
5001.172962318876,0.04320658909348129,92.21983471224644,1.0974473629744246
5001.173383702598,0.023176477089096575,66.30442105890711,0.5886825180630529
5001.173474878405,0.04293677516313328,119.32599554608628,1.0905940891435852
5001.173955347892,0.03668064134214135,90.96606525338969,0.9316882900903902
5001.1767517448125,0.03923516386079651,81.07665664473815,0.9965731620642312
5001.178386786669,0.024481086847701148,42.990172358687126,0.6218196059316091
5001.178444832795,0.028697971151312,39.82449624294052,0.7289284672433247
5001.17999976275,0.04023901931781048,76.97408376428623,1.0220710906723862
5001.180290944383,0.020243530188936404,55.14489640509357,0.5141856667989846
5001.180879471655,0.04591175222051962,90.56375053082397,1.1661585064011981
5001.183196429817,0.033268851074290916,74.5032948400494,0.8450288172869892
5001.184196219213,0.0349050031713948,114.36239417736792,0.8865870805534278
5001.184551848479,0.03580735233154403,77.87267526706172,0.9095067492212183
5001.1855662499565,0.035229822490206446,76.5820369878502,0.8948374912512437
5001.1858693661325,0.01668510204718528,90.69159206166032,0.4238015919985061
5001.185928458018,0.05910412283664188,82.1910573202189,1.5012447200507038
5001.186258821672,0.04899064216336622,83.30082927777033,1.244362310949502
5001.187589124223,0.020875537048688452,91.7298013902656,0.5302386410366866
5001.188022894537,0.031699994704519265,76.52119825445747,0.8051798654947893
5001.188915074817,0.052646128853209406,88.07455587057012,1.3372116728715189
5001.189254406329,0.045317776210793845,81.36855518520734,1.1510715157541636
5001.190751287708,0.0181109923635686,90.20330937669598,0.46001920603464247
5001.191504620485,0.03403818681593169,98.58838900186169,0.8645699451246648
5001.1946566233055,0.015293916867651722,67.0814329133344,0.3884654884383537
5001.194764535244,0.04396814967318716,123.7557595643024,1.1167910016989537
5001.194806170734,0.022505495336918,100.8327133163058,0.5716395815577172
5001.194843518717,0.006649253461559345,60.20747360053984,0.16889103792360735
5001.197025118438,0.05479848387117627,79.6903559883305,1.3918814903278773
5001.1998461940175,0.03551381557434301,80.70944295736555,0.9020509155883123
5001.200328173276,0.043641840812817696,37.62011048788674,1.1085027566455694
5001.201355252666,0.03310315192290121,73.89126111354963,0.8408200588416908
5001.2014301532045,0.008941611562549705,4.581685075821572,0.22711693368876248
5001.205201713899,0.017639463140052238,75.35567361661263,0.4480423637573268
5001.205900117351,0.03221186429259532,89.75998151337856,0.8181813530319212
5001.206407061712,0.014307592702630642,-143.14741016253572,0.3634128546468183
5001.207345700501,0.034519804587671274,74.761214129343,0.8768030365268503
5001.208475520643,0.03136844417218955,61.99230194835216,0.7967584819736145
5001.209779079018,0.036776998635863874,84.1825376182498,0.9341357653509423
5001.21123218204,0.014918275109701003,12.828640923440403,0.37892418778640546
5001.211614654101,0.031066734575678046,95.10012113192988,0.7890950582222224
5001.211934541488,0.05396138669742917,67.60476632373916,1.3706192221147009
5001.212308293438,0.04064804030445718,89.0739452990794,1.0324602237332123
5001.212346032668,0.022260556001964235,77.93851673357892,0.5654181224498915
5001.218537318189,0.04677205023876304,131.07111752085646,1.188010076064581
5001.219071918702,0.025084462383611488,71.30978122105566,0.6371453445437317
5001.219330119619,0.036386744475707375,76.94264433559927,0.9242233096829673
5001.219921176776,0.021267140257559727,75.1729054524542,0.5401853625420171
5001.220616139487,0.02460453261188925,-12.520708031481,0.6249551283419869
5001.223061242837,0.05105231510033344,81.28158065766404,1.2967288035484692
5001.225754168185,0.04505583612889877,90.92533273432691,1.1444182376740286
5001.22710445595,0.024051693176430196,66.94749461316592,0.610913006681327
5001.228976165956,0.02204929074525881,-108.99202963561827,0.5600519849295738
5001.230733355527,0.029073241848885857,101.5975050567046,0.7384603429617007
5001.231338470322,0.03198758224792534,115.03293724587658,0.8124845890973036
5001.231589442133,0.02577162392098445,113.33761613600636,0.6545992475930049
5001.231716001792,0.04308675082688305,97.59029315712547,1.0944034710028294
5001.232705447838,0.03557180411518987,88.51727850191634,0.9035238245258227
5001.232839695568,0.025073860618087095,72.52691025593438,0.6368760596994122
5001.233922996288,0.035954260130551835,103.85572011837183,0.9132382073160166
5001.234063913153,0.05592648167599997,84.29482000803847,1.4205326345703992
5001.234828499984,0.024943617618988303,42.93582507291204,0.6335678875223029
5001.234877984113,0.03476817780658986,90.60534477054024,0.8831117162873824
5001.235094812641,0.02257873194183081,100.59548247359528,0.5734997913225025
5001.235331809841,0.04090417859428176,88.77766339563364,1.0389661362947566
5001.235419468982,0.02856418803395563,109.90655229022138,0.725530376062473
5001.235819296481,0.04087074715064151,76.73231988730305,1.0381169776262944
5001.236313370837,0.029044718834523368,70.76541294364652,0.7377358583968935
5001.236815194036,0.02198274232729748,100.82694570525015,0.558361655113356
5001.23720225232,0.04224868758857288,80.39165026554512,1.073116664749751
5001.237476936009,0.034859512358923664,82.28050097160195,0.885431613916661
5001.237723957049,0.01849985085374954,112.71109845054528,0.4698962116852383
5001.23897432759,0.0583008998872042,68.09089876368779,1.4808428571349868
5001.238988703959,0.035740476005391215,104.07897078526592,0.9078080905369368
5001.239005889844,0.020079861920308077,-18.022124646298796,0.5100284927758252
5001.239173335225,0.029193854768461515,60.08696972202267,0.7415239111189225
5001.239175062107,0.03841860587283997,97.87857784259512,0.9758325891701352
5001.240890307127,0.023639846026706088,170.9480247861794,0.6004520890783346
5001.246132968195,0.028329374958369832,79.8160893276168,0.7195661239425937
5001.247171639214,0.04111064050577596,61.03250259058308,1.0442102688467094
5001.24793273777,0.026960997959168835,110.64272649204536,0.6848093481628884
5001.2498407961775,0.007271366456974421,24.80663772369136,0.18469270800715026
5001.250693551065,0.04627972962657208,89.3582577023761,1.1755051325149306
5001.251038043492,0.03530254942726446,87.37230039542926,0.8966847554525172
5001.2529025409785,0.048421695443886414,83.8149425822847,1.2299110642747149
5001.253693158404,0.024050719657556653,85.64085779481326,0.610888279301939
5001.254182962008,0.03585246624033452,62.93001888772035,0.9106526425044968
5001.254769270301,0.023626336974892227,43.8732429268295,0.6001089591622626
5001.254805484702,0.015696226576758725,46.90106227013421,0.3986841550496716
5001.255086011552,0.04260911296871064,93.86248443543917,1.0822714694052502
5001.255247385743,0.04267280839602616,111.72455835975268,1.0838893332590644
5001.256795381825,0.05547075936705514,83.74755137874092,1.4089572879232004
5001.256897342659,0.039433146731837954,69.82827620338283,1.001601926988684
5001.258444741421,0.022128264738824125,70.4334670770826,0.5620579243661328
5001.259126352868,0.04128306127737661,57.549791457324815,1.048589756445366
5001.260603515984,0.01740531026235829,28.739461495683702,0.44209488066390057
5001.264827089419,0.027779587850983556,82.6392160756295,0.7056015314149823
5001.265000828014,0.013129443499568023,115.33528974573665,0.33348786488902776
5001.266726567679,0.043783504631475775,98.74985335955651,1.1121010176394845
5001.266831616901,0.029117644461221337,94.23255538692588,0.7395881693150219
5001.2668477203315,0.025906495547068815,99.81080830694573,0.6580249868955479
5001.267043870282,0.05204802941929386,70.69986771039623,1.322019947250064
5001.2681386669055,0.0145445441945394,58.461387026687525,0.36943142254130074
5001.270479876652,0.05461915266718836,84.7248018932719,1.3873264777465841
5001.270712952421,0.04821208697088238,115.06236330630507,1.2245870090604125
5001.272117879689,0.030430854066376297,101.37319475528888,0.7729436932859579
5001.272136466876,0.04429906786521978,109.9839966969375,1.1251963237765823
5001.2728699158815,0.03017914823432756,91.2874593759756,0.76655036515192
5001.273056294328,0.03684160989331838,103.82354854130251,0.9357768912902868
5001.27314350159,0.01820771858718668,137.27745910555757,0.4624760521145416
5001.275452851173,0.02516204108678903,51.80200390667216,0.6391158436044413
5001.275475740842,0.04571221409310917,91.68349502720169,1.1610902379649728
5001.276566130582,0.01206440324967006,128.6145884242731,0.30643584254161954
5001.276822246187,0.048886618037597446,120.33919427403404,1.241720098154975
5001.278060967053,0.03302514094797156,91.46485076209872,0.8388385800784774
5001.280080497866,0.05748805792161497,101.0598593958434,1.4601966712090202
5001.280444019985,0.015822970149908445,68.67076276021669,0.4019034418076745
5001.2804601338685,0.04621744749635493,86.08846743188415,1.1739231664074152
5001.280957697527,0.04153432538704552,95.73249339056441,1.054971864830956
5001.282268201335,0.01188711894443584,120.66306167690774,0.3019328211886703
5001.2830984404,0.047888839088560654,98.756954509706,1.2163765128494406
5001.283249834072,0.02988553800118423,32.85530222576718,0.7590926652300793
5001.287105218772,0.05426996179052931,73.90368172288652,1.3784570294794443
5001.290130877225,0.047233295176529536,85.16683464051216,1.1997256974838502
5001.290612933129,0.024264947040227792,46.400168153776896,0.6163296548217859
5001.291473530814,0.05722233007873848,80.59157085425194,1.4534471839999574
5001.292805471114,0.011297319205032592,34.7938337405655,0.2869519078078278
5001.293147152362,0.026963876566415336,97.78896824234457,0.6848824647869495
5001.296197848124,0.018147614769687636,-7.057293794471644,0.46094941515006593
5001.2964667577,0.0279954484702771,96.28826806278883,0.7110843911450383
5001.296758167648,0.03506089671521315,98.11973700714397,0.8905467765664139
5001.296843882823,0.03998176290016395,74.06272381277658,1.0155367776641642
5001.297624330331,0.02047872876087405,82.26757559992161,0.5201597105262008
5001.300305611849,0.023677903921266816,84.33874669818732,0.6014187596001771
5001.301962586174,0.02817314323368608,54.11532181705552,0.7155978381356264
5001.302688552683,0.039525699025154806,114.72851815585771,1.003952755238932
5001.303818990559,0.0309808809357727,88.35395203605701,0.7869143757686266
5001.3040226228095,0.0344003664125756,78.19289242700883,0.8737693068794202
5001.305400465204,0.03586665073360836,92.52209659495864,0.9110129286336524
5001.30664888347,0.056517670006121366,90.63276958345492,1.4355488181554825
5001.307293771557,0.031145274950574047,113.8740617542124,0.7910899837445807
5001.30830718904,0.04026388040402159,63.40319218070477,1.0227025622621484
5001.308661648135,0.028421384106202006,78.03604358367062,0.7219031562975309
5001.309022780995,0.03890016672789852,58.36523079132118,0.9880642348886224
5001.309094488604,0.03070584051861357,77.10364220713875,0.7799283491727846
5001.309973878582,0.03352914227693458,93.00209404517811,0.8516402138341382
5001.314734780837,0.02149319668958067,97.09694698767139,0.545927195915349
5001.315364173026,0.0305639298402924,52.84533119689186,0.776323817943427
5001.315596607231,0.010706335801270332,79.2857822382765,0.27194092935226644
5001.315617348226,0.03251836874030605,90.6798556147968,0.8259665660037736
5001.317068134142,0.0422289812532566,81.89793762037596,1.0726161238327176
5001.31741668498,0.005457476328257576,11.085258724875574,0.13861989873774241
5001.318583963929,0.039261120961982254,89.74574455640285,0.9972324724343492
5001.3216103447285,0.011924980702527717,49.845601245964126,0.30289450984420396
5001.322995460035,0.02184879796603597,44.0830577412013,0.5549594683373136
5001.323441840065,0.022402505074054287,64.32197219708029,0.5690236288809789
5001.323444766683,0.014497286643725888,-1.5812056985121428,0.36823108075063754
5001.324091365308,0.056468018262154016,64.53668353095074,1.4342876638587119
5001.3251346571,0.03131541699720248,124.30216846546497,0.7954115917289429
5001.325561653106,0.06235807921744978,97.93889833512,1.5838952121232241
5001.326293935879,0.05469972508894459,122.60528845424604,1.3893730172591925
5001.326350442151,0.06377230846234784,73.38521079536048,1.6198166349436351
5001.32635585699,0.04080331456368285,107.85806992076462,1.0364041899175442
5001.326897521623,0.0271153317906636,75.72419143875705,0.6887294274828554
5001.32900423592,0.03309514670658022,89.28456379769122,0.8406167263471375
5001.332111274477,0.01614489142711382,34.374824100205856,0.41008024224869105
5001.333804070719,0.03753088034036035,67.19948294187951,0.9532843606451528
5001.33456316063,0.005287795175972393,118.1743465831622,0.1343099974696988
5001.33476658507,0.01608709186242788,83.47848719446921,0.40861213330566815
5001.335600342858,0.04030062088088305,63.46774200396118,1.0236357703744294
5001.337219436534,0.061425992628498224,80.23832348999665,1.560220212763855
5001.337251511004,0.026759967004355043,102.87874371899152,0.6797031619106181
5001.337482276574,0.053555744257883287,73.98580208265184,1.3603159041502355
5001.338424305904,0.05505358041444865,109.65301625205906,1.3983609425269956
5001.338433789321,0.016300805493275172,132.34848825255276,0.41404045952918933
5001.339209779881,0.030022406848226955,92.33292802415667,0.7625691339449646
5001.341229814774,0.03882713961252034,78.36041352522358,0.9862093461580165
5001.343014613778,0.023780135303871543,35.4157891179803,0.6040154367183371
5001.343528076086,0.02401993237720475,87.97895414434214,0.6101062823810006
5001.347516532384,0.04054135462789527,100.2245240425438,1.0297504075485397
5001.348250160496,0.020588146549565523,99.75319528911457,0.5229389223589642
5001.348568637584,0.011060647722232315,170.78291290957318,0.2809404521447008
5001.349620944655,0.025633456899926365,85.87644291814826,0.6510898052581297
5001.350785833333,0.059121650258981126,76.35583451970582,1.5016899165781206
5001.351383482825,0.02956742737498295,65.15547724400307,0.751012655324567
5001.351720761369,0.02945328231722245,89.15431389281727,0.7481133708574502
5001.35481362144,0.025468413823353454,77.37528997728134,0.6468977111131777
5001.354975170912,0.03552044364199062,48.75794946801224,0.9022192685065616
5001.355248691551,0.0120911597868532,85.0075795857141,0.30711545858607125
5001.355275292105,0.05844497354103513,79.8975085480734,1.4845023279422922
5001.356954788929,0.01862549837974051,164.4499844713039,0.47308765884540893
5001.357660107076,0.029274035402546063,70.3994010553751,0.7435604992246699
5001.359200239699,0.042217262235655646,84.4287858958003,1.0723184607856533
5001.3600419265695,0.04313727704877204,93.92369109592632,1.0956868370388098
5001.363090657056,0.03344950285517254,76.42095366958206,0.8496173725213826
5001.363955180916,0.01889255398357242,52.527892640642726,0.47987087118273947
5001.364376676803,0.04132200059820098,81.42172783021113,1.0495788151943048
5001.364890732976,0.043229904688577465,100.35834049697588,1.0980395790898676
5001.36496163943,0.0248602009853357,100.43389744808516,0.6314491050275267
5001.3670270481,0.016129830459388764,98.2914380019172,0.4096976936684746
5001.368547061198,0.012451546439515558,-70.23059691723041,0.31626927956369516
5001.36940155984,0.039736596389709805,56.83215177819408,1.009309548298629
5001.370148826498,0.02477402516541324,98.68952913909327,0.6292602392014963
5001.370181695264,0.04030391387073317,106.08897241166957,1.0237194123166224
5001.371453938414,0.020101467582210736,87.29151008156317,0.5105772765881527
5001.372695905355,0.04265958500019867,52.05916080480824,1.0835534590050462
5001.373198689024,0.02252767778232957,66.2255419370423,0.572203015671171
5001.3734478740425,0.06268646978115314,81.81473322976856,1.5922363324412896
5001.375142277131,0.015170173050736924,-179.43608529634994,0.38532239548871783
5001.376669023857,0.02411438654368352,60.35433514084758,0.6125054182095614
5001.379267147067,0.025834247598601007,65.16344097961537,0.6561898890044655
5001.380792739561,0.018915975768740663,121.58262962461951,0.4804657845260128
5001.381228057092,0.05009474029991424,95.51151463551228,1.2724064036178215
5001.381572511222,0.029964461260507204,87.85371220902874,0.7610973160168829
5001.382271754849,0.006919276421305864,139.49024888851315,0.17574962110116893
5001.383317006734,0.041039053894160266,39.88068875890658,1.0423919689116707
5001.3850801685085,0.028819741804427885,94.77545677782444,0.7320214418324682
5001.387144198581,0.04217958051079614,87.52920187913683,1.0713613449742219
5001.387405704937,0.03602793212133881,95.47757722741251,0.9151094758820058
5001.387533181889,0.04436495767577783,69.6222587760403,1.126869924964757
5001.387779586794,0.04498160280139235,80.4669403300338,1.1425327111553656
5001.3883822365,0.03816580678944973,40.840288221919515,0.9694114924520231
5001.388715959421,0.025179853970687196,100.19641956291613,0.6395682908554547
5001.391760906533,0.03361314934308737,76.0326423291887,0.8537739933144193
5001.39209292069,0.02955209528779353,61.57904458525277,0.7506232203099555
5001.394643967611,0.022449322437777447,88.66418799779994,0.5702127899195472
5001.39641960992,0.03930252877341936,52.24883667646057,0.9982842308448516
5001.398928107027,0.013922197593102764,70.30549760934673,0.3536238188648102
5001.399015718584,0.053470847920840725,86.8593659063552,1.3581595371893544
5001.400290697233,0.05347866759569066,75.67449728455422,1.3583581569305425
5001.401520476968,0.04729175550143372,70.93734320322612,1.2012105897364165
5001.402759410681,0.04145069753101515,70.73012908484839,1.0528477172877848
5001.403378516372,0.02329842265104197,100.82904344436191,0.591779935336466
5001.404681163258,0.029079479834089244,81.76215369469766,0.7386187877858668
5001.406014176951,0.011811668692177094,15.908240290687665,0.30001638478129816
5001.406770800481,0.029044530578668924,87.34331977452185,0.7377310766981906
5001.406904197019,0.029001608459694957,110.33597575372173,0.7366408548762519
5001.409414649372,0.06183322230713207,90.27832090455672,1.5705638466011544
5001.411087914403,0.014584890255655816,76.96386690155907,0.3704562124936577
5001.411791227552,0.02361426221224162,85.9539306734646,0.5998022601909371
5001.411831194457,0.0461720791014412,102.7090398619392,1.1727708091766065
5001.414867490262,0.018233063897399444,145.01033715895815,0.46311982299394583
5001.4158040004095,0.03711698423379213,101.1976272150394,0.94277139953832
5001.4166207403,0.037275503284630813,74.01039982897316,0.9467977834296226
5001.417092191951,0.033387665705895665,95.7595610977566,0.8480467089297499
5001.418186195209,0.04105170232406468,97.85949709744624,1.0427132390312428
5001.418525997735,0.026793181915016288,66.24815636467626,0.6805468206414137
5001.419573998954,0.015368784140707716,-112.86334744835234,0.390367117173976
5001.424877093439,0.05028790300847518,96.45222060088086,1.2773127364152694
5001.428940616464,0.02805050325252673,121.31121537178159,0.7124827826141789
5001.429353538593,0.035537941933748325,88.97438842850345,0.9026637251172074
5001.430781601604,0.01881633047541612,119.18995461975408,0.4779347940755694
5001.432093111128,0.04510362983918753,106.16026292022728,1.1456321979153632
5001.433865847357,0.03816619854276309,82.2919421021638,0.9694214429861824
5001.434430709302,0.03769632383261648,86.20801678086633,0.9574866253484585
5001.4349739110785,0.04834009024092636,74.86250758774156,1.2278382921195294
5001.436358387112,0.02830547204912495,68.84202837992882,0.7189589900477736
5001.437722741024,0.022211870875235476,149.5796942821362,0.564181520230981
5001.438225351144,0.023289230731705256,75.24222483325542,0.5915464605853135
5001.4393919547965,0.035365656185569846,54.23600743928727,0.8982876671134741
5001.440542909159,0.047670354782670926,56.94447394945345,1.2108270114798414
5001.440613551151,0.05512750887858392,87.3653817997755,1.4002387255160316
5001.4413026106,0.039464415240634605,73.29551661454128,1.002396147112119
5001.44223514487,0.04889830985527528,66.16827917858076,1.2420170703239921
5001.444580430822,0.03039748213326381,78.82324648305303,0.7720960461849007
5001.446449008044,0.015149316877628565,-58.07374940770961,0.38479264869176555
5001.447693584997,0.04037072937741292,80.50801640189931,1.0254165261862882
5001.448016438232,0.05417613447834809,87.86374967043406,1.3760738157500414
5001.448466534582,0.027608031805058757,78.69370196527485,0.7012440078484924
5001.449238595713,0.046757741147900767,103.9525107234606,1.1876466251566795
5001.4521585920265,0.018422934402341096,80.4027144528714,0.4679425338194638
5001.453897900886,0.027166833037363648,92.21411328730736,0.6900375591490366
5001.4558541089855,0.018938103811172304,47.889756614102915,0.4810278368037765
5001.456164157166,0.049759926740775805,74.0195997694355,1.2639021392157053
5001.4561975247325,0.04031428836394642,78.6153792105687,1.0239829244442389
5001.456807802609,0.04830142577143227,105.7410546029926,1.2268562145943795
5001.457550919994,0.0543952273775035,81.9521149573131,1.3816387753885888
5001.457926397181,0.005623863081475091,-176.09953498289465,0.1428461222694673
5001.458276685799,0.036511162137762856,83.65683502766046,0.9273835182991765
5001.458638691934,0.006587858307852688,-88.63820075854889,0.16733160101945826
5001.458768988205,0.038895105815627246,113.26841251928673,0.987935687716932
5001.460863967262,0.04041158331097446,58.22421068013388,1.0264542160987513
5001.46173315504,0.018256258299108524,82.287539972223,0.46370896079735646
5001.462528080544,0.011480988288313213,92.071500828564,0.2916171025231556
5001.463150225568,0.03847526121907336,59.48496630608164,0.9772716349644633
5001.463875770824,0.03665413595505038,85.79876819290263,0.9310150532582797
5001.467918300953,0.0230445617527662,124.11493073287048,0.5853318685202615
5001.470360694155,0.0687365702199858,73.11202233532032,1.7459088835876393
5001.471148886046,0.019426275708842984,85.73717368698212,0.49342740300461174
5001.471899705328,0.02631005481409695,74.84483892619603,0.6682753922780624
5001.472519170286,0.039341123967744446,61.58912018937072,0.9992645487807089
5001.473032225202,0.02893299448808889,96.57869726104522,0.7348980599974577
5001.473269595989,0.03492647718322643,75.18553602740091,0.8871325204539513
5001.47399304092,0.03623593505843581,68.39036785393675,0.9203927504842695
5001.475055792665,0.034533596277613925,89.00790618149361,0.8771533454513937
5001.476299514408,0.014235489593639327,85.05974761035002,0.3615814356784389
5001.478195754015,0.0362237953255606,67.78194231529365,0.9200844012692393
5001.479474241944,0.01596732783196442,122.53544359897688,0.40557012693189626
5001.48079617781,0.0500751001439409,79.40770326367425,1.2719075436560987
5001.481036288024,0.03827116627275497,92.84789182698208,0.972087623327976
5001.482090309757,0.025633730641492308,36.39509674350481,0.6510967582939046
5001.48297449441,0.0399252488227169,93.66499328834976,1.0141013200970093
5001.483535688206,0.02163198132268318,68.07685094644825,0.5494523255961528
5001.48379744163,0.01222847883515634,67.41487434729717,0.310603362412971
5001.48404509132,0.02373554530630412,46.25089736040486,0.6028828507801246
5001.485142041788,0.025099590302332875,100.87293395372784,0.637529593679255
5001.4852585096905,0.031479922960833844,76.86262388123276,0.7995900432051796
5001.485484401035,0.07223242832011774,57.45916199957231,1.8347036793309905
5001.486097424756,0.02340058018760446,47.54523790855337,0.5943747367651533
5001.491205862858,0.026862168413212515,88.13249929108774,0.6822990776955978
5001.495245382968,0.024535625508121103,81.27514663352426,0.6232048879062759
5001.498804039896,0.017824905520873523,39.32365863467994,0.4527526002301875
5001.499473618537,0.05002868951075748,77.23918107798944,1.27072871357324
5001.499892761445,0.03486059975382483,85.54495034060832,0.8854592337471506
5001.500270183861,0.02148983762166812,98.84166110750903,0.5458418755903702
5001.502196068345,0.020925399967931732,127.3726922917808,0.5315051591854659
5001.503597307169,0.016055896932659013,133.35589900465607,0.4078197820895389
5001.504248360392,0.016997733839932583,83.00862805960523,0.4317424395342876
5001.505052497592,0.04847390299132381,91.46694021425235,1.2312371359796246
5001.508063133872,0.035939943429051074,98.5614483357088,0.9128745630978973
5001.510021078826,0.02422826414489621,76.14275921350405,0.6153979092803636
5001.5102353095035,0.03109043101068548,88.97029631992817,0.7896969476714111
5001.511163468856,0.03810212789546607,114.97095845666944,0.9677940485448381
5001.512587991134,0.019123438456861742,92.10447832251423,0.4857353368042882
5001.512825165713,0.021584035303180933,79.8124612556049,0.5482344967007957
5001.514695617281,0.028024649460600435,109.43996920916666,0.711826096299251
5001.515647190056,0.050603004347932315,115.32524407350496,1.2853163104374807
5001.515902764331,0.03461801494041223,117.4925771984908,0.8792975794864706
5001.516798766068,0.017171224025118333,38.73680738741082,0.43614909023800563
5001.518071984379,0.05676635282750804,93.89988372864993,1.441865361818704
5001.518430810153,0.04334307727542997,90.02621155015248,1.1009141627959211
5001.521343190952,0.03365165914179232,77.927313389215,0.854752142201525
5001.521344355176,0.02230517966538225,82.24760093523476,0.5665515635007091
5001.521533794523,0.03002655662774683,72.71645282943885,0.7626745383447694
5001.522710051504,0.05997281458236419,88.37943234749162,1.5233094903920503
5001.523077920667,0.04261228253079372,58.19109639405157,1.0823519762821605
5001.5255330009,0.022918272383367744,65.99421247581886,0.5821241185375406
5001.527793521713,0.03296441016475293,96.51945192163042,0.8372960181847244
5001.527971888081,0.04122869067120034,91.93923119962707,1.0472087430484884
5001.528020764793,0.02519241244299537,70.21115473539788,0.6398872760520824
5001.529272786878,0.024499272111076886,101.958748467488,0.6222815116213529
5001.530517288037,0.01313209326525514,125.23131454798052,0.33355516893748055
5001.5319203024,0.04343814304146813,74.43019400992073,1.1033288332532905
5001.532622991879,0.04522190973316917,105.436204390424,1.1486365072224969
5001.534181925079,0.029779391720234787,73.96547963209657,0.7563965496939635
5001.534530953504,0.0301586210960478,48.26782908331,0.7660289758396142
5001.537198737514,0.05125920206600457,85.3106619668319,1.301983732476516
5001.540934153592,0.027147815291733875,87.16930154474512,0.6895545084100404
5001.541535222727,0.022012635769374254,81.7366823124327,0.559120948542106
5001.5417227261805,0.01715967440338549,-179.631661104782,0.43585572984599147
5001.5440267085305,0.02648726858044488,50.433194540807726,0.6727766219432999
5001.545159782456,0.04285122466081956,84.16825454966924,1.0884211063848168
5001.5460373535725,0.01798887572004862,49.4403992768401,0.4569174432892349
5001.546402105249,0.048362575257361845,70.9474671319465,1.2284094115369908
5001.54722602132,0.02580920421269993,128.85543628051136,0.6555537870025782
5001.548547222771,0.025377697248451993,79.17093196346293,0.6445935101106806
5001.548915329765,0.04016134303681693,109.3406022319374,1.0200981131351499
5001.549542113229,0.02673587576379672,140.0804692007736,0.6790912444004367
5001.550972534835,0.036072449246973774,104.20691427313317,0.9162402108731338
5001.551890275618,0.025650096129466775,75.80233699146872,0.651512441688456
5001.5521314650605,0.027692121267585565,87.23953546300444,0.7033798801966733
5001.553640685951,0.03928428589422731,55.19265482294509,0.9978208617133737
5001.5539036553855,0.005589370478080239,95.54412252125427,0.14197001014323807
5001.553905509872,0.04944792831228917,74.81642675457425,1.255977379132145
5001.554090590979,0.039020310187850446,79.52783912311446,0.9911158787714013
5001.554815137618,0.05866447958303082,80.235200603894,1.4900777814089827
5001.557132741475,0.0423721123240206,97.53272501917043,1.0762516530301232
5001.5577789561585,0.02100810500480965,88.96243797003542,0.5336058671221651
5001.558069809997,0.03241032053509124,77.32525530909406,0.8232221415913175
5001.559342147257,0.006694087733302253,140.07905260961098,0.17002982842587722
5001.559982849408,0.0440460654480898,96.62450903225222,1.1187700623814807
5001.560937067102,0.02159277702786424,132.67340038769555,0.5484565365077516
5001.56123929561,0.030570821627162553,65.7699084944899,0.7764988693299288
5001.561589503904,0.035630830990829095,118.3047513845414,0.9050231071670589
5001.562059137282,0.04493353227259508,51.16324734199854,1.1413117197239149
5001.56350794951,0.029514072169755004,92.51901731425046,0.749657433111777
5001.565711828551,0.02133554380626204,85.58319223579086,0.5419228126790558
5001.569053627526,0.06378294425670268,83.90109864869873,1.620086784120248
5001.571263446735,0.04565218850909302,77.2603888639907,1.1595655881309628
5001.572823482356,0.029526892012097,55.94105420737302,0.7499830571072638
5001.5755219597995,0.010077623907582564,-61.20794988400731,0.2559716472525971
5001.576081974568,0.0024255765527578968,47.61098831418464,0.06160964444005058
5001.577195922545,0.056792725329015054,81.0387159521589,1.4425352233569824
5001.578411616851,0.03006400806533133,93.75444541132936,0.7636258048594158
5001.579280377416,0.03620218606792674,98.25639365331554,0.9195355261253391
5001.580417916939,0.011114022596953758,51.81382797291561,0.28229617396262546
5001.581852989505,0.0361333050163235,93.32444479369663,0.9177859474146169
5001.583419004073,0.051546810857692305,113.42183397783803,1.3092889957853844
5001.586428315673,0.04693740699290121,71.3877820740776,1.1922101376196905
5001.586673309302,0.03350196513773939,57.70578798511822,0.8509499144985805
5001.589508922913,0.028666737759880583,75.25173730343317,0.7281351391009667
5001.59205233843,0.04090653085723468,65.48854420281626,1.039025883773761
5001.593515952301,0.012893386908081676,80.23936412375011,0.32749202746527456
5001.5937913209555,0.027700533229187942,114.03930988017137,0.7035935440213738
5001.5944063797915,0.03499163455961646,74.25709982773509,0.888787517814258
5001.59586085281,0.016966457142354716,2.555113861739941,0.43094801141580974
5001.595870054289,0.02298009590079511,7.861768859760902,0.5836944358801958
5001.59611197378,0.05024994244317216,98.79901261630118,1.2763485380565727
5001.596808359352,0.04791600737363728,87.79902671338584,1.2170665872903867
5001.597386781854,0.03627980124064464,73.57535663401502,0.9215069515123737
5001.597448638578,0.04249881173420226,87.04664613366752,1.0794698180487372
5001.598314234413,0.04850023855771894,70.58402847678961,1.2319060593660611
5001.599925945324,0.04708678511384332,89.19762578456472,1.1960043418916204
5001.600586968706,0.043078502870570336,85.5313945141791,1.0941939729124865
5001.601051659087,0.03810182824404328,93.32676465560588,0.9677864373986993
5001.601344021421,0.03420636946626785,89.21887808981529,0.8688417844432034
5001.601375192757,0.04543331965498752,86.43115487364295,1.154006319236683
5001.6018386449605,0.027901043192610928,91.75445144281184,0.7086864970923176
5001.602018497857,0.02088794899809796,117.48576021829793,0.5305539045516882
5001.602721331456,0.025086974714725672,107.07383198655256,0.6372091577540321
5001.603877936407,0.02957346360370979,108.33815350155533,0.7511659755342287
5001.60561745448,0.0363106207559992,101.33085722002949,0.9222897672023797
5001.606649351464,0.03822575713097682,84.50136228122811,0.9709342311268111
5001.609931241148,0.02019901195412428,64.77470285253476,0.5130549036347567
5001.610596657604,0.04293442086744168,98.63410057516256,1.0905342900330186
5001.610755068536,0.048567930565869326,75.27587262304398,1.2336254363730808
5001.611226382,0.0502117876863258,74.08627592305423,1.2753794072326754
5001.612537766935,0.02227016988101572,54.70585764376345,0.5656623149777993
5001.616347894492,0.02586951845664004,84.06834384220265,0.657085768798657
5001.616882609682,0.016700540191521684,-8.99157494088302,0.42419372086465074
5001.617329184375,0.039309015196856784,98.89101664256691,0.9984489860001623
5001.618596279996,0.03725198541926272,56.37481213990211,0.9462004296492731
5001.618737215576,0.05505681677504717,88.68922071037453,1.398443146086198
5001.619428165312,0.013447798718051232,86.17226301811417,0.34157408743850126
5001.622481101822,0.03089359077026312,97.12552365490431,0.7846972055646831
5001.623782227534,0.031349314799659606,91.7898078736827,0.7962725959113539
5001.624322893051,0.03374509417769954,94.72042673284115,0.8571253921135682
5001.626201266843,0.04105579680177519,56.86991565555271,1.0428172387650898
5001.627500430339,0.035419307853081394,78.78474389788947,0.8996504194682674
5001.628101878745,0.03240917677210899,88.74604797001318,0.8231930900115684
5001.628418916138,0.020453094023667222,86.03189499317712,0.5195085882011474
5001.62848534184,0.04329555779871785,80.03212131279754,1.0997071680874333
5001.628588662814,0.05274576384742614,87.3633723717876,1.3397424017246238
5001.62885919901,0.03276665680945467,87.68532918178137,0.8322730829601486
5001.6291979562475,0.026935351050195382,46.563429793875294,0.6841579166749626
5001.629869560619,0.03850785258177792,95.06323759479278,0.978099455577159
5001.631361337666,0.021147301190016825,76.86080869629329,0.5371414502264273
5001.631936076851,0.039705577724088496,104.26839908890781,1.0085216741918477
5001.632915915288,0.029776423426250954,95.6925271337978,0.7563211550267742
5001.633119384736,0.05072228172664196,75.47261925508985,1.2883459558567059
5001.636413689585,0.03450643207490252,99.88487536444477,0.8764633747025239
5001.6377161408745,0.03439242645388391,66.00173155279647,0.8735676319286514
5001.637769706461,0.046753445759522096,52.99552869078985,1.1875375222918612
5001.638177877099,0.01868197671838955,31.272980486581755,0.4745222086470945
5001.638539319732,0.0498160398830346,88.25249452396856,1.2653274130290788
5001.639221710246,0.04335807326980918,87.09984873691259,1.1012950610531531
5001.640127643635,0.0527467792150085,88.68228231603771,1.3397681920612157
5001.642134507237,0.027034968728842892,102.08458457546836,0.6866882057126095
5001.642723889772,0.0209317833972484,82.3291917274386,0.5316672982901093
5001.642787605129,0.029889832802367598,87.80221969091058,0.7592017531801369
5001.643512956615,0.01100474408854354,65.96096247661605,0.2795204998490059
5001.644114402948,0.041977636420739664,73.42953035701153,1.0662319650867873
5001.645195332577,0.023021121383163135,120.82746516787456,0.5847364831323436
5001.645272072819,0.042371190805119606,81.44718745815531,1.076228246450038
5001.645398718592,0.028328288484470776,96.25150473206479,0.7195385275055577
5001.647561871097,0.0361300560664136,80.65708805753266,0.9177034240869053
5001.647950773449,0.04787948939839756,111.59158484870456,1.216139030719298
5001.6481298534745,0.008932480280742195,-176.18377233347,0.22688499913085172
5001.650864593801,0.028508342012455418,75.23392921892342,0.7241118871163675
5001.65110078904,0.05453800907702355,92.29521476250606,1.385265430556398
5001.651971186488,0.01896397077284037,70.86031481164974,0.4816848576301454
5001.652482022236,0.04238031053828447,76.12681232844744,1.0764598876724254
5001.653669203013,0.04997212452537365,108.08238531893994,1.2692919629444905
5001.653737685398,0.055382428448419,82.70045366566873,1.4067136825898425
5001.654247638668,0.061477008162670765,87.37421908732496,1.5615160073318373
5001.654691950718,0.0210932728515512,68.8810489668839,0.5357691304294004
5001.654698441675,0.0030048352920082283,125.95977699223788,0.076322816417009
5001.655121301943,0.04000030541873371,99.26047047518294,1.0160077576358362
5001.656156353738,0.0406916772515662,108.74926676117563,1.0335686021897814
5001.659199822307,0.04539543711123393,77.69903325752462,1.1530441026253417
5001.660443140886,0.04519226539323938,75.49198707573436,1.1478835409882802
5001.661626488924,0.02281137151850905,58.05013971107586,0.5794088365701298
5001.661727251611,0.036707686482793406,110.3215679495706,0.9323752366629524
5001.661995277656,0.02839564446287488,98.65818739397928,0.7212493693570219
5001.662876584094,0.03282808598926022,67.99576085828758,0.8338333841272096
5001.665944774581,0.032480392383152694,102.8526385334303,0.8250019665320784
5001.666179689936,0.03175536798451786,95.10250808365085,0.8065863468067537
5001.667067614745,0.02418164724016608,66.89034328007129,0.6142138399002184
5001.667354521819,0.025661539926336244,98.21878693738014,0.6518031141289405
5001.668248172213,0.04132659039231361,101.8793755840986,1.0496953959647657
5001.66844717698,0.003970858359626584,-119.49088629837053,0.10085980233451522
5001.670068186688,0.037923232277033966,80.39400980598937,0.9632500998366627
5001.671388727208,0.03259264875056265,102.21122125095512,0.8278532782642912
5001.673018748015,0.031175500051411092,106.24259362077024,0.7918577013058417
5001.67605155108,0.04859810859570182,116.45040492003656,1.2343919583308263
5001.676298630256,0.02631409139902236,72.55620482497639,0.668377921535168
5001.6768092428565,0.029439018510801516,113.873535541454,0.7477510701743585
5001.677416571995,0.02929559232239416,80.84473610411193,0.7441080449888116
5001.67798539364,0.04602049994366788,104.26969576282691,1.168920698569164
5001.679400678808,0.019795241786465904,44.162663979541726,0.5027991413762339
5001.682119550162,0.04013916372212015,81.78036078966016,1.0195347585418517
5001.684313259473,0.03077102393734514,120.5533730254135,0.7815840080085665
5001.6860115957,0.01772639198354512,77.96465495865482,0.4502503563820461
5001.686400225548,0.023421956308289815,79.58734111716387,0.5949176902305613
5001.688905557681,0.0225117666746196,73.54257076004238,0.5717988735353378
5001.688907347088,0.019052134778842073,93.6401107625648,0.4839242233825886
5001.689613641721,0.026751117334005377,70.40680716430336,0.6794783802837365
5001.690893856797,0.03933786478512153,94.6708472576512,0.9991817655420868
5001.6921895402575,0.03859434137984257,90.12594420526125,0.9802962710480012
5001.694235814168,0.011826119846565768,44.72214006263412,0.3003834441027705
5001.696214180945,0.053802567862542526,100.97718495653862,1.36658522370858
5001.696671630715,0.00563529158802166,27.58430866258013,0.14313640633575014
5001.697021090659,0.031076519789187212,73.79274198235883,0.7893436026453552
5001.697031427187,0.043282337917280894,77.25447278253368,1.0993713830989347
5001.697345239635,0.027525378690587,86.96295295790088,0.6991446187409097
5001.697967574916,0.031782402984859334,111.18387160470658,0.8072730358154271
5001.70115728878,0.0551418601323366,86.85390989508691,1.4006032473613497
5001.702554072224,0.03409103671413302,79.55489102776913,0.8659123325389787
5001.70488936945,0.0489630454119593,82.34637849903137,1.2436613534637662
5001.70535673964,0.047815531405768705,88.51963721202284,1.214514497706525
5001.706093915295,0.03210850295971785,155.32763994363836,0.8155559751768333
5001.706376525129,0.027351060239013084,61.08380509679235,0.6947169300709323
5001.706928650127,0.046923086974569386,79.13198955820664,1.1918464091540624
5001.7077329887825,0.03627495149368691,93.78130893112508,0.9213837679396475
5001.707889272782,0.036857750013613286,63.913832646798554,0.9361868503457774
5001.708968338345,0.04399036596256103,95.01352927039153,1.11735529544905
5001.710030745559,0.027662395900952767,94.3147069383024,0.7026248558842002
5001.710704381779,0.025708866544187838,28.72373225193637,0.653005210222371
5001.711378486274,0.034181623875027475,65.81101080683733,0.8682132464256979
5001.712122836213,0.04309384960747775,88.92622418862875,1.094583780029935
5001.712149834593,0.03413399455616489,111.9103592046073,0.8670034617265883
5001.716027324078,0.04518760070735436,74.12426685254698,1.1477650579668006
5001.7163816069215,0.04626467819706599,73.44827707144202,1.175122826205476
5001.717726012176,0.026635314344598645,71.43708280716005,0.6765369843528055
5001.717840058593,0.05195543851143768,80.10368908156964,1.3196681381905169
5001.721826282607,0.046610964869714194,71.74870877300819,1.1839185076907404
5001.722161966853,0.02849348315006708,107.52657058088342,0.7237344720117038
5001.725158039473,0.02930848417524781,77.60299133524265,0.7444354980512943
5001.726121981362,0.032835163176640855,94.05537118735921,0.8340131446866776
5001.726667527732,0.03201089498571088,106.42995285810932,0.8130767326370563
5001.726841922055,0.017029389789695055,91.3586578082722,0.4325465006582544
5001.727599578854,0.03781531704732605,34.7271360266985,0.9605090530020816
5001.728916533848,0.030102938135197287,84.10975986821134,0.7646146286340111
5001.72920025429,0.038553500319665035,48.00524772417432,0.9792589081194918
5001.730584564367,0.05000421378528236,65.69165261990494,1.2701070301461719
5001.7316141428,0.04748131888384624,59.56400444626508,1.2060254996496944
5001.73293820878,0.028264481504822407,59.52782126272389,0.7179178302224891
5001.735345516408,0.04905546929883938,82.9691337094487,1.2460089201905202
5001.735705943564,0.02804633932738745,85.12727724953966,0.7123770189156412
5001.738662636518,0.008421458424974009,-42.62160348928501,0.21390504399433982
5001.740826245953,0.0448166774919472,68.6364068235261,1.1383436082954588
5001.743808321626,0.032088278622508085,47.646794923159405,0.8150422770117053
5001.744287297905,0.018840347820109,91.02089029730323,0.4785448346307685
5001.745201841817,0.031712445068879234,87.11514465916989,0.8054961047495325
5001.745889894938,0.033241729853956126,85.51290051406113,0.8443399382904856
5001.74791670512,0.035352858536438214,104.69973681889061,0.8979626068255306
5001.7485996617215,0.012725237665271928,97.75560113938413,0.32322103669790697
5001.748614161009,0.0116972232187133,179.1092452166542,0.2971094697553178
5001.749396879678,0.03868148313509296,94.85676861534648,0.9825096716313612
5001.750944666172,0.0156821035024466,76.29742996138624,0.3983254289621436
5001.751561099822,0.019155353568815092,111.03417392668538,0.48654598064790333
5001.752014041642,0.03783612819852382,69.74577775434815,0.9610376562425049
5001.755632613721,0.03723263642769636,63.85644297711291,0.9457089652634875
5001.756621708618,0.021842450627060736,70.16630432355926,0.5547982459273426
5001.7602035442105,0.02392822100151492,63.46927174353466,0.6077768134384789
5001.760262436356,0.037114603202622366,92.86726304587263,0.942710921346608
5001.76131918294,0.009300137890436154,108.372776994545,0.2362235024170783
5001.761503082476,0.025664836714734584,82.22183650671268,0.6518868525542584
5001.762537271721,0.03967933784182304,97.8791237298626,1.007855181182305
5001.763317488319,0.031041178339029217,82.72265207324291,0.7884459298113421
5001.765880059577,0.029415351496718967,79.68538128898786,0.7471499280166617
5001.768375004153,0.024365833265696083,53.62066752117151,0.6188921649486805
5001.770086757726,0.032421344405077566,50.16350526595523,0.8235021478889701
5001.77153187897,0.02243021933058928,72.91909784958419,0.5697275709969677
5001.772121247561,0.04186990276099998,81.76582484561303,1.0634955301293993
5001.772691403219,0.03055231422857904,68.78422184552932,0.7760287814059076
5001.772912949072,0.0121094076093827,15.295868497573515,0.3075789532783206
5001.77502438097,0.025534413682151345,90.90745615594749,0.6485741075266441
5001.77528191047,0.03444551445434261,83.05762752484982,0.8749160671403022
5001.776529004949,0.05172670716164123,86.63275919442934,1.3138583619056872
5001.777674544607,0.029843828322723625,110.56969022695448,0.75803323939718
5001.777826128209,0.022491649476147586,58.78864582016661,0.5712878966941486
5001.777843898488,0.04587199903131915,82.19363274368153,1.1651487753955063
5001.77898447326,0.0326461067106904,58.95057633745404,0.8292111104515361
5001.779993341584,0.0537163467489554,79.95036380878861,1.364395207423467
5001.782604319809,0.016923336997253572,56.362335377938365,0.42985275973024073
5001.782924223951,0.016431763798057945,75.44153692580657,0.41736680047067176
5001.788840323305,0.04671988614377414,103.0535009580412,1.186685108051863
5001.7915437771535,0.008352641436465249,125.77972702724972,0.2121570924862173
5001.792445069816,0.0337273512548925,94.67703975989392,0.8566747218742694
5001.7949708428205,0.0621120838500422,73.98127299711538,1.5776469297910718
5001.795120658728,0.026645090374225567,97.33096226341632,0.6767852955053294
5001.795734739016,0.006964853882191463,158.93748025824675,0.17690728860766317
5001.797734692504,0.033246593293328255,118.93974293483151,0.8444634696505376
5001.799114377186,0.0222161257388346,90.72642337715058,0.5642895937663989
5001.799250664053,0.02828673219149009,80.33330384115796,0.7184829976638483
5001.799682111043,0.035914989303904646,69.02504266283175,0.9122407283191779
5001.800870081643,0.03000295055349356,87.69709263845179,0.7620749440587364
5001.801083719508,0.05113958067737404,81.5760385367409,1.2989453492053007
5001.801131940869,0.045195516194594165,103.79054692823544,1.1479661113426918
5001.80122668299,0.020400183235777906,79.74161535908563,0.5181646541887588
5001.802671600024,0.04406867759621337,99.50182313759602,1.1193444109438195
5001.803731306519,0.037303529454110286,49.29936226578467,0.9475096481344012
5001.804429314228,0.04996270264363839,104.01256223462428,1.2690526471484151
5001.805162089801,0.02037802604689372,86.6799204205427,0.5176018615911004
5001.806638876283,0.04119732675901811,74.72634744604393,1.04641209967906
5001.809271400692,0.036748570025184925,96.31750576148963,0.933413678639697
5001.809773042606,0.047751579942864976,93.20782760894194,1.2128901305487703
5001.81306495221,0.04302275265484015,90.87839370991517,1.0927779174329397
5001.813424848384,0.03668734347197503,70.10563943600421,0.9318585241881657
5001.814289157595,0.029145752041520968,89.35155715795354,0.7403021018546325
5001.8145273947885,0.036128916128319616,103.49245062107912,0.9176744696593182
5001.816104668322,0.01363833128364515,105.19673128287585,0.3464136146045868
5001.816219151786,0.05477378664240864,73.9277831836056,1.3912541807171794
5001.8163589282185,0.015756492857525523,71.24953110121086,0.40021491858114827
5001.816746618393,0.028481667361354844,109.42718623361849,0.723434350978413
5001.81736826492,0.02945062283306237,45.88051245332868,0.7480458199597841
5001.817377055392,0.03623464259179066,36.97909259679408,0.9203599218314827
5001.8193344633255,0.04301853352269538,67.98476696958856,1.0926707514764626
5001.819991337599,0.024418379687078863,78.80607600454017,0.6202268440518031
5001.822473723718,0.04613489745182844,86.04515924531859,1.1718263952764423
5001.823740638857,0.017563803070132018,42.568126575761866,0.44612059798135323
5001.82444314665,0.0277654583928798,75.98865674459354,0.7052426431791469
5001.825455523442,0.041046812913570624,68.31998007596175,1.0425890480046938
5001.827423920648,0.07794925233154917,109.4954832561778,1.979911009221349
5001.830714890586,0.010580696706792472,112.47074067706465,0.26874969635252877
5001.830948071905,0.0604357691103372,83.14686160859355,1.5350685354025648
5001.831389043726,0.03269075215877518,83.7972963931759,0.8303451048328895
5001.834797445225,0.023337926666223016,44.46950340479432,0.5927833373220646
5001.83681365112,0.04481696061031856,89.87625611101141,1.1383507995020914
5001.837019510338,0.04683667587097281,100.21749619934153,1.1896515671227093
5001.840723703692,0.012255176310129193,109.19314640850708,0.3112814782772815
5001.841710656083,0.03342008751963519,93.21577395868036,0.8488702229987338
5001.842084448839,0.011282959656167345,-6.822509335885952,0.28658717526665056
5001.842221527629,0.039368846816809286,78.79366100567523,0.9999687091469558
5001.843310143894,0.02739709331580295,103.35682959337151,0.6958861702213949
5001.844016289552,0.04840664967035456,94.91847526749376,1.2295289016270057
5001.844115124894,0.01280966101851372,118.7297147242088,0.3253653898702485
5001.844320131434,0.024677503846312104,91.27059324336878,0.6268085976963274
5001.844350568064,0.016973436157364956,26.316717027715093,0.4311252783970699
5001.844591747199,0.040350848189943896,112.0561669787748,1.0249115440245748
5001.844925741361,0.06270601179412014,87.05324303376038,1.5927326995706514
5001.845724258094,0.016401972319239996,104.60347731024116,0.4166100969086959
5001.846074675107,0.02554598005363857,87.34238270124777,0.6488678933624196
5001.846132384162,0.023699667657062842,26.4185871709513,0.6019715584893962
5001.849650899902,0.04459594345750013,84.89650812414197,1.1327369638205032
5001.853623617781,0.02594257572246684,111.594195743521,0.6589414233506576
5001.8536864926355,0.028866451345702603,68.91155679285124,0.733207864180846
5001.854535358879,0.05356732935543625,69.2281418056238,1.3606101656280807
5001.854848709637,0.036995004876694416,100.96768417621648,0.9396731238680381
5001.8560835541275,0.02535301549288008,61.28298611975162,0.643966593519154
5001.856104412192,0.023011435630224154,70.11001958824772,0.5844904650076935
5001.856296893022,0.04017305973535435,93.25326000720025,1.0203957172780005
5001.856397186545,0.0344164333344688,82.05904668557613,0.8741774066955076
5001.858142933262,0.04615923561419039,75.44419049003093,1.1724445846004359
5001.858563176229,0.020411035074939736,62.62920901868796,0.5184402909034692
5001.858779021861,0.01702042324408043,109.10038113397285,0.4323187503996429
5001.859956644816,0.04932814078643206,86.5535538794947,1.2529347759753742
5001.860298427264,0.01953756861705364,71.422720645379,0.4962542428731624
5001.8603749963395,0.0244247194274384,60.45051691060756,0.6203878734569354
5001.8604358151815,0.028996211889371053,36.146472220708944,0.7365037819900248
5001.8622045323455,0.03485270559028116,72.92066360967328,0.8852587219931415
5001.864865984803,0.048506159632688624,100.85404534228074,1.232056454670291
5001.866744642972,0.01547746216482327,88.94580668852991,0.39312753898651104
5001.872785088398,0.05622641978803557,64.59597736695105,1.4281510626161034
5001.8741399386945,0.0533818214645056,79.75261398101321,1.3558982651984421
5001.874836197254,0.04141077348759705,121.32318215602731,1.0518336465849651
5001.875759505513,0.028132418498087702,32.00405431886439,0.7145634298514276
5001.876075759528,0.006585143662991589,111.8041652905386,0.16726264903998633
5001.878394144063,0.027303218454869868,59.96233092311753,0.6935017487536946
5001.878621103464,0.03806492841766002,96.7523665996854,0.9668491818085645
5001.880590492096,0.04067862335985148,67.04243177828894,1.0332370333402274
5001.880678236079,0.030561517854495988,102.91220157919692,0.776262553504198
5001.881837165038,0.021463077883439177,106.03240873070295,0.5451621782393551
5001.882649900301,0.024211729710047696,58.6031384791288,0.6149779346352114
5001.883872136878,0.0438334506553505,93.81216999593866,1.1133696466459027
5001.8842961173295,0.05017464207626705,72.97784300180393,1.2744359087371828
5001.884422520405,0.03631379660715898,92.07006370589917,0.922370433821838
5001.884965393285,0.01908376845336007,92.23832022274163,0.48472771871534576
5001.885614842173,0.0321907914084638,88.18987174540227,0.8176461017749805
5001.8921222049585,0.026174159582296977,127.09016614769924,0.6648236533903432
5001.892469550084,0.038510147750786594,108.92248373575072,0.9781577528699794
5001.894296903737,0.041857113912260095,85.16990874058146,1.0631706933714065
5001.896026775345,0.02171101741023584,41.343160782489214,0.5514598422199903
5001.8967353920825,0.03692067178323614,82.40654903280404,0.9377850632941979
5001.897500694119,0.045805815985930254,68.40877109487913,1.1634677260426285
5001.898334195113,0.02456887324600216,46.30842280852814,0.6240493804484548
5001.898959257343,0.028562478398947794,97.4824202184481,0.7254869513332739
5001.900986083434,0.030921103104512866,117.41123350607634,0.7853960188546267
5001.90162241107,0.02915671042347123,80.77114615946527,0.7405804447561691
5001.904506338507,0.04882436342452841,72.26911903154036,1.2401388309830215
5001.904886066352,0.03887722674722736,74.00156678612689,0.9874815593795748
5001.908481069381,0.010498555907746484,6.262029067461478,0.2666633200567607
5001.913651809726,0.04189385578862049,70.38496590970192,1.0641039370309604
5001.9163399871595,0.04237064441815643,106.18159065613108,1.0762143682211733
5001.91651818421,0.02261734565437888,67.50578632411504,0.5744805796212236
5001.916693339893,0.021045226142513303,68.20129175748605,0.5345487440198379
5001.9169053328915,0.02039244497722208,61.56353722552912,0.5179681024214408
5001.917198475833,0.037411987077926936,57.20589030850371,0.9502644717793441
5001.919296268508,0.0440822922847329,51.845970876770814,1.1196902240322155
5001.920292953824,0.020550283631274383,72.4636279951845,0.5219772042343693
5001.920956174416,0.026133404005826432,85.25782746184305,0.6637884617479913
5001.921261012281,0.03554548980049454,84.59198529010179,0.9028554409325612
5001.921438100088,0.04218610777145548,81.95099523168545,1.0715271373949693
5001.92178735145,0.0108678933023243,82.16842363124687,0.2760444898790372
5001.921973490866,0.05076441743980963,81.84142801204588,1.2894162029711647
5001.923758648092,0.026662424335103026,66.7565108630841,0.6772255781116168
5001.925116734797,0.04783389155435432,89.93839475930478,1.2149808454805997
5001.926422008964,0.034833679123094305,67.33747130556014,0.8847754497265953
5001.927052180287,0.03309268112768865,118.76544816858593,0.8405541006432916
5001.927193476944,0.058570962577752704,101.32141216973912,1.4877024494749187
5001.92719591243,0.025971496778779368,91.82721418540173,0.6596760181809959
5001.928211074442,0.05603153128540474,62.71009266752699,1.4232008946492802
5001.928933362136,0.050224700737033515,91.5612038021116,1.2757073987206513
5001.931908614898,0.039095821474250766,81.27042298627337,0.9930338654459694
5001.934403768074,0.025792676301700176,55.27174675434216,0.6551339780631844
5001.934692827246,0.028670514177219844,107.5245550671909,0.728231060101384
5001.937259728082,0.03961702043268049,84.94378689198285,1.0062723189900844
5001.937666689857,0.024278749965568225,50.47732602111485,0.6166802491254328
5001.938671764512,0.02758933893041349,66.60661883225897,0.7007692088325026
5001.9394021883645,0.011444765978525387,122.74867956635252,0.2906970558545448
5001.941312673638,0.02967010656122839,87.93783478186796,0.753620706655201
5001.94140340931,0.01605523828837136,81.79018875921358,0.40780305252463256
5001.9456757642665,0.05172040608492452,70.54887235001112,1.3136983145570829
5001.94659022183,0.04671357892083871,78.49724041181574,1.1865249045893032
5001.950431165908,0.05942223135221467,80.50872572087427,1.5093246763462527
5001.951925279325,0.02135603233650371,61.87677563393489,0.5424432213471942
5001.952241377049,0.024772244695374892,72.9878023306412,0.6292150152625222
5001.952806373868,0.033800796625188985,108.6353458419366,0.8585402342798002
5001.953032185968,0.021627032278494527,82.77534580856174,0.549326619873761
5001.953245115364,0.020730239889117395,51.85917134980111,0.5265480931835818
5001.954302924217,0.05256200497689512,105.38422440612077,1.335074926413136
5001.9543706859595,0.021678092622231807,78.13466003346973,0.5506235526046879
5001.955624019266,0.02533382494271943,90.62129406680616,0.6434791535450736
5001.955731079616,0.038429014295160234,91.71310471243778,0.9760969630970698
5001.956919420633,0.022914901175904664,80.14098330253944,0.5820384898679785
5001.957954544009,0.02073775453419637,96.31873447727325,0.5267389651685878
5001.960818367828,0.03370142610813675,80.5197668673635,0.8560162231466734
5001.961016769221,0.02614109941602504,39.57737551530639,0.663983925167036
5001.964936076595,0.03243687174084093,69.80995291660444,0.8238965422173595
5001.964975231612,0.04343543643034613,91.71407784945087,1.1032600853307917
5001.965799620403,0.01304937085649518,107.29462155500288,0.33145401975497757
5001.966583550737,0.033395951378580126,103.9755244011484,0.8482571650159352
5001.966835105967,0.034691948840220754,107.38635982055344,0.8811755005416071
5001.96834299494,0.03884057792828901,67.565990981663,0.9865506793785408
5001.969564520814,0.005581944497129856,54.26380031262144,0.14178139022709832
5001.970581145933,0.028810790254838518,58.85854830698368,0.7317940724728983
5001.970885646147,0.03128167217967556,57.92767344046782,0.7945544733637593
5001.9714156401615,0.037868328343884566,56.17459270976548,0.9618555399346679
5001.971514898312,0.030638414349764647,89.48172125672295,0.778215724484022
5001.9726993372415,0.02956471280959912,100.05298018754031,0.7509437053638176
5001.973079180623,0.023102562653252823,99.97756987054896,0.5868050913926217
5001.974472763386,0.018479804400090213,39.48529693167623,0.4693870317622914
5001.975880518645,0.001559665294006462,65.15479280517556,0.03961549846776413
5001.977085331311,0.046244064182830766,98.34441890731615,1.1745992302439014
5001.977109088137,0.033579187621559266,83.02007588250783,0.8529113655876053
5001.977319640344,0.027516517854708614,39.92908147819846,0.6989195535095988
5001.978303199264,0.030152693436261164,64.7090331486807,0.7658784132810336
5001.980965367861,0.03690042127758489,63.77589222334704,0.9372707004506561
5001.981108270516,0.04063315907923453,67.06802609101686,1.032082240612557
5001.984325016474,0.024092768339030728,87.28251243825667,0.6119563158113804
5001.984642733099,0.016790145660835736,84.3914768004086,0.4264696997852277
5001.985085969041,0.03748739402108156,96.85377777146317,0.9521798081354715
5001.985766703017,0.06529387862246322,76.91458973392275,1.6584645170105656
5001.988078513713,0.034244112501106545,73.08770123484146,0.8698004575281062
5001.989014604468,0.019128965679958553,116.80146864562316,0.4858757282709472
5001.989911178686,0.023451117664437124,107.13462313141132,0.595658388676703
5001.991323235953,0.022978534273073368,94.74320365718104,0.5836547705360635
5001.992790256833,0.03383866034880562,70.66046013950861,0.8595019728596628
5001.994902699556,0.0307757828251244,102.37594517641904,0.7817048837581597
5001.996679517739,0.02947978177186967,88.37874188292675,0.7487864570054895
5001.99693586414,0.0430099141554562,84.12854608628578,1.0924518195485875
5001.999057172586,0.04757998469896924,87.73490349749937,1.2085316113538187
5001.999154565167,0.01175274154464054,37.4264656104855,0.2985196352338697
5002.000108814147,0.04136384548873678,110.82349085330232,1.0506416754139143
5002.000513729851,0.03734398332334564,78.22325228492068,0.9485371764129792
5002.001232370277,0.03165959756462429,64.9958849661307,0.8041537781414569
5002.001605081688,0.030686243839399087,48.7887033347867,0.7794305935207367
5002.002142474816,0.04436996494399026,76.26847298242156,1.1269971095773526
5002.002146122227,0.047080623922316045,108.26202457429127,1.1958478476268275
5002.0022241637935,0.03904646238222951,29.188359780725406,0.9917801445086295
5002.002776505222,0.0161954848395161,142.1082980351848,0.41136531492370887
5002.003360737192,0.07714228320252865,91.9238430940678,1.9594139933442276
5002.003516938926,0.03714839449695119,54.4804815652045,0.9435692202225602
5002.004227746124,0.04441121836008637,81.32959937447555,1.128044946346194
5002.00591134402,0.03692759709356972,112.98843493074156,0.9379609661766709
5002.008344412286,0.05455103115449551,83.47279311609347,1.3855961913241859
5002.009132376711,0.016084114031487674,98.1097762722718,0.4085364963997869
5002.00920428514,0.034756629995067255,69.37823068437555,0.8828184018747083
5002.014404035388,0.02469721044475812,107.12551973881612,0.6273091452968562
5002.01529371496,0.04142521508591269,84.12049606813792,1.0522004631821822
5002.016936004457,0.04699884344962383,71.58781985173329,1.1937706236204453
5002.019874518648,0.024788026030490434,65.91591585367867,0.629615861174457
5002.022036846921,0.04061075734323512,106.08474811087036,1.0315132365181718
5002.022855792246,0.03688826572203754,122.44796347454712,0.9369619493397534
5002.023768159491,0.01820392618682637,92.80682992997853,0.4623797251453898
5002.0242306262635,0.015424161215591472,90.97154775098576,0.39177369487602337
5002.0242932520705,0.04180421326054241,71.25661951726913,1.061827016817777
5002.025020142376,0.030415281686465782,123.1877477757058,0.7725481548362308
5002.026083869057,0.009651937683688017,27.995609925061586,0.24515921716567562
5002.026639264675,0.02885024166389421,32.08150346416782,0.7327961382629129
5002.02842346549,0.03845198819111503,61.63608912656522,0.9766805000543218
5002.028671332082,0.029182958398448044,71.27576252639845,0.7412471433205803
5002.030339254386,0.01685716605981161,86.57159767486255,0.4281720179192149
5002.030390191314,0.02668183874521829,136.15430411073797,0.6777187041285445
5002.031756827884,0.029007713650459926,88.78918011386067,0.736795926721682
5002.032669145041,0.05353161738349446,79.62050414762261,1.3597030815407594
5002.033215570149,0.041947090840552426,90.2471150293326,1.0654561073500315
5002.033590395987,0.04153103468355392,78.69733980417632,1.0548882809622695
5002.035441479759,0.02973939941874184,115.91300820750637,0.7553807452360427
5002.036532731282,0.026438410982192705,111.28446927885408,0.6715356389476946
5002.03662572822,0.03893153918120042,100.43555681659105,0.9888610952024905
5002.036797443375,0.03363213961641796,69.82731480889436,0.8542563462570161
5002.037255497675,0.03321568187357075,65.53095475028073,0.843678319588697
5002.037316698603,0.019527647926526562,70.17738247975448,0.4960022573337747
5002.038679152225,0.020145442446021473,41.13623826911485,0.5116942381289454
5002.039351079907,0.02313884584086149,84.85577194358339,0.5877266843578818
5002.039517488497,0.04278048961425546,89.54222577876457,1.0866244362020885
5002.0410460838575,0.03307428010510375,86.8540872690545,0.8400867146696352
5002.042144657951,0.0332071706512664,71.74872783004353,0.8434621345421666
5002.042449895779,0.03375023140883433,49.03636716714234,0.857255877784392
5002.0432833769355,0.015322481333208187,30.805266474017532,0.3891910258634879
5002.04451718852,0.060148040028084285,97.04967891382843,1.5277602167133408
5002.045027393333,0.015570317143812292,102.7927885903985,0.3954860554528322
5002.04774361622,0.025265895067143915,75.52937462930282,0.6417537347054554
5002.050651428199,0.05982706096457695,69.71958443942394,1.5196073485002544
5002.051269503165,0.012986965618545097,88.78674441304176,0.32986892671104545
5002.051692943094,0.028430153267554648,55.15381188730974,0.722125892995888
5002.052026295272,0.034549356111901824,70.81183374964363,0.8775536452423063
5002.052269701888,0.016783758182018122,83.8638964023066,0.4263074578232603
5002.052386433248,0.04025250490857023,103.79456351032348,1.0224136246776838
5002.052398257201,0.029586044120929463,46.07563275508661,0.7514855206716083
5002.052431287531,0.03727281738686539,108.56375253285172,0.9467295616263808
5002.053961764901,0.02234050474393929,50.41836903468297,0.5674488204960579
5002.054704101207,0.04416622000466268,81.12484327535154,1.121821988118432
5002.055292327617,0.037941160165471846,62.875918469206525,0.9637054682029849
5002.05670902635,0.02947754649245304,76.54472685709912,0.7487296809083072
5002.0579281094,0.040491639959218687,66.284214118907,1.0284876549641546
5002.058201200251,0.029196363249505967,82.49342395559769,0.7415876265374516
5002.0592265164205,0.019657529872008788,53.91089826741595,0.4993012587490232
5002.059947153024,0.03738028980157232,124.62392691316508,0.9494593609599369
5002.060249930743,0.04920974907887727,64.00678167465928,1.2499276266034827
5002.06147489122,0.019232429554230903,80.2120946006783,0.4885037106774649
5002.062173954596,0.04283893332300767,84.93331792121526,1.0881089064043947
5002.065624544332,0.02565713463383737,55.256593102602594,0.6516912196994692
5002.066689834993,0.026669590969611155,58.04615672022963,0.6774076106281233
5002.070193959881,0.03629345928661364,86.0684116467208,0.9218538658799865
5002.07034466193,0.02950461828445153,89.42748805724455,0.7494173044250688
5002.071250129264,0.028199770699498854,95.80830217288609,0.7162741757672708
5002.072966379161,0.02911585777885627,95.27740263178461,0.7395427875829492
5002.074076569103,0.05044551678436402,67.86471926206697,1.281316126322846
5002.074325666924,0.046944183723768906,95.13953423435261,1.1923822665837303
5002.075958052659,0.01915421875858456,60.75905040600484,0.48651715646804783
5002.076947172024,0.0431526695555628,82.74035096565719,1.096077806711295
5002.0797799696165,0.029022941266933448,85.20411714883235,0.7371827081801096
5002.079839701907,0.025711361190278535,97.27855966080787,0.6530685742330747
5002.080524455878,0.03718956196214566,80.89899884470125,0.9446148738384996
5002.082087093723,0.019102740701329224,60.40616802865552,0.48520961381376226
5002.0821595464895,0.027888591276338755,78.01449286366329,0.7083702184190044
5002.082377032215,0.03195855035270826,108.36237457160561,0.8117471789587898
5002.0831299580495,0.028323760494984772,102.03930298716756,0.7194235165726132
5002.083553237444,0.017807028894536357,97.8162077533109,0.45229853392122343
5002.084371386589,0.024267911339543053,96.68044538823882,0.6164049480243935
5002.084488024629,0.01961156122856309,66.99388367480061,0.4981336552055025
5002.087069133038,0.0055264703347812204,175.82311238763623,0.140372346503443
5002.08886017128,0.05630677668572343,81.74473946800772,1.430192127817375
5002.08943940392,0.01977685582685289,62.33077896025307,0.5023321380020634
5002.089906614858,0.013343347143489476,77.97684678413437,0.33892101744463266
5002.090866224585,0.03177287436763138,80.54785388710538,0.8070310089378371
5002.092460187094,0.03979535729582019,89.56186277013198,1.0108020753138327
5002.092628551883,0.0205029754365496,75.7738508956158,0.5207755760883599
5002.092885545179,0.02640926302628943,73.70848974027139,0.6707952808677515
5002.093131449198,0.037728705951208,89.34166865205778,0.9583091311606832
5002.09624647159,0.017513690610114853,48.28275559157614,0.44484774149691725
5002.096679845447,0.03765766796687409,70.4985788467499,0.9565047663586017
5002.097152075713,0.04061039131209949,73.90674928296859,1.0315039393273269
5002.097337745199,0.03285155344287803,83.23993048452901,0.8344294574491019
5002.097906176413,0.03902280338941201,74.9162440057393,0.991179206091065
5002.098018817889,0.03439543283860416,83.68391686780126,0.8736439941005457
5002.099496618824,0.04901823034548693,94.0023389625947,1.245063050775368
5002.09998836596,0.035121780276853365,75.47489954847401,0.8920932190320754
5002.100999550539,0.009321593360261156,104.1072630742334,0.23676847135063334
5002.101712584052,0.038145116136816,57.30504209146466,0.9688859498751264
5002.102138957087,0.012272695098155208,30.39720625508556,0.31172645549314226
5002.102240069391,0.03252547500661069,85.85888583413661,0.8261470651679115
5002.102951464672,0.03540293676167516,52.26556289348397,0.8992345937465491
5002.104201401182,0.03589601625693696,65.34272071562368,0.9117588129261988
5002.108068866981,0.04622555583962039,89.57985332561586,1.1741291183263578
5002.111654779438,0.046234681852080975,104.17542665389796,1.1743609190428568
5002.112365755153,0.03129729267134423,83.23695591487913,0.7949512338521434
5002.11357746944,0.04702931381085832,97.47555682575585,1.1945445707958013
5002.114350344845,0.05370434026944716,88.71449647907131,1.3640902428439579
5002.115404239432,0.026648780604049016,64.61733590122608,0.676879027342845
5002.119951787834,0.04473102519325496,62.21487961549934,1.136168039908676
5002.1201906408405,0.04118944833982702,80.3196089769103,1.046211987831606
5002.124755526222,0.03778735064200128,46.26632789854258,0.9597987063068325
5002.126354510582,0.04278949688328471,89.75081835394577,1.0868532208354316
5002.127177521384,0.013397718426081033,13.479702401254237,0.3403020480224582
5002.128986049994,0.03585519549886905,70.96066614426097,0.9107219656712738
5002.129527648485,0.04639641017413749,94.75903263056291,1.178468818423092
5002.130140972324,0.03137336851551461,89.85966974210102,0.796883560294071
5002.132218477345,0.04688613731060218,67.10645654284306,1.1909078876892953
5002.133280418412,0.03844747709353651,65.68803375947415,0.9765659181758274
5002.134321232864,0.015012177616907443,87.55216417967343,0.381309311469449
5002.135675454434,0.03519403992614323,85.95765510328937,0.8939286141240379
5002.138971787332,0.03077143709890649,75.78076126632385,0.7815945023122248
5002.140025268567,0.04989020521518711,95.08186224639933,1.2672112124657526
5002.141656697128,0.005954738653241818,84.92561612086045,0.15125036179234216
5002.1434720366,0.017293899749240633,71.08725665021021,0.43926505363071205
5002.144530890412,0.020731969208140504,102.75812307492681,0.5265920178867688
5002.145081581688,0.03698060672775712,116.3317651862768,0.9393074108850308
5002.145227333886,0.026600934533648837,86.39623621919715,0.6756637371546804
5002.146413013672,0.034253459259680916,64.62397850076759,0.8700378651958952
5002.147068115969,0.013402422300886936,87.88866817469889,0.34042152644252816
5002.149195907692,0.03881895128875596,80.85938733056555,0.9860013627344013
5002.15022250865,0.02042961539107071,82.23614725367337,0.5189122309331959
5002.150664230141,0.038672306509024736,57.45504337967601,0.9822765853292282
5002.152046518571,0.027104110208705148,78.10948142047906,0.6884443993011107
5002.15205273821,0.02736962410794949,70.85771284892485,0.695188452341917
5002.15565727489,0.040743404479719685,69.04568085000062,1.0348824737848799
5002.15714029243,0.03533722776998368,18.952618649998957,0.8975655853575855
5002.158105017164,0.035071670512469046,101.69711674311333,0.8908204310167137
5002.1623381427,0.03954697760841262,107.93005968047292,1.0044932312536805
5002.164053069826,0.014316355988355851,19.143267658147455,0.3636354421042386
5002.164509585848,0.009068532074623789,79.95030641325022,0.23034071469544423
5002.167220592957,0.006250469414071462,14.133841766084435,0.15876192311741513
5002.167681498001,0.023403907701766053,81.07362036780675,0.5944592556248577
5002.1695271991675,0.019430500649666088,100.60573970811107,0.4935347165015186
5002.1710160090315,0.025740251408921132,88.4513323570887,0.6538023857865967
5002.174352062391,0.028232102445494928,91.03097062315376,0.7170954021155711
5002.175328846465,0.016591968460218424,37.80117497776108,0.42143599888954797
5002.175748394531,0.03860581718542717,90.691026058347,0.98058775650985
5002.178572374504,0.0432400351910766,83.05329186096188,1.0982968938533457
5002.178790658299,0.023880873611377543,66.70479280144943,0.6065741897289896
5002.179761771105,0.0527896301339954,68.58680316081133,1.3408566054034832
5002.180206840278,0.02923130864882137,108.1828037663774,0.7424752396800627
5002.180503380252,0.048279291267261736,83.53861115978715,1.226293998188448
5002.182937139889,0.019106689426216624,69.58638501736593,0.48530991142590224
5002.183528513728,0.022385170491851767,115.08748391973936,0.5685833304930349
5002.183679810795,0.026983741799441505,101.7091180630026,0.6853870417058142
5002.183934022131,0.02862435882268709,98.37273741085478,0.7270587140962521
5002.184013820613,0.032473176594854415,107.12628425451152,0.8248186855093022
5002.186898855976,0.03444188701929392,70.67053819517686,0.8748239302900654
5002.189311349111,0.042715711106236655,88.81021589684465,1.084979062098411
5002.191725794352,0.03274059633474852,101.55660995560716,0.8316111469026123
5002.194179056798,0.03750731604234094,57.35086090424331,0.9526858274754598
5002.194465965084,0.021764946926048506,94.27477413344641,0.552829651921632
5002.195123077162,0.04231849950706224,96.55691282974892,1.0748898874793809
5002.19605194706,0.04775974688487331,85.7365072157048,1.213097570875782
5002.196313105385,0.03098618725831847,80.2949657607514,0.787049156361289
5002.196957449532,0.04387867887529042,75.87704596679448,1.1145184434323767
5002.197080605931,0.014524714755781995,50.32086520094192,0.3689277547968627
5002.198140900329,0.034921410563937036,92.13208167537599,0.8870038283240007
5002.1982419942915,0.029922268731550256,83.4555227674299,0.7600256257813764
5002.198979918252,0.04716809588824237,78.22427811217861,1.198069635561356
5002.199085707437,0.03959831726036973,69.98059408617769,1.005797258413391
5002.202836303031,0.017827936437169047,69.8685755879725,0.45282958550409375
5002.203606439867,0.033736902838832294,68.31259481126419,0.8569173321063402
5002.204650400877,0.03742035922809456,98.55756823257107,0.9504771243936017
5002.205043061279,0.04639605914575574,75.52099391870624,1.1784599023021955
5002.205944101453,0.03342150501538432,97.1459290693736,0.8489062273907617
5002.206025808943,0.043800730659259046,97.51744361321394,1.1125385587451797
5002.207797475936,0.039449169709177966,109.97109624189488,1.0020089106131203
5002.207871686564,0.04070484417957994,77.14906615196381,1.0339030421613304
5002.208508711597,0.03858701333600325,77.54322103229758,0.9801101387344825
5002.208527622806,0.03695111713357306,76.47617493968662,0.9385583751927556
5002.208766193878,0.05401596326769224,90.10976914899523,1.3720054669993826
5002.209733670608,0.024429317924432044,83.57521144454057,0.6205046752805738
5002.209735362601,0.012695530022976131,39.49633913719692,0.32246646258359374
5002.211096757464,0.04248082603552112,93.72073851511168,1.0790129813022364
5002.211675496887,0.027409674986965452,80.8125462063111,0.6962057446689225
5002.21336358147,0.03135340097240993,114.82448229056116,0.7963763846992121
5002.213609516596,0.022644512811580073,55.987448290477424,0.5751706254141338
5002.214608731263,0.02777721963753592,37.94204989477473,0.7055413787934123
5002.216054112348,0.0383770935672948,74.77691290895379,0.9747781766092879
5002.217149968997,0.02668640046299512,104.84870595911369,0.677834571760076
5002.219147167378,0.014002459919250093,27.504202831812023,0.35566248194895234
5002.220068057346,0.03879468870760873,98.02068214751843,0.9853850931732616
5002.224526993987,0.028149938155712807,97.2862561511618,0.7150084291551052
5002.228255150119,0.026096020621279702,66.7515808502492,0.6628389237805044
5002.22825815632,0.03442597420244154,39.978444118128365,0.8744197447420151
5002.2294873683595,0.03191945712289633,84.78768937815308,0.8107542109215667
5002.229672455022,0.017716797612699748,118.94423221839808,0.45000665936257356
5002.229836467165,0.05660970864118821,100.8228068135508,1.4378865994861805
5002.231528211752,0.02334995871454312,80.63867323484942,0.5930889513493952
5002.232803112624,0.031243243208954743,53.65166461468682,0.7935783775074504
5002.23436863106,0.013153944598276877,94.24224691878419,0.33411019279623266
5002.234423504362,0.051721428793878976,65.11333357740321,1.313724291364526
5002.23478876538,0.0316652584112979,71.29042235739442,0.8042975636469666
5002.2383920463535,0.032732610321318946,89.7866987920133,0.8314083021615012
5002.24047923333,0.029125008140995848,77.65792183533392,0.7397752067812945
5002.241328622013,0.03182903527535948,108.02784363173711,0.8084574959941306
5002.241636156964,0.03395541616606597,57.31902079466226,0.8624675706180756
5002.243465573333,0.03596349589829142,77.62873260033719,0.913472795816602
5002.243710594293,0.009261221403076936,107.77113845540504,0.23523502363815418
5002.24553678075,0.03231524285829307,73.14626122442544,0.820807168600644
5002.2456639399325,0.012936440793680675,123.10894327490344,0.3285855961594891
5002.246552863172,0.03527951104916001,78.79164619924586,0.8960995806486641
5002.246723179267,0.05291922699541091,99.99841318595023,1.3441483656834372
5002.249703938018,0.03273311547470772,62.50313640493248,0.831421133057576
5002.25164507822,0.032833286990799175,54.95731955345603,0.833965489566299
5002.251849478102,0.025982779300758613,57.31318232810074,0.6599625942392687
5002.2535452913235,0.050741139302433645,103.86839658891378,1.2888249382818144
5002.254545322028,0.04344032634603473,90.83119326529393,1.103384289189282
5002.2594966646175,0.02829043456357316,91.58791388134841,0.7185770379147582
5002.260693936078,0.015395220027838656,1.7065843602898043,0.39103858870710184
5002.260810366022,0.02774677721312314,94.09539008061942,0.7047681412133278
5002.261046204016,0.025790917753115764,57.69577729904085,0.6550893109291404
5002.262502226386,0.030280447792740486,59.487574047627575,0.7691233739356083
5002.262855835459,0.0028551626001275103,102.11468417458111,0.07252113004323876
5002.264229973172,0.04357916498021116,72.7983528874134,1.1069107904973634
5002.264781658314,0.04938227307496824,82.7457873712355,1.254309736104193
5002.265220069316,0.03744469081216808,64.83208011505818,0.9510951466290691
5002.270380329736,0.012581791767729653,82.89659954709917,0.31957751090033315
5002.270967883833,0.025379233630674822,63.17414425023191,0.6446325342191405
5002.272243889371,0.025637213725829652,72.73442869660698,0.6511852286360731
5002.272394842137,0.024826784372987475,39.28419767203008,0.6306003230738818
5002.272736138672,0.02249578945901938,125.96287051822064,0.5713930522590922
5002.273513746737,0.023104477445563296,108.33128129311245,0.5868537271173077
5002.274233870207,0.04548555321873306,68.21889309471017,1.1553330517558196
5002.27753544999,0.0258333358409994,76.77761269017901,0.6561667303613847
5002.277639100036,0.011602486528155122,113.84781608015923,0.2947031578151401
5002.279070192981,0.03648525238087917,96.92547614179665,0.9267254104743309
5002.28091872925,0.03093008930597404,79.09461752380244,0.7856242683717405
5002.281222722002,0.022151690714430294,111.24611212281468,0.5626529441465294
5002.284469768497,0.03349916769133752,90.2449245791075,0.8508788593599729
5002.284626343384,0.029778295585549855,69.46004840875584,0.7563687078729663
5002.286701174929,0.00923536483099217,-58.55123430470008,0.2345782667072011
5002.2868481207015,0.04543196027203237,78.58771631754115,1.153971790909622
5002.288705911195,0.04257960375560706,48.78614234095631,1.0815219353924193
5002.2902831963565,0.024992896238940215,64.84618199140758,0.6348195644690814
5002.295396216965,0.034774755390598704,112.20287217827554,0.883278786921207
5002.295894492279,0.023870891542789797,87.76325911817024,0.6063206451868608
5002.295992337954,0.02355489989403761,104.97052478868156,0.5982944573085552
5002.29671674396,0.027466152511919095,17.417238882124366,0.697640273802745
5002.2981287107195,0.013498156859905722,75.93863253622706,0.3428531842416053
5002.2990851777295,0.02149243479256221,67.06303060626597,0.5459078437310801
5002.301674668599,0.049551872615649126,76.38387647575861,1.2586175644374877
5002.302979294755,0.007070660971049101,83.82886990719204,0.17959478866464715
5002.303842738964,0.026160539160708988,67.11684006986239,0.6644776946820082
5002.305344205136,0.03843274915901944,56.66433847540699,0.9761918286390937
5002.306932702168,0.012830130515549204,53.84300857994316,0.3258853150949498
5002.307407936942,0.03701768924916472,82.21470250780638,0.940249306928784
5002.307424199686,0.043074556019644994,66.55850591887726,1.0940937228989829
5002.3103737528145,0.04626259969966773,97.30599541563305,1.1750700323715602
5002.310865259898,0.03447650741130957,93.55196396171428,0.8757032882472631
5002.311348034137,0.0235573584299798,18.66199380215337,0.5983569041214869
5002.312095066679,0.024442731459707354,74.76780539878227,0.6208453790765668
5002.316109148032,0.04658198582977416,90.0370980760611,1.1831824400762636
5002.316337082089,0.031821506563353225,99.50178317894733,0.8082662667091719
5002.316636047399,0.05129542628190108,92.44382863158296,1.3029038275602873
5002.317764410026,0.015016008825583198,36.88055595879638,0.3814066241698132
5002.317889836366,0.017864982188251204,43.88253646385362,0.4537705475815806
5002.318955044824,0.044813923307272026,95.51381932116122,1.1382736520047094
5002.3195138851725,0.018308565924495514,72.07269824770077,0.465037574482186
5002.3201104697455,0.04759902509990672,67.60211334880087,1.2090152375376306
5002.320654699589,0.016646135990863373,70.23101405677544,0.42281185416792966
5002.322271704838,0.02271356102625068,87.24187036449163,0.5769244500667672
5002.323420650453,0.04152563740627894,88.92651115575217,1.054751190119485
5002.326032895408,0.019429543484518523,39.013666587876926,0.4935104045067705
5002.327059897886,0.016708795809152095,66.87235552493625,0.4244034135524632
5002.327134461729,0.03756422064786356,120.1482634970204,0.9541312044557343
5002.328165589644,0.019823741460143776,80.11492516677858,0.5035230330876519
5002.329388482536,0.03301330958651384,91.71422231025888,0.8385380634974515
5002.331179784693,0.0074375670705871585,42.495113910896,0.1889142035929138
5002.331796647336,0.01682351995310508,135.97149683382602,0.427317406808869
5002.33182037197,0.030026441343384856,55.808342313362026,0.7626716101219753
5002.336068131233,0.03061395701258372,57.366758412625856,0.7775945081196264
5002.337202876824,0.02496979611281596,60.52965201439162,0.6342328212655254
5002.339027066078,0.012134069979128984,-15.23407606455132,0.30820537746987614
5002.339361324822,0.027181300412049303,97.72418266840432,0.6904050304660523
5002.339985476401,0.027058957975849007,76.99820392879705,0.6872975325865648
5002.344210203391,0.011183602767611373,45.48305693681374,0.28406351029732885
5002.3442830401,0.03734833610612069,80.49076823858654,0.9486477370954655
5002.345165678997,0.013737650384232396,48.80360425715399,0.34893631975950284
5002.348180018995,0.027697437170120826,79.6359028851115,0.7035149041210689
5002.348212352393,0.048680573281653546,74.35076557112673,1.236486561354
5002.348520865065,0.03338663781384619,83.47036104613004,0.8480206004716931
5002.35089893887,0.026591041145268165,98.59778924135713,0.6754124450898114
5002.354091662177,0.030801774893966287,76.2092915737826,0.7823650823067436
5002.354644195406,0.017690011898363302,90.90452035339356,0.44932630221842784
5002.355570426388,0.022969653848183537,85.531536746872,0.5834292077438618
5002.357213357175,0.03614442833854077,54.68978718996205,0.9180684797989356
5002.358589970783,0.048243738983113967,99.02002818916456,1.2253909701710948
5002.360381406464,0.015621274442370011,-20.45503576363369,0.39678037083619827
5002.361503192316,0.05918529205973704,76.19150188781286,1.5033064183173208
5002.361848264518,0.03276436814744152,65.25280384334208,0.8322149509450145
5002.361964168724,0.007000100531983685,17.314681812455643,0.17780255351238558
5002.362525381988,0.02620792877729388,53.8931945076286,0.6656813909432645
5002.363417665763,0.023297701787733566,78.97514025431947,0.5917616254084326
5002.363544504968,0.047741121520375754,101.75142166624184,1.2126244866175442
5002.365705881308,0.036399127912788126,67.14350791977174,0.9245378489848184
5002.367534878724,0.02922269004103845,82.5888242892484,0.7422563270423765
5002.367761463192,0.006546170607010245,56.05392644236034,0.1662727334180602
5002.371683756504,0.027095354159827195,53.036802915797686,0.6882219956596107
5002.373564090415,0.03105742849304336,52.33981318715772,0.7888586837233014
5002.376764917945,0.02243455662296577,68.48827829325829,0.5698377382233305
5002.3768273214355,0.03169936144649019,92.88847633015112,0.8051637807408507
5002.380078946059,0.0451016042628699,93.61853730757709,1.1455807482768954
5002.380545710475,0.029588878767900274,54.795907620397834,0.7515575207046669
5002.38132647698,0.013766951944074712,57.9674161697908,0.34968057937949765
5002.381636620653,0.028640767853384673,87.24551844758386,0.7274755034759707
5002.383563964819,0.009283070325016749,96.95482951447028,0.2357899862554254
5002.385484980602,0.013441648757917339,94.74492020780728,0.3414178784511004
5002.386142225843,0.03715989385400988,74.73123421186317,0.943861303891851
5002.387343247389,0.01619633914315564,79.79511608603728,0.41138701423615326
5002.389831877576,0.03273972928536141,88.98603496562141,0.8315891238481797
5002.39072771535,0.030935988190074655,85.86105380722967,0.7857741000278962
5002.393234790327,0.03991162358235066,77.43822568680913,1.0137552389917068
5002.394551196467,0.04667188904055535,84.06701538075123,1.1854659816301059
5002.397353365172,0.030311270453589403,97.29940548269936,0.7699062695211708
5002.399432810952,0.03143760871968715,88.72360330557859,0.7985152614800536
5002.399837275672,0.049531439344293146,79.76806288257828,1.2580985593450458
5002.401020191256,0.024516765140370943,100.800418041245,0.622725834565422
5002.401768538195,0.018273477074144423,96.59205138346972,0.4641463176832683
5002.402847637944,0.016021122288101073,87.55870321291475,0.4069365061177672
5002.403159904628,0.039417413994214,55.527850425769614,1.0012023154530356
5002.404073916041,0.04710128846571702,74.68188051175238,1.1963727270292122
5002.4048036638405,0.049998088438284655,80.2435782048923,1.2699514463324302
5002.404848542225,0.030602664959577686,86.79151513888927,0.7773076899732732
5002.405375118009,0.013728367585719143,86.5634218245658,0.34870053667726625
5002.40563692496,0.04050341004215549,80.82326802003038,1.0287866150707494
5002.405672112896,0.031776934686415126,32.415115746197635,0.8071341410349442
5002.405705528696,0.03667768299885376,90.5995666416458,0.9316131481708855
5002.407223429058,0.039352290195516795,86.3286515207275,0.9995481709661266
5002.408151047141,0.03543035784431304,91.38350852618865,0.8999310892455511
5002.411209516227,0.02439420133465261,39.35785306379885,0.6196127139001762
5002.411483684344,0.0259844439288783,123.08618878151393,0.6600048757935087
5002.411991582886,0.02824114515193701,98.80737812396225,0.7173250868592
5002.412435857693,0.0174421952549463,65.73581010819626,0.443031759475636
5002.412473671344,0.055553751559326806,96.6615835139015,1.4110652896069007
5002.412920204386,0.04846264565101555,93.28189599579882,1.230951199535795
5002.413591353952,0.023220147954895503,81.79735532868003,0.5897917580543457
5002.414760171476,0.016622050679120454,121.87117922403372,0.4222000872496595
5002.415430199868,0.005004449804694699,87.96713298874323,0.12711302503924535
5002.416683235262,0.04624966910773182,103.52686668247019,1.174741595336388
5002.416751353294,0.026863173782857668,91.7347029567279,0.6823246140845848
5002.417152160943,0.01784259056967823,81.23738019888042,0.453201800469827
5002.418130084463,0.05524239505976385,74.84813250654972,1.4031568345180019
5002.418969519947,0.030206745555066316,99.4408510764836,0.7672513370986844
5002.419888998795,0.04318894071806727,89.65294305437834,1.0969990942389085
5002.420475753799,0.05128162898310814,90.74150485892717,1.3025533761709467
5002.420574385221,0.052471947626178565,101.68854006841714,1.3327874697049356
5002.422007244679,0.03874648389486512,66.22945371826292,0.9841606909295739
5002.4221967004,0.018870759312871296,115.6497808958718,0.4793172865469309
5002.42287598272,0.03310555442231201,75.1774648490183,0.840881082326725
5002.423091589601,0.03373953055450553,103.04514502229397,0.8569840760844404
5002.423552835184,0.03701850417505744,96.74761291163088,0.9402700060464589
5002.423624651808,0.01701886388674492,57.12671181270798,0.4322791427233209
5002.424134548709,0.026215103895803532,123.7794493797928,0.6658636389534097
5002.4241452497845,0.02155042120571265,52.32345315309757,0.5473806986251012
5002.424437056392,0.029653041785221483,123.91392125195559,0.7531872613446257
5002.426190326788,0.04442445191834457,67.7435900730783,1.128381078725952
5002.426801405944,0.02520567175842719,86.60073179082232,0.6402240626640506
5002.428334289083,0.025794596423676253,33.11473291609612,0.6551827491613768
5002.429822744775,0.011744939320792326,140.47961526593923,0.29832145874812505
5002.429989469767,0.02787537296782209,70.9747361403612,0.708034473382681
5002.432237890431,0.026948453908972967,70.36214311513697,0.6844907292879133
5002.434358353082,0.03249581123751932,72.3263662642867,0.8253936054329908
5002.435589257801,0.03394259654582072,48.01894178897086,0.8621419522638463
5002.436373205004,0.04028035837940884,106.90541629026396,1.0231211028369844
5002.438108329471,0.022268037969508644,93.23651192958631,0.5656081644255195
5002.438297906433,0.04559736215061604,34.72300811795904,1.1581729986256475
5002.438308815014,0.013263106899556945,93.06140097334568,0.33688291524874636
5002.439590705464,0.029724431475771376,61.61584570853597,0.7550005594845929
5002.440495635253,0.0470646901099315,85.17712401717817,1.19544312879226
5002.4410630183365,0.021631507552018564,129.0605204571319,0.5494402918212715
5002.441865518684,0.028244071040263583,105.96142903899658,0.717399404422695
5002.4423619295085,0.03184849712147823,79.17349375458743,0.8089518268855469
5002.443811084342,0.0373004103955409,98.17757643518925,0.9474304240467387
5002.443843795339,0.01862255744027272,42.41239388106862,0.47301295898292706
5002.44473831296,0.031374165799755424,60.12979684314957,0.7969038113137877
5002.445952867276,0.025206899793713308,60.81575105333936,0.640255254760318
5002.447942384734,0.022884842839979616,74.41182249158628,0.5812750081354822
5002.45070414373,0.013031212032549037,159.61712974590148,0.3309927856267455
5002.452590105461,0.0177513619796512,108.79749493823105,0.4508845942831405
5002.452744414904,0.03958396448567272,104.0810946524723,1.005432697936087
5002.453054474084,0.03227577686731982,66.91203131519785,0.8198047324299234
5002.454379908901,0.008719810030582868,-164.69607359452485,0.22148317477680482
5002.45513395432,0.030128790962968815,80.68246034923001,0.7652712904594079
5002.456300996855,0.037264115306098765,65.28125077374891,0.9465085287749085
5002.457031613383,0.03609531527466762,63.97782164392351,0.9168210079765574
5002.457157221553,0.020918002492477217,38.54385393609157,0.5313172633089213
5002.45720881618,0.03729911039418708,100.25373561141828,0.9473974040123518
5002.466602040445,0.01895222929110012,83.94738888551375,0.48138662399394305
5002.466635705992,0.03175624891354199,91.220277930635,0.8066087224039665
5002.467192793821,0.0358910113438362,95.56758807422105,0.9116316881334395
5002.467612451598,0.03203958137041759,88.52645295215585,0.8138053668086067
5002.467986613517,0.018472816277658677,35.074817438443226,0.46920953345253036
5002.468038801071,0.040703657436461135,79.13010867409808,1.0338728988861128
5002.468661036248,0.01939841525070196,66.85261334810843,0.4927197473678298
5002.470373835202,0.014555841469164723,85.99132109455091,0.3697183733167839
5002.471002676648,0.023744689965607305,30.654161812771587,0.6031151251264255
5002.471052798691,0.031037774448524687,87.28552811176543,0.788359470992527
5002.47343536168,0.012578822162891651,79.52252831200211,0.3195020829374479
5002.475589578268,0.03223904928787652,75.71639236878701,0.8188718519120636
5002.475986471636,0.01456534936240986,51.68631953608081,0.36995987380521045
5002.476541172942,0.018306763342656688,103.2698257980198,0.46499178890347986
5002.4777739654455,0.02013401273601092,122.19095419857823,0.5114039234946773
5002.478221683704,0.054681074142819766,71.43062684179232,1.388899283227622
5002.479074961263,0.02670595371225688,100.40239326756854,0.6783312242913248
5002.482909874433,0.020440436689704813,98.34665819437016,0.5191870919185022
5002.485707874632,0.028157339988659845,30.89823925390421,0.71519643571196
5002.488882218246,0.03846162101076536,39.758183163874826,0.9769251736734401
5002.48961587896,0.017424759649922072,117.9762362378524,0.44258889510802063
5002.490911004227,0.03960672381864151,95.16888713314638,1.0060107849934943
5002.491378693208,0.006579979558337859,-44.30241404384032,0.1671314807817816
5002.4943933487075,0.03525998165874194,114.0693308927988,0.8956035341320452
5002.494528431739,0.030670407525910146,140.01783829851675,0.7790283511581176
5002.496118308435,0.036754823187525425,69.63656337292822,0.9335725089631457
5002.496770814391,0.011601539746552104,110.33829974261096,0.29467910956242344
5002.497302231226,0.026314343320648057,25.158756694746835,0.6683843203444606
5002.498093987474,0.031106877526555474,32.745714302958966,0.790114689174509
5002.498403566249,0.02946064733023953,112.98690049592308,0.748300442188084
5002.499841293482,0.03442531057468158,60.969606812685456,0.8744028885969121
5002.502000259688,0.039432553266598745,80.59627984662691,1.001586852971608
5002.503707486272,0.04164353172662502,87.69829838286957,1.0577457058562756
5002.505036560511,0.012708547800750453,125.48347893689494,0.3227971141390615
5002.509051167861,0.04013659140165902,95.30559636049023,1.019469421602139
5002.509368580703,0.031209206282973426,84.03071397815091,0.792713839587525
5002.511171609691,0.028325797790716395,63.03310015932415,0.7194752638841964
5002.51121351456,0.03511737484960865,58.1185746117129,0.8919813211800596
5002.511494520222,0.0226841812484744,97.87464448668051,0.5761782037112497
5002.512013061992,0.03786202518730368,77.76558739479906,0.9616954397575134
5002.517084927274,0.026059758171280492,134.48047613499276,0.6619178575505245
5002.519480339734,0.022122549854743545,82.44195243976172,0.561912766310486
5002.519760718046,0.02597796821853245,82.85057694525686,0.6598403927507241
5002.521379781312,0.03195426765248988,67.17228133637211,0.811638398373243
5002.5238884394075,0.00783387606153181,45.25840828378167,0.19898045196290795
5002.523939697561,0.02569313283846337,40.2382861803139,0.6526055740969695
5002.526545374222,0.053501686361976074,77.41175815735755,1.3589428335941922
5002.532228347214,0.049415297295984525,83.90429627981986,1.255148551318007
5002.534180055571,0.018500808845270177,57.02738390400542,0.4699205446698625
5002.534597655997,0.024819375748489463,64.07037441089874,0.6304121440116323
5002.535391917916,0.028248124613446127,83.16166920410897,0.7175023651815315
5002.537011874454,0.03276063803327686,100.66791922218933,0.8321202060452323
5002.53717904224,0.023044826910171623,86.73129319273322,0.5853386035183592
5002.538902154031,0.01876726508518575,89.3756192942334,0.476688533163718
5002.540853597907,0.004411374454280477,170.78656338785163,0.1120489111387241
5002.541038912102,0.03643032356417752,71.34309344741757,0.9253302185301089
5002.544297942886,0.026424581844029207,96.68276651140125,0.6711843788383418
5002.5448938712925,0.03578514870096064,84.29810232381038,0.9089427770044002
5002.545121387586,0.02834657205557125,32.85472816863417,0.7200029302115097
5002.54520136059,0.043864233122699325,73.87044115717552,1.1141515213165627
5002.545752100082,0.05883262897715357,53.34793418831972,1.4943487760197007
5002.54589718659,0.05023147218720504,105.51699062133868,1.275879393555008
5002.546647774394,0.015224955397227215,8.840387834689198,0.38671386708957123
5002.548546344555,0.028020428390969927,82.85667868135698,0.7117188811306361
5002.548758308135,0.02458628145930066,73.86844181946175,0.6244915490662367
5002.549458713909,0.0443083430653181,73.6497010941866,1.1254319138590796
5002.5501531274485,0.006111171620109592,-24.393563197969648,0.15522375915078362
5002.551321666491,0.03575440654008102,63.43985681299672,0.9081619261180578
5002.555065567964,0.0360107678643022,78.7398986509763,0.9146735037532758
5002.555540571307,0.025374866740086325,80.14317449299004,0.6445216151981926
5002.556496280271,0.025815999972997952,80.11278346042772,0.655726399314148
5002.556722250608,0.011005879048009383,58.69286373728521,0.2795493278194383
5002.556750046431,0.04173152234385153,78.18126947522134,1.0599806675338288
5002.556937676392,0.03378436991568444,53.66217080019794,0.8581229958583847
5002.557244752264,0.020799751653741386,94.0099250354977,0.5283136920050312
5002.55732840055,0.016815479375307512,85.99448238943789,0.4271131761328108
5002.557519127542,0.043045595951295,119.46256592261012,1.0933581371628929
5002.558069051785,0.0030697902420339586,112.12200300384173,0.07797267214766254
5002.558476419839,0.025000262623400486,52.497862643879024,0.6350066706343723
5002.558509908806,0.030450381325013237,44.321733170360254,0.7734396856553362
5002.559493749647,0.01250593519734919,58.96930885132768,0.3176507540126694
5002.5599105511565,0.05888595653938088,97.82213863204937,1.4957032961002743
5002.560235877411,0.019095125426229053,74.65277140848299,0.4850161858262179
5002.56153723323,0.024552583564547936,96.91948488324417,0.6236356225395175
5002.563117825973,0.02766421572245596,66.9485604322305,0.7026710793503813
5002.563965048158,0.036880315649085664,56.20457341584292,0.9367600174867758
5002.564114050681,0.02836832829990197,52.3896446675416,0.72055553881751
5002.564155363712,0.025812313849270463,71.1374605296245,0.6556327717714697
5002.565551095521,0.01806645482122996,86.23031935901548,0.458887952459241
5002.565936575391,0.02263632097873135,72.333597246475,0.5749625528597763
5002.5661737254095,0.03473216998585584,122.00562237049888,0.8821971176407384
5002.56885258568,0.0371531715666346,123.76738874766208,0.9436905577925188
5002.569272924369,0.028161287240050143,79.02283708405784,0.7152966958972736
5002.571214810491,0.0264837517618686,85.63126354282365,0.6726872947514624
5002.578332912987,0.03281941834240001,57.4421990392288,0.8336132258969602
5002.581210090173,0.04243105603746059,62.65255156754266,1.077748823351499
5002.58196943135,0.02825559941370929,91.47786370623977,0.7176922251082158
5002.585210449013,0.02894489063422772,77.11166561997369,0.7352002221093841
5002.586373749868,0.0384559250982092,88.24080679173025,0.9767804974945136
5002.587854254753,0.06813067832106401,107.38309931540836,1.7305192293550258
5002.589382955585,0.02385337295265574,69.99989060437898,0.6058756729974558
5002.592535268484,0.03767130715238759,72.40766204593437,0.9568512016706447
5002.595836865388,0.05015293492025432,106.92987527365985,1.2738845469744597
5002.596662188239,0.009674816583435905,67.11741096681251,0.24574034121927196
5002.5979414658705,0.058295604350615045,88.44914388535683,1.480708350505622
5002.599442736657,0.020219845906251057,112.8151783736532,0.5135840860187768
5002.601574133289,0.032195502669649274,67.6174797484556,0.8177657678090915
5002.60291409474,0.03895990631170028,103.7124780455634,0.989581620317187
5002.605144290104,0.006934045383883815,111.23888288660372,0.1761247527506489
5002.605384317131,0.019639184173587343,114.26382850007556,0.4988352780091185
5002.607502444489,0.0440774178766904,74.42727075515022,1.1195664140679362
5002.609934794018,0.02927917817892648,102.450295503054,0.7436911257447326
5002.611312487693,0.04939438296477778,88.70364783850715,1.2546173273053556
5002.613064232383,0.03244496270857273,89.61839927545697,0.8241020527977473
5002.614299350508,0.005430128570688595,-176.48727986386913,0.1379252656954903
5002.616016401328,0.02930222300712419,92.94843093752688,0.7442764643809544
5002.616677565878,0.02594770258100548,152.74396719806603,0.6590716455575392
5002.6175982406485,0.030125270699899075,49.9180650947353,0.7651818757774365
5002.618393586965,0.029232960303126672,88.67331809719667,0.7425171916994174
5002.618695180133,0.0206502362827667,88.71427555929905,0.5245160015822742
5002.623298529971,0.049498108986904654,67.5013644664109,1.2572519682673782
5002.6255453876765,0.04520105757859588,56.68298884173107,1.1481068624963353
5002.625568872076,0.02503725888940367,168.30888527385105,0.6359463757908531
5002.626646116782,0.03422522893359742,57.78328579275274,0.8693208149133743
5002.626778446263,0.03450042367655261,84.5112275965691,0.8763107613844362
5002.62691935272,0.019524497734403127,92.33326716594425,0.49592224245383937
5002.627483329818,0.017793800897211796,59.433588943061366,0.4519625427891796
5002.629736952988,0.03111503157420587,47.49395962355143,0.790321801984829
5002.630245543422,0.03271603927057995,76.4076157183991,0.8309873974727306
5002.631387200488,0.034424166498561504,117.33512792735137,0.8743738290634622
5002.635251551646,0.032429305917964085,90.26790231181523,0.8237043703162877
5002.6354665040735,0.03899161880165369,84.29588774930342,0.9903871175620036
5002.635499110883,0.058679143139201834,96.37531551841953,1.4904502357357265
5002.636106619517,0.03142199531719062,60.612320671263056,0.7981186810566417
5002.6364747873295,0.03809620752228845,58.259406110408335,0.9676436710661266
5002.637088502225,0.012440225072116822,67.38446496439175,0.3159817168317673
5002.644085682448,0.03978054308839902,68.59490438661656,1.010425794445335
5002.644983958561,0.015820072914325408,-34.96585166123257,0.40182985202386534
5002.6455335226765,0.028699487287358424,58.7901346770136,0.7289669770989039
5002.646519250081,0.05005049576272872,128.8958194719152,1.2712825923733095
5002.647218835602,0.0478313676459748,73.53203787563353,1.21491673820776
5002.648217666328,0.01755025106056811,91.15976563882306,0.4457763769384299
5002.648722795916,0.032329209688625675,62.89722657947791,0.8211619260910921
5002.649036954521,0.042873924822352784,102.17159082828752,1.0889976904877607
5002.649689254381,0.03990134380716588,104.275217397789,1.0134941327020133
5002.650289434181,0.04363604433400371,66.38883747981053,1.1083555260836941
5002.650319021139,0.030281082436007696,121.59042824852548,0.7691394938745955
5002.652163332848,0.028496444458053473,38.33123664579962,0.7238096892345581
5002.652572808624,0.02716129653089899,83.22066012257649,0.6898969318848343
5002.654276311795,0.04263738944644083,68.26473804220889,1.0829896919395972
5002.6572961116,0.013049281401977392,67.90394777798468,0.3314517476102257
5002.658653787561,0.03059970569803768,98.47689194543395,0.777232524730157
5002.659662376537,0.05527041060899408,97.38185322206141,1.4038684294684496
5002.666769800413,0.04817634046100817,76.22750962025921,1.2236790477096073
5002.667106945198,0.05092728318707104,100.57196562437828,1.2935529929516043
5002.6697677279535,0.034545109698342916,63.13533478392157,0.87744578633791
5002.669854684593,0.017168418539944285,88.87587209299822,0.4360778309145848
5002.670812772677,0.05070049762262536,106.93693173530853,1.287792639614684
5002.671179546704,0.015554243532320733,69.93313728178046,0.3950777857209466
5002.67166268687,0.022620795379985677,126.0152911509495,0.5745682026516362
5002.6719508413635,0.03285415820765922,87.19023438666397,0.8344956184745441
5002.67405599491,0.04141804525882714,106.00662213052885,1.0520183495742093
5002.674358984794,0.03732956940900144,58.0874977457866,0.9481710629886364
5002.674523264682,0.033738023356364215,69.91384169529236,0.856945793251651
5002.67587116068,0.04176659193009961,71.47531435330927,1.06087143502453
5002.678843343984,0.018411947458357954,41.48404125300145,0.467663465442292
5002.679379234784,0.02679383553597,15.338860449709882,0.680563422613638
5002.6798918452905,0.03047633123393468,58.121034213593546,0.7740988133419409
5002.682243505389,0.0334002476657506,86.15973250313779,0.8483662907100652
5002.685566014557,0.04383440475830728,90.37618520161142,1.1133938808610049
5002.6863881854015,0.03484846193661218,78.10042251647047,0.8851509331899493
5002.687549314925,0.013862923965941597,157.63887632406343,0.35211826873491653
5002.68858517936,0.021649528033911247,109.70620085483944,0.5498980120613456
5002.688848259262,0.03067178086304049,61.29129712764582,0.7790632339212283
5002.692965566329,0.03181817466455249,51.26823213098371,0.8081816364796331
5002.693013280299,0.03549418745206957,93.94822674142723,0.9015523612825671
5002.694471465788,0.026540064504656687,60.601759710725815,0.6741176384182798
5002.694485339273,0.019563699549243568,63.636074913150445,0.49691796855078657
5002.694696790632,0.03522880140959056,77.48756483607244,0.8948115558036002
5002.695941839227,0.029309564501725137,56.641321072339736,0.7444629383438184
5002.697105348662,0.02804512127412948,112.6877414607126,0.7123460803628887
5002.697140016109,0.026296756570975983,6.884964189792925,0.66793761690279
5002.697454988429,0.03507116788948346,102.39003073509492,0.8908076643928798
5002.697983353705,0.05428898342678103,89.47469063182913,1.3789401790402382
5002.6993076764875,0.021013278857698037,84.8041712961075,0.5337372829855301
5002.699711039748,0.020974003964794125,83.69105601352298,0.5327397007057707
5002.701491495869,0.03442092067135399,79.15966973431932,0.8742913850523912
5002.7055705270095,0.015406213395823924,82.46961513057283,0.39131782025392764
5002.706251596404,0.009161402165393488,17.071718038127816,0.2326996150009946
5002.707812369772,0.02675320886477292,68.94251308936134,0.6795315051652322
5002.708862465892,0.013612577931305055,32.58833116590212,0.34575947945514834
5002.7093731292925,0.01665763297735968,64.42103927953069,0.4231038776249359
5002.7110442856365,0.01590674704244617,66.82337464155503,0.40403137487813273
5002.712867204897,0.015101327752570696,35.50457530940106,0.3835737249152957
5002.713608180788,0.03502964568568894,93.1964568263857,0.8897530004164991
5002.715107732338,0.03926045525450469,83.84678977398475,0.997215563464419
5002.71568271469,0.016484637930795968,59.96776861914999,0.4187098034422176
5002.715713378285,0.015415150488334712,50.70762749413175,0.39154482240370164
5002.716167958867,0.02674757229793353,83.35063521281779,0.6793883363675116
5002.717602740761,0.01438576933568908,9.159963533748094,0.3653985411265026
5002.71790209191,0.03743045448020289,68.20533077910386,0.9507335437971535
5002.720657652306,0.024924813369197094,39.76563078297647,0.6330902595776061
5002.723147787818,0.02964684487484732,60.977530917840646,0.7530298598211219
5002.7235039145835,0.035040263948177275,105.71184583534088,0.8900227042837028
5002.724225815504,0.01513387129536734,2.234277385736971,0.3844003309023304
5002.724512811272,0.015981583201334526,53.56535653595516,0.40593221331389695
5002.725973952273,0.03967505774240451,73.75171020295882,1.0077464666570746
5002.725978442468,0.0271859924242215,60.914112627697435,0.690524207575226
5002.726525016096,0.021258327925076745,76.60439308654271,0.5399615292969493
5002.727558490047,0.007425667614918318,34.62255422389326,0.18861195741892528
5002.728176101012,0.027830133650886945,98.1632690756701,0.7068853947325283
5002.728901044169,0.013818908284341576,54.435492406913134,0.351000270422276
5002.730105136339,0.037684892099769086,111.9836772322708,0.9571962593341348
5002.734160989542,0.0372304277372997,35.3503522798184,0.9456528645274123
5002.738597745552,0.0067537591490310035,58.36393531074397,0.17154548238538747
5002.73932834377,0.015963092978888,54.62287699478644,0.40546256166375516
5002.742092579227,0.02884974550496224,93.67480083704112,0.7327835358260409
5002.746901854662,0.05553769124196238,80.16297849078991,1.4106573575458443
5002.7486417618475,0.05211590481187443,83.64040399911158,1.3237439822216106
5002.7491458921495,0.01843679357980692,170.00006568252775,0.46829455692709576
5002.7495657513555,0.03341107148800823,107.43862215119653,0.8486412157954091
5002.7523877933,0.006493316392424856,102.57607737760348,0.16493023636759135
5002.753078496118,0.044233199255952246,95.82900477111673,1.123523261101187
5002.753557742776,0.023759291683170897,130.67055291959971,0.6034860087525408
5002.755028586634,0.042104721650837285,91.53008836833001,1.069459929931267
5002.755579733916,0.03395238730091164,90.4829807095713,0.8623906374431557
5002.756574156196,0.018348681516593177,58.277268666594885,0.4660565105214667
5002.7572140833045,0.025465401645390007,79.60531305050037,0.6468212017929061
5002.758772000188,0.037192012080945455,80.64609715029037,0.9446771068560145
5002.758863751004,0.0339794803662682,134.2562952778357,0.8630788013032124
5002.759387702722,0.030139028739479264,80.4937697192385,0.7655313299827733
5002.759563317563,0.03226183343401156,103.7074979073116,0.8194505692238936
5002.76158251567,0.026184824502474408,46.814340229284845,0.6650945423628499
5002.765018853916,0.020221336450568495,82.01449431405389,0.5136219458444398
5002.765345596903,0.02511318105047581,30.60104091805696,0.6378747986820855
5002.765600116329,0.01868970769054794,80.18333018502149,0.4747185753399177
5002.767381963466,0.01578528706065923,95.56620105589496,0.4009462913407444
5002.769047882868,0.02362829740394349,42.640062594403865,0.6001587540601646
5002.772754851314,0.033937561186338755,99.84691364359955,0.8620140541330044
5002.772770631007,0.0527781623491664,80.59839878544882,1.3405653236688264
5002.773295092461,0.02697846154144871,96.4933952014542,0.6852529231527972
5002.776926076174,0.03570600737620322,61.77759141753237,0.9069325873555617
5002.77856287286,0.028786554159799232,123.2677977531722,0.7311784756589005
5002.78049694268,0.005986376690720309,86.47068277870758,0.15205396794429585
5002.781699881541,0.047129276955761176,58.68379227034762,1.1970836346763338
5002.786597903992,0.03969911499041806,78.02667644586086,1.0083575207566187
5002.786759061377,0.03748931834396673,95.4638960355013,0.9522286859367549
5002.788849819568,0.027617449152446148,149.2912441392399,0.7014832084721321
5002.789274667752,0.04009029652790877,73.01281400882203,1.0182935318088826
5002.7907931832415,0.014804982141081608,77.63602168861031,0.3760465463834728
5002.795325951696,0.01960970317034057,70.96063107774769,0.49808646052665045
5002.800183332995,0.025317872080028565,73.72160362779465,0.6430739508327256
5002.802411857733,0.02679912748290964,8.105700159935276,0.6806978380659048
5002.80593843522,0.028669747658647656,101.11114661152192,0.7282115905296505
5002.80611405481,0.016228677528475993,79.5169071058977,0.41220840922329016
5002.807302988131,0.03250856367571999,74.82579912747782,0.8257175173632877
5002.81232543298,0.03476342133651684,84.88895401674966,0.8829909019475276
5002.81240278849,0.02138363074120512,73.73867261646183,0.54314422082661
5002.812674592395,0.019880501628368186,48.44963429654571,0.5049647413605519
5002.813504954338,0.046459013800549606,85.39203403473319,1.18005895053396
5002.818565625635,0.013730772083599165,53.50697184580824,0.3487616109234188
5002.8191106663935,0.022374476120927907,29.379015520178775,0.5683116934715688
5002.820050082542,0.017104236581769686,69.15022891285905,0.43444760917695
5002.820195774785,0.035756029793446886,79.0833175913427,0.9082031567535509
5002.820704315026,0.04261673487320722,95.56792140661011,1.0824650657794632
5002.820727537465,0.05194253749316597,75.68369089252056,1.3193404523264156
5002.821465845162,0.012527132569726105,-11.679330884529165,0.318189167271043
5002.823203607934,0.03038158427639578,88.85394598068035,0.7716922406204528
5002.8241479013,0.01967538451757437,47.812039278220645,0.49975476674638897
5002.8242071386085,0.0254342218516992,67.73483603459917,0.6460292350331597
5002.824521674927,0.05462336563259038,97.55660878519582,1.3874334870677956
5002.825543698164,0.031628833140626304,99.34470102840561,0.8033723617719081
5002.827681015288,0.032725329126384775,87.23162857347833,0.8312233598101733
5002.831568548436,0.04347390139846437,82.77769840886882,1.1042370955209948
5002.832347512868,0.03222436117320547,79.63320571718276,0.8184987737994189
5002.832615907433,0.04647839241503258,55.66518730756024,1.1805511673418274
5002.833668189994,0.010949581202283627,72.12626909956914,0.2781193625380041
5002.833878900273,0.02150731453870654,54.93640889436948,0.5462857892831461
5002.83416424288,0.028087274420290017,72.92120795630693,0.7134167702753664
5002.836689246726,0.05453582471816893,91.3798124876098,1.3852099478414908
5002.8370120570125,0.01779816903623908,59.40410029155459,0.4520734935204726
5002.837052509078,0.04075472414237316,85.37800273711721,1.0351699932162783
5002.838620086317,0.031168111872785065,85.97107585905486,0.7916700415687407
5002.84242406015,0.02021274117995687,74.42603900295441,0.5134036259709045
5002.84270165149,0.014051475513255095,140.3314027227442,0.3569074780366794
5002.842844102477,0.02833582961937257,101.57865570176646,0.7197300723320632
5002.843712839976,0.007684056622003504,118.859410636219,0.19517503819888898
5002.844833010886,0.01979896487004691,70.6189161614979,0.5028937076991914
5002.84634828492,0.03984782115418582,81.13338820098907,1.01213465731632
5002.846936276653,0.031646638823717904,72.88089033935846,0.8038246261224348
5002.851529813435,0.033586462524127954,98.7358926635592,0.85309614811285
5002.854469406108,0.0333242216769473,96.21533513923504,0.8464352305944614
5002.855240792856,0.04459224475708183,112.82013597452494,1.1326430168298784
5002.855416058748,0.014689476281452885,31.66211691266272,0.37311269754890325
5002.856270173382,0.0442733316655286,120.05590558076533,1.1245426243044263
5002.857159014286,0.029758017925809743,83.33764014361729,0.7558536553155675
5002.858187201116,0.02114492194735939,90.2383066510763,0.5370810174629285
5002.858844028168,0.03267078775319018,93.52798481805937,0.8298380089310304
5002.861827751313,0.034886713497994326,89.21553422160339,0.8861225228490558
5002.862308637144,0.03416268342975417,74.7443909647867,0.8677321591157559
5002.863785170598,0.027964160361451468,104.95455799871856,0.7102896731808672
5002.864647009277,0.007576437282146125,30.92841444943968,0.19244150696651158
5002.864861412332,0.026955784188371287,28.39502775673573,0.6846769183846306
5002.8668864040865,0.013585437278203627,134.23286541571227,0.34507010686637213
5002.869194583332,0.03568703554386007,77.19456921877455,0.9064507028140456
5002.874283563824,0.03610585521575077,57.64934269501551,0.9170887224800696
5002.8754062204,0.024509042888190016,100.2804840178412,0.6225296893600264
5002.876574345273,0.03419522353796898,51.9136489882841,0.868558677864412
5002.877368472742,0.026384453477935332,114.60135883597243,0.6701651183395574
5002.8802024408005,0.03388247349117236,60.20696974719497,0.8606148266757779
5002.882313869548,0.03017044262293528,30.268005923919542,0.7663292426225561
5002.884378938492,0.015596687108201522,59.30767775946425,0.39615585254831864
5002.884683536636,0.011045099817403304,-16.371324929916007,0.2805455353620439
5002.885872852608,0.028970609150173524,87.12212154614714,0.7358534724144075
5002.885889836405,0.017562259668425066,86.8342658065131,0.44608139557799664
5002.886647462031,0.018453852808417208,84.07775306697448,0.46872786133379707
5002.890893890213,0.014518880664567052,62.94303308052009,0.36877956888000313
5002.891992922108,0.039924549305210486,83.20915745955267,1.0140835523523464
5002.893648766798,0.01351684528060284,147.60609136076687,0.34332787012731214
5002.895345450913,0.036429773018951485,67.0059311292123,0.9253162346813677
5002.896950426236,0.03042431651860513,71.82914678254296,0.7727776395725703
5002.898334219396,0.03871460076538919,96.46427458518136,0.9833508594408854
5002.899823737298,0.01936468970897139,146.33125200332813,0.49186311860787324
5002.905330420198,0.05152136002905583,100.4430858495954,1.3086425447380179
5002.907099747479,0.03593757928379147,69.39973986517276,0.9128145138083033
5002.91045331616,0.044831449701077136,49.72693868670216,1.1387188224073592
5002.913651917142,0.05041602145486328,53.61276538762687,1.280566944953527
5002.914053652139,0.034496361922840925,34.82174223070453,0.8762075928401595
5002.9171564062635,0.029447183524058,101.99333836463128,0.7479584615110731
5002.918868134067,0.03092520194210972,85.35847800564704,0.7855001293295868
5002.919027754221,0.012643467276086248,65.53815771468985,0.32114406881259067
5002.920022291867,0.031178659342801944,73.13056290563003,0.7919379473071694
5002.9214040451825,0.040705194521219845,72.83464880194913,1.033911940838984
5002.921917944264,0.0208627526828637,45.40991167130812,0.529913918144738
5002.921991097167,0.045363928301930555,80.06236971886507,1.152243778869036
5002.9227609011805,0.05267890233095694,72.83186267507155,1.3380441192063062
5002.923839847799,0.016365218206880472,1.7330691666176314,0.415676542454764
5002.9258574652895,0.03716010166510053,61.623975218278986,0.9438665822935535
5002.926005843207,0.018492801816597335,38.297506852595546,0.4697171661415723
5002.9262376802,0.041487125847377966,86.85452554340556,1.0537729965234002
5002.9273915583335,0.04223141041532577,109.89629497048249,1.0726778245492745
5002.929984774958,0.018439296399344652,60.32198100106287,0.4683581285433541
5002.930442643096,0.02086318385576809,75.50992270673366,0.5299248699365094
5002.930539123449,0.022040772308319103,116.85614653694353,0.5598356166313052
5002.932318334463,0.030124527783292755,87.78007643561313,0.7651630056956359
5002.932326859123,0.0272315857508074,75.95626225096859,0.691682278070508
5002.93265341648,0.03703833621903556,52.71352048803218,0.9407737399635031
5002.934599612896,0.02918042269002739,79.79541911479033,0.7411827363266956
5002.936857495011,0.036949717315931975,104.99843963425472,0.9385228198246721
5002.937517803277,0.020676729701346257,121.90388880541445,0.5251889344141949
5002.9390398545,0.037649559704965675,107.32913833641943,0.9562988165061281
5002.939892800199,0.020052536234097928,100.42646433712196,0.5093344203460873
5002.940490752474,0.03271325908667641,58.57490731179026,0.8309167808015808
5002.940512194616,0.03457049778392661,70.73103932402334,0.8780906437117358
5002.940762739249,0.02274551903938909,130.84332516980444,0.5777361836004828
5002.941508465898,0.04706416435120726,74.54754204775118,1.1954297745206643
5002.941943865459,0.031214328153202367,59.82125126381474,0.7928439350913401
5002.9434049585925,0.032819784873720566,112.81551968300457,0.8336225357925023
5002.945144780158,0.05223156342210793,99.79222609112249,1.3266817109215412
5002.946033993514,0.011331396354903534,13.268377823089672,0.2878174674145498
5002.947017272444,0.028772636106613465,32.84228767186289,0.730824957107982
5002.947352598002,0.022426683899376618,-3.0482394852003933,0.569637771044166
5002.948100654905,0.04174188330799274,82.41337138107897,1.0602438360230155
5002.948953479202,0.01900133985648985,80.83643611110955,0.48263403235484215
5002.951997015529,0.026045452735298444,101.86360755675494,0.6615544994765804
5002.95293084388,0.04111114878271106,68.3883981830672,1.044223179080861
5002.956059685813,0.035364177661258434,98.13982223866323,0.8982501125959642
5002.95814460248,0.030196600600517823,80.62054876275293,0.7669936552531527
5002.960013387514,0.03924202687076229,98.83718275979713,0.996747482517362
5002.96106269139,0.04050502818544885,63.14481393375936,1.0288277159104007
5002.963614620328,0.030640918108557597,56.40027588030008,0.7782793199573629
5002.964932813181,0.024300481868438167,38.95197902538022,0.6172322394583294
5002.966668517751,0.038816855479696176,83.11695719371043,0.9859481291842828
5002.969708379384,0.03247567328104701,126.3459624034902,0.824882101338594
5002.969784502244,0.01691229060352316,152.41291776412572,0.4295721813294882
5002.971278627429,0.03571986286910741,95.01097756260477,0.9072845168753282
5002.972421696942,0.02773025940354124,68.37596128793365,0.7043485888499474
5002.979069515092,0.038243331371370086,105.29218154184376,0.9713806168328001
5002.980369686798,0.03007091297362462,49.24446949187848,0.7638011895300653
5002.984738529642,0.04738213076714752,98.08597346653357,1.203506121485547
5002.985492453366,0.04149181368317614,70.78134664846893,1.053892067552674
5002.985511903996,0.04247576226882484,83.532632044249,1.0788843616281507
5002.985730461265,0.028646195024121624,84.65632370257057,0.7276133536126892
5002.985903670302,0.02510192350057931,105.03178237643436,0.6375888569147145
5002.9874231114045,0.04633663764806581,66.8267696416407,1.1769505962608715
5002.988177572447,0.03341448607264406,91.17488712596457,0.848727946245159
5002.988681170056,0.02704515478770192,73.52023951967766,0.6869469316076288
5002.988715708159,0.027161916558614257,82.44980034954676,0.6899126805888021
5002.990316611384,0.044108505268756794,59.539883428801794,1.1203560338264225
5002.992342389415,0.009648317035916851,26.221293023922986,0.245067252712288
5002.996901692057,0.018841661804268328,29.88776633535502,0.47857820982841554
5002.9973493505895,0.018942393214286625,-23.679138680681817,0.48113678764288026
5002.999815348833,0.028248918791413814,71.46396933210424,0.7175225373019108
5003.002655446168,0.042769545655604486,97.06066735362978,1.086346459652354
5003.007611139166,0.03977250432767196,93.36956494036656,1.0102216099228678
5003.007991028589,0.029172731738466823,89.87174841258286,0.7409873861570573
5003.011600026921,0.04553494212528352,41.90676984720218,1.1565875299822015
5003.013068926851,0.023004075413764036,118.5089466738342,0.5843035155096065
5003.015687147604,0.03457047477290406,98.23701003764737,0.878090059231763
5003.0185607403,0.03475343477324672,99.2461094259491,0.8827372432404668
5003.0242114279135,0.0400229200172866,75.92010856800255,1.0165821684390797
5003.025916396543,0.021961366574163105,102.78027798327474,0.5578187109837428
5003.026559964397,0.036526725760478475,122.8779510976954,0.9277788343161532
5003.026580855938,0.029545681233439747,76.04511384988756,0.7504603033293695
5003.0273670514525,0.014253143089956948,8.960396346355054,0.36202983448490644
5003.030604994385,0.05152467541987372,68.38739296105075,1.3087267556647924
5003.032213266708,0.01891082906629908,109.83673875458194,0.48033505828399664
5003.032689829421,0.043384686804859914,58.79243020808425,1.1019710448434417
5003.037074958507,0.04001697266906365,88.38212573253517,1.0164311057942166
5003.0397664793,0.0317576491163814,82.87532289588017,0.8066442875560876
5003.040788907652,0.06443310769867057,63.713960512350894,1.6366009355462323
5003.041620688104,0.05337904171568703,91.20407138271133,1.3558276595784506
5003.045557483838,0.04559170459778192,71.75277522969138,1.1580292967836607
5003.047320900381,0.05446611421434808,96.9015986354098,1.383439301044441
5003.0482559085,0.0316364720327924,99.29022458623513,0.8035663896329269
5003.050802414444,0.040763307038330025,97.54853462785529,1.0353879987735826
5003.054619411128,0.043252000402394415,81.36492960732822,1.098600810220818
5003.054679887006,0.0432761591670642,111.46217125585432,1.0992144428434305
5003.0566339208945,0.030916827112434157,116.0920238283194,0.7852874086558276
5003.058464315816,0.037959108627082606,77.15700060791795,0.9641613591278981
5003.060135972176,0.02735489779622139,98.6695083413828,0.6948144040240233
5003.060990580596,0.02240621173703396,82.06646149483481,0.5691177781206626
5003.061918589368,0.04616788820633709,50.95358417676759,1.1726643604409621
5003.063815941088,0.014679439820429291,94.50238365984293,0.372857771438904
5003.065195598091,0.0368133778893416,17.783784969114986,0.9350597983892767
5003.069050487743,0.023594606964417168,60.08760046712302,0.599303016896196
5003.069782605315,0.028610810532715886,111.14793086690372,0.7267145875309835
5003.070979882297,0.023402756303543226,107.85386778637772,0.5944300101099979
5003.073369250569,0.03642190038071711,99.9902980612562,0.9251162696702145
5003.074918407923,0.013927313625542831,-106.48751065788296,0.3537537660887879
5003.082257001689,0.03192402738588725,109.32831785970671,0.8108702956015362
5003.083088742572,0.030654510505293928,63.020372155260326,0.7786245668344657
5003.085672589061,0.028974028019803862,85.07605501991843,0.7359403117030181
5003.087510187616,0.039886416876421193,67.03021056948748,1.0131149886610982
5003.089000513284,0.03908591367907413,52.550046507999525,0.9927822074484829
5003.089981302117,0.02119944910548828,60.071488217407165,0.5384660072794023
5003.0916728800785,0.0076729341427876655,66.33013765559018,0.1948925272268067
5003.0919643836605,0.03408262464296873,112.69244301158128,0.8656986659314058
5003.093035719902,0.02754336657760544,23.26154525299172,0.6996015110711781
5003.093076431032,0.05538606917505293,67.80654077540281,1.4068061570463442
5003.097968697456,0.027800336866637413,63.69338113914581,0.7061285564125902
5003.099131680997,0.033446512633714176,82.91815014267993,0.84954142089634
5003.09982429666,0.04312593917551311,94.50814817326663,1.095398855058033
5003.101619549168,0.0487827663233792,72.47905885046404,1.2390822646138315
5003.101631219496,0.05619502630637457,104.38894949817868,1.427353668181914
5003.1028224616475,0.0034033259349034823,111.45759174037164,0.08644447874654845
5003.104079792804,0.0172144705188598,76.09998694743147,0.4372475511790389
5003.1117226369615,0.04681958855045163,87.21486540122446,1.1892175491814714
5003.112370041924,0.02065339117222612,35.64862813961188,0.5245961357745433
5003.112699509996,0.013762448709251552,111.63265088901483,0.3495661972149894
5003.113525044899,0.021551672750324664,70.18740258762652,0.5474124878582465
5003.118473911428,0.01948293416539317,-169.08944401044334,0.49486652780098644
5003.120564260654,0.03552371627775346,99.88672652143363,0.9023023934549379
5003.120768500337,0.01758490824994815,91.71037360887601,0.44665666954868294
5003.123143616411,0.023989071120008566,73.39767198687782,0.6093224064482176
5003.124202287711,0.01987799697441017,30.32591991149492,0.5049011231500182
5003.127637757593,0.034352422362133775,88.55907008377078,0.8725515279981978
5003.130651586686,0.022230269575145047,95.3608245452702,0.5646488472086841
5003.130821346415,0.01567905949486403,-4.042631550532493,0.39824811116954634
5003.131690581148,0.019872866701624303,11.327280419101484,0.5047708142212572
5003.131837563229,0.037155520344483925,78.93571873784114,0.9437502167498917
5003.13252038499,0.030379986467649583,44.57704078806713,0.7716516562782993
5003.133008143728,0.026001837116341513,103.51241647341712,0.6604466627550744
5003.133267662814,0.011762706755648337,81.4448074990398,0.2987727515934677
5003.133714840336,0.03410489602095895,93.87298476982556,0.8662643589323573
5003.136188321537,0.05109092079620373,72.16056195346064,1.2977093882235748
5003.136219974438,0.0354990595204259,74.07376859271461,0.9016761118188179
5003.139170632495,0.03803006461079599,82.61886965614185,0.9659636411142182
5003.1392788329,0.03663298597146633,77.10012710718588,0.9304778436752448
5003.141309513009,0.02543248757833189,48.20502745904702,0.6459851844896299
5003.141641913638,0.0387812335224814,73.23131446255482,0.9850433314710274
5003.141651556559,0.04822742875449445,81.0937737950125,1.224976690364159
5003.142731454279,0.037410396409572735,80.7535350629621,0.9502240688031475
5003.145752774611,0.03007331696587803,105.1493191091016,0.763862250933302
5003.149136896402,0.016288550806620065,144.51575797512305,0.4137291904881496
5003.149409057045,0.030267596827189706,94.1541492141648,0.7687969594106185
5003.149532983643,0.02173977965902515,89.40393531003411,0.5521904033392389
5003.149934332625,0.04594186710887069,88.13325937604014,1.1669234245653155
5003.150760739472,0.024529921063679905,38.31343876038876,0.6230599950174696
5003.152356348359,0.04208050147435698,74.48848535912661,1.0688447374486671
5003.153498288206,0.00833452813106419,179.59433939632004,0.21169701452903042
5003.155634527894,0.04218477017072728,76.48947674533214,1.071493162336473
5003.156849145823,0.029322739590327045,83.60895527153353,0.7447975855943069
5003.156919495406,0.022931314184191816,117.83299052422095,0.5824553802784721
5003.158832914744,0.033818726910457356,68.48298893578279,0.8589956635256167
5003.15975453313,0.048902237109359696,75.71218046719376,1.2421168225777361
5003.16117250674,0.015501832990356365,94.20298116370289,0.39374655795505165
5003.161365796504,0.020161873780164593,-173.87329474541664,0.5121115940161807
5003.1642348847445,0.020149319645984605,93.37721757447753,0.5117927190080089
5003.1673008029675,0.04357154503993063,80.16209009609294,1.1067172440142379
5003.167909324143,0.04405471710755216,50.050882770918896,1.118989814531825
5003.16999104692,0.04067950820393424,75.6887887007679,1.0332595083799296
5003.173362477011,0.042418318315531646,75.55833133256957,1.0774252852145036
5003.175067774073,0.025527100275603135,64.31973812316829,0.6483883470003196
5003.175303956181,0.03147590784189408,66.99073018090542,0.7994880591841096
5003.175336178733,0.038836257570529914,66.46484726156963,0.9864409422914597
5003.175919925769,0.01729895125150893,82.14739407721811,0.43939336178832683
5003.17664302147,0.0198118381095514,81.65555181929489,0.5032206879826056
5003.178898978832,0.036080602976223446,113.03778670451392,0.9164473155960755
5003.180330910617,0.037250144806308075,65.50575105644383,0.946153678080225
5003.180630744016,0.02887276994610149,42.926493664611606,0.7333683566309778
5003.183571500113,0.046491905909351754,76.20643035852963,1.1808944100975345
5003.183898858041,0.016444878777701195,176.90549142469507,0.4176999209536103
5003.184779971652,0.011656181268516816,122.23524018420721,0.2960670042203271
5003.185356188431,0.037336404480992846,78.08380601964657,0.9483446738172182
5003.186769879699,0.042698600375613405,72.32473795430134,1.0845444495405805
5003.186821218138,0.032027363890014975,112.20711841920756,0.8134950428063803
5003.190062619387,0.026875223558129865,91.03886865483203,0.6826306783764985
5003.1900815647,0.041523708722291296,73.90007624952314,1.0547022015461989
5003.190211155265,0.03157743629533676,82.32951752301521,0.8020668819015537
5003.190565433545,0.019765805008705468,43.58757873100996,0.5020514472211188
5003.192473859927,0.031571034663926745,106.03141505072765,0.8019042804637393
5003.192691812761,0.029649299604411688,70.07877815125595,0.7530922099520568
5003.196681573704,0.03355440264784292,110.77843618279044,0.8522818272552102
5003.197387831786,0.040421683566732654,108.9766372512005,1.0267107625950094
5003.19913305918,0.03403281862974825,47.129370177314755,0.8644335931956055
5003.200829508812,0.021296962180063165,99.80804159696531,0.5409428393736043
5003.200832757779,0.03931356385918788,90.88454020617966,0.9985645220233722
5003.20275067211,0.047029208425781344,96.1567722567547,1.194541894014846
5003.206761819408,0.018680073601788263,95.50982343363005,0.47447386948542186
5003.209669781458,0.037178813774940735,88.77023918713004,0.9443418698834946
5003.209956512769,0.013074783258592482,-49.515860347576506,0.332099494768249
5003.212248164872,0.03913726814705116,76.18515890138897,0.9940866109350994
5003.214299145155,0.01919975894632359,55.47916813776664,0.48767387723661915
5003.215204402682,0.027666324997176472,79.33619391441786,0.7027246549282824
5003.217552641212,0.04166843053047128,88.04516398362075,1.0583781354739703
5003.217807206653,0.0382627011396206,73.6440009589856,0.9718726089463633
5003.219002787696,0.03837599968449908,86.33250866411694,0.9747503919862767
5003.219057893077,0.015005984473549448,62.936855320632255,0.38115200562815593
5003.221921097913,0.03477058931027896,91.46002610756851,0.8831729684810855
5003.224875408427,0.04495713960336327,65.01122822568587,1.1419113459254269
5003.225598648712,0.029197967699584174,90.19677243593424,0.741628379569438
5003.225949100495,0.02536832092650365,91.17484426027822,0.6443553515331927
5003.227446864846,0.007685695928218624,93.4676220213744,0.19521667657675304
5003.228070427292,0.04262221241639573,29.858063968221384,1.0826041953764516
5003.231339996572,0.013372326250843475,79.60086607726896,0.33965708677142425
5003.2378813683135,0.011413545827283034,89.31739310838145,0.28990406401298907
5003.238323175201,0.022114875361213312,119.81215671821413,0.5617178341748181
5003.239361814184,0.023607424082160128,64.71397888171703,0.5996285716868672
5003.242934867558,0.030279179429849225,101.60295605228274,0.7690911575181703
5003.243546847361,0.02793453210276952,21.8224486648722,0.7095371154103458
5003.243786760751,0.02784908858117307,83.67518686098563,0.7073668499617959
5003.246789930322,0.040079187150763085,66.62552732572003,1.0180113536293822
5003.25610843362,0.028179235470817843,68.94650946008244,0.7157525809587731
5003.261760751731,0.033237369900916955,105.914524702668,0.8442291954832906
5003.264382416617,0.017812814551984097,126.46647731588953,0.45244548962039605
5003.265758309686,0.028740504626832905,91.47057823766211,0.7300088175215558
5003.267343014511,0.028458022995195127,102.51513528815596,0.7228337840779562
5003.267727493832,0.04150017061448123,76.58019670338375,1.0541043336078233
5003.268192188706,0.014215674847656156,94.86504292812911,0.3610781411304664
5003.270594397705,0.03503751546659665,116.92590412718286,0.8899528928515548
5003.274909103285,0.061066424376481326,100.9694267254388,1.5510871791626255
5003.276232397519,0.02723022357606455,18.070952802634533,0.6916476788320396
5003.284918596584,0.025250156429405778,45.73550143047783,0.6413539733069067
5003.2859809530255,0.04382381114358245,35.595094520851035,1.1131248030469942
5003.28638996635,0.022057832806284292,86.54810270667177,0.560268953279621
5003.288888334224,0.05284994632113509,66.15898319342261,1.3423886365568314
5003.289053948475,0.03777923554373015,104.25768000012528,0.9595925828107458
5003.290972330648,0.01798793391272975,90.17555158006,0.4568935213833356
5003.291238506589,0.01585719786958434,79.62716489672225,0.4027728258874422
5003.2984170382,0.025824808020349328,-2.524778283117336,0.6559501237168729
5003.302457213192,0.03921487507443041,93.48982886621089,0.9960578268905323
5003.306930367609,0.02517720889270681,41.75452336346986,0.639501105874753
5003.308764672076,0.026744616018478103,87.9501433029911,0.6793132468693438
5003.314375525825,0.02730003535653345,90.19731699760362,0.6934208980559495
5003.319674224448,0.03632337028263216,61.14927071623244,0.9226136051788568
5003.320343113802,0.014957443778327252,75.81472187892001,0.3799190719695122
5003.320934480904,0.00865090721492017,77.46134053572122,0.2197330432589723
5003.321051395994,0.04164442281793669,89.10176371504208,1.057768339575592
5003.3222877071485,0.014544534344443165,118.47279903492844,0.36943117234885636
5003.32241834956,0.03603759698239591,108.01761406544846,0.9153549633528562
5003.323530534956,0.03250705845220291,106.97757757186533,0.825679284685954
5003.3274249130955,0.03531374809817583,76.95339114628275,0.896969201693666
5003.328864427216,0.02626380839493059,73.27125523165024,0.667100733231237
5003.335630416749,0.008443160202230033,-125.2095047356638,0.2144562691366428
5003.336262757504,0.03907342977423759,96.38968950421331,0.9924651162656347
5003.3368133688045,0.008188155043216667,72.15568690273093,0.20797913809770333
5003.338681817151,0.025769390590307025,64.69387838932573,0.6545425209937984
5003.339063562264,0.02385078270195316,46.69463498276719,0.6058098806296103
5003.343762811724,0.028574863192283792,77.60771804920391,0.7258015250840083
5003.354808065704,0.023396317601241418,64.88628620084968,0.594266467071532
5003.35636720119,0.03487347037025854,40.704013681586616,0.885786147404567
5003.35738797131,0.0375274065704839,89.93953908239152,0.9531961268902911
5003.3588857150435,0.02915573558630931,65.19111941372712,0.7405556838922565
5003.3600714559025,0.034689036507413194,31.604017922000505,0.881101527288295
5003.362063787596,0.030407181779028444,112.90942020370959,0.7723424171873224
5003.363221768162,0.020207391488077885,76.35001435264701,0.5132677437971782
5003.366831505806,0.04637821575785061,92.22536333426812,1.1780066802494054
5003.367936450679,0.02576014831552912,45.11010838725677,0.6543077672144396
5003.368823721336,0.03451919659310666,88.86257696201878,0.8767875934649092
5003.369888064107,0.026019337020421952,62.93664951560417,0.6608911603187175
5003.373828382569,0.038216973247913434,71.22967744657092,0.9707111204970011
5003.375220878264,0.014637103213584,26.796562166507893,0.37178242162503355
5003.375244328196,0.03800823080425914,84.05733568383116,0.9654090624281821
5003.375719843057,0.03852378988704334,77.121132168658,0.9785042631309007
5003.375797109264,0.03401501287796105,110.55575863934855,0.8639813271002106
5003.37597824299,0.03816220483452976,77.50852421197375,0.9693200027970559
5003.378477539316,0.024029950172897024,81.37521516681572,0.6103607343915843
5003.382698691736,0.02301943556333732,107.57017839229727,0.5846936633087678
5003.391308997308,0.0425854121864141,101.75090608823533,1.081669469534918
5003.400778748538,0.03843853691906912,147.47716967385824,0.9763388377443556
5003.401716915659,0.011180137801517536,44.33979503638948,0.2839755001585454
5003.404263836277,0.0092492397431049,64.41335044627557,0.23493068947486445
5003.404586217312,0.03775419732327834,80.08584410918044,0.9589566120112697
5003.405270168931,0.009259431955425033,15.082008647564848,0.23518957166779583
5003.409336317698,0.02115111346261618,95.77648947465438,0.537238281950451
5003.414570063567,0.007633184075349494,46.21332713560313,0.19388287551387715
5003.416270059744,0.029271691253708956,129.91490040549417,0.7435009578442074
5003.417046887918,0.01583932472835078,85.20422712236791,0.4023188481001098
5003.417634755884,0.03230198020848123,68.98174000137098,0.8204702972954233
5003.419237089831,0.021249175961672567,29.192658792919094,0.5397290694264831
5003.420165993423,0.025795377812436595,113.24682540958588,0.6552025964358895
5003.421650424932,0.01850287065421308,50.74323482301492,0.46997291461701224
5003.424846062737,0.03945181572832056,41.93062238569581,1.0020761194993422
5003.4350517556,0.018399053981407235,76.6906858361128,0.4673359711277438
5003.443496710265,0.01141396802584795,61.57610410967386,0.2899147878565379
5003.4442575613675,0.035687571413938995,56.36260602393032,0.9064643139140505
5003.444660179081,0.02323964576238917,104.8143997020024,0.5902870023646849
5003.449419145838,0.034359468526955525,53.15690134027653,0.8727305005846703
5003.453421065293,0.03308720789017853,103.52900940829392,0.8404150804105346
5003.453521488098,0.06308309416432387,81.02586591336289,1.602310591773826
5003.458173499712,0.026821719807074824,81.77966229772227,0.6812716830997005
5003.461272846401,0.028840528507673876,115.90153855858053,0.7325494240949164
5003.461763367116,0.03468965455151553,65.05888348973224,0.8811172256084944
5003.462243719019,0.02811970624663485,99.99544660006607,0.7142405386645251
5003.4722024827,0.013546664396101415,115.5830925231912,0.3440852756609759
5003.473623506224,0.01954205452454257,65.91216585573314,0.4963681849233812
5003.481834061017,0.03078760477846752,78.30000132006981,0.782005161373075
5003.4853165445065,0.038584675457325766,92.89172666323779,0.9800507566160744
5003.4864895495375,0.026011630737347993,48.71914572367196,0.660695420728639
5003.488113759836,0.03251415985842681,55.73017818693248,0.8258596604040409
5003.489992445738,0.02073830696768567,66.1642012016767,0.526752996979216
5003.49249525652,0.01600232526878949,59.980410524677055,0.406459061827253
5003.494912590564,0.022387065031281704,74.44763047715075,0.5686314517945552
5003.495289529964,0.022925122403091247,70.75901724855805,0.5822981090385176
5003.495741910089,0.019395133353489045,125.64349233283512,0.49263638717862174
5003.495807540451,0.027224624973709064,6.240387080062479,0.6915054743322102
5003.49803398706,0.01256298015439052,-30.71165143020053,0.3190996959215192
5003.499399080607,0.033130212388169746,52.39079808474142,0.8415073946595115
5003.499653247806,0.057013740653711405,82.10216059203677,1.4481490126042695
5003.500025820856,0.021447775907590415,41.24622214451711,0.5447735080527965
5003.50080844739,0.01500200495822918,90.41094405060913,0.3810509259390211
5003.502336108241,0.05001070861771616,74.2098521112195,1.2702719988899902
5003.502790547175,0.02843506525379993,99.78625441008693,0.7222506574465182
5003.504619243648,0.012259612308381664,22.076906322153786,0.3113941526328942
5003.5066982907765,0.03868784805801376,97.798038359651,0.9826713406735493
5003.510803920003,0.004231397207394885,-75.67851863745395,0.10747748906783007
5003.5119173039,0.02855248951120732,73.78261304150494,0.7252332335846658
5003.516251385355,0.02801793415397781,99.84060305308991,0.7116555275110363
5003.520157640916,0.015224148141496724,158.88861494123634,0.3866933627940168
5003.524180572192,0.024744500808127456,98.07070767787869,0.6285103205264374
5003.526180731131,0.0026443676795826253,-0.3523543670083103,0.06716693906139867
5003.5326350007535,0.02893815866204319,83.20251747506511,0.7350292300158969
5003.534860169704,0.03767772546214884,82.17976720551566,0.9570142267385805
5003.538425939669,0.0243182370573816,92.18163123112753,0.6176832212574925
5003.5393241901065,0.023228113082839348,112.87688313528176,0.5899940723041194
5003.5397091144405,0.03532778605618682,77.33571004702992,0.8973257658271452
5003.540700851074,0.047887332721619914,81.27470142487437,1.2163382511291458
5003.54295116122,0.03287486964468503,111.82586886157912,0.8350216889749997
5003.54522993542,0.022203588941899527,97.9857395345619,0.563971159124248
5003.548443122592,0.0358081376365344,70.73198443114084,0.9095266959679736
5003.549443230832,0.019061594526618268,34.145783239571806,0.484164500976104
5003.55074697067,0.024638712209898266,37.09209353115302,0.6258232901314159
5003.559011723317,0.027519302495021408,112.08401673069037,0.6989902833735437
5003.562428806649,0.0455271293637626,109.774657048634,1.15638908583957
5003.563468193919,0.01874174835267863,131.34513082658327,0.4760404081580371
5003.56395035017,0.01481676178577214,-57.37039648082192,0.3763457493586123
5003.567031360039,0.021463133973417012,48.34994986155397,0.545163602924792
5003.567930750344,0.032983834680100695,65.14786838179128,0.8377894008745576
5003.575959950554,0.04359721353751553,89.88282206872381,1.1073692238528943
5003.58244400885,0.022085067356203525,123.45644414001055,0.5609607108475695
5003.590517672032,0.047061845839331054,80.23093641845723,1.1953708843190087
5003.592057534654,0.01585251868225672,100.60612863492565,0.40265397452932067
5003.592706484094,0.026714794682143703,118.69145267571189,0.67855578492645
5003.605798374801,0.009417343712386884,-17.695471265467862,0.23920053029462685
5003.6075815854365,0.033194049132469684,80.57806272713054,0.84312884796473
5003.6109298967,0.006223143644669128,11.177762606454719,0.15806784857459585
5003.613306693779,0.02389981714478576,90.06664163704524,0.6070553554775583
5003.614473858719,0.04674592668399718,50.26413599017678,1.1873465377735282
5003.617974384324,0.016145323200400248,148.73246432237312,0.4100912092901663
5003.619093544069,0.01505774988844446,75.95360601440865,0.38246684716648927
5003.626582471052,0.027047388075286095,27.8432167050312,0.6870036571122667
5003.628035241392,0.011338351051530743,108.55949404459363,0.28799411670888087
5003.629861251309,0.01488070819733241,177.5050591986322,0.3779699882122432
5003.6419979209295,0.014255287089270652,-0.5975943126892095,0.36208429206747456
5003.656362529651,0.027410301659193823,97.16617077899924,0.6962216621435231
5003.660498851374,0.0390103093255124,79.88628340392653,0.990861856868015
5003.66215691262,0.05082543527100564,79.18991894097812,1.2909660558835432
5003.662656990161,0.02332961732868689,111.45824345339352,0.5925722801486469
5003.668787573456,0.025575119226878877,149.9092199802396,0.6496080283627235
5003.67384573834,0.043426165680885136,90.34053786078223,1.1030246082944823
5003.6759432732115,0.02312933531606147,103.70765092102936,0.5874851170279612
5003.6764069350265,0.02386364635126807,94.33171436844847,0.6061366173222089
5003.677752572049,0.01713849058935632,4.89880027780108,0.4353176609696505
5003.678109365464,0.03459485337208559,48.611528408223215,0.878709275650974
5003.679777780141,0.0431532842348264,84.35537815662697,1.0960934195645906
5003.690638575748,0.02258052903858436,72.85970868763148,0.5735454375800427
5003.694832996432,0.033606607404322565,103.0549525900423,0.8536078280697931
5003.695385145421,0.052048795122894655,49.155321654752576,1.3220393961215242
5003.6969917815495,0.03269817661429004,55.05853888087721,0.830533686002967
5003.69805934159,0.03629357158406447,86.96381255196438,0.9218567182352374
5003.698741813868,0.03431068147379217,73.07346384587144,0.871491309434321
5003.701076689509,0.016327428560657834,29.11075876417665,0.41471668544070894
5003.702975400715,0.03674977916975927,88.05081497076237,0.9334443909118855
5003.704176989431,0.010058198990006248,49.62805076455852,0.2554782543461587
5003.71145986105,0.03261007420296171,83.57509146177466,0.8282958847552274
5003.71803784295,0.014904407333866512,105.58227392078275,0.3785719462802094
5003.719494197714,0.04060356200069845,49.59235432356762,1.0313304748177405
5003.721341838856,0.027429469380300525,99.38496431936609,0.6967085222596333
5003.726592598406,0.018539189916365748,48.97338813621722,0.47089542387569
5003.727303741222,0.02409946562011877,60.19334232122549,0.6121264267510167
5003.730331083892,0.017794800127537213,143.82686872131478,0.4519879232394452
5003.731596442473,0.042571054066778906,80.1601309001991,1.0813047732961842
5003.732460671994,0.0036773174386839015,56.37204241826813,0.0934038629425711
5003.73530278573,0.022501452838267256,104.00827050286264,0.5715369020919883
5003.740391867993,0.0454891309217904,100.41804667040196,1.155423925413476
5003.742767652461,0.03695812723527144,91.93757382755847,0.9387364317758946
5003.743023427712,0.02907335202975127,106.2787928404656,0.7384631415556823
5003.744467794576,0.02739458443581291,85.14929454764935,0.6958224446696478
5003.749338449373,0.03050058801523437,92.41095931853636,0.774714935586953
5003.751098694319,0.024022707268670153,75.43243282713065,0.6101767646242219
5003.7552296517615,0.006952120692529024,49.022777729979744,0.1765838655902372
5003.758694543197,0.05074980045986308,88.64015868547568,1.2890449316805221
5003.762736290306,0.037723386820758806,85.70673430657257,0.9581740252472736
5003.775623790259,0.01493720072266754,11.120970910165392,0.37940489835575547
5003.776148699206,0.03806537371492706,79.6996315455385,0.9668604923591473
5003.781327347533,0.032561788520162914,101.66538614525184,0.8270694284121379
5003.782329720792,0.023978606294223565,72.98768203006382,0.6090565998732785
5003.787364590279,0.02147676353907975,48.943147902314834,0.5455097938926255
5003.788942951138,0.024853123645112985,43.013765510326685,0.6312693405858698
5003.79016963611,0.027718238313053124,110.16081719430152,0.7040432531515494
5003.796022257987,0.019621442668051752,101.20429433076502,0.4983846437685145
5003.798300267917,0.025310501898732428,77.94679299877566,0.6428867482278037
5003.798864033264,0.036295004637849994,95.38202608364381,0.9218931178013898
5003.803195563721,0.009635503473300803,-26.30693993486335,0.2447417882218404
5003.810409918232,0.0067811469942838905,159.50287935734073,0.1722411336548108
5003.811654182007,0.03399690724926684,88.95672131551645,0.8635214441313778
5003.81299700524,0.018718079721241707,76.4662797727037,0.4754392249195393
5003.816632254404,0.04233065447847124,48.69234822613014,1.0751986237531694
5003.821289943416,0.005600935703911961,10.105241042624533,0.14226376687936382
5003.832645195097,0.022429364717440173,107.50673806681058,0.5697058638229804
5003.836471665016,0.025918895408602,118.73111725772884,0.6583399433784908
5003.847150932239,0.032325967575972045,83.30551091626484,0.8210795764296899
5003.849948258603,0.021793626043579196,117.96320887558454,0.5535581015069115
5003.854460879823,0.027373028857365384,75.34959880416443,0.6952749329770808
5003.856722278741,0.03372759341253484,82.5113491992631,0.8566808726783849
5003.8724543663375,0.02636996574236898,70.71480409743674,0.6697971298561721
5003.888797734244,0.013166041425745432,136.8477072211206,0.33441745221393393
5003.890414647438,0.01591368985026339,106.96374443441172,0.40420772219669004
5003.892609773876,0.012042279356506869,42.69404873557936,0.30587389565527445
5003.8973629685115,0.027699026176318586,56.49027410816305,0.7035552648784921
5003.901497696069,0.0114243803740775,79.7150583777565,0.2901792615015685
5003.912506464376,0.03852225467131951,92.84570147569148,0.9784652686515156
5003.916123552255,0.02880592036667972,77.26443070911684,0.7316703773136648
5003.916372495536,0.00940147718204529,81.635723724498,0.23879752042395036
5003.918773464827,0.015516522626958419,56.08844773808253,0.3941196747247438
5003.920860150637,0.02043241191547068,20.43102368325176,0.5189832626529552
5003.921781204692,0.044416082585669536,100.09600926884026,1.1281684976760062
5003.924002102894,0.015506665268711996,82.99638003890102,0.3938692978252847
5003.931318902356,0.013746807525711675,95.6862038261481,0.3491689111530765
5003.932374250656,0.02226103833553405,84.44303262744153,0.5654303737225648
5003.932750590271,0.024945649099256888,127.92515775904135,0.6336194871211249
5003.933012408857,0.01598989573274641,75.6600732009295,0.4061433516117588
5003.959579553535,0.017495742975312003,40.98292531705958,0.44439187157292487
5003.966477839061,0.010570341441349204,84.08299276538261,0.26848667261026976
5003.976017886613,0.03198897226009814,122.97871647478208,0.8125198954064927
5003.991720994011,0.01465526973445604,73.79762020180863,0.3722438512551834
5003.993625576229,0.03781310940078986,41.51609995283308,0.9604529787800623
5004.002989314936,0.01871637947766591,43.74672070428575,0.4753960387327141
5004.005363489507,0.0021405300128693235,90.12527957861437,0.054369462326880814
5004.00551538905,0.02916338545719252,54.9738547451048,0.74074999061269
5004.012515104941,0.028315873415786025,119.86864472796786,0.719223184760965
5004.02077955944,0.007716640733824205,71.4318727949319,0.1960026746391348
5004.032019377609,0.02367652156262613,40.69562079924538,0.6013836476907036
5004.039043943398,0.02535157077062845,91.85123438653635,0.6439298975739626
5004.050608788456,0.042154858343282885,72.006700615914,1.0707334019193853
5004.050665762564,0.02942644597471227,89.76792050494147,0.7474317277576916
5004.062603255905,0.012194507433610514,54.84698834105984,0.309740488813707
5004.070611405796,0.027167075973496137,78.22769246204136,0.6900437297268018
5004.075688451437,0.021039663584329068,77.92534300036164,0.5344074550419583
5004.08056464107,0.048771387494891086,65.55418909982271,1.2387932423702335
5004.086233444721,0.033804290959073946,99.68757976582168,0.8586289903604781
5004.086668990174,0.007800447270004454,-142.69652210922493,0.19813136065811313
5004.109278195474,0.02911143743201629,99.46757745881507,0.7394305107732138
5004.115004612089,0.04212669573549764,89.04967048074386,1.07001807168164
5004.128737346393,0.006509048903734391,71.8422440980494,0.16532984215485352
5004.134931071414,0.03255865635656218,96.74761580860843,0.8269898714566793
5004.142571101774,0.02716539206918353,93.84554428891603,0.6900009585572616
5004.143488666983,0.010414647939839011,-79.23116651191195,0.26453205767191085
5004.146074196049,0.023420286248539614,88.6868226287644,0.5948752707129061
5004.150080029438,0.037040975274392256,69.00397384809308,0.9408407719695633
5004.175092425714,0.010425312973788271,22.67756267172804,0.26480294953422207
5004.176524651991,0.018711653689766468,86.22508180594959,0.47527600372006823
5004.183526705714,0.0021884809270370687,30.38254948397059,0.05558741554674154
5004.186419919795,0.01777447551839282,74.01018583038598,0.4514716781671776
5004.189357324034,0.02279803915143772,76.49314701573165,0.5790701944465181
5004.191611955767,0.005564584949316123,7.933746851182619,0.1413404577126295
5004.210239307806,0.01586709515722835,62.56304125733477,0.4030242169936001
5004.254014018708,0.005417497596419205,135.4735384944882,0.1376044389490478
5004.262013125117,0.0101418383880821,-170.24464730840063,0.25760269505728534
5004.273141211921,0.029186428772699138,100.38194285372408,0.741335290826558
5004.277348673558,0.019019892151847347,83.84177902160292,0.4831052606569226
5004.287428929593,0.02414708614921835,68.81527144964382,0.6133359881901461
5004.323683157123,0.0378027700718358,93.9601322912089,0.9601903598246293
5004.349760541984,0.013916996364415969,120.69175628125927,0.3534917076561656
5004.36477128814,0.016466152605267452,96.24855156341043,0.4182402761737933
5004.375949998116,0.0258300092469063,86.58672059531823,0.6560822348714199
5004.400336445229,0.014865913973266764,48.93916043972981,0.3775942149209758
5004.4226805633725,0.01823410293953416,39.91514251519967,0.46314621466416767
5004.446624325928,0.02768731857449713,56.908736791987664,0.7032578917922271
5004.458869107864,0.034251511439431406,92.68613785191104,0.8699883905615576
5004.467987508566,0.034149267381264725,63.092849773502955,0.8673913914841239
5004.484544157024,0.03185440905156256,106.00542538056769,0.809101989909689
5004.496189256412,0.03151937474253349,76.86106695305762,0.8005921184603506
5004.500311241411,0.02249271058709296,85.40670634803362,0.5713148489121611
5004.509993684625,0.03068453747128077,60.76260452452525,0.7793872517705315
5004.53377715657,0.047244663520139875,66.29653174309975,1.2000144534115527
5004.671194652712,0.01243242432744224,13.872430828031748,0.3157835779170329
5004.7442015076,0.052343096038352674,98.70670104696536,1.329514639374158
5004.758717331147,0.01968219008837332,47.97573240718168,0.49992762824468234
5004.786274711687,0.01723060847864777,-5.244460992022328,0.4376574553576533
5004.834130960428,0.020909625623262262,96.91778145649948,0.5311044908308614
5004.842117030548,0.0249804049332684,143.51898441952255,0.6345022853050174
5004.903269664429,0.02285965675543873,97.81855910348797,0.5806352815881437
5005.274903178342,0.008919893341615982,-40.723923735097294,0.22656529087704594
5005.278207046988,0.04000214671853272,47.02024742751841,1.016054526650731
5005.31255791963,0.020131938465905292,137.4835323556081,0.5113512370339944
5005.338945546428,0.010873246788872446,39.07385241778301,0.2761804684373601
5005.657946903795,0.013526544806036067,64.1761801727035,0.3435742380733161
5005.873835157208,0.010919365799185784,86.16387405102003,0.2773518912993189
5005.950772961612,0.004240863788732558,-83.7570689379951,0.10771794023380696
