method,cid,speed,disk,true_mag,est_mag,true_ang,est_ang,ang_err,loaded,true_load,est_load,std
physics,A001,N1,1,3.0,6.595610225731312,0.0,42.05828495009643,42.058284950096436,True,0,1,
physics,A001,N1,2,0.0,5.809489871553388,,-106.43824480755444,,False,0,0,
physics,A001,N1,1,3.0,6.747180025754803,0.0,56.14021900239342,56.14021900239342,True,0,1,
physics,A001,N1,2,0.0,6.545557631700558,,-97.73533214234227,,False,0,1,
physics,A001,N1,1,3.0,6.0806271958877005,0.0,45.55426920560227,45.55426920560228,True,0,1,
physics,A001,N1,2,0.0,5.592323402855134,,-102.09146597785828,,False,0,0,
physics,A001,N2,1,3.0,10.793990395696142,0.0,27.471828015460638,27.47182801546063,True,0,1,
physics,A001,N2,2,0.0,7.173784818415147,,-139.03032502297538,,False,0,1,
physics,A001,N2,1,3.0,11.126628768710198,0.0,22.584684694343252,22.584684694343252,True,0,1,
physics,A001,N2,2,0.0,7.203057257215425,,-146.15920316815814,,False,0,1,
physics,A001,N2,1,3.0,9.747707003558096,0.0,25.36345820089406,25.36345820089406,True,0,1,
physics,A001,N2,2,0.0,6.255890390203645,,-140.4401051062891,,False,0,1,
physics,A002,N1,1,6.0,10.856710229634263,0.0,-39.26835282751387,39.268352827513866,True,1,1,
physics,A002,N1,2,0.0,6.302221211384324,,121.16116988499637,,False,0,1,
physics,A002,N1,1,6.0,8.280138532943669,0.0,-40.569574616230454,40.569574616230454,True,1,1,
physics,A002,N1,2,0.0,4.373897346001012,,112.35541228371437,,False,0,0,
physics,A002,N1,1,6.0,9.683110239678395,0.0,-32.1931270724016,32.19312707240161,True,1,1,
physics,A002,N1,2,0.0,5.056887923138111,,128.41426780430388,,False,0,0,
physics,A002,N2,1,6.0,13.559662422000011,0.0,-12.439434813680906,12.439434813680919,True,1,1,
physics,A002,N2,2,0.0,7.572554161393593,,151.20924590753359,,False,0,1,
physics,A002,N2,1,6.0,14.392168622949715,0.0,-11.445012655184453,11.445012655184456,True,1,1,
physics,A002,N2,2,0.0,8.199405043593538,,153.36281584543758,,False,0,1,
physics,A002,N2,1,6.0,12.79116161239803,0.0,-5.178707119345506,5.178707119345518,True,1,1,
physics,A002,N2,2,0.0,6.6952623224793015,,160.59896411186443,,False,0,1,
physics,A003,N1,1,12.0,20.41284030240275,0.0,-24.258611161511254,24.258611161511254,True,1,1,
physics,A003,N1,2,0.0,9.216011073330009,,126.2622395626943,,False,0,1,
physics,A003,N1,1,12.0,19.453280661447806,0.0,-22.49511998178087,22.495119981780874,True,1,1,
physics,A003,N1,2,0.0,8.401205406230773,,126.75117455330297,,False,0,1,
physics,A003,N1,1,12.0,22.38552785083386,0.0,-22.24307195619985,22.243071956199856,True,1,1,
physics,A003,N1,2,0.0,10.343396583457391,,133.10908205306075,,False,0,1,
physics,A003,N2,1,12.0,18.96893053350938,0.0,-13.025942196855995,13.025942196855993,True,1,1,
physics,A003,N2,2,0.0,7.788111373760634,,135.44425441761715,,False,0,1,
physics,A003,N2,1,12.0,19.38489992164145,0.0,-15.906440271662413,15.906440271662404,True,1,1,
physics,A003,N2,2,0.0,8.432798038218367,,131.65566101807264,,False,0,1,
physics,A003,N2,1,12.0,18.853182514282146,0.0,-15.356110661925364,15.356110661925356,True,1,1,
physics,A003,N2,2,0.0,7.965054700661072,,130.9756757251937,,False,0,1,
physics,A004,N1,1,24.0,28.779665100759463,0.0,-19.231901292633598,19.23190129263361,True,1,1,
physics,A004,N1,2,0.0,9.441480795887491,,107.70669979076996,,False,0,1,
physics,A004,N1,1,24.0,29.089071940493827,0.0,-20.32719078405067,20.327190784050686,True,1,1,
physics,A004,N1,2,0.0,10.023038686746496,,107.08658468477195,,False,0,1,
physics,A004,N1,1,24.0,30.26425202185246,0.0,-20.567814494142166,20.56781449414217,True,1,1,
physics,A004,N1,2,0.0,10.636890528319919,,110.16467301851054,,False,0,1,
physics,A004,N2,1,24.0,29.15641371602592,0.0,-24.6290531407433,24.62905314074331,True,1,1,
physics,A004,N2,2,0.0,11.872829559911152,,101.44874892296485,,False,0,1,
physics,A004,N2,1,24.0,29.910477187525988,0.0,-23.191128437915552,23.191128437915552,True,1,1,
physics,A004,N2,2,0.0,11.821487538881383,,105.62967586462851,,False,0,1,
physics,A004,N2,1,24.0,30.744731336654848,0.0,-24.091498721300415,24.09149872130041,True,1,1,
physics,A004,N2,2,0.0,12.56691880937544,,106.76031066388242,,False,0,1,
physics,A005,N1,1,30.0,33.51314333866224,0.0,-17.413225267612933,17.413225267612944,True,1,1,
physics,A005,N1,2,0.0,9.210565083254224,,99.91487865588223,,False,0,1,
physics,A005,N1,1,30.0,34.72446137932572,0.0,-18.64750501820214,18.64750501820214,True,1,1,
physics,A005,N1,2,0.0,10.393872351329073,,102.43312648213342,,False,0,1,
physics,A005,N1,1,30.0,33.76728650938532,0.0,-18.95986061219994,18.959860612199947,True,1,1,
physics,A005,N1,2,0.0,10.032689625123412,,98.99465627864669,,False,0,1,
physics,A005,N2,1,30.0,33.95331547871915,0.0,-15.942263372459797,15.942263372459792,True,1,1,
physics,A005,N2,2,0.0,10.234307849469454,,99.72004964950742,,False,0,1,
physics,A005,N2,1,30.0,32.04288535833112,0.0,-15.898230624429404,15.898230624429402,True,1,1,
physics,A005,N2,2,0.0,9.457387577868067,,91.66028017487395,,False,0,1,
physics,A005,N2,1,30.0,32.268843623028026,0.0,-13.979716547178356,13.979716547178356,True,1,1,
physics,A005,N2,2,0.0,8.788499839294378,,95.31709339536599,,False,0,1,
physics,A008,N1,1,60.0,59.90156202198375,0.0,1.9630257611102049,1.9630257611102024,True,1,1,
physics,A008,N1,2,0.0,3.3480312204673415,,-19.994698864941125,,False,0,0,
physics,A008,N1,1,60.0,61.41116655343493,0.0,2.104442850524036,2.1044428505240376,True,1,1,
physics,A008,N1,2,0.0,2.285770476450126,,-32.39373370313832,,False,0,0,
physics,A008,N1,1,60.0,60.21432209008998,0.0,2.6654078749392176,2.6654078749392056,True,1,1,
physics,A008,N1,2,0.0,3.3543007060367143,,-30.90541315836339,,False,0,0,
physics,A008,N2,1,60.0,59.606757726280776,0.0,3.0687902287819395,3.0687902287819497,True,1,1,
physics,A008,N2,2,0.0,3.580152200345215,,-34.36405152987699,,False,0,0,
physics,A008,N2,1,60.0,59.55271805562762,0.0,2.8752982372943148,2.8752982372943166,True,1,1,
physics,A008,N2,2,0.0,3.524539483233892,,-32.0005973255068,,False,0,0,
physics,A008,N2,1,60.0,58.56212337755111,0.0,1.8135286393054828,1.8135286393054741,True,1,1,
physics,A008,N2,2,0.0,3.991674061791594,,-13.80132821337345,,False,0,0,
physics,A009,N1,1,0.0,5.370835027166113,,-8.753635343679356,,False,0,0,
physics,A009,N1,2,3.0,1.7815604833287988,0.0,158.22338004683488,158.2233800468349,True,0,0,
physics,A009,N1,1,0.0,6.100047137795459,,-15.856137287498338,,False,0,1,
physics,A009,N1,2,3.0,2.463288460578803,0.0,144.99939967614642,144.99939967614642,True,0,0,
physics,A009,N1,1,0.0,5.512662170037603,,-18.39185315795243,,False,0,0,
physics,A009,N1,2,3.0,2.0696375272094953,0.0,138.5168881591198,138.5168881591198,True,0,0,
physics,A009,N2,1,0.0,6.9471618180314305,,-16.551778901078098,,False,0,1,
physics,A009,N2,2,3.0,4.4704962716354055,0.0,128.2733706052041,128.2733706052041,True,0,0,
physics,A009,N2,1,0.0,6.479383827495731,,-5.910256685051927,,False,0,1,
physics,A009,N2,2,3.0,3.7314665761919943,0.0,137.35874498613273,137.3587449861327,True,0,0,
physics,A009,N2,1,0.0,6.704854316486253,,-22.282192261729115,,False,0,1,
physics,A009,N2,2,3.0,4.772036337390747,0.0,120.53617385928642,120.53617385928641,True,0,0,
physics,A010,N1,1,0.0,5.387949443378369,,-72.02625449403087,,False,0,0,
physics,A010,N1,2,6.0,5.634572389773931,0.0,53.4799590142802,53.47995901428021,True,1,0,
physics,A010,N1,1,0.0,6.162033869029602,,-40.12827259404967,,False,0,1,
physics,A010,N1,2,6.0,3.9620054367706152,0.0,75.66057389301642,75.66057389301642,True,1,0,
physics,A010,N1,1,0.0,6.176683544449969,,-68.24926508038803,,False,0,1,
physics,A010,N1,2,6.0,5.8871550077579355,0.0,60.32746618157017,60.32746618157017,True,1,0,
physics,A010,N2,1,0.0,8.72619181726378,,-14.839333347970861,,False,0,1,
physics,A010,N2,2,6.0,2.9861742691338864,0.0,122.02316688928346,122.02316688928346,True,1,0,
physics,A010,N2,1,0.0,7.801177792055589,,-16.4569350289614,,False,0,1,
physics,A010,N2,2,6.0,2.647336526605935,0.0,108.08326746901326,108.08326746901326,True,1,0,
physics,A010,N2,1,0.0,8.41801639728841,,-17.531818393000403,,False,0,1,
physics,A010,N2,2,6.0,3.062998181027593,0.0,114.36774936948393,114.36774936948393,True,1,0,
physics,A011,N1,1,0.0,12.391871384473133,,-48.33693742986844,,False,0,1,
physics,A011,N1,2,12.0,10.584728691644383,0.0,58.95373070550651,58.9537307055065,True,1,1,
physics,A011,N1,1,0.0,12.847950211905124,,-44.391262737411914,,False,0,1,
physics,A011,N1,2,12.0,10.092795604000045,0.0,62.08611656090587,62.08611656090588,True,1,1,
physics,A011,N1,1,0.0,11.432505885158616,,-49.25813945906756,,False,0,1,
physics,A011,N1,2,12.0,10.457405033750664,0.0,55.16096982982929,55.1609698298293,True,1,1,
physics,A011,N2,1,0.0,11.175553326705597,,-37.77695566776288,,False,0,1,
physics,A011,N2,2,12.0,8.917387269412702,0.0,58.964447076349785,58.964447076349785,True,1,1,
physics,A011,N2,1,0.0,9.97500776268793,,-42.543569193873076,,False,0,1,
physics,A011,N2,2,12.0,9.440793902062428,0.0,52.13450929914377,52.13450929914376,True,1,1,
physics,A011,N2,1,0.0,10.135943236906748,,-40.20703323705007,,False,0,1,
physics,A011,N2,2,12.0,9.155005971830546,0.0,53.217858741599414,53.2178587415994,True,1,1,
physics,A012,N1,1,0.0,12.465986399642361,,-70.43745660875976,,False,0,1,
physics,A012,N1,2,24.0,22.92893140878335,0.0,30.598803882858334,30.598803882858334,True,1,1,
physics,A012,N1,1,0.0,13.817277752612824,,-71.3426591344304,,False,0,1,
physics,A012,N1,2,24.0,23.36064075942255,0.0,33.130969705356776,33.13096970535679,True,1,1,
physics,A012,N1,1,0.0,12.038375985398611,,-63.340994553168166,,False,0,1,
physics,A012,N1,2,24.0,21.81110316898697,0.0,30.29930591223206,30.299305912232057,True,1,1,
physics,A012,N2,1,0.0,12.852965557386447,,-65.09070653597574,,False,0,1,
physics,A012,N2,2,24.0,21.6886276372146,0.0,30.73936716534852,30.73936716534851,True,1,1,
physics,A012,N2,1,0.0,13.938164085151813,,-64.89145988416992,,False,0,1,
physics,A012,N2,2,24.0,21.818709262050493,0.0,32.98780960351231,32.98780960351232,True,1,1,
physics,A012,N2,1,0.0,14.031372037315089,,-59.3379122113589,,False,0,1,
physics,A012,N2,2,24.0,20.78855380264622,0.0,33.991521929788156,33.99152192978815,True,1,1,
physics,A013,N1,1,0.0,10.489097982175325,,-56.41952973532817,,False,0,1,
physics,A013,N1,2,30.0,26.394481139662613,0.0,19.592828215610538,19.592828215610552,True,1,1,
physics,A013,N1,1,0.0,10.26980991228404,,-57.283793484722324,,False,0,1,
physics,A013,N1,2,30.0,26.597060011001805,0.0,19.282170279414736,19.282170279414743,True,1,1,
physics,A013,N1,1,0.0,10.509747065981085,,-61.23509026435036,,False,0,1,
physics,A013,N1,2,30.0,27.02407518201194,0.0,19.72338226533865,19.723382265338643,True,1,1,
physics,A013,N2,1,0.0,5.754522292721388,,-54.52071306560233,,False,0,0,
physics,A013,N2,2,30.0,27.40887243883628,0.0,12.861628232934114,12.861628232934123,True,1,1,
physics,A013,N2,1,0.0,5.239311785425808,,-42.75366661476782,,False,0,0,
physics,A013,N2,2,30.0,26.873606945021226,0.0,11.644447949873761,11.64444794987375,True,1,1,
physics,A013,N2,1,0.0,5.756513599933001,,-45.11607057513019,,False,0,0,
physics,A013,N2,2,30.0,26.84970754213399,0.0,12.660837923958574,12.660837923958582,True,1,1,
physics,A017,N1,1,3.0,9.111849700970929,0.0,10.405184262529014,10.40518426252902,True,0,1,
physics,A017,N1,2,3.0,2.701690362671244,0.0,-141.96580233798537,141.96580233798537,True,0,0,
physics,A017,N1,1,3.0,7.43453275047966,0.0,9.943154382438511,9.943154382438507,True,0,1,
physics,A017,N1,2,3.0,1.67178584905548,0.0,-119.75160138568523,119.75160138568523,True,0,0,
physics,A017,N1,1,3.0,6.997996366536075,0.0,-9.24502370304641,9.2450237030464,True,0,1,
physics,A017,N1,2,3.0,0.5589706691557624,0.0,138.77783837963645,138.77783837963648,True,0,0,
physics,A017,N2,1,3.0,8.902421167989162,0.0,10.898379675833992,10.89837967583398,True,0,1,
physics,A017,N2,2,3.0,2.5387488875964244,0.0,-145.10022785912247,145.10022785912247,True,0,0,
physics,A017,N2,1,3.0,7.484316347900475,0.0,13.397665936104334,13.397665936104346,True,0,1,
physics,A017,N2,2,3.0,1.8051778043660567,0.0,-120.42392133243467,120.42392133243467,True,0,0,
physics,A017,N2,1,3.0,7.4740542687069915,0.0,7.7668319253253255,7.766831925325334,True,0,1,
physics,A017,N2,2,3.0,1.3137081963472583,0.0,-136.10563104540432,136.10563104540432,True,0,0,
physics,A018,N1,1,6.0,7.658838557561343,0.0,-31.957728266634824,31.95772826663483,True,1,1,
physics,A018,N1,2,6.0,5.48659525464404,0.0,45.97717074025573,45.97717074025573,True,1,0,
physics,A018,N1,1,6.0,8.92356354729451,0.0,-29.59362155427748,29.59362155427749,True,1,1,
physics,A018,N1,2,6.0,5.2169859551571856,0.0,56.05522512880058,56.05522512880057,True,1,0,
physics,A018,N1,1,6.0,8.444968239737394,0.0,-37.526225269313116,37.5262252693131,True,1,1,
physics,A018,N1,2,6.0,6.124653663677682,0.0,53.033269258210915,53.03326925821091,True,1,1,
physics,A018,N2,1,6.0,11.993609309188741,0.0,-5.113311337590785,5.113311337590773,True,1,1,
physics,A018,N2,2,6.0,2.078554430962324,0.0,89.44575568163064,89.44575568163066,True,1,0,
physics,A018,N2,1,6.0,11.5743312816862,0.0,-3.2677648261414003,3.267764826141388,True,1,1,
physics,A018,N2,2,6.0,1.8257989216064707,0.0,80.25183277150232,80.25183277150234,True,1,0,
physics,A018,N2,1,6.0,11.994473145401942,0.0,-5.794968285002509,5.794968285002511,True,1,1,
physics,A018,N2,2,6.0,2.333119222111743,0.0,90.74290919065014,90.74290919065015,True,1,0,
physics,A019,N1,1,12.0,19.53776420315141,0.0,-26.691166308274674,26.69116630827466,True,1,1,
physics,A019,N1,2,12.0,11.14130705275545,0.0,49.322960052641875,49.32296005264186,True,1,1,
physics,A019,N1,1,12.0,21.3245868970107,0.0,-23.85198849284837,23.851988492848363,True,1,1,
physics,A019,N1,2,12.0,10.212521614846313,0.0,56.148395405639604,56.148395405639604,True,1,1,
physics,A019,N1,1,12.0,19.915397028497505,0.0,-21.467835355467464,21.467835355467457,True,1,1,
physics,A019,N1,2,12.0,9.761063285608392,0.0,48.99300836384083,48.99300836384083,True,1,1,
physics,A019,N2,1,12.0,18.000151705594536,0.0,-21.4813195974666,21.48131959746661,True,1,1,
physics,A019,N2,2,12.0,10.495413638172472,0.0,43.62119794117107,43.62119794117106,True,1,1,
physics,A019,N2,1,12.0,17.01823283192902,0.0,-17.211816130470165,17.21181613047017,True,1,1,
physics,A019,N2,2,12.0,9.943680465262426,0.0,37.310623773077715,37.31062377307771,True,1,1,
physics,A019,N2,1,12.0,16.469016395165422,0.0,-19.054265423405965,19.05426542340598,True,1,1,
physics,A019,N2,2,12.0,10.583987073756607,0.0,36.412256031411495,36.41225603141149,True,1,1,
physics,A020,N1,1,24.0,22.38384933231036,0.0,-18.066933449250193,18.0669334492502,True,1,1,
physics,A020,N1,2,24.0,25.873489497232036,0.0,17.414155001557134,17.414155001557134,True,1,1,
physics,A020,N1,1,24.0,22.82746901034969,0.0,-19.452571393145007,19.452571393145007,True,1,1,
physics,A020,N1,2,24.0,25.887810091680624,0.0,18.373222155955908,18.373222155955915,True,1,1,
physics,A020,N1,1,24.0,20.942255323617847,0.0,-20.842758055166474,20.842758055166485,True,1,1,
physics,A020,N1,2,24.0,27.222676180931792,0.0,17.14232206256287,17.14232206256287,True,1,1,
physics,A020,N2,1,24.0,23.036950118797293,0.0,-25.63371467488633,25.633714674886335,True,1,1,
physics,A020,N2,2,24.0,26.530294515831333,0.0,20.93093524501945,20.93093524501944,True,1,1,
physics,A020,N2,1,24.0,23.774901069085356,0.0,-30.73638280284844,30.736382802848425,True,1,1,
physics,A020,N2,2,24.0,27.558257756831924,0.0,24.050286537050614,24.050286537050624,True,1,1,
physics,A020,N2,1,24.0,22.96470506652824,0.0,-27.650477444967727,27.65047744496772,True,1,1,
physics,A020,N2,2,24.0,27.11587040725188,0.0,21.77473752592841,21.7747375259284,True,1,1,
physics,A021,N1,1,30.0,28.66165992629386,0.0,-13.628991636591193,13.628991636591195,True,1,1,
physics,A021,N1,2,30.0,31.30785171777088,0.0,13.531351815354606,13.531351815354611,True,1,1,
physics,A021,N1,1,30.0,27.75360428950141,0.0,-13.841598927603311,13.841598927603314,True,1,1,
physics,A021,N1,2,30.0,32.104763666363844,0.0,13.103485890597797,13.103485890597796,True,1,1,
physics,A021,N1,1,30.0,27.496497602853864,0.0,-17.719324440640754,17.719324440640747,True,1,1,
physics,A021,N1,2,30.0,32.99414614330689,0.0,14.876827968645598,14.876827968645586,True,1,1,
physics,A021,N2,1,30.0,25.355015133970202,0.0,-12.366782944839223,12.36678294483923,True,1,1,
physics,A021,N2,2,30.0,34.65756629412061,0.0,11.315076884696053,11.315076884696055,True,1,1,
physics,A021,N2,1,30.0,25.509181141906776,0.0,-13.410535064609128,13.410535064609121,True,1,1,
physics,A021,N2,2,30.0,34.81647194112974,0.0,12.12777527383092,12.127775273830935,True,1,1,
physics,A021,N2,1,30.0,25.70198505474989,0.0,-13.70655385451543,13.70655385451542,True,1,1,
physics,A021,N2,2,30.0,34.78039045186292,0.0,12.495888075331532,12.495888075331521,True,1,1,
physics,A025,N1,1,3.0,12.43589714480008,0.0,-33.630719759036495,33.63071975903648,True,0,1,
physics,A025,N1,2,3.0,11.002375523259927,180.0,147.21745327822134,32.78254672177866,True,0,1,
physics,A025,N1,1,3.0,11.657532418948314,0.0,-34.9195817403334,34.9195817403334,True,0,1,
physics,A025,N1,2,3.0,10.458585045242657,180.0,146.29673430930183,33.703265690698174,True,0,1,
physics,A025,N1,1,3.0,13.779106393386204,0.0,-26.670194857646123,26.670194857646123,True,0,1,
physics,A025,N1,2,3.0,11.978092856815543,180.0,153.66064887293356,26.339351127066436,True,0,1,
physics,A025,N2,1,3.0,14.256915521191196,0.0,-29.426717138476278,29.426717138476278,True,0,1,
physics,A025,N2,2,3.0,13.75051242774644,180.0,143.2336488253694,36.766351174630614,True,0,1,
physics,A025,N2,1,3.0,14.249590404092144,0.0,-35.664420163132284,35.66442016313229,True,0,1,
physics,A025,N2,2,3.0,13.82411043811863,180.0,137.9100936133625,42.089906386637495,True,0,1,
physics,A025,N2,1,3.0,14.263947498308015,0.0,-31.789012225597272,31.789012225597276,True,0,1,
physics,A025,N2,2,3.0,13.786242714710982,180.0,141.25218043287146,38.747819567128545,True,0,1,
physics,A026,N1,1,6.0,13.72921040027168,0.0,-42.50394511991039,42.503945119910384,True,1,1,
physics,A026,N1,2,6.0,12.593054198087358,180.0,140.30871162682553,39.69128837317447,True,1,1,
physics,A026,N1,1,6.0,12.705453950270678,0.0,-33.4353007474229,33.4353007474229,True,1,1,
physics,A026,N1,2,6.0,12.069855829408997,180.0,148.17452708691405,31.825472913085946,True,1,1,
physics,A026,N1,1,6.0,13.489128747880411,0.0,-38.44030056696982,38.440300566969825,True,1,1,
physics,A026,N1,2,6.0,12.570579573300263,180.0,143.66312320924797,36.33687679075203,True,1,1,
physics,A026,N2,1,6.0,17.05392558083596,0.0,-18.263987510073477,18.26398751007349,True,1,1,
physics,A026,N2,2,6.0,15.436275510014962,180.0,156.99204407269625,23.007955927303755,True,1,1,
physics,A026,N2,1,6.0,16.31066887748207,0.0,-20.469969519872617,20.46996951987262,True,1,1,
physics,A026,N2,2,6.0,15.059545472957259,180.0,154.77094081967806,25.22905918032194,True,1,1,
physics,A026,N2,1,6.0,16.823648339779552,0.0,-21.439942110398707,21.439942110398704,True,1,1,
physics,A026,N2,2,6.0,15.45801807921994,180.0,154.00820933450305,25.99179066549695,True,1,1,
physics,A028,N1,1,24.0,35.68332880788985,0.0,-26.768918607843744,26.768918607843744,True,1,1,
physics,A028,N1,2,24.0,33.14705780136849,180.0,154.3204361214805,25.679563878519502,True,1,1,
physics,A028,N1,1,24.0,32.87229832828137,0.0,-24.612594616808195,24.612594616808195,True,1,1,
physics,A028,N1,2,24.0,31.086523234609544,180.0,156.58687119161598,23.413128808384016,True,1,1,
physics,A028,N1,1,24.0,34.615708070008914,0.0,-23.687284182404966,23.687284182404966,True,1,1,
physics,A028,N1,2,24.0,32.44053497052881,180.0,157.042220912247,22.95777908775301,True,1,1,
physics,A028,N2,1,24.0,37.71429746761827,0.0,-18.25751711477544,18.257517114775453,True,1,1,
physics,A028,N2,2,24.0,35.39051394147913,180.0,158.90018353630703,21.099816463692974,True,1,1,
physics,A028,N2,1,24.0,38.51404622707263,0.0,-19.788785548133795,19.788785548133802,True,1,1,
physics,A028,N2,2,24.0,36.04841855530563,180.0,157.44851329481125,22.55148670518875,True,1,1,
physics,A028,N2,1,24.0,39.357971537307826,0.0,-19.582540259191713,19.582540259191717,True,1,1,
physics,A028,N2,2,24.0,36.782023583198956,180.0,157.57324891747967,22.426751082520326,True,1,1,
physics,A029,N1,1,30.0,22.702839064071746,0.0,14.626242142187627,14.626242142187635,True,1,1,
physics,A029,N1,2,30.0,23.984012768463554,180.0,-164.75786861227613,15.242131387723873,True,1,1,
physics,A029,N1,1,30.0,24.398727904177008,0.0,23.086378048455583,23.086378048455572,True,1,1,
physics,A029,N1,2,30.0,25.351980615429618,180.0,-158.78726867757996,21.21273132242004,True,1,1,
physics,A029,N1,1,30.0,24.219834213999018,0.0,22.583411268373535,22.58341126837354,True,1,1,
physics,A029,N1,2,30.0,25.057948337053084,180.0,-159.10426341438838,20.895736585611644,True,1,1,
physics,A029,N2,1,30.0,32.972391627492854,0.0,9.192442103750952,9.192442103750949,True,1,1,
physics,A029,N2,2,30.0,31.629693866751673,180.0,-170.862786861776,9.137213138224013,True,1,1,
physics,A029,N2,1,30.0,32.66353347826904,0.0,9.161551833761573,9.161551833761564,True,1,1,
physics,A029,N2,2,30.0,31.381642227301143,180.0,-170.89969006822986,9.100309931770141,True,1,1,
physics,A029,N2,1,30.0,32.89436290135566,0.0,7.993911520574082,7.993911520574073,True,1,1,
physics,A029,N2,2,30.0,31.555514501449387,180.0,-172.11003498384417,7.889965016155827,True,1,1,
physics,B001,N1,1,6.0,9.409375749451653,90.0,-17.063870322260264,107.06387032226027,True,1,1,
physics,B001,N1,2,0.0,10.519734560239522,,131.57239264853422,,False,0,1,
physics,B001,N1,1,6.0,10.755689452038165,90.0,-19.04069674440381,109.04069674440382,True,1,1,
physics,B001,N1,2,0.0,11.561004641377066,,132.87532597269384,,False,0,1,
physics,B001,N1,1,6.0,8.355180877714917,90.0,-19.352778377676355,109.35277837767636,True,1,1,
physics,B001,N1,2,0.0,9.94163265415478,,127.99854654512525,,False,0,1,
physics,B001,N2,1,6.0,10.118234695517938,90.0,-9.013280990151008,99.013280990151,True,1,1,
physics,B001,N2,2,0.0,10.890337761090828,,136.9519898132629,,False,0,1,
physics,B001,N2,1,6.0,11.6831994048768,90.0,-11.013828644670793,101.0138286446708,True,1,1,
physics,B001,N2,2,0.0,12.266673104833075,,138.30048434733365,,False,0,1,
physics,B001,N2,1,6.0,10.64490635409326,90.0,-8.91548734295069,98.91548734295068,True,1,1,
physics,B001,N2,2,0.0,11.340301858990411,,137.0187680855078,,False,0,1,
physics,B002,N1,1,6.0,11.949567427626024,180.0,-54.12100347254994,125.87899652745006,True,1,1,
physics,B002,N1,2,0.0,13.253060440147394,,136.35285967065784,,False,0,1,
physics,B002,N1,1,6.0,11.553732443409613,180.0,-58.51054952743928,121.48945047256075,True,1,1,
physics,B002,N1,2,0.0,12.68665877703268,,133.87673926503544,,False,0,1,
physics,B002,N1,1,6.0,11.635129826096179,180.0,-63.51458530883979,116.4854146911602,True,1,1,
physics,B002,N1,2,0.0,12.64976170833467,,131.11468076271163,,False,0,1,
physics,B002,N2,1,6.0,10.446861372673263,180.0,-54.30732275303298,125.69267724696704,True,1,1,
physics,B002,N2,2,0.0,13.065588238435387,,135.98123598948573,,False,0,1,
physics,B002,N2,1,6.0,12.067348235289103,180.0,-53.54102770504885,126.45897229495114,True,1,1,
physics,B002,N2,2,0.0,14.40115018323329,,135.28235559858655,,False,0,1,
physics,B002,N2,1,6.0,11.460499645612336,180.0,-48.760294800622525,131.23970519937745,True,1,1,
physics,B002,N2,2,0.0,13.78016936288299,,138.29007284055,,False,0,1,
physics,B003,N1,1,6.0,12.153633644575304,-90.00000000000001,-50.59760994378859,39.40239005621143,True,1,1,
physics,B003,N1,2,0.0,7.243562476791457,,144.0327146143102,,False,0,1,
physics,B003,N1,1,6.0,10.108869264307176,-90.00000000000001,-58.59011749860606,31.40988250139395,True,1,1,
physics,B003,N1,2,0.0,5.2988551927038365,,138.1634115255344,,False,0,0,
physics,B003,N1,1,6.0,10.215878678918061,-90.00000000000001,-49.37333833047376,40.62666166952624,True,1,1,
physics,B003,N1,2,0.0,5.852446869295441,,149.886485563398,,False,0,0,
physics,B003,N2,1,6.0,11.191562869262746,-90.00000000000001,-39.69525744285489,50.30474255714512,True,1,1,
physics,B003,N2,2,0.0,7.529762355272168,,155.84364674081493,,False,0,1,
physics,B003,N2,1,6.0,11.391141083555269,-90.00000000000001,-36.38354686026844,53.61645313973156,True,1,1,
physics,B003,N2,2,0.0,7.86679581526122,,158.64901526662038,,False,0,1,
physics,B003,N2,1,6.0,12.472361176754152,-90.00000000000001,-42.25968560516497,47.74031439483505,True,1,1,
physics,B003,N2,2,0.0,8.446366426488986,,149.57094791005224,,False,0,1,
physics,B004,N1,1,12.0,7.688388222066919,90.0,-15.323326869483326,105.32332686948332,True,1,1,
physics,B004,N1,2,0.0,13.569130527051955,,116.10528608238265,,False,0,1,
physics,B004,N1,1,12.0,7.230783658282344,90.0,-10.813053298331816,100.81305329833182,True,1,1,
physics,B004,N1,2,0.0,12.982986242557608,,116.10666265525877,,False,0,1,
physics,B004,N1,1,12.0,7.355216665728552,90.0,0.6741338932967991,89.3258661067032,True,1,1,
physics,B004,N1,2,0.0,12.081806069066634,,119.60756556174248,,False,0,1,
physics,B004,N2,1,12.0,14.198296077527871,90.0,-1.8355317676787806,91.83553176767879,True,1,1,
physics,B004,N2,2,0.0,16.012692345822007,,134.34686059822434,,False,0,1,
physics,B004,N2,1,12.0,13.641692476352059,90.0,-0.6572991605633628,90.65729916056337,True,1,1,
physics,B004,N2,2,0.0,15.514433543222149,,133.80547489264768,,False,0,1,
physics,B004,N2,1,12.0,13.82848207895599,90.0,-1.1842360060870512,91.18423600608705,True,1,1,
physics,B004,N2,2,0.0,15.711917908343313,,133.71653395576783,,False,0,1,
physics,B005,N1,1,12.0,12.708769711031984,180.0,-93.08738775285889,86.91261224714111,True,1,1,
physics,B005,N1,2,0.0,14.598069985310268,,126.01518129978382,,False,0,1,
physics,B005,N1,1,12.0,11.58931748599042,180.0,-94.797425856921,85.202574143079,True,1,1,
physics,B005,N1,2,0.0,13.788473220707573,,128.05124797092637,,False,0,1,
physics,B005,N1,1,12.0,12.61944809364584,180.0,-92.89207562644519,87.1079243735548,True,1,1,
physics,B005,N1,2,0.0,14.549953702783787,,126.70955220309757,,False,0,1,
physics,B005,N2,1,12.0,12.749564042840083,180.0,-54.307861003899475,125.69213899610054,True,1,1,
physics,B005,N2,2,0.0,17.932637083655496,,145.44452145941736,,False,0,1,
physics,B005,N2,1,12.0,12.162180237313335,180.0,-60.62465003973322,119.37534996026682,True,1,1,
physics,B005,N2,2,0.0,17.0404113200277,,142.7806875937406,,False,0,1,
physics,B005,N2,1,12.0,11.901939940709873,180.0,-51.4515241219886,128.5484758780114,True,1,1,
physics,B005,N2,2,0.0,17.574132423016174,,147.713060782793,,False,0,1,
physics,B006,N1,1,12.0,24.628423606357483,-90.00000000000001,-69.38987681881633,20.610123181183667,True,1,1,
physics,B006,N1,2,0.0,12.326118283385767,,123.11151791828185,,False,0,1,
physics,B006,N1,1,12.0,24.344690848156414,-90.00000000000001,-68.44979073375046,21.550209266249567,True,1,1,
physics,B006,N1,2,0.0,12.528607396490871,,123.27617331708268,,False,0,1,
physics,B006,N1,1,12.0,24.15902629870585,-90.00000000000001,-68.44437000580176,21.555629994198256,True,1,1,
physics,B006,N1,2,0.0,12.227625621260138,,123.61078450560093,,False,0,1,
physics,B006,N2,1,12.0,23.710405423286936,-90.00000000000001,-52.89554593164889,37.10445406835112,True,1,1,
physics,B006,N2,2,0.0,14.103529029390037,,143.31483639533073,,False,0,1,
physics,B006,N2,1,12.0,22.506173762855084,-90.00000000000001,-55.41316741160691,34.586832588393094,True,1,1,
physics,B006,N2,2,0.0,12.84946194967608,,141.40464412877347,,False,0,1,
physics,B006,N2,1,12.0,23.429281353843173,-90.00000000000001,-54.99282566176012,35.007174338239906,True,1,1,
physics,B006,N2,2,0.0,13.644142239443017,,140.87553473580772,,False,0,1,
physics,B008,N1,1,24.0,20.05799115998471,180.0,-126.5251689991965,53.47483100080353,True,1,1,
physics,B008,N1,2,0.0,17.76630979175416,,122.3718144457773,,False,0,1,
physics,B008,N1,1,24.0,19.719039809316904,180.0,-129.95137531794077,50.0486246820592,True,1,1,
physics,B008,N1,2,0.0,16.710696355168253,,122.9452078484021,,False,0,1,
physics,B008,N1,1,24.0,20.39881963525384,180.0,-127.0425127860754,52.957487213924594,True,1,1,
physics,B008,N1,2,0.0,17.814991669551596,,121.96445931976152,,False,0,1,
physics,B008,N2,1,24.0,12.645347909797938,180.0,-83.23638656764602,96.76361343235396,True,1,1,
physics,B008,N2,2,0.0,24.070844099164102,,146.50305295403467,,False,0,1,
physics,B008,N2,1,24.0,11.893898177445712,180.0,-85.25306589818973,94.74693410181027,True,1,1,
physics,B008,N2,2,0.0,23.391938489824234,,147.27061128937805,,False,0,1,
physics,B008,N2,1,24.0,12.599558169682409,180.0,-93.58489680211704,86.41510319788296,True,1,1,
physics,B008,N2,2,0.0,22.471910155705395,,144.15379657792852,,False,0,1,
physics,B009,N1,1,24.0,35.13410818400391,-90.00000000000001,-70.62853337685999,19.37146662314001,True,1,1,
physics,B009,N1,2,0.0,13.100090033642816,,132.6291829179338,,False,0,1,
physics,B009,N1,1,24.0,35.94649177689994,-90.00000000000001,-69.58526642504665,20.414733574953345,True,1,1,
physics,B009,N1,2,0.0,13.971846745460873,,133.1030866608482,,False,0,1,
physics,B009,N1,1,24.0,34.59046656574208,-90.00000000000001,-73.43688304430529,16.56311695569474,True,1,1,
physics,B009,N1,2,0.0,12.151638806472494,,128.34729487617122,,False,0,1,
physics,B009,N2,1,24.0,27.64758201793428,-90.00000000000001,-66.4907966929719,23.509203307028116,True,1,1,
physics,B009,N2,2,0.0,10.045076277675026,,153.18746124678717,,False,0,1,
physics,B009,N2,1,24.0,27.60175318650345,-90.00000000000001,-65.61940588020903,24.380594119791,True,1,1,
physics,B009,N2,2,0.0,10.258220311447614,,154.75351908937654,,False,0,1,
physics,B009,N2,1,24.0,28.03587576443386,-90.00000000000001,-64.89483018144306,25.10516981855696,True,1,1,
physics,B009,N2,2,0.0,10.745818280324134,,154.71412329734082,,False,0,1,
physics,B010,N1,1,30.0,31.925991340153313,90.0,101.0510417562447,11.0510417562447,True,1,1,
physics,B010,N1,2,0.0,4.9568010359233465,,-27.681065152774195,,False,0,0,
physics,B010,N1,1,30.0,32.201059149057826,90.0,99.50045443087528,9.500454430875266,True,1,1,
physics,B010,N1,2,0.0,4.583203789821206,,-32.56017571420049,,False,0,0,
physics,B010,N1,1,30.0,31.356419315247674,90.0,100.80607482585498,10.806074825854978,True,1,1,
physics,B010,N1,2,0.0,4.592763598838033,,-23.114463162821988,,False,0,0,
physics,B010,N2,1,30.0,30.08063435086617,90.0,80.08652276436166,9.91347723563834,True,1,1,
physics,B010,N2,2,0.0,4.14945657706059,,-169.46554599462286,,False,0,0,
physics,B010,N2,1,30.0,31.754154564559027,90.0,79.88843924253403,10.111560757465952,True,1,1,
physics,B010,N2,2,0.0,4.967109569804334,,-156.16814861908128,,False,0,0,
physics,B010,N2,1,30.0,29.639711025786873,90.0,78.59856101844694,11.401438981553042,True,1,1,
physics,B010,N2,2,0.0,4.621399025658919,,-178.48702536611634,,False,0,0,
physics,B011,N1,1,30.0,20.571956470043762,180.0,-163.14518638401856,16.85481361598147,True,1,1,
physics,B011,N1,2,0.0,10.257700439549438,,141.06208028883393,,False,0,1,
physics,B011,N1,1,30.0,20.09464270804283,180.0,-158.47394674740158,21.526053252598444,True,1,1,
physics,B011,N1,2,0.0,11.42592720042728,,138.61800932264424,,False,0,1,
physics,B011,N1,1,30.0,20.705661166153458,180.0,-156.6138981337139,23.38610186628614,True,1,1,
physics,B011,N1,2,0.0,11.689070328530995,,137.02782124463323,,False,0,1,
physics,B011,N2,1,30.0,12.969267151895744,180.0,-160.7498115876853,19.250188412314742,True,1,1,
physics,B011,N2,2,0.0,14.654102387354488,,160.22402294884574,,False,0,1,
physics,B011,N2,1,30.0,12.996192503449715,180.0,-153.81800377757472,26.181996222425255,True,1,1,
physics,B011,N2,2,0.0,15.46876456907103,,156.36560130955743,,False,0,1,
physics,B011,N2,1,30.0,12.536987255918634,180.0,-158.1101274684327,21.889872531567335,True,1,1,
physics,B011,N2,2,0.0,15.2622418456903,,159.52017340407022,,False,0,1,
physics,B012,N1,1,30.0,30.6447160530801,-90.00000000000001,-77.25489092196784,12.745109078032158,True,1,1,
physics,B012,N1,2,0.0,5.25509985837389,,164.7530506553267,,False,0,0,
physics,B012,N1,1,30.0,29.72943251818323,-90.00000000000001,-77.44283430399224,12.557165696007758,True,1,1,
physics,B012,N1,2,0.0,5.079119736203738,,171.47900320108582,,False,0,0,
physics,B012,N1,1,30.0,29.14991849853256,-90.00000000000001,-77.06779489762262,12.932205102377395,True,1,1,
physics,B012,N1,2,0.0,5.042265089343365,,177.5167165055929,,False,0,0,
physics,B012,N2,1,30.0,27.679568243099713,-90.00000000000001,-72.62865311346427,17.371346886535747,True,1,1,
physics,B012,N2,2,0.0,6.853087038862139,,-173.1433141215312,,False,0,1,
physics,B012,N2,1,30.0,26.936459015943427,-90.00000000000001,-71.9731905632765,18.02680943672351,True,1,1,
physics,B012,N2,2,0.0,7.011047400533797,,-168.00828544398522,,False,0,1,
physics,B012,N2,1,30.0,26.597250790981274,-90.00000000000001,-75.11536680885003,14.884633191149987,True,1,1,
physics,B012,N2,2,0.0,5.836870030057251,,-165.33579350157672,,False,0,0,
physics,B013,N1,1,0.0,7.1600354679339135,,-58.02018006928634,,False,0,1,
physics,B013,N1,2,6.0,11.656581873979343,90.0,110.8737514584253,20.873751458425318,True,1,1,
physics,B013,N1,1,0.0,6.858103003181603,,-16.371745150978782,,False,0,1,
physics,B013,N1,2,6.0,9.694083051931319,90.0,127.7559692931856,37.755969293185615,True,1,1,
physics,B013,N1,1,0.0,7.265102986251036,,-26.68061696647228,,False,0,1,
physics,B013,N1,2,6.0,10.481080322136274,90.0,124.08147370410002,34.081473704100006,True,1,1,
physics,B013,N2,1,0.0,10.868977616965685,,-19.108985046434462,,False,0,1,
physics,B013,N2,2,6.0,13.927165709047294,90.0,129.06462429020516,39.06462429020516,True,1,1,
physics,B013,N2,1,0.0,10.04162269390375,,-22.975581854317866,,False,0,1,
physics,B013,N2,2,6.0,13.674496102510599,90.0,125.48524970592513,35.48524970592513,True,1,1,
physics,B013,N2,1,0.0,10.712672208126431,,-22.515193913357287,,False,0,1,
physics,B013,N2,2,6.0,14.212750292596857,90.0,126.56815888118818,36.5681588811882,True,1,1,
physics,B014,N1,1,0.0,15.052617195701032,,-34.368185709864626,,False,0,1,
physics,B014,N1,2,6.0,17.226947118337776,180.0,152.4624778730609,27.53752212693911,True,1,1,
physics,B014,N1,1,0.0,14.285982339690891,,-42.30446693757649,,False,0,1,
physics,B014,N1,2,6.0,16.35217253577698,180.0,147.69226094534054,32.307739054659464,True,1,1,
physics,B014,N1,1,0.0,14.869691366176932,,-38.99323854209375,,False,0,1,
physics,B014,N1,2,6.0,16.815399482835552,180.0,149.63009786606162,30.369902133938382,True,1,1,
physics,B014,N2,1,0.0,14.823534385965216,,-27.936272477014832,,False,0,1,
physics,B014,N2,2,6.0,17.76804338041138,180.0,153.85987108755816,26.14012891244184,True,1,1,
physics,B014,N2,1,0.0,13.456453567428474,,-26.711953109468855,,False,0,1,
physics,B014,N2,2,6.0,16.704251169507614,180.0,155.02468486032043,24.975315139679566,True,1,1,
physics,B014,N2,1,0.0,14.451982492384577,,-26.15916454720738,,False,0,1,
physics,B014,N2,2,6.0,17.53103381565298,180.0,155.09816097413022,24.901839025869776,True,1,1,
physics,B015,N1,1,0.0,10.266656481730946,,-44.551818135313034,,False,0,1,
physics,B015,N1,2,6.0,5.532875037582468,-90.00000000000001,170.37550152518503,99.62449847481497,True,1,0,
physics,B015,N1,1,0.0,10.874881703176847,,-35.085616064268066,,False,0,1,
physics,B015,N1,2,6.0,6.721893129021268,-90.00000000000001,176.93387585772743,93.06612414227254,True,1,1,
physics,B015,N1,1,0.0,10.844271730085278,,-38.2577905112558,,False,0,1,
physics,B015,N1,2,6.0,6.444636917276084,-90.00000000000001,173.67255222974222,96.32744777025778,True,1,1,
physics,B015,N2,1,0.0,10.398485015405882,,-17.109259280714678,,False,0,1,
physics,B015,N2,2,6.0,7.97465405393962,-90.00000000000001,-171.30121628921276,81.30121628921275,True,1,1,
physics,B015,N2,1,0.0,9.93991686312944,,-15.129743512606664,,False,0,1,
physics,B015,N2,2,6.0,7.802408329629459,-90.00000000000001,-168.17292903854388,78.17292903854387,True,1,1,
physics,B015,N2,1,0.0,10.326228108217437,,-19.24052739149494,,False,0,1,
physics,B015,N2,2,6.0,7.766904312459874,-90.00000000000001,-173.2312682769443,83.23126827694428,True,1,1,
physics,B016,N1,1,0.0,14.417985354791536,,-61.10320372986348,,False,0,1,
physics,B016,N1,2,12.0,23.627198919103684,90.0,104.31622023690555,14.316220236905565,True,1,1,
physics,B016,N1,1,0.0,16.489163593471538,,-58.65781168910334,,False,0,1,
physics,B016,N1,2,12.0,24.95618184306966,90.0,106.52847151770814,16.52847151770814,True,1,1,
physics,B016,N1,1,0.0,15.05526999171513,,-59.94779961079561,,False,0,1,
physics,B016,N1,2,12.0,24.09634607008925,90.0,105.24102766684351,15.241027666843507,True,1,1,
physics,B016,N2,1,0.0,17.609007585790064,,-42.160360240608206,,False,0,1,
physics,B016,N2,2,12.0,25.058650278691438,90.0,114.16186558490367,24.161865584903666,True,1,1,
physics,B016,N2,1,0.0,17.7368674978138,,-39.8828828961892,,False,0,1,
physics,B016,N2,2,12.0,24.977325245622712,90.0,115.49169107242248,25.491691072422498,True,1,1,
physics,B016,N2,1,0.0,17.849684501973456,,-39.728689484029424,,False,0,1,
physics,B016,N2,2,12.0,25.07845504551601,90.0,115.65651716475247,25.656517164752472,True,1,1,
physics,B017,N1,1,0.0,11.393222138423596,,-72.20865486552006,,False,0,1,
physics,B017,N1,2,12.0,18.410460210135383,180.0,145.18844133633465,34.81155866366535,True,1,1,
physics,B017,N1,1,0.0,12.390759214561626,,-66.94135607339904,,False,0,1,
physics,B017,N1,2,12.0,19.439413724169302,180.0,145.81349401626096,34.18650598373904,True,1,1,
physics,B017,N1,1,0.0,13.852392900440451,,-61.20291662387719,,False,0,1,
physics,B017,N1,2,12.0,20.851850135195026,180.0,146.5228637950846,33.47713620491541,True,1,1,
physics,B017,N2,1,0.0,21.567719517534282,,-35.544987918302255,,False,0,1,
physics,B017,N2,2,12.0,28.158663536211975,180.0,154.88672888637362,25.113271113626382,True,1,1,
physics,B017,N2,1,0.0,19.859817087357108,,-35.22013411606055,,False,0,1,
physics,B017,N2,2,12.0,26.83740619031313,180.0,155.7217061339586,24.278293866041395,True,1,1,
physics,B017,N2,1,0.0,20.732759316875317,,-34.32786473652021,,False,0,1,
physics,B017,N2,2,12.0,27.576920325672678,180.0,155.81258246384164,24.187417536158364,True,1,1,
physics,B018,N1,1,0.0,16.099785966797672,,-52.751194366802565,,False,0,1,
physics,B018,N1,2,12.0,7.280253486346733,-90.00000000000001,178.40532720453672,91.59467279546328,True,1,1,
physics,B018,N1,1,0.0,16.029364822151965,,-47.4245518274698,,False,0,1,
physics,B018,N1,2,12.0,8.215557260670911,-90.00000000000001,-176.56727912248192,86.5672791224819,True,1,1,
physics,B018,N1,1,0.0,16.23663829798767,,-50.4892073471689,,False,0,1,
physics,B018,N1,2,12.0,7.669248971877258,-90.00000000000001,179.75296402058174,90.24703597941823,True,1,1,
physics,B018,N2,1,0.0,16.52489771334754,,-28.614994259074415,,False,0,1,
physics,B018,N2,2,12.0,11.984346628326588,-90.00000000000001,-164.38923397172638,74.38923397172637,True,1,1,
physics,B018,N2,1,0.0,16.308218436091888,,-32.53757459984472,,False,0,1,
physics,B018,N2,2,12.0,11.148678126271562,-90.00000000000001,-166.59303525112117,76.59303525112115,True,1,1,
physics,B018,N2,1,0.0,16.133429522325553,,-30.020306705347913,,False,0,1,
physics,B018,N2,2,12.0,11.46478447034238,-90.00000000000001,-164.2165018788991,74.21650187889908,True,1,1,
physics,B019,N1,1,0.0,17.681963216322096,,-79.587832388402,,False,0,1,
physics,B019,N1,2,24.0,39.765248244495254,90.0,95.38074794898702,5.380747948987022,True,1,1,
physics,B019,N1,1,0.0,16.861991935815787,,-78.28513890542969,,False,0,1,
physics,B019,N1,2,24.0,39.225109214756834,90.0,95.89995448425864,5.899954484258643,True,1,1,
physics,B019,N1,1,0.0,17.98551240485031,,-78.65689523633735,,False,0,1,
physics,B019,N1,2,24.0,40.116166510373056,90.0,95.77918965017855,5.779189650178552,True,1,1,
physics,B019,N2,1,0.0,24.261997148748808,,-56.98488355691386,,False,0,1,
physics,B019,N2,2,24.0,42.693700906734286,90.0,104.45408321915315,14.454083219153148,True,1,1,
physics,B019,N2,1,0.0,24.051370288133615,,-57.17705521007398,,False,0,1,
physics,B019,N2,2,24.0,42.58954016403602,90.0,104.32730157115651,14.32730157115651,True,1,1,
physics,B019,N2,1,0.0,25.078387360735764,,-55.570418631107906,,False,0,1,
physics,B019,N2,2,24.0,43.424091456455656,90.0,105.28516272771154,15.285162727711537,True,1,1,
physics,B020,N1,1,0.0,17.620473421079737,,-55.09635792351112,,False,0,1,
physics,B020,N1,2,24.0,34.3245334420717,180.0,156.96508208878646,23.03491791121354,True,1,1,
physics,B020,N1,1,0.0,16.024241347896567,,-64.67817913793328,,False,0,1,
physics,B020,N1,2,24.0,31.133919471694227,180.0,156.84931399093745,23.150686009062554,True,1,1,
physics,B020,N1,1,0.0,19.09226342990369,,-51.51439046222165,,False,0,1,
physics,B020,N1,2,24.0,35.753247325263054,180.0,157.19648749978003,22.803512500219966,True,1,1,
physics,B020,N2,1,0.0,26.417884238217468,,-29.455045389330266,,False,0,1,
physics,B020,N2,2,24.0,43.56426046090472,180.0,162.24255638858253,17.75744361141747,True,1,1,
physics,B020,N2,1,0.0,26.170123049646094,,-29.325299507956185,,False,0,1,
physics,B020,N2,2,24.0,43.408228531313235,180.0,162.3347192545512,17.665280745448797,True,1,1,
physics,B020,N2,1,0.0,25.541981130578893,,-31.609740657359442,,False,0,1,
physics,B020,N2,2,24.0,42.7253490535825,180.0,161.4356754435865,18.56432455641351,True,1,1,
physics,B021,N1,1,0.0,15.324008167832732,,-48.104880348111536,,False,0,1,
physics,B021,N1,2,24.0,14.265231548211338,-90.00000000000001,-122.16358438832631,32.163584388326285,True,1,1,
physics,B021,N1,1,0.0,15.00145603982536,,-45.94285345457879,,False,0,1,
physics,B021,N1,2,24.0,14.810597877876273,-90.00000000000001,-121.82944211101261,31.82944211101261,True,1,1,
physics,B021,N1,1,0.0,15.967726328467194,,-47.17186978723083,,False,0,1,
physics,B021,N1,2,24.0,14.260175276331628,-90.00000000000001,-124.33868930134136,34.33868930134133,True,1,1,
physics,B021,N2,1,0.0,13.555041159947786,,-17.355432431321344,,False,0,1,
physics,B021,N2,2,24.0,20.172534011405293,-90.00000000000001,-121.54350516861054,31.543505168610523,True,1,1,
physics,B021,N2,1,0.0,13.646883645798018,,-18.976299202986628,,False,0,1,
physics,B021,N2,2,24.0,19.86948571635789,-90.00000000000001,-121.85077444324939,31.850774443249378,True,1,1,
physics,B021,N2,1,0.0,13.496647862714468,,-18.268494160025792,,False,0,1,
physics,B021,N2,2,24.0,20.011162594013367,-90.00000000000001,-121.35716937343852,31.357169373438524,True,1,1,
physics,B022,N1,1,0.0,2.802198424563137,,-48.96159057150428,,False,0,0,
physics,B022,N1,2,30.0,31.200733181581885,90.0,94.2110280363098,4.211028036309813,True,1,1,
physics,B022,N1,1,0.0,1.623821646910538,,-57.689899735096546,,False,0,0,
physics,B022,N1,2,30.0,30.57154937064759,90.0,93.05858037244597,3.058580372445988,True,1,1,
physics,B022,N1,1,0.0,3.71491926670827,,-53.9324405582049,,False,0,0,
physics,B022,N1,2,30.0,31.980360331530377,90.0,94.54858562359239,4.548585623592373,True,1,1,
physics,B022,N2,1,0.0,6.440533967378472,,27.547686411096823,,False,0,1,
physics,B022,N2,2,30.0,28.02134396620051,90.0,99.80313967742903,9.803139677429044,True,1,1,
physics,B022,N2,1,0.0,6.78380052699067,,14.78194311745636,,False,0,1,
physics,B022,N2,2,30.0,29.260258134363863,90.0,100.6365236343265,10.636523634326494,True,1,1,
physics,B022,N2,1,0.0,6.719344294873457,,18.647188035254324,,False,0,1,
physics,B022,N2,2,30.0,28.8657419895456,90.0,100.55280603794255,10.55280603794256,True,1,1,
physics,B023,N1,1,0.0,12.64987573606077,,-43.398021270380774,,False,0,1,
physics,B023,N1,2,30.0,37.229227054919434,180.0,168.36575398907675,11.634246010923249,True,1,1,
physics,B023,N1,1,0.0,13.567883589188725,,-41.11190091737009,,False,0,1,
physics,B023,N1,2,30.0,37.91052325643537,180.0,168.25791912167705,11.742080878322952,True,1,1,
physics,B023,N1,1,0.0,12.579079973298967,,-36.24090107908346,,False,0,1,
physics,B023,N1,2,30.0,37.728013423636256,180.0,170.12663626124512,9.873363738754875,True,1,1,
physics,B023,N2,1,0.0,17.639534345416706,,-22.159852244160387,,False,0,1,
physics,B023,N2,2,30.0,42.9387931662076,180.0,170.16216921825546,9.837830781744543,True,1,1,
physics,B023,N2,1,0.0,19.339598102447663,,-20.192513387377378,,False,0,1,
physics,B023,N2,2,30.0,44.4836928025604,180.0,170.32372450408832,9.676275495911682,True,1,1,
physics,B023,N2,1,0.0,18.87568503335724,,-20.711733108097796,,False,0,1,
physics,B023,N2,2,30.0,44.08832921457215,180.0,170.34391914890142,9.65608085109858,True,1,1,
physics,B024,N1,1,0.0,4.453913873356788,,-26.831382994672797,,False,0,0,
physics,B024,N1,2,30.0,26.81906293243198,-90.00000000000001,-95.78208528525202,5.782085285252009,True,1,1,
physics,B024,N1,1,0.0,6.324839331105693,,-9.464649303388246,,False,0,1,
physics,B024,N1,2,30.0,27.55686487006495,-90.00000000000001,-99.3600103699392,9.360010369939175,True,1,1,
physics,B024,N1,1,0.0,4.874626226955891,,-13.00245756190903,,False,0,0,
physics,B024,N1,2,30.0,27.42403572282322,-90.00000000000001,-96.73863740845027,6.738637408450245,True,1,1,
physics,B024,N2,1,0.0,9.133784355110189,,32.49512853648653,,False,0,1,
physics,B024,N2,2,30.0,31.98527968792517,-90.00000000000001,-101.34449256154568,11.344492561545678,True,1,1,
physics,B024,N2,1,0.0,9.549617247057526,,31.691082835481307,,False,0,1,
physics,B024,N2,2,30.0,32.13230499859589,-90.00000000000001,-101.95730302954519,11.957303029545187,True,1,1,
physics,B024,N2,1,0.0,9.633355399405914,,37.36153638448882,,False,0,1,
physics,B024,N2,2,30.0,32.70761457883598,-90.00000000000001,-101.09439022993617,11.094390229936153,True,1,1,
physics,B025,N1,1,6.0,5.188058144250581,90.0,-42.87044810366933,132.87044810366933,True,1,0,
physics,B025,N1,2,6.0,13.655829328465941,90.0,108.57164455930997,18.57164455930996,True,1,1,
physics,B025,N1,1,6.0,6.789111688624946,90.0,-41.92364576045355,131.92364576045355,True,1,1,
physics,B025,N1,2,6.0,14.83150722348814,90.0,110.8406132772443,20.8406132772443,True,1,1,
physics,B025,N1,1,6.0,6.927244007791631,90.0,-46.89904116173138,136.8990411617314,True,1,1,
physics,B025,N1,2,6.0,15.082645900358765,90.0,110.30039402577611,20.300394025776114,True,1,1,
physics,B025,N2,1,6.0,8.493245498255625,90.0,-5.008000928190785,95.00800092819078,True,1,1,
physics,B025,N2,2,6.0,14.26415812385106,90.0,120.89703172744757,30.89703172744757,True,1,1,
physics,B025,N2,1,6.0,10.30299597296031,90.0,-5.74374724990482,95.74374724990481,True,1,1,
physics,B025,N2,2,6.0,15.425913315208094,90.0,124.81972653189113,34.81972653189115,True,1,1,
physics,B025,N2,1,6.0,9.53025994458575,90.0,-12.968438436429851,102.96843843642985,True,1,1,
physics,B025,N2,2,6.0,15.566100415290627,90.0,121.13347977177636,31.133479771776365,True,1,1,
physics,B026,N1,1,6.0,9.418261036978755,180.0,-82.16483144679097,97.83516855320903,True,1,1,
physics,B026,N1,2,6.0,13.828514522505602,180.0,145.3464812237632,34.65351877623681,True,1,1,
physics,B026,N1,1,6.0,9.580911316885366,180.0,-85.150264696058,94.849735303942,True,1,1,
physics,B026,N1,2,6.0,13.67500402885589,180.0,143.67237705937674,36.32762294062326,True,1,1,
physics,B026,N1,1,6.0,11.419550524532601,180.0,-78.68724828307273,101.31275171692727,True,1,1,
physics,B026,N1,2,6.0,15.301784012889309,180.0,142.19258230559174,37.80741769440826,True,1,1,
physics,B026,N2,1,6.0,7.832451029962633,180.0,-30.433911448170317,149.5660885518297,True,1,1,
physics,B026,N2,2,6.0,15.722268191625213,180.0,163.06523330905935,16.93476669094065,True,1,1,
physics,B026,N2,1,6.0,7.846182030959988,180.0,-35.635266729790246,144.36473327020974,True,1,1,
physics,B026,N2,2,6.0,15.577406446572645,180.0,161.0922769104527,18.90772308954729,True,1,1,
physics,B026,N2,1,6.0,8.304893085007212,180.0,-37.1776743270448,142.82232567295523,True,1,1,
physics,B026,N2,2,6.0,15.934153363245613,180.0,159.78251152629088,20.217488473709125,True,1,1,
physics,B027,N1,1,6.0,15.884502155697717,-90.00000000000001,-58.161895495584716,31.8381045044153,True,1,1,
physics,B027,N1,2,6.0,6.570464794270802,-90.00000000000001,162.85352096663496,107.14647903336504,True,1,1,
physics,B027,N1,1,6.0,16.6710096521463,-90.00000000000001,-53.49536843818072,36.50463156181928,True,1,1,
physics,B027,N1,2,6.0,7.704377949175432,-90.00000000000001,166.46452643921648,103.53547356078349,True,1,1,
physics,B027,N1,1,6.0,16.53580299890757,-90.00000000000001,-50.15301756643406,39.846982433565955,True,1,1,
physics,B027,N1,2,6.0,8.255192534381873,-90.00000000000001,170.82846122707844,99.17153877292156,True,1,1,
physics,B027,N2,1,6.0,13.984720985386653,-90.00000000000001,-42.44636000809698,47.553639991903026,True,1,1,
physics,B027,N2,2,6.0,8.234221152176147,-90.00000000000001,-179.9127178417143,89.9127178417143,True,1,1,
physics,B027,N2,1,6.0,13.64112171641209,-90.00000000000001,-38.85649450192776,51.143505498072244,True,1,1,
physics,B027,N2,2,6.0,8.53864869994891,-90.00000000000001,-175.5149496338868,85.51494963388679,True,1,1,
physics,B027,N2,1,6.0,13.83887043884535,-90.00000000000001,-40.22576993296585,49.77423006703418,True,1,1,
physics,B027,N2,2,6.0,8.459796717242595,-90.00000000000001,-177.59035863103048,87.59035863103047,True,1,1,
physics,B028,N1,1,12.0,6.244125190874026,90.0,-17.099870161805715,107.09987016180571,True,1,1,
physics,B028,N1,2,12.0,24.09887068181279,90.0,101.68527294319797,11.685272943197958,True,1,1,
physics,B028,N1,1,12.0,7.379936764220544,90.0,-6.257770347001042,96.25777034700104,True,1,1,
physics,B028,N1,2,12.0,23.7549424790587,90.0,104.60602128777921,14.606021287779214,True,1,1,
physics,B028,N1,1,12.0,8.290314882615357,90.0,-26.90659426725366,116.90659426725367,True,1,1,
physics,B028,N1,2,12.0,25.91577801746037,90.0,103.77339619933176,13.773396199331756,True,1,1,
physics,B028,N2,1,12.0,14.46227084153751,90.0,-18.961157185188345,108.96115718518834,True,1,1,
physics,B028,N2,2,12.0,28.477559184174428,90.0,112.03357983817246,22.033579838172443,True,1,1,
physics,B028,N2,1,12.0,14.277605874242317,90.0,-14.923159836805963,104.92315983680597,True,1,1,
physics,B028,N2,2,12.0,27.767360395411835,90.0,112.97989762432725,22.979897624327236,True,1,1,
physics,B028,N2,1,12.0,15.488148605408053,90.0,-15.952051085601582,105.95205108560158,True,1,1,
physics,B028,N2,2,12.0,28.698086735900695,90.0,114.11514195794929,24.115141957949277,True,1,1,
physics,B029,N1,1,12.0,15.949878686902931,180.0,-83.5227028660918,96.47729713390822,True,1,1,
physics,B029,N1,2,12.0,25.968914916264247,180.0,148.3016877655256,31.6983122344744,True,1,1,
physics,B029,N1,1,12.0,16.969980835908792,180.0,-79.7586690686233,100.2413309313767,True,1,1,
physics,B029,N1,2,12.0,27.141010727260067,180.0,147.73461856903242,32.26538143096758,True,1,1,
physics,B029,N1,1,12.0,15.062945819261865,180.0,-81.57798948601302,98.42201051398695,True,1,1,
physics,B029,N1,2,12.0,25.810000469316805,180.0,150.1730705772169,29.82692942278311,True,1,1,
physics,B029,N2,1,12.0,15.429673219823762,180.0,-42.35681707118462,137.64318292881535,True,1,1,
physics,B029,N2,2,12.0,31.587014071298984,180.0,160.21603544313197,19.78396455686803,True,1,1,
physics,B029,N2,1,12.0,15.831425829990222,180.0,-42.8506732156157,137.1493267843843,True,1,1,
physics,B029,N2,2,12.0,31.842797101546005,180.0,159.90556087467618,20.094439125323817,True,1,1,
physics,B029,N2,1,12.0,16.26229273212844,180.0,-43.52020886976828,136.47979113023172,True,1,1,
physics,B029,N2,2,12.0,32.133110108187736,180.0,159.3219703886265,20.67802961137349,True,1,1,
physics,B030,N1,1,12.0,23.48927352302029,-90.00000000000001,-67.14141475612536,22.858585243874643,True,1,1,
physics,B030,N1,2,12.0,7.1121531529256785,-90.00000000000001,-162.78389280550195,72.78389280550194,True,1,1,
physics,B030,N1,1,12.0,23.038944004971523,-90.00000000000001,-67.86696525041927,22.13303474958076,True,1,1,
physics,B030,N1,2,12.0,6.811588059144577,-90.00000000000001,-160.3783423622069,70.37834236220688,True,1,1,
physics,B030,N1,1,12.0,24.209350873471863,-90.00000000000001,-64.09008302380393,25.909916976196087,True,1,1,
physics,B030,N1,2,12.0,8.084010680658698,-90.00000000000001,-166.4960892270816,76.49608922708158,True,1,1,
physics,B030,N2,1,12.0,20.03858308932255,-90.00000000000001,-51.5869403263842,38.413059673615805,True,1,1,
physics,B030,N2,2,12.0,11.607639231006743,-90.00000000000001,-148.00700025644903,58.00700025644902,True,1,1,
physics,B030,N2,1,12.0,20.436479990787912,-90.00000000000001,-53.11207463344023,36.887925366559784,True,1,1,
physics,B030,N2,2,12.0,11.154328292177498,-90.00000000000001,-149.94448351889878,59.944483518898764,True,1,1,
physics,B030,N2,1,12.0,20.341685502957468,-90.00000000000001,-46.80685809454589,43.19314190545413,True,1,1,
physics,B030,N2,2,12.0,12.971031630332316,-90.00000000000001,-149.08546549864462,59.08546549864461,True,1,1,
physics,B032,N1,1,24.0,23.805698823059824,180.0,-105.3244541810543,74.6755458189457,True,1,1,
physics,B032,N1,2,24.0,42.616217286867766,180.0,152.65545294328786,27.344547056712145,True,1,1,
physics,B032,N1,1,24.0,23.21268925699761,180.0,-106.58158283178483,73.41841716821517,True,1,1,
physics,B032,N1,2,24.0,42.23621667759988,180.0,152.98845057846725,27.01154942153275,True,1,1,
physics,B032,N1,1,24.0,24.65675795594919,180.0,-109.18419862375397,70.81580137624604,True,1,1,
physics,B032,N1,2,24.0,41.47233608216196,180.0,151.3459014633212,28.654098536678788,True,1,1,
physics,B032,N2,1,24.0,15.073529697547283,180.0,-53.8444719782832,126.1555280217168,True,1,1,
physics,B032,N2,2,24.0,50.994045473870905,180.0,165.26623979638438,14.733760203615617,True,1,1,
physics,B032,N2,1,24.0,15.653905583204986,180.0,-55.81309815241133,124.18690184758867,True,1,1,
physics,B032,N2,2,24.0,51.154620910416426,180.0,164.51832108894632,15.481678911053677,True,1,1,
physics,B032,N2,1,24.0,15.157946236846644,180.0,-52.966323121110115,127.03367687888988,True,1,1,
physics,B032,N2,2,24.0,51.31386836936558,180.0,165.16786444008474,14.832135559915258,True,1,1,
physics,B033,N1,1,24.0,32.26577255658684,-90.00000000000001,-66.64784876120828,23.35215123879175,True,1,1,
physics,B033,N1,2,24.0,18.393758240347438,-90.00000000000001,-121.11060554967244,31.110605549672414,True,1,1,
physics,B033,N1,1,24.0,31.53003880605048,-90.00000000000001,-68.09566624613734,21.90433375386266,True,1,1,
physics,B033,N1,2,24.0,18.471318260040036,-90.00000000000001,-118.71337857252391,28.71337857252388,True,1,1,
physics,B033,N1,1,24.0,31.371273994878756,-90.00000000000001,-68.73944100752145,21.260558992478565,True,1,1,
physics,B033,N1,2,24.0,18.294005212058146,-90.00000000000001,-117.270123295066,27.270123295065986,True,1,1,
physics,B033,N2,1,24.0,22.380011083043915,-90.00000000000001,-59.643953425357346,30.356046574642676,True,1,1,
physics,B033,N2,2,24.0,25.172152033345867,-90.00000000000001,-111.76802240395081,21.768022403950795,True,1,1,
physics,B033,N2,1,24.0,22.494832167809616,-90.00000000000001,-57.9895660422815,32.010433957718504,True,1,1,
physics,B033,N2,2,24.0,25.50302197280037,-90.00000000000001,-112.71620673685214,22.716206736852143,True,1,1,
physics,B033,N2,1,24.0,22.954539243227842,-90.00000000000001,-58.28211420984674,31.717885790153275,True,1,1,
physics,B033,N2,2,24.0,25.161484252142643,-90.00000000000001,-113.3055918138504,23.305591813850384,True,1,1,
physics,B034,N1,1,30.0,27.244559108222266,90.0,113.12212244855905,23.122122448559054,True,1,1,
physics,B034,N1,2,30.0,32.33662749376162,90.0,78.65732653301322,11.342673466986781,True,1,1,
physics,B034,N1,1,30.0,26.544068988343092,90.0,109.28077044684966,19.280770446849658,True,1,1,
physics,B034,N1,2,30.0,32.30664427691658,90.0,81.12229924698524,8.877700753014778,True,1,1,
physics,B034,N1,1,30.0,27.06806517275097,90.0,111.24804098705808,21.24804098705806,True,1,1,
physics,B034,N1,2,30.0,32.25620969989705,90.0,79.94644486063788,10.053555139362118,True,1,1,
physics,B034,N2,1,30.0,23.842723860632518,90.0,80.62295539620538,9.377044603794616,True,1,1,
physics,B034,N2,2,30.0,34.80354509718395,90.0,95.70725127694159,5.707251276941577,True,1,1,
physics,B034,N2,1,30.0,22.510071564577693,90.0,78.21902630129235,11.780973698707669,True,1,1,
physics,B034,N2,2,30.0,36.07921381515081,90.0,96.32879293652223,6.328792936522234,True,1,1,
physics,B034,N2,1,30.0,22.25930604406831,90.0,76.0390809007676,13.960919099232399,True,1,1,
physics,B034,N2,2,30.0,36.62316503375225,90.0,97.22735523464803,7.22735523464803,True,1,1,
physics,B035,N1,1,30.0,17.08991149678778,180.0,-145.81516849806678,34.18483150193322,True,1,1,
physics,B035,N1,2,30.0,42.39248754569729,180.0,168.60926359359615,11.390736406403846,True,1,1,
physics,B035,N1,1,30.0,15.409882228631965,180.0,-149.17216619725443,30.827833802745545,True,1,1,
physics,B035,N1,2,30.0,43.028789790491984,180.0,170.31661585517148,9.683384144828523,True,1,1,
physics,B035,N1,1,30.0,16.112326207325765,180.0,-142.51783332211716,37.482166677882844,True,1,1,
physics,B035,N1,2,30.0,43.510447012809045,180.0,168.62552870088078,11.374471299119222,True,1,1,
physics,B035,N2,1,30.0,7.436414303258397,180.0,-118.30537774590847,61.69462225409154,True,1,1,
physics,B035,N2,2,30.0,51.18647251736904,180.0,171.3577780289409,8.642221971059087,True,1,1,
physics,B035,N2,1,30.0,9.974802774120686,180.0,-105.27479109117169,74.72520890882834,True,1,1,
physics,B035,N2,2,30.0,52.10786110705598,180.0,168.92028840625434,11.079711593745657,True,1,1,
physics,B035,N2,1,30.0,10.466208800908282,180.0,-96.80630993800195,83.19369006199804,True,1,1,
physics,B035,N2,2,30.0,53.30462398653396,180.0,168.44433113833372,11.555668861666277,True,1,1,
physics,B036,N1,1,30.0,27.933392990854987,-90.00000000000001,-77.27094076178922,12.729059238210795,True,1,1,
physics,B036,N1,2,30.0,29.824216277831436,-90.00000000000001,-98.22706318739652,8.22706318739651,True,1,1,
physics,B036,N1,1,30.0,29.918343393387325,-90.00000000000001,-76.36766178261203,13.632338217387996,True,1,1,
physics,B036,N1,2,30.0,28.55864300892649,-90.00000000000001,-99.90563256255855,9.905632562558537,True,1,1,
physics,B036,N1,1,30.0,26.9929794205877,-90.00000000000001,-78.58431246586663,11.415687534133383,True,1,1,
physics,B036,N1,2,30.0,30.535885588283747,-90.00000000000001,-97.09229661577167,7.092296615771659,True,1,1,
physics,B036,N2,1,30.0,19.988696815943307,-90.00000000000001,-64.63002933473244,25.369970665267573,True,1,1,
physics,B036,N2,2,30.0,36.474270921521324,-90.00000000000001,-101.19068673620019,11.190686736200178,True,1,1,
physics,B036,N2,1,30.0,19.454181701553274,-90.00000000000001,-62.92057717962121,27.079422820378795,True,1,1,
physics,B036,N2,2,30.0,37.128182337317575,-90.00000000000001,-101.44986811875835,11.449868118758332,True,1,1,
physics,B036,N2,1,30.0,20.350835420705955,-90.00000000000001,-62.434672340107056,27.565327659892944,True,1,1,
physics,B036,N2,2,30.0,36.57634694502462,-90.00000000000001,-102.25392255323614,12.253922553236123,True,1,1,
physics,B037,N1,1,6.0,10.06304856815341,90.0,-14.56017470892434,104.56017470892434,True,1,1,
physics,B037,N1,2,6.0,7.726579497246409,-90.00000000000001,164.13713026069837,105.86286973930163,True,1,1,
physics,B037,N1,1,6.0,10.314479919774657,90.0,-13.709016589162685,103.70901658916269,True,1,1,
physics,B037,N1,2,6.0,7.925096227768461,-90.00000000000001,165.01031028186608,104.98968971813389,True,1,1,
physics,B037,N1,1,6.0,8.807074674553716,90.0,-8.085361844697234,98.08536184469723,True,1,1,
physics,B037,N1,2,6.0,6.745567969185976,-90.00000000000001,169.8548848656595,100.14511513434047,True,1,1,
physics,B037,N2,1,6.0,10.848111659922454,90.0,5.08693847819932,84.91306152180069,True,1,1,
physics,B037,N2,2,6.0,9.007565057739708,-90.00000000000001,-178.83933529390262,88.83933529390261,True,1,1,
physics,B037,N2,1,6.0,10.380115440736464,90.0,8.635635099833541,81.36436490016646,True,1,1,
physics,B037,N2,2,6.0,8.586193192035145,-90.00000000000001,-175.70158814578105,85.70158814578103,True,1,1,
physics,B037,N2,1,6.0,11.269759973886892,90.0,5.148268262251497,84.85173173774851,True,1,1,
physics,B037,N2,2,6.0,9.413408827956568,-90.00000000000001,-178.89615918998732,88.8961591899873,True,1,1,
physics,B038,N1,1,6.0,11.859986147240583,180.0,-58.50589298008505,121.49410701991496,True,1,1,
physics,B038,N1,2,6.0,12.82276535667856,0.0,134.43657276056913,134.4365727605691,True,1,1,
physics,B038,N1,1,6.0,11.393237967536674,180.0,-57.049580263611794,122.9504197363882,True,1,1,
physics,B038,N1,2,6.0,12.561390532761864,0.0,136.12829044465983,136.1282904446598,True,1,1,
physics,B038,N1,1,6.0,10.466293853205284,180.0,-53.56823902226346,126.43176097773653,True,1,1,
physics,B038,N1,2,6.0,11.941514505158484,0.0,139.22983005207675,139.22983005207675,True,1,1,
physics,B038,N2,1,6.0,8.694457312787526,180.0,-42.44869302010138,137.55130697989864,True,1,1,
physics,B038,N2,2,6.0,12.635645726198023,0.0,141.48812045480534,141.4881204548053,True,1,1,
physics,B038,N2,1,6.0,9.976918674902345,180.0,-30.669055968630445,149.33094403136954,True,1,1,
physics,B038,N2,2,6.0,13.859296610788846,0.0,147.8542806318902,147.85428063189022,True,1,1,
physics,B038,N2,1,6.0,8.80373752274393,180.0,-40.05467258116108,139.94532741883893,True,1,1,
physics,B038,N2,2,6.0,12.740975202336186,0.0,142.46485549081802,142.46485549081802,True,1,1,
physics,B039,N1,1,6.0,17.788653295946588,-90.00000000000001,-55.61257078423427,34.387429215765735,True,1,1,
physics,B039,N1,2,6.0,16.42690327011424,90.0,118.56067300816733,28.560673008167328,True,1,1,
physics,B039,N1,1,6.0,17.07773627770801,-90.00000000000001,-54.12683382728772,35.8731661727123,True,1,1,
physics,B039,N1,2,6.0,15.851458157401051,90.0,120.16625621366722,30.166256213667225,True,1,1,
physics,B039,N1,1,6.0,17.262187228076233,-90.00000000000001,-53.55380255711198,36.446197442888035,True,1,1,
physics,B039,N1,2,6.0,16.060460288776248,90.0,120.5330056396926,30.53300563969259,True,1,1,
physics,B039,N2,1,6.0,16.016586815364164,-90.00000000000001,-48.22748328820152,41.77251671179849,True,1,1,
physics,B039,N2,2,6.0,16.05683190913853,90.0,122.68266514740772,32.682665147407704,True,1,1,
physics,B039,N2,1,6.0,16.478637441265555,-90.00000000000001,-49.82646545820625,40.17353454179377,True,1,1,
physics,B039,N2,2,6.0,16.61021473020031,90.0,121.21723222909756,31.21723222909756,True,1,1,
physics,B039,N2,1,6.0,17.74336965224513,-90.00000000000001,-48.33488969662484,41.66511030337517,True,1,1,
physics,B039,N2,2,6.0,17.685656625602316,90.0,122.62136288194384,32.62136288194384,True,1,1,
physics,B040,N1,1,12.0,10.291159731054456,90.0,-14.146922491796735,104.14692249179673,True,1,1,
physics,B040,N1,2,12.0,7.814399822350848,-90.00000000000001,174.19743258053398,95.80256741946602,True,1,1,
physics,B040,N1,1,12.0,7.875709903273645,90.0,-11.377605052396532,101.37760505239653,True,1,1,
physics,B040,N1,2,12.0,6.0855314136071215,-90.00000000000001,179.4454850028873,90.55451499711268,True,1,1,
physics,B040,N1,1,12.0,7.53405182592445,90.0,-31.833559665474887,121.8335596654749,True,1,1,
physics,B040,N1,2,12.0,5.227113859673961,-90.00000000000001,159.77437267453448,110.2256273254655,True,1,0,
physics,B040,N2,1,12.0,14.062599363060444,90.0,5.3638123109075995,84.6361876890924,True,1,1,
physics,B040,N2,2,12.0,11.083162673936432,-90.00000000000001,-174.00572412822413,84.00572412822412,True,1,1,
physics,B040,N2,1,12.0,14.386492175600859,90.0,4.249421834845031,85.75057816515496,True,1,1,
physics,B040,N2,2,12.0,11.321464413810869,-90.00000000000001,-175.3862020354429,85.38620203544288,True,1,1,
physics,B040,N2,1,12.0,14.552955261274425,90.0,2.244543900774151,87.75545609922585,True,1,1,
physics,B040,N2,2,12.0,11.401475713313484,-90.00000000000001,-177.6290855056051,87.62908550560509,True,1,1,
physics,B041,N1,1,12.0,13.99656881460073,180.0,-102.17634774669487,77.82365225330511,True,1,1,
physics,B041,N1,2,12.0,13.030324970546213,0.0,68.4254070639379,68.42540706393788,True,1,1,
physics,B041,N1,1,12.0,12.795840665428111,180.0,-95.0911013294822,84.90889867051783,True,1,1,
physics,B041,N1,2,12.0,12.061674709132069,0.0,72.62751966956309,72.62751966956307,True,1,1,
physics,B041,N1,1,12.0,12.975012202337899,180.0,-91.6033938664057,88.39660613359433,True,1,1,
physics,B041,N1,2,12.0,12.155854523882741,0.0,75.63902067374252,75.63902067374252,True,1,1,
physics,B041,N2,1,12.0,12.046836449906298,180.0,-73.08893590500819,106.91106409499184,True,1,1,
physics,B041,N2,2,12.0,11.144702393854192,0.0,90.6663433587055,90.66634335870549,True,1,1,
physics,B041,N2,1,12.0,11.827551175293136,180.0,-75.58796374509124,104.41203625490874,True,1,1,
physics,B041,N2,2,12.0,11.029614257433263,0.0,88.31718664398393,88.31718664398392,True,1,1,
physics,B041,N2,1,12.0,11.61591062288635,180.0,-72.69320677716027,107.3067932228397,True,1,1,
physics,B041,N2,2,12.0,10.824076915210892,0.0,90.69824624625757,90.69824624625755,True,1,1,
physics,B042,N1,1,12.0,25.16257028760138,-90.00000000000001,-69.51609925151895,20.483900748481062,True,1,1,
physics,B042,N1,2,12.0,24.06588642739588,90.0,106.85605099428605,16.85605099428605,True,1,1,
physics,B042,N1,1,12.0,25.97237910259947,-90.00000000000001,-66.81920559782607,23.180794402173944,True,1,1,
physics,B042,N1,2,12.0,24.743148855549332,90.0,108.8932976275907,18.893297627590698,True,1,1,
physics,B042,N1,1,12.0,24.63864774342624,-90.00000000000001,-66.28797430172698,23.712025698273038,True,1,1,
physics,B042,N1,2,12.0,23.7604621492203,90.0,109.34681703556502,19.34681703556504,True,1,1,
physics,B042,N2,1,12.0,27.511976519707048,-90.00000000000001,-57.45474450865118,32.545255491348826,True,1,1,
physics,B042,N2,2,12.0,25.76164088911051,90.0,116.73751267099338,26.737512670993397,True,1,1,
physics,B042,N2,1,12.0,26.406393985373008,-90.00000000000001,-59.178421064853886,30.821578935146135,True,1,1,
physics,B042,N2,2,12.0,24.895512894964845,90.0,115.11349569176704,25.113495691767042,True,1,1,
physics,B042,N2,1,12.0,26.692616150674404,-90.00000000000001,-58.61375880902384,31.386241190976165,True,1,1,
physics,B042,N2,2,12.0,25.181061322423652,90.0,115.69552324618174,25.695523246181722,True,1,1,
physics,B043,N1,1,24.0,10.4627809704237,90.0,49.29492242251422,40.70507757748578,True,1,1,
physics,B043,N1,2,24.0,10.162468576942853,-90.00000000000001,-121.57410022186423,31.574100221864228,True,1,1,
physics,B043,N1,1,24.0,9.81895569202643,90.0,50.52247620995269,39.477523790047314,True,1,1,
physics,B043,N1,2,24.0,9.76113449280935,-90.00000000000001,-119.13228140721858,29.132281407218557,True,1,1,
physics,B043,N1,1,24.0,9.71679253350919,90.0,47.561692566667226,42.43830743333277,True,1,1,
physics,B043,N1,2,24.0,9.689551731230772,-90.00000000000001,-119.7913580935394,29.791358093539372,True,1,1,
physics,B043,N2,1,24.0,18.945233941538458,90.0,34.53415436570336,55.46584563429664,True,1,1,
physics,B043,N2,2,24.0,15.881867897088929,-90.00000000000001,-140.9084989869784,50.90849898697837,True,1,1,
physics,B043,N2,1,24.0,19.282397878889583,90.0,31.74095349641057,58.25904650358943,True,1,1,
physics,B043,N2,2,24.0,16.00020699655198,-90.00000000000001,-143.87590089638246,53.87590089638245,True,1,1,
physics,B043,N2,1,24.0,17.964448250483407,90.0,32.30098717163958,57.699012828360424,True,1,1,
physics,B043,N2,2,24.0,14.968931477094882,-90.00000000000001,-142.6860341417951,52.686034141795076,True,1,1,
physics,B044,N1,1,24.0,17.09311735267076,180.0,-128.48901148685957,51.51098851314043,True,1,1,
physics,B044,N1,2,24.0,18.23114072830191,0.0,43.42151591525646,43.421515915256464,True,1,1,
physics,B044,N1,1,24.0,17.548655012514686,180.0,-125.68894066059207,54.31105933940796,True,1,1,
physics,B044,N1,2,24.0,18.598083545482172,0.0,45.7291700970879,45.72917009708789,True,1,1,
physics,B044,N1,1,24.0,17.62424132777009,180.0,-125.67066529405618,54.329334705943836,True,1,1,
physics,B044,N1,2,24.0,18.625512306054286,0.0,45.39331380737466,45.39331380737465,True,1,1,
physics,B044,N2,1,24.0,12.58867858045973,180.0,-138.04218379627065,41.95781620372935,True,1,1,
physics,B044,N2,2,24.0,14.722113021464835,0.0,36.72223038330846,36.72223038330844,True,1,1,
physics,B044,N2,1,24.0,12.796101833681982,180.0,-137.10964644215377,42.8903535578462,True,1,1,
physics,B044,N2,2,24.0,14.952205950502938,0.0,37.513281567783025,37.513281567783025,True,1,1,
physics,B044,N2,1,24.0,12.44036681620926,180.0,-134.83944091502403,45.160559084975944,True,1,1,
physics,B044,N2,2,24.0,14.590836780778531,0.0,39.12912078091525,39.12912078091526,True,1,1,
physics,B045,N1,1,24.0,29.45901882749756,-90.00000000000001,-71.95277219548299,18.047227804517036,True,1,1,
physics,B045,N1,2,24.0,29.430431496181484,90.0,104.39024297573236,14.390242975732349,True,1,1,
physics,B045,N1,1,24.0,30.488646640887413,-90.00000000000001,-70.13763934556815,19.862360654431882,True,1,1,
physics,B045,N1,2,24.0,30.277468071231187,90.0,105.85783343169511,15.857833431695099,True,1,1,
physics,B045,N1,1,24.0,30.037966602715997,-90.00000000000001,-71.03599628240019,18.964003717599837,True,1,1,
physics,B045,N1,2,24.0,29.957122582295085,90.0,105.26212859790554,15.26212859790553,True,1,1,
physics,B045,N2,1,24.0,29.41103934787837,-90.00000000000001,-68.32123709848749,21.678762901512528,True,1,1,
physics,B045,N2,2,24.0,30.09272631217333,90.0,107.02750159739959,17.027501597399578,True,1,1,
physics,B045,N2,1,24.0,28.62682344204753,-90.00000000000001,-69.67045605831446,20.329543941685557,True,1,1,
physics,B045,N2,2,24.0,29.453985311717233,90.0,105.8916634775532,15.891663477553209,True,1,1,
physics,B045,N2,1,24.0,29.537389743531186,-90.00000000000001,-67.71784931105486,22.282150688945137,True,1,1,
physics,B045,N2,2,24.0,30.2248969655078,90.0,107.48733901299524,17.48733901299522,True,1,1,
physics,B046,N1,1,30.0,26.074633168579993,90.0,84.69584809472165,5.3041519052783315,True,1,1,
physics,B046,N1,2,30.0,25.92855849987823,-90.00000000000001,-93.40345896486717,3.4034589648671556,True,1,1,
physics,B046,N1,1,30.0,25.14906063659967,90.0,81.49075011671088,8.509249883289101,True,1,1,
physics,B046,N1,2,30.0,25.10291859272849,-90.00000000000001,-95.79543706245347,5.795437062453459,True,1,1,
physics,B046,N1,1,30.0,26.704938739916532,90.0,83.36652770662238,6.633472293377622,True,1,1,
physics,B046,N1,2,30.0,26.337494330946573,-90.00000000000001,-94.50896011882988,4.508960118829862,True,1,1,
physics,B046,N2,1,30.0,29.329520432896327,90.0,73.71380266911719,16.28619733088283,True,1,1,
physics,B046,N2,2,30.0,27.77369751273527,-90.00000000000001,-103.86531893582831,13.865318935828299,True,1,1,
physics,B046,N2,1,30.0,27.143856841211225,90.0,71.05396869136106,18.946031308638936,True,1,1,
physics,B046,N2,2,30.0,25.823805889691613,-90.00000000000001,-105.68005738259265,15.680057382592622,True,1,1,
physics,B046,N2,1,30.0,29.049492815687344,90.0,73.46401248232303,16.535987517676972,True,1,1,
physics,B046,N2,2,30.0,27.47964874443666,-90.00000000000001,-104.14094754818102,14.140947548181003,True,1,1,
physics,B048,N1,1,30.0,28.911584597759564,-90.00000000000001,-81.30044840377383,8.699551596226172,True,1,1,
physics,B048,N1,2,30.0,29.76463940113538,90.0,97.49258995497767,7.492589954977689,True,1,1,
physics,B048,N1,1,30.0,30.58464867039227,-90.00000000000001,-80.95426002376134,9.045739976238679,True,1,1,
physics,B048,N1,2,30.0,30.99156686818163,90.0,97.85408725838171,7.854087258381696,True,1,1,
physics,B048,N1,1,30.0,30.09503654046389,-90.00000000000001,-81.22705609345441,8.772943906545606,True,1,1,
physics,B048,N1,2,30.0,30.56566644248133,90.0,97.44441189725282,7.44441189725282,True,1,1,
physics,B048,N2,1,30.0,31.79469543216032,-90.00000000000001,-78.80525189236725,11.194748107632762,True,1,1,
physics,B048,N2,2,30.0,31.637062778793176,90.0,99.6221843688236,9.622184368823582,True,1,1,
physics,B048,N2,1,30.0,33.671980036837006,-90.00000000000001,-78.00216564276954,11.997834357230488,True,1,1,
physics,B048,N2,2,30.0,33.28241732975329,90.0,100.18985947813621,10.189859478136214,True,1,1,
physics,B048,N2,1,30.0,34.59509829862437,-90.00000000000001,-77.9376354894769,12.06236451052311,True,1,1,
physics,B048,N2,2,30.0,34.00833018180443,90.0,100.29874452259949,10.298744522599492,True,1,1,
physics,C001,N1,1,12.000000000000002,15.468017362283886,45.0,-11.215579441966282,56.215579441966284,True,1,1,
physics,C001,N1,2,0.0,11.712020596753804,,116.57480490173698,,False,0,1,
physics,C001,N1,1,12.000000000000002,16.60959874917868,45.0,-11.811939801860508,56.811939801860504,True,1,1,
physics,C001,N1,2,0.0,12.411849069685505,,119.28645622667942,,False,0,1,
physics,C001,N1,1,12.000000000000002,16.519564490065456,45.0,-10.920415642186025,55.92041564218603,True,1,1,
physics,C001,N1,2,0.0,12.21630769739391,,119.85602557956454,,False,0,1,
physics,C001,N2,1,12.000000000000002,19.02147350678468,45.0,-11.062939876759845,56.06293987675984,True,1,1,
physics,C001,N2,2,0.0,13.974287913812502,,125.88540503490306,,False,0,1,
physics,C001,N2,1,12.000000000000002,18.520245156110462,45.0,-12.369002656329885,57.36900265632988,True,1,1,
physics,C001,N2,2,0.0,13.91373237784515,,123.72193145769712,,False,0,1,
physics,C001,N2,1,12.000000000000002,17.979004511050103,45.0,-13.713433188079112,58.71343318807911,True,1,1,
physics,C001,N2,2,0.0,13.843097279800867,,121.62425015237679,,False,0,1,
physics,C002,N1,1,12.0,5.293225309258794,135.0,-64.43615115769533,160.56384884230465,True,1,0,
physics,C002,N1,2,0.0,15.290186945986845,,123.31346301362936,,False,0,1,
physics,C002,N1,1,12.0,4.444740221244978,135.0,-54.73090671404059,170.2690932859594,True,1,0,
physics,C002,N1,2,0.0,14.618349725080048,,125.65981743710988,,False,0,1,
physics,C002,N1,1,12.0,6.30497710923429,135.0,-76.49269559089414,148.50730440910587,True,1,1,
physics,C002,N1,2,0.0,15.728525275483685,,118.58601848404656,,False,0,1,
physics,C002,N2,1,12.0,10.238926794357814,135.0,-28.814639837049977,163.81463983704998,True,1,1,
physics,C002,N2,2,0.0,18.200863836572328,,137.20431635684596,,False,0,1,
physics,C002,N2,1,12.0,10.047468709300515,135.0,-19.367156371625505,154.3671563716255,True,1,1,
physics,C002,N2,2,0.0,17.780646544784283,,141.41287875845188,,False,0,1,
physics,C002,N2,1,12.0,9.187618266642515,135.0,-29.97412079594403,164.97412079594403,True,1,1,
physics,C002,N2,2,0.0,17.40374348884077,,136.15029224315913,,False,0,1,
physics,C003,N1,1,12.0,21.986109432720546,-135.0,-80.38122147690575,54.61877852309425,True,1,1,
physics,C003,N1,2,0.0,15.482145489145905,,127.00372638330805,,False,0,1,
physics,C003,N1,1,12.0,23.22085193255124,-135.0,-83.66426581991162,51.335734180088366,True,1,1,
physics,C003,N1,2,0.0,15.891723331462977,,121.84043848218225,,False,0,1,
physics,C003,N1,1,12.0,22.949376027654807,-135.0,-80.6273282797661,54.37267172023388,True,1,1,
physics,C003,N1,2,0.0,16.009633653967285,,125.48362233234303,,False,0,1,
physics,C003,N2,1,12.0,20.67657620276183,-135.0,-62.08357428958936,72.91642571041064,True,1,1,
physics,C003,N2,2,0.0,17.54689166778267,,143.24453055631537,,False,0,1,
physics,C003,N2,1,12.0,20.969297416901256,-135.0,-63.56139271780408,71.4386072821959,True,1,1,
physics,C003,N2,2,0.0,17.486546653936866,,141.6435918139003,,False,0,1,
physics,C003,N2,1,12.0,20.4912499412195,-135.0,-63.073617804309045,71.92638219569096,True,1,1,
physics,C003,N2,2,0.0,17.25785695672898,,142.655333294322,,False,0,1,
physics,C004,N1,1,11.999999999999998,21.853550825311487,-45.000000000000014,-48.44176861602255,3.4417686160225287,True,1,1,
physics,C004,N1,2,0.0,9.62807606526337,,121.31330016840691,,False,0,1,
physics,C004,N1,1,11.999999999999998,24.047267733810433,-45.000000000000014,-48.41991523867521,3.419915238675202,True,1,1,
physics,C004,N1,2,0.0,11.238977791089718,,121.93814661480147,,False,0,1,
physics,C004,N1,1,11.999999999999998,23.04598777749266,-45.000000000000014,-50.47996286304233,5.479962863042317,True,1,1,
physics,C004,N1,2,0.0,10.502446692164229,,117.36058088920808,,False,0,1,
physics,C004,N2,1,11.999999999999998,24.180434609602624,-45.000000000000014,-39.49275070802793,5.507249291972073,True,1,1,
physics,C004,N2,2,0.0,11.384391575939333,,136.8748773412258,,False,0,1,
physics,C004,N2,1,11.999999999999998,24.14078360389354,-45.000000000000014,-41.76509011826832,3.23490988173171,True,1,1,
physics,C004,N2,2,0.0,11.346222403349286,,132.93089815050288,,False,0,1,
physics,C004,N2,1,11.999999999999998,24.335273202407816,-45.000000000000014,-40.85801277989171,4.141987220108319,True,1,1,
physics,C004,N2,2,0.0,11.546819133333267,,134.354463806776,,False,0,1,
physics,B047,N1,1,30.0,18.95523120428615,180.0,-151.67909549507667,28.320904504923305,True,1,1,
physics,B047,N1,2,30.0,13.318351859945903,0.0,140.87114317282007,140.8711431728201,True,1,1,
physics,B047,N1,1,30.0,18.78356139685606,180.0,-151.78459144185436,28.21540855814567,True,1,1,
physics,B047,N1,2,30.0,13.373935970169693,0.0,141.7165162570477,141.71651625704772,True,1,1,
physics,B047,N1,1,30.0,18.42674432313293,180.0,-154.13927897240595,25.86072102759408,True,1,1,
physics,B047,N1,2,30.0,12.811799490328468,0.0,143.5293510057566,143.5293510057566,True,1,1,
physics,B047,N2,1,30.0,13.65009437875652,180.0,-137.98485113937386,42.01514886062614,True,1,1,
physics,B047,N2,2,30.0,19.2459573208579,0.0,148.2158306653784,148.2158306653784,True,1,1,
physics,B047,N2,1,30.0,13.297597120901957,180.0,-131.83890516090182,48.161094839098155,True,1,1,
physics,B047,N2,2,30.0,20.47923905002963,0.0,147.97531954822384,147.97531954822387,True,1,1,
physics,B047,N2,1,30.0,14.34975288812453,180.0,-125.66571446688805,54.33428553311194,True,1,1,
physics,B047,N2,2,30.0,21.559564435893385,0.0,145.3104464910828,145.3104464910828,True,1,1,
physics,A006,N2,1,36.0,38.660306798734425,0.0,-7.289050903702109,7.289050903702105,True,1,1,
physics,A006,N2,2,0.0,7.092034213910165,,113.21053907493946,,False,0,1,
physics,A006,N2,1,36.0,38.00289999479676,0.0,-6.239097233295273,6.2390972332952686,True,1,1,
physics,A006,N2,2,0.0,6.352453549585083,,112.1901967647987,,False,0,1,
physics,A006,N2,1,36.0,37.887779737809026,0.0,-3.7871477522050507,3.787147752205044,True,1,1,
physics,A006,N2,2,0.0,5.182099596440896,,119.05986378940784,,False,0,0,
physics,A006,N1,1,36.0,39.26388439012306,0.0,-7.642487170776104,7.642487170776093,True,1,1,
physics,A006,N1,2,0.0,7.248158050039648,,118.65663241448675,,False,0,1,
physics,A006,N1,1,36.0,37.387831627661654,0.0,-9.28671667676453,9.286716676764541,True,1,1,
physics,A006,N1,2,0.0,7.16181221485482,,105.71686537005279,,False,0,1,
physics,A006,N1,1,36.0,36.98809561189223,0.0,-8.109804738300472,8.109804738300483,True,1,1,
physics,A006,N1,2,0.0,6.429062930874104,,105.99144523109644,,False,0,1,
physics,A022,N1,1,36.0,33.969284713410346,0.0,-8.875107507404255,8.875107507404266,True,1,1,
physics,A022,N1,2,36.0,36.597685319353076,0.0,10.839191201524836,10.83919120152484,True,1,1,
physics,A022,N1,1,36.0,33.299552597435245,0.0,-6.579408043084181,6.579408043084186,True,1,1,
physics,A022,N1,2,36.0,35.977382231750255,0.0,8.57195521781311,8.571955217813098,True,1,1,
physics,A022,N1,1,36.0,34.98089315242931,0.0,-7.774314073159767,7.774314073159758,True,1,1,
physics,A022,N1,2,36.0,34.540546557012824,0.0,9.723264084308013,9.723264084308028,True,1,1,
physics,A022,N2,1,36.0,31.36806210046971,0.0,-3.735532224367731,3.735532224367745,True,1,1,
physics,A022,N2,2,36.0,37.74841724851262,0.0,6.10402513602257,6.104025136022557,True,1,1,
physics,A022,N2,1,36.0,31.53547818294024,0.0,-1.9664632601663763,1.966463260166364,True,1,1,
physics,A022,N2,2,36.0,37.47388618508308,0.0,4.912980369990788,4.912980369990777,True,1,1,
physics,A022,N2,1,36.0,32.635535093421844,0.0,-3.13698997872861,3.1369899787286215,True,1,1,
physics,A022,N2,2,36.0,36.70504167011834,0.0,6.102369546441565,6.102369546441565,True,1,1,
physics,A014,N2,1,0.0,4.892042870098064,,10.265478280865958,,False,0,0,
physics,A014,N2,2,36.0,30.83979465746439,0.0,3.0843939913337697,3.0843939913337692,True,1,1,
physics,A014,N2,1,0.0,5.490895681518668,,-0.6688650098302512,,False,0,0,
physics,A014,N2,2,36.0,30.459047939035983,0.0,4.749188991099497,4.749188991099487,True,1,1,
physics,A014,N2,1,0.0,3.9867367139561503,,-1.391542013457265,,False,0,0,
physics,A014,N2,2,36.0,31.687082172123137,0.0,4.425110105380257,4.42511010538027,True,1,1,
physics,A014,N1,1,0.0,7.623159572949242,,-42.288181452078916,,False,0,1,
physics,A014,N1,2,36.0,31.028742014962585,0.0,12.058424494459045,12.058424494459047,True,1,1,
physics,A014,N1,1,0.0,8.641197973509492,,-49.97945447630461,,False,0,1,
physics,A014,N1,2,36.0,31.39047648763645,0.0,13.982732114009083,13.982732114009082,True,1,1,
physics,A014,N1,1,0.0,7.168347142673409,,-55.303953106279344,,False,0,1,
physics,A014,N1,2,36.0,32.21495450721963,0.0,12.447850698202645,12.447850698202643,True,1,1,
physics,A030,N1,1,36.0,37.143995630204344,0.0,-10.06437025735074,10.064370257350731,True,1,1,
physics,A030,N1,2,36.0,37.31332446707171,180.0,170.3901151383528,9.609884861647203,True,1,1,
physics,A030,N1,1,36.0,39.68537345499952,0.0,-9.489487471464956,9.489487471464969,True,1,1,
physics,A030,N1,2,36.0,39.22603498214827,180.0,170.66183186413227,9.338168135867733,True,1,1,
physics,A030,N1,1,36.0,37.685139306388336,0.0,-7.155146426222037,7.155146426222046,True,1,1,
physics,A030,N1,2,36.0,37.78040282777283,180.0,172.79186062592638,7.208139374073625,True,1,1,
physics,A030,N2,1,36.0,40.3696901917921,0.0,-15.614389484279144,15.614389484279144,True,1,1,
physics,A030,N2,2,36.0,39.900685939567914,180.0,165.39438310436066,14.605616895639344,True,1,1,
physics,A030,N2,1,36.0,41.376372022695094,0.0,-14.55475392073772,14.55475392073771,True,1,1,
physics,A030,N2,2,36.0,40.76858680689734,180.0,166.14976695720392,13.850233042796077,True,1,1,
physics,A030,N2,1,36.0,42.07154255489552,0.0,-14.152873170375365,14.152873170375358,True,1,1,
physics,A030,N2,2,36.0,41.316506630967616,180.0,166.39895263534692,13.601047364653084,True,1,1,
physics,A031,N1,1,48.0,50.02897609862217,0.0,-4.122450771242765,4.122450771242768,True,1,1,
physics,A031,N1,2,48.0,50.087900767901864,180.0,175.9583662210619,4.041633778938092,True,1,1,
physics,A031,N1,1,48.0,49.39225635752719,0.0,-3.2537470684853167,3.2537470684853247,True,1,1,
physics,A031,N1,2,48.0,49.636554118571354,180.0,176.73870439971193,3.261295600288065,True,1,1,
physics,A031,N1,1,48.0,48.72519188202958,0.0,-4.393633865076066,4.393633865076055,True,1,1,
physics,A031,N1,2,48.0,49.147369960128074,180.0,175.72260894110633,4.27739105889367,True,1,1,
physics,A031,N2,1,48.0,54.42826346901712,0.0,-7.081853183658817,7.081853183658808,True,1,1,
physics,A031,N2,2,48.0,53.4490201728084,180.0,172.63014454250643,7.369855457493571,True,1,1,
physics,A031,N2,1,48.0,54.78477531730262,0.0,-6.987684672193159,6.987684672193154,True,1,1,
physics,A031,N2,2,48.0,53.77268662217908,180.0,172.64799968508808,7.352000314911919,True,1,1,
physics,A031,N2,1,48.0,54.25214430253811,0.0,-5.199756735163777,5.199756735163788,True,1,1,
physics,A031,N2,2,48.0,53.404641165985105,180.0,174.12768204951493,5.872317950485069,True,1,1,
physics,A023,N2,1,48.0,55.96948631017318,0.0,23.864944383954022,23.864944383954025,True,1,1,
physics,A023,N2,2,48.0,47.84840023569701,0.0,-23.696088776216662,23.69608877621667,True,1,1,
physics,A023,N2,1,48.0,50.84334397307992,0.0,26.91168885181587,26.91168885181588,True,1,1,
physics,A023,N2,2,48.0,51.88752861829008,0.0,-22.011086223391207,22.011086223391203,True,1,1,
physics,A023,N2,1,48.0,48.916093670548136,0.0,30.12949836954068,30.12949836954067,True,1,1,
physics,A023,N2,2,48.0,54.3094640206103,0.0,-22.234422125012234,22.23442212501223,True,1,1,
physics,A023,N1,1,48.0,46.89481573793261,0.0,18.55077540901158,18.550775409011578,True,1,1,
physics,A023,N1,2,48.0,50.90578030727776,0.0,-14.194554521023974,14.194554521023974,True,1,1,
physics,A023,N1,1,48.0,48.46273377993277,0.0,19.899478038322965,19.899478038322968,True,1,1,
physics,A023,N1,2,48.0,50.49051689151498,0.0,-15.809571327560462,15.809571327560462,True,1,1,
physics,A023,N1,1,48.0,48.835192425051076,0.0,20.14946315996318,20.149463159963176,True,1,1,
physics,A023,N1,2,48.0,50.26065561853643,0.0,-15.989013312902074,15.989013312902074,True,1,1,
physics,A016,N1,1,0.0,12.777276531378838,,99.91316701772087,,False,0,1,
physics,A016,N1,2,60.0,64.799829790638,0.0,-9.641167504464974,9.641167504464988,True,1,1,
physics,A016,N1,1,0.0,12.603941514424422,,89.7201959137091,,False,0,1,
physics,A016,N1,2,60.0,63.38280296542959,0.0,-9.814385743447957,9.814385743447957,True,1,1,
physics,A016,N1,1,0.0,12.961624748289529,,102.57008838252182,,False,0,1,
physics,A016,N1,2,60.0,65.27159419754649,0.0,-9.599866647352089,9.599866647352087,True,1,1,
physics,A016,N2,1,0.0,19.505454298816506,,94.23286431089194,,False,0,1,
physics,A016,N2,2,60.0,64.71340135370653,0.0,-15.308062580596284,15.308062580596271,True,1,1,
physics,A016,N2,1,0.0,19.549990438631703,,102.41229826297318,,False,0,1,
physics,A016,N2,2,60.0,66.69987737403906,0.0,-14.59299728178168,14.592997281781692,True,1,1,
physics,A016,N2,1,0.0,19.058666398307377,,102.82857101869455,,False,0,1,
physics,A016,N2,2,60.0,66.6456893294773,0.0,-14.191548893875284,14.191548893875279,True,1,1,
physics,A024,N2,1,60.0,65.28694168394946,0.0,25.435432292191162,25.435432292191166,True,1,1,
physics,A024,N2,2,60.0,69.12060577233922,0.0,-19.153522773444156,19.153522773444166,True,1,1,
physics,A024,N2,1,60.0,64.50605953243864,0.0,25.23573849425578,25.23573849425577,True,1,1,
physics,A024,N2,2,60.0,69.42542021623085,0.0,-18.620062355772887,18.620062355772887,True,1,1,
physics,A024,N2,1,60.0,64.17602187953096,0.0,25.193001204794182,25.19300120479417,True,1,1,
physics,A024,N2,2,60.0,69.57792688167093,0.0,-18.413059682977764,18.413059682977774,True,1,1,
physics,A024,N1,1,60.0,62.57804362895424,0.0,18.227521765162194,18.22752176516218,True,1,1,
physics,A024,N1,2,60.0,67.53580660376436,0.0,-12.100927734391707,12.100927734391718,True,1,1,
physics,A024,N1,1,60.0,63.60850235875205,0.0,18.17811024645032,18.17811024645033,True,1,1,
physics,A024,N1,2,60.0,66.81873452174732,0.0,-12.543738361830288,12.543738361830293,True,1,1,
physics,A024,N1,1,60.0,64.68205374158948,0.0,17.66857542229921,17.6685754222992,True,1,1,
physics,A024,N1,2,60.0,66.21381321581319,0.0,-12.603211830491222,12.603211830491233,True,1,1,
physics,A032,N1,1,60.0,54.124561405246446,0.0,8.126298727678645,8.126298727678659,True,1,1,
physics,A032,N1,2,60.0,55.35108055466516,180.0,-171.34170164490604,8.658298355093962,True,1,1,
physics,A032,N1,1,60.0,56.59541460122635,0.0,7.518036926293649,7.518036926293661,True,1,1,
physics,A032,N1,2,60.0,57.25007626265704,180.0,-171.99326952334977,8.006730476650205,True,1,1,
physics,A032,N1,1,60.0,57.827454609546436,0.0,5.761722340921555,5.761722340921551,True,1,1,
physics,A032,N1,2,60.0,58.270414500117774,180.0,-173.4778808369727,6.522119163027298,True,1,1,
physics,A032,N2,1,60.0,62.86216761401625,0.0,7.97038013618813,7.97038013618814,True,1,1,
physics,A032,N2,2,60.0,61.881930023973815,180.0,-173.6214579333392,6.378542066660771,True,1,1,
physics,A032,N2,1,60.0,63.52855196325659,0.0,7.248164259826628,7.248164259826638,True,1,1,
physics,A032,N2,2,60.0,62.38545152536419,180.0,-174.31721330330078,5.682786696699225,True,1,1,
physics,A032,N2,1,60.0,64.33043055776923,0.0,6.181000365217856,6.181000365217869,True,1,1,
physics,A032,N2,2,60.0,63.08630077767619,180.0,-175.26533847081188,4.734661529188088,True,1,1,
physics,B007,N2,1,24.0,57.01177626142018,90.0,100.06719863532705,10.067198635327031,True,1,1,
physics,B007,N2,2,0.0,31.745249131456312,,-67.4801132649794,,False,0,1,
physics,B007,N2,1,24.0,56.30562838540852,90.0,98.62623844623195,8.626238446231952,True,1,1,
physics,B007,N2,2,0.0,30.8548645664397,,-69.1879158559849,,False,0,1,
physics,B007,N2,1,24.0,56.80924094377307,90.0,98.58844876419563,8.588448764195618,True,1,1,
physics,B007,N2,2,0.0,31.24489884062102,,-69.41335576821305,,False,0,1,
physics,B007,N1,1,24.0,59.27177280689195,90.0,107.75874171620657,17.758741716206572,True,1,1,
physics,B007,N1,2,0.0,34.28188181863658,,-54.875366181968175,,False,0,1,
physics,B007,N1,1,24.0,59.99302266453395,90.0,106.71249445117547,16.712494451175473,True,1,1,
physics,B007,N1,2,0.0,34.44050678889819,,-56.655173410024744,,False,0,1,
physics,B007,N1,1,24.0,59.732974631763746,90.0,107.3911964073819,17.391196407381898,True,1,1,
physics,B007,N1,2,0.0,34.393555501318836,,-55.53885129740379,,False,0,1,
physics,B031,N1,1,24.0,62.949311459022255,90.0,107.53123925804992,17.531239258049936,True,1,1,
physics,B031,N1,2,24.0,22.00157530084752,90.0,-25.50724644071273,115.50724644071273,True,1,1,
physics,B031,N1,1,24.0,63.2013994008179,90.0,108.08292424964753,18.082924249647533,True,1,1,
physics,B031,N1,2,24.0,22.36076543674905,90.0,-24.94236746142087,114.94236746142087,True,1,1,
physics,B031,N1,1,24.0,62.08034294989777,90.0,107.48325126465834,17.48325126465835,True,1,1,
physics,B031,N1,2,24.0,21.41373653612244,90.0,-23.582441560120017,113.58244156012002,True,1,1,
physics,B031,N2,1,24.0,58.43197383697092,90.0,100.0580872049268,10.058087204926807,True,1,1,
physics,B031,N2,2,24.0,14.837816207731349,90.0,-34.83053320910616,124.83053320910616,True,1,1,
physics,B031,N2,1,24.0,58.10011606700303,90.0,99.80860280778977,9.808602807789782,True,1,1,
physics,B031,N2,2,24.0,14.423207656318969,90.0,-34.1673352587972,124.16733525879721,True,1,1,
physics,B031,N2,1,24.0,58.30751176052483,90.0,101.10691234063964,11.106912340639639,True,1,1,
physics,B031,N2,2,24.0,15.348687509025847,90.0,-31.72886858338942,121.72886858338941,True,1,1,
physics,A027,N2,1,12.0,24.955151859186106,0.0,79.11434030803541,79.11434030803542,True,1,1,
physics,A027,N2,2,12.0,24.16187404857582,180.0,-95.33232312773467,84.66767687226536,True,1,1,
physics,A027,N2,1,12.0,23.927146349476256,0.0,78.60440200383583,78.60440200383584,True,1,1,
physics,A027,N2,2,12.0,23.241343222872818,180.0,-95.4869617832838,84.51303821671621,True,1,1,
physics,A027,N2,1,12.0,24.13809893125853,0.0,79.50789611081626,79.50789611081626,True,1,1,
physics,A027,N2,2,12.0,23.447177632055908,180.0,-94.84404109063095,85.15595890936902,True,1,1,
physics,A027,N1,1,12.0,23.67150851924203,0.0,95.71356933136725,95.71356933136724,True,1,1,
physics,A027,N1,2,12.0,23.72213532902591,180.0,-78.98452955409768,101.01547044590234,True,1,1,
physics,A027,N1,1,12.0,24.24614595751948,0.0,94.51241559268492,94.51241559268493,True,1,1,
physics,A027,N1,2,12.0,24.037953745247016,180.0,-80.14142208650523,99.85857791349474,True,1,1,
physics,A027,N1,1,12.0,24.265976974402797,0.0,93.80239540098195,93.80239540098194,True,1,1,
physics,A027,N1,2,12.0,24.0145980046814,180.0,-80.58747686238357,99.4125231376164,True,1,1,
ml,A001,N1,1,3.0,6.274186583204556,0.0,25.42093048945963,25.420930489459636,True,0,1,11.344694247930022
ml,A001,N1,2,0.0,4.413374927422323,,-140.52105569449085,,False,0,0,11.344694247930022
ml,A001,N1,1,3.0,7.602842270681206,0.0,34.63796817327276,34.63796817327275,True,0,1,13.23177625068988
ml,A001,N1,2,0.0,6.089604256435717,,-135.02661206474357,,False,0,1,13.23177625068988
ml,A001,N1,1,3.0,6.393541611618788,0.0,27.54930722281825,27.549307222818243,True,0,1,11.76615314498255
ml,A001,N1,2,0.0,4.530719258572527,,-138.2656415356125,,False,0,0,11.76615314498255
ml,A001,N2,1,3.0,5.359860634996189,0.0,39.4520527369933,39.452052736993295,True,0,0,11.110918147725059
ml,A001,N2,2,0.0,3.323441928182288,,-113.0548448600398,,False,0,0,11.110918147725059
ml,A001,N2,1,3.0,4.895371549739603,0.0,33.19985023332713,33.19985023332714,True,0,0,10.137282581288867
ml,A001,N2,2,0.0,2.648879196943492,,-112.90605028622497,,False,0,0,10.137282581288867
ml,A001,N2,1,3.0,5.158459921621201,0.0,42.10944890941203,42.10944890941204,True,0,0,11.07728870385775
ml,A001,N2,2,0.0,3.2553734424793723,,-109.53424713652254,,False,0,0,11.07728870385775
ml,A002,N1,1,6.0,1.2858552663918077,0.0,19.33016142052259,19.330161420522586,True,1,0,6.166002898895835
ml,A002,N1,2,0.0,2.6985526213138775,,-15.650833647633627,,False,0,0,6.166002898895835
ml,A002,N1,1,6.0,1.1202067248650203,0.0,24.306013901735795,24.30601390173581,True,1,0,5.404068797135017
ml,A002,N1,2,0.0,3.007343719962851,,-11.352901031252287,,False,0,0,5.404068797135017
ml,A002,N1,1,6.0,1.2341541021769376,0.0,17.136014758059645,17.136014758059645,True,1,0,5.3552867567648175
ml,A002,N1,2,0.0,3.0366225069968777,,-9.324286516646218,,False,0,0,5.3552867567648175
ml,A002,N2,1,6.0,1.5809085699172856,0.0,21.544382733207183,21.544382733207186,True,1,0,6.981760465634341
ml,A002,N2,2,0.0,4.113251390323718,,-6.2248219804035125,,False,0,0,6.981760465634341
ml,A002,N2,1,6.0,1.7285398251584003,0.0,27.70503468090404,27.70503468090405,True,1,0,6.533074648057433
ml,A002,N2,2,0.0,4.284192455994479,,-7.348956442913477,,False,0,0,6.533074648057433
ml,A002,N2,1,6.0,1.2513512640984066,0.0,25.38665795697312,25.386657956973124,True,1,0,6.26972454519238
ml,A002,N2,2,0.0,4.346932711694534,,-4.750506482448021,,False,0,0,6.26972454519238
ml,A003,N1,1,12.0,5.277972475176673,0.0,4.2752916778320555,4.275291677832058,True,1,0,9.822439984170373
ml,A003,N1,2,0.0,4.968238017647705,,-11.11768824781024,,False,0,0,9.822439984170373
ml,A003,N1,1,12.0,4.80469986952544,0.0,12.939846339340086,12.939846339340079,True,1,0,9.506546014837454
ml,A003,N1,2,0.0,5.481632238667603,,-12.388227108363942,,False,0,0,9.506546014837454
ml,A003,N1,1,12.0,6.5180875349145655,0.0,0.5142861769331829,0.514286176933183,True,1,1,11.43919485270688
ml,A003,N1,2,0.0,4.023380792318818,,-12.167363917715468,,False,0,0,11.43919485270688
ml,A003,N2,1,12.0,3.584744805408493,0.0,24.63608441120498,24.63608441120499,True,1,0,8.432301644018949
ml,A003,N2,2,0.0,8.528113507687383,,-5.274719344113505,,False,0,1,8.432301644018949
ml,A003,N2,1,12.0,3.4813916772024562,0.0,20.102781715103816,20.102781715103816,True,1,0,7.787876418283673
ml,A003,N2,2,0.0,8.859164068917563,,-3.961205178648301,,False,0,1,7.787876418283673
ml,A003,N2,1,12.0,3.300405568311837,0.0,20.09018519239927,20.090185192399275,True,1,0,7.861676494060989
ml,A003,N2,2,0.0,8.785226917957212,,-2.8969278148058333,,False,0,1,7.861676494060989
ml,A004,N1,1,24.0,15.980538476316719,0.0,0.15857421416179812,0.15857421416180273,True,1,1,15.993066154798079
ml,A004,N1,2,0.0,5.791470970314881,,-7.340985025244582,,False,0,0,15.993066154798079
ml,A004,N1,1,24.0,16.752468458973613,0.0,-0.3775829272770535,0.37758292727704656,True,1,1,16.05340131003109
ml,A004,N1,2,0.0,5.484828620841311,,-7.248107499506321,,False,0,0,16.05340131003109
ml,A004,N1,1,24.0,17.57724922446564,0.0,-0.14491771672846912,0.14491771672845744,True,1,1,15.688360025895268
ml,A004,N1,2,0.0,4.731094693620071,,-9.293091299127033,,False,0,0,15.688360025895268
ml,A004,N2,1,24.0,11.897466761299864,0.0,0.759549110918659,0.7595491109186696,True,1,1,14.555922205568425
ml,A004,N2,2,0.0,15.906327043035423,,0.3674141458295168,,False,0,1,14.555922205568425
ml,A004,N2,1,24.0,12.483203250748987,0.0,0.6412848183305264,0.6412848183305186,True,1,1,14.916209889687938
ml,A004,N2,2,0.0,15.618028812881606,,0.11005706693249942,,False,0,1,14.916209889687938
ml,A004,N2,1,24.0,12.375448074438342,0.0,0.11905862123984037,0.11905862123984434,True,1,1,14.626879717998348
ml,A004,N2,2,0.0,15.246095631341161,,-0.20293579664792158,,False,0,1,14.626879717998348
ml,A005,N1,1,30.0,24.52878309252214,0.0,-0.45783324232005046,0.4578332423200493,True,1,1,10.59749765794033
ml,A005,N1,2,0.0,3.46949967574577,,-3.7679376699162397,,False,0,0,10.59749765794033
ml,A005,N1,1,30.0,24.855554711170697,0.0,-0.640845034470613,0.6408450344706011,True,1,1,12.6234331748914
ml,A005,N1,2,0.0,1.7011725368110078,,-14.362990878161533,,False,0,0,12.6234331748914
ml,A005,N1,1,30.0,24.533253514362908,0.0,-0.5791973462663915,0.5791973462663975,True,1,1,11.347461779648341
ml,A005,N1,2,0.0,2.8379605353140485,,-7.450557047561096,,False,0,0,11.347461779648341
ml,A005,N2,1,30.0,23.598000084752943,0.0,0.004855986047622337,0.004855986047630267,True,1,1,14.710005452725213
ml,A005,N2,2,0.0,9.866000202716398,,0.01161479398504888,,False,0,1,14.710005452725213
ml,A005,N2,1,30.0,22.088007334297952,0.0,0.04669158832558269,0.04669158832558651,True,1,1,14.618575829894931
ml,A005,N2,2,0.0,10.398015579907543,,0.0991847471670263,,False,0,1,14.618575829894931
ml,A005,N2,1,30.0,22.526007191688453,0.0,0.04578370823614372,0.04578370823614364,True,1,1,14.770533441204455
ml,A005,N2,2,0.0,10.548015358350595,,0.0977742728606835,,False,0,1,14.770533441204455
ml,A008,N1,1,60.0,39.338,0.0,0.0,0.0,True,1,1,14.259791513748526
ml,A008,N1,2,0.0,14.816,,0.0,,False,0,1,14.259791513748526
ml,A008,N1,1,60.0,38.426,0.0,0.0,0.0,True,1,1,14.36699181037254
ml,A008,N1,2,0.0,16.206,,0.0,,False,0,1,14.36699181037254
ml,A008,N1,1,60.0,38.84600329506242,0.0,-0.023599145867499314,0.023599145867507332,True,1,1,14.680967827245047
ml,A008,N1,2,0.0,15.12400846336711,,-0.06061439633748113,,False,0,1,14.680967827245047
ml,A008,N2,1,60.0,36.189,0.0,5.816719968942118e-18,0.0,True,1,1,15.997778395668165
ml,A008,N2,2,0.0,25.723,,8.183387589163252e-18,,False,0,1,15.997778395668165
ml,A008,N2,1,60.0,38.193,0.0,5.511514648130451e-18,0.0,True,1,1,16.5568207387619
ml,A008,N2,2,0.0,22.495,,9.357691885132087e-18,,False,0,1,16.5568207387619
ml,A008,N2,1,60.0,37.027,0.0,5.685075187188978e-18,0.0,True,1,1,16.37495962457263
ml,A008,N2,2,0.0,25.565,,8.233963581304372e-18,,False,0,1,16.37495962457263
ml,A009,N1,1,0.0,2.698469983157122,,11.153779531541868,,False,0,0,4.267323535640454
ml,A009,N1,2,3.0,1.4901087208656958,0.0,-18.87268395262961,18.872683952629615,True,0,0,4.267323535640454
ml,A009,N1,1,0.0,2.9142771571803605,,7.919119110460027,,False,0,0,4.089449419086078
ml,A009,N1,2,3.0,1.4550835886642388,0.0,-15.30174133966951,15.301741339669519,True,0,0,4.089449419086078
ml,A009,N1,1,0.0,2.998783968245232,,9.579188854521963,,False,0,0,4.129410081726554
ml,A009,N1,2,3.0,1.1298700146477028,0.0,-21.603660025884665,21.603660025884665,True,0,0,4.129410081726554
ml,A009,N2,1,0.0,2.9381274450655908,,30.319952941841365,,False,0,0,7.569008246126411
ml,A009,N2,2,3.0,0.7939099445151195,0.0,-9.936908823538374,9.936908823538374,True,0,0,7.569008246126411
ml,A009,N2,1,0.0,3.0323700661258166,,47.79346858466896,,False,0,0,8.619033722402193
ml,A009,N2,2,3.0,1.0018088640055047,0.0,-34.05490283001887,34.054902830018875,True,0,0,8.619033722402193
ml,A009,N2,1,0.0,2.7764588861904542,,35.574859994686186,,False,0,0,8.17636671780232
ml,A009,N2,2,3.0,0.847837838268616,0.0,-11.773802117427065,11.773802117427067,True,0,0,8.17636671780232
ml,A010,N1,1,0.0,2.9700327126926487,,3.2934373110395967,,False,0,0,5.134913522774337
ml,A010,N1,2,6.0,1.8619742210890033,0.0,-8.399911868946436,8.399911868946447,True,1,0,5.134913522774337
ml,A010,N1,1,0.0,3.5964546030446596,,1.8264597778782299,,False,0,0,3.7063648608292548
ml,A010,N1,2,6.0,1.7515527397141086,0.0,1.4394539550222338,1.4394539550222305,True,1,0,3.7063648608292548
ml,A010,N1,1,0.0,3.3062191408153296,,0.426789647976511,,False,0,0,5.655534901448748
ml,A010,N1,2,6.0,1.934001034125887,0.0,0.0592510435250647,0.05925104352505173,True,1,0,5.655534901448748
ml,A010,N2,1,0.0,4.447274109450252,,3.4997501310073242,,False,0,0,3.2157634605098906
ml,A010,N2,2,6.0,1.501699120995947,0.0,-2.2898475730196632,2.289847573019671,True,1,0,3.2157634605098906
ml,A010,N2,1,0.0,4.018604330051263,,1.0750452836199826,,False,0,0,3.282878340068648
ml,A010,N2,2,6.0,1.8800559167216278,0.0,2.9879602155832585,2.987960215583257,True,1,0,3.282878340068648
ml,A010,N2,1,0.0,4.341796140413746,,1.6368895332939999,,False,0,0,2.8131464204596655
ml,A010,N2,2,6.0,1.572214998020309,0.0,0.9475537233944858,0.947553723394492,True,1,0,2.8131464204596655
ml,A011,N1,1,0.0,7.786124888872539,,0.4484150462189153,,False,0,1,7.043048757214741
ml,A011,N1,2,12.0,3.812060991117535,0.0,-4.558938994612287,4.5589389946122765,True,1,0,7.043048757214741
ml,A011,N1,1,0.0,8.42545335667853,,1.2355176460622794,,False,0,1,6.9638103568705585
ml,A011,N1,2,12.0,3.393972598592982,0.0,-5.7324303387545745,5.732430338754568,True,1,0,6.9638103568705585
ml,A011,N1,1,0.0,7.405439969435782,,1.0168584693670977,,False,0,1,7.252667347499019
ml,A011,N1,2,12.0,3.7680654519262267,0.0,-4.490253505581038,4.490253505581052,True,1,0,7.252667347499019
ml,A011,N2,1,0.0,8.576016958061283,,2.4093457453114855,,False,0,1,8.040621275055914
ml,A011,N2,2,12.0,5.013132453865547,0.0,6.6898058872996105,6.689805887299599,True,1,0,8.040621275055914
ml,A011,N2,1,0.0,7.956705405580586,,2.5585232183409476,,False,0,1,8.210954967576962
ml,A011,N2,2,12.0,5.636121804929343,0.0,5.1916677984162805,5.19166779841629,True,1,0,8.210954967576962
ml,A011,N2,1,0.0,8.254799808646148,,2.0713216686256666,,False,0,1,8.206190382137253
ml,A011,N2,2,12.0,5.442679487164387,0.0,4.996187597893578,4.996187597893567,True,1,0,8.206190382137253
ml,A012,N1,1,0.0,6.831014124695116,,-1.6213641983269154,,False,0,1,8.789398301542768
ml,A012,N1,2,24.0,14.372001252435236,0.0,0.023919750703210056,0.023919750703214504,True,1,1,8.789398301542768
ml,A012,N1,1,0.0,8.075407271072185,,-2.5168527929334954,,False,0,1,9.75821283850247
ml,A012,N1,2,24.0,12.968000154225786,0.0,0.008836486591426766,0.008836486591434323,True,1,1,9.75821283850247
ml,A012,N1,1,0.0,8.966059894155592,,-1.5266767399112193,,False,0,1,8.651208548969937
ml,A012,N1,2,24.0,12.822249568620943,0.0,-0.35747955732062736,0.3574795573206302,True,1,1,8.651208548969937
ml,A012,N2,1,0.0,10.915112679637316,,-0.6425015451467933,,False,0,1,10.38783689131532
ml,A012,N2,2,24.0,13.626240750845408,0.0,0.34059177127701556,0.340591771277019,True,1,1,10.38783689131532
ml,A012,N2,1,0.0,12.598933013886992,,-0.5428521711039932,,False,0,1,10.862599909129695
ml,A012,N2,2,24.0,12.092245159605389,0.0,0.3648457982340685,0.3648457982340574,True,1,1,10.862599909129695
ml,A012,N2,1,0.0,12.796433450570197,,-0.060116484164421516,,False,0,1,11.28830936089363
ml,A012,N2,2,24.0,12.240011805549862,0.0,0.07957742037736527,0.07957742037737603,True,1,1,11.28830936089363
ml,A013,N1,1,0.0,10.323017197764795,,0.17222275603374132,,False,0,1,12.349901231585264
ml,A013,N1,2,30.0,16.81410705330497,0.0,0.20445653496825117,0.20445653496824434,True,1,1,12.349901231585264
ml,A013,N1,1,0.0,10.525016302728378,,0.16891739826989974,,False,0,1,12.501253859504263
ml,A013,N1,2,30.0,16.710107719580986,0.0,0.20572902434222512,0.20572902434221874,True,1,1,12.501253859504263
ml,A013,N1,1,0.0,10.364487104761603,,-0.14072224547035328,,False,0,1,12.132769146324266
ml,A013,N1,2,30.0,16.551108754400712,0.0,0.20770537801576724,0.20770537801575983,True,1,1,12.132769146324266
ml,A013,N2,1,0.0,13.097662479784102,,0.3648228589540908,,False,0,1,14.96437405446267
ml,A013,N2,2,30.0,18.508,0.0,0.0,0.0,True,1,1,14.96437405446267
ml,A013,N2,1,0.0,13.574314859844074,,0.6769105198654998,,False,0,1,15.094851808702856
ml,A013,N2,2,30.0,18.111,0.0,0.0,0.0,True,1,1,15.094851808702856
ml,A013,N2,1,0.0,12.829049369024368,,0.5646417419468289,,False,0,1,14.980695247684887
ml,A013,N2,2,30.0,18.706,0.0,0.0,0.0,True,1,1,14.980695247684887
ml,A017,N1,1,3.0,3.019314150252277,0.0,16.910199390107604,16.910199390107607,True,0,0,8.159050732764584
ml,A017,N1,2,3.0,2.8139040495368706,0.0,-20.598941976863944,20.598941976863955,True,0,0,8.159050732764584
ml,A017,N1,1,3.0,2.4584835061143626,0.0,15.918663525059587,15.9186635250596,True,0,0,7.478518005891949
ml,A017,N1,2,3.0,3.1491078101582994,0.0,-14.265707778279053,14.265707778279051,True,0,0,7.478518005891949
ml,A017,N1,1,3.0,2.1247331411808235,0.0,-0.7031092442430935,0.7031092442430804,True,0,0,5.799823626988295
ml,A017,N1,2,3.0,3.0537714387294934,0.0,-6.845753997319147,6.84575399731915,True,0,0,5.799823626988295
ml,A017,N2,1,3.0,1.4209466717938084,0.0,9.50083031896072,9.500830318960709,True,0,0,4.278151183157604
ml,A017,N2,2,3.0,4.751486609472871,0.0,-0.820005681493603,0.8200056814935976,True,0,0,4.278151183157604
ml,A017,N2,1,3.0,1.778241216279292,0.0,5.697723108737241,5.69772310873725,True,0,0,4.998467443674053
ml,A017,N2,2,3.0,4.466517659206107,0.0,-0.8723269061091631,0.8723269061091514,True,0,0,4.998467443674053
ml,A017,N2,1,3.0,1.7019028616880147,0.0,4.129110051960576,4.129110051960566,True,0,0,4.443794114703284
ml,A017,N2,2,3.0,4.610999457818229,0.0,-1.1929717908193473,1.1929717908193425,True,0,0,4.443794114703284
ml,A018,N1,1,6.0,2.1987017099908543,0.0,1.9891835848584596,1.9891835848584662,True,1,0,7.008712406082445
ml,A018,N1,2,6.0,6.331960695550786,0.0,-1.2307128281326551,1.2307128281326527,True,1,1,7.008712406082445
ml,A018,N1,1,6.0,2.2041242077137784,0.0,2.2428816832428837,2.242881683242871,True,1,0,7.284470720557506
ml,A018,N1,2,6.0,6.568752259752227,0.0,-1.5004372475015622,1.5004372475015657,True,1,1,7.284470720557506
ml,A018,N1,1,6.0,2.027930482410811,0.0,2.675485806848517,2.6754858068485134,True,1,0,7.4045392934715855
ml,A018,N1,2,6.0,6.419616207375641,0.0,-1.785310843932035,1.7853108439320238,True,1,1,7.4045392934715855
ml,A018,N2,1,6.0,3.175932134522474,0.0,20.92335517355417,20.92335517355417,True,1,0,6.759072960121177
ml,A018,N2,2,6.0,8.682508854012188,0.0,-0.6203170744935173,0.6203170744935278,True,1,1,6.759072960121177
ml,A018,N2,1,6.0,3.169533474157485,0.0,19.576850077411514,19.576850077411507,True,1,0,6.996988086158938
ml,A018,N2,2,6.0,8.606039274834853,0.0,0.1730985051201521,0.17309850512015146,True,1,1,6.996988086158938
ml,A018,N2,1,6.0,3.0735902083415008,0.0,19.675335008424405,19.675335008424412,True,1,0,6.769444287868592
ml,A018,N2,2,6.0,8.783218829108154,0.0,0.404449428022508,0.4044494280225024,True,1,1,6.769444287868592
ml,A019,N1,1,12.0,6.801702810050085,0.0,0.32567960822305,0.3256796082230551,True,1,1,11.627221583142733
ml,A019,N1,2,12.0,16.578525507414703,0.0,-0.45619996812553865,0.45619996812553154,True,1,1,11.627221583142733
ml,A019,N1,1,12.0,9.04807753185711,0.0,0.2691427285624026,0.2691427285624002,True,1,1,12.677410119173288
ml,A019,N1,2,12.0,14.819661298423796,0.0,-0.5412760983984077,0.5412760983984128,True,1,1,12.677410119173288
ml,A019,N1,1,12.0,8.059224386660611,0.0,0.8235281219655942,0.8235281219655803,True,1,1,12.48573491067008
ml,A019,N1,2,12.0,15.530176560490224,0.0,-0.9592678222314547,0.9592678222314532,True,1,1,12.48573491067008
ml,A019,N2,1,12.0,3.9183246953496127,0.0,2.4121368645627075,2.4121368645627115,True,1,0,9.722103095406748
ml,A019,N2,2,12.0,22.341136161798037,0.0,0.20003816497261973,0.20003816497262505,True,1,1,9.722103095406748
ml,A019,N2,1,12.0,5.280375141968713,0.0,3.0706213906467874,3.070621390646778,True,1,0,11.287442617232426
ml,A019,N2,2,12.0,21.39530371366576,0.0,0.3052889483946504,0.3052889483946615,True,1,1,11.287442617232426
ml,A019,N2,1,12.0,4.8848430802686735,0.0,2.3330485557185288,2.333048555718534,True,1,0,10.767202028744467
ml,A019,N2,2,12.0,21.707268667430274,0.0,0.28506440913464687,0.28506440913463393,True,1,1,10.767202028744467
ml,A020,N1,1,24.0,33.178030517196156,0.0,-0.07771138998933824,0.07771138998933225,True,1,1,16.14495625886622
ml,A020,N1,2,24.0,14.77606852312211,0.0,-0.17449256273054126,0.17449256273053493,True,1,1,16.14495625886622
ml,A020,N1,1,24.0,31.78850625318565,0.0,-0.06581434531030342,0.06581434531031505,True,1,1,14.883320801976446
ml,A020,N1,2,24.0,17.248058702358364,0.0,-0.14948424327676366,0.1494842432767598,True,1,1,14.883320801976446
ml,A020,N1,1,24.0,31.034533161212224,0.0,-0.10064481681294125,0.10064481681294524,True,1,1,16.10637527433674
ml,A020,N1,2,24.0,17.090164569131566,0.0,-0.2514427078418945,0.25144270784190326,True,1,1,16.10637527433674
ml,A020,N2,1,24.0,31.287057531829355,0.0,0.10987766664993188,0.10987766664993615,True,1,1,18.678863395419157
ml,A020,N2,2,24.0,21.683268964803254,0.0,0.2853799297143515,0.28537992971433823,True,1,1,18.678863395419157
ml,A020,N2,1,24.0,30.094059812527785,0.0,0.11423347563379024,0.11423347563379593,True,1,1,18.81245936524386
ml,A020,N2,2,24.0,24.24224057301635,0.0,0.2552554759937258,0.2552554759937209,True,1,1,18.81245936524386
ml,A020,N2,1,24.0,28.73106265003089,0.0,0.1196527017259521,0.1196527017259541,True,1,1,18.27199060209208
ml,A020,N2,2,24.0,26.75321799335549,0.0,0.23129781980202035,0.23129781980202324,True,1,1,18.27199060209208
ml,A021,N1,1,30.0,34.89800825262096,0.0,-0.039403360981335386,0.03940336098133912,True,1,1,14.83256120416442
ml,A021,N1,2,30.0,22.196029194430253,0.0,0.09292873733120152,0.09292873733119222,True,1,1,14.83256120416442
ml,A021,N1,1,30.0,34.844008265410565,0.0,-0.039464426898581775,0.039464426898575766,True,1,1,14.968928082720204
ml,A021,N1,2,30.0,22.384028949230743,0.0,0.09214824356938868,0.09214824356939744,True,1,1,14.968928082720204
ml,A021,N1,1,30.0,34.20507577831103,0.0,-0.12060488326617375,0.12060488326616792,True,1,1,14.726236064252221
ml,A021,N1,2,30.0,23.302003089863327,0.0,-0.029506020658195607,0.029506020658203624,True,1,1,14.726236064252221
ml,A021,N2,1,30.0,36.529,0.0,0.0,0.0,True,1,1,16.12303090391255
ml,A021,N2,2,30.0,23.898,0.0,0.0,0.0,True,1,1,16.12303090391255
ml,A021,N2,1,30.0,37.189,0.0,0.0,0.0,True,1,1,16.42619418574293
ml,A021,N2,2,30.0,22.58,0.0,0.0,0.0,True,1,1,16.42619418574293
ml,A021,N2,1,30.0,37.307,0.0,0.0,0.0,True,1,1,16.442980911769126
ml,A021,N2,2,30.0,22.4,0.0,0.0,0.0,True,1,1,16.442980911769126
ml,A025,N1,1,3.0,3.3312333508653595,0.0,22.01345778422369,22.013457784223704,True,0,0,5.445625182270701
ml,A025,N1,2,3.0,3.375663786575908,180.0,-157.07331055322948,22.926689446770524,True,0,0,5.445625182270701
ml,A025,N1,1,3.0,3.5793081652495693,0.0,21.927420344436346,21.927420344436342,True,0,0,5.715288696705436
ml,A025,N1,2,3.0,3.613682885921231,180.0,-157.89238782403112,22.10761217596888,True,0,0,5.715288696705436
ml,A025,N1,1,3.0,3.6916953664491805,0.0,35.15359452209954,35.153594522099525,True,0,0,7.006906949976288
ml,A025,N1,2,3.0,3.624135931501466,180.0,-145.1873604139299,34.81263958607008,True,0,0,7.006906949976288
ml,A025,N2,1,3.0,1.3801998011539043,0.0,8.894358007625918,8.894358007625925,True,0,0,7.147539282725436
ml,A025,N2,2,3.0,2.0049231905487055,180.0,135.9497901116806,44.05020988831939,True,0,0,7.147539282725436
ml,A025,N2,1,3.0,1.3212645163974313,0.0,-35.72997825321861,35.729978253218604,True,0,0,7.270050007862594
ml,A025,N2,2,3.0,2.495331040162808,180.0,119.77051316796407,60.22948683203593,True,0,0,7.270050007862594
ml,A025,N2,1,3.0,1.373616074358916,0.0,-25.85782810826592,25.85782810826592,True,0,0,7.203029565587336
ml,A025,N2,2,3.0,2.425362653295379,180.0,124.45012248515835,55.549877514841654,True,0,0,7.203029565587336
ml,A026,N1,1,6.0,0.28882498879888213,0.0,80.38723085407648,80.3872308540765,True,1,0,7.958039086705499
ml,A026,N1,2,6.0,0.3662840427864693,180.0,-135.2212181266649,44.778781873335106,True,1,0,7.958039086705499
ml,A026,N1,1,6.0,1.5343290237891989,0.0,51.24319233469797,51.243192334697966,True,1,0,7.336163524215548
ml,A026,N1,2,6.0,1.3036076863842128,180.0,-141.6971274104754,38.30287258952461,True,1,0,7.336163524215548
ml,A026,N1,1,6.0,1.3321859489727663,0.0,33.47353791686033,33.47353791686032,True,1,0,7.292464642461043
ml,A026,N1,2,6.0,1.1726094831613805,180.0,-160.1588280878338,19.841171912166203,True,1,0,7.292464642461043
ml,A026,N2,1,6.0,3.284505037623845,0.0,61.251391175468946,61.25139117546894,True,1,0,8.778870049299428
ml,A026,N2,2,6.0,2.8479062484569253,180.0,-121.00516019547705,58.99483980452294,True,1,0,8.778870049299428
ml,A026,N2,1,6.0,2.7062882253673375,0.0,52.50532674719551,52.50532674719551,True,1,0,8.371809699611205
ml,A026,N2,2,6.0,2.22344777316671,180.0,-135.9475537233945,44.05244627660551,True,1,0,8.371809699611205
ml,A026,N2,1,6.0,2.659900530488363,0.0,55.41375395952011,55.41375395952011,True,1,0,8.75788210881662
ml,A026,N2,2,6.0,2.1875328568960968,180.0,-132.22083313592793,47.77916686407207,True,1,0,8.75788210881662
ml,A028,N1,1,24.0,22.179778699054378,0.0,-3.1095598059993907,3.109559805999396,True,1,1,19.95998047689721
ml,A028,N1,2,24.0,21.35414245527083,180.0,-179.79071598172314,0.20928401827688958,True,1,1,19.95998047689721
ml,A028,N1,1,24.0,21.92250246799358,0.0,-1.9608078008840921,1.9608078008840835,True,1,1,18.905806955680177
ml,A028,N1,2,24.0,21.34110196311334,180.0,-178.42116014343512,1.578839856564855,True,1,1,18.905806955680177
ml,A028,N1,1,24.0,23.30387417776059,0.0,-1.5677082961764135,1.56770829617642,True,1,1,19.32658108634561
ml,A028,N1,2,24.0,22.6425655127682,180.0,-178.72961223742928,1.2703877625707491,True,1,1,19.32658108634561
ml,A028,N2,1,24.0,19.086608817808237,0.0,-0.15013723876708698,0.15013723876708696,True,1,1,20.905182263538826
ml,A028,N2,2,24.0,18.02889731098383,180.0,-179.0656275004857,0.9343724995143248,True,1,1,20.905182263538826
ml,A028,N2,1,24.0,19.465763965211007,0.0,-0.9083247034599763,0.9083247034599822,True,1,1,20.636780783609076
ml,A028,N2,2,24.0,18.35576882072772,180.0,-179.47559672148373,0.5244032785162744,True,1,1,20.636780783609076
ml,A028,N2,1,24.0,20.609999788630134,0.0,-0.8837193074923391,0.8837193074923277,True,1,1,20.907713128867016
ml,A028,N2,2,24.0,19.291182882342905,180.0,179.75051500380962,0.24948499619037534,True,1,1,20.907713128867016
ml,A029,N1,1,30.0,14.439926614930368,0.0,13.632166308498146,13.632166308498142,True,1,1,21.161526351264968
ml,A029,N1,2,30.0,14.146790731469803,180.0,-167.25066617423454,12.749333825765461,True,1,1,21.161526351264968
ml,A029,N1,1,30.0,16.101862959550207,0.0,13.39727649183688,13.397276491836891,True,1,1,21.717495576123657
ml,A029,N1,2,30.0,15.742736737937276,180.0,-167.2738119930025,12.726188006997518,True,1,1,21.717495576123657
ml,A029,N1,1,30.0,15.746557880772908,0.0,14.820352275046487,14.820352275046474,True,1,1,21.758104983502157
ml,A029,N1,2,30.0,15.368583701824967,180.0,-166.13826733047273,13.861732669527271,True,1,1,21.758104983502157
ml,A029,N2,1,30.0,20.26453351489943,0.0,5.853509384285285,5.853509384285275,True,1,1,21.428718206018367
ml,A029,N2,2,30.0,19.64924934952987,180.0,-174.98403243297489,5.015967567025086,True,1,1,21.428718206018367
ml,A029,N2,1,30.0,20.016623855921573,0.0,6.613018425382944,6.613018425382933,True,1,1,21.565175561470554
ml,A029,N2,2,30.0,19.355662840626255,180.0,-174.30118872341183,5.698811276588174,True,1,1,21.565175561470554
ml,A029,N2,1,30.0,20.093686888659438,0.0,6.385841510506024,6.385841510506026,True,1,1,21.532358113669545
ml,A029,N2,2,30.0,19.457437267019515,180.0,-174.597357504357,5.402642495643022,True,1,1,21.532358113669545
ml,B001,N1,1,6.0,3.2324065818977292,90.0,75.94384506111983,14.056154938880184,True,1,0,6.1457133309629
ml,B001,N1,2,0.0,1.4245673027273928,,96.28689336173646,,False,0,0,6.1457133309629
ml,B001,N1,1,6.0,3.5794396562764743,90.0,69.71518008805288,20.284819911947125,True,1,0,6.63937121998679
ml,B001,N1,2,0.0,1.0988653238682162,,115.95876926156063,,False,0,0,6.63937121998679
ml,B001,N1,1,6.0,2.847561568805445,90.0,79.716910924481,10.283089075519001,True,1,0,5.9966594157630055
ml,B001,N1,2,0.0,2.0460087976350443,,89.83197766783356,,False,0,0,5.9966594157630055
ml,B001,N2,1,6.0,5.022441907624483,90.0,83.44290440194753,6.557095598052456,True,1,0,7.591768248725969
ml,B001,N2,2,0.0,2.7876708916226107,,92.50830124814141,,False,0,0,7.591768248725969
ml,B001,N2,1,6.0,5.360192021635716,90.0,84.06347153669854,5.936528463301443,True,1,0,7.006182715838754
ml,B001,N2,2,0.0,2.5901339733689452,,93.60807107017898,,False,0,0,7.006182715838754
ml,B001,N2,1,6.0,5.049610803399289,90.0,83.30016943558563,6.699830564414356,True,1,0,7.032448435165351
ml,B001,N2,2,0.0,2.970751588403177,,91.9676227389863,,False,0,0,7.032448435165351
ml,B002,N1,1,6.0,4.725739965542556,180.0,179.87064630718947,0.12935369281052544,True,1,0,5.933885117338355
ml,B002,N1,2,0.0,3.4441678240178715,,-0.5656194020133072,,False,0,0,5.933885117338355
ml,B002,N1,1,6.0,5.408113469113367,180.0,-179.9694107369867,0.030589263013325763,True,1,0,4.3235395098597404
ml,B002,N1,2,0.0,4.789003758612014,,0.0717841923587143,,False,0,0,4.3235395098597404
ml,B002,N1,1,6.0,5.336266113775755,180.0,-178.00276527393936,1.9972347260606398,True,1,0,4.8357386759088135
ml,B002,N1,2,0.0,3.6765708207513157,,2.5254300491279227,,False,0,0,4.8357386759088135
ml,B002,N2,1,6.0,3.708763804422409,180.0,-177.61319171670903,2.386808283290975,True,1,0,7.194672398490578
ml,B002,N2,2,0.0,1.4620054719459843,,165.90672690971968,,False,0,0,7.194672398490578
ml,B002,N2,1,6.0,2.9968479668163246,180.0,-164.29970163436911,15.700298365630886,True,1,0,8.110379175163523
ml,B002,N2,2,0.0,1.9227521941217491,,144.2267665214494,,False,0,0,8.110379175163523
ml,B002,N2,1,6.0,3.1516318441565545,180.0,-173.95508236345052,6.044917636549485,True,1,0,7.556390756008076
ml,B002,N2,2,0.0,1.9290961614186062,,164.17699592269796,,False,0,0,7.556390756008076
ml,B003,N1,1,6.0,1.02764390719743,-90.00000000000001,48.86652426994464,138.86652426994465,True,1,0,7.034331577564723
ml,B003,N1,2,0.0,4.78584297694774,,-98.19274657262619,,False,0,0,7.034331577564723
ml,B003,N1,1,6.0,1.1204615976486194,-90.00000000000001,88.9127920430377,178.9127920430377,True,1,0,8.477467095350772
ml,B003,N1,2,0.0,4.4456668791082405,,-90.99242605307376,,False,0,0,8.477467095350772
ml,B003,N1,1,6.0,1.653645384892583,-90.00000000000001,58.17425495717355,148.17425495717356,True,1,0,7.304674749256117
ml,B003,N1,2,0.0,4.903781601988408,,-98.88029840265618,,False,0,0,7.304674749256117
ml,B003,N2,1,6.0,1.5482886029737923,-90.00000000000001,-158.35189175717528,68.35189175717527,True,1,0,6.727744282191178
ml,B003,N2,2,0.0,4.275424189481086,,-75.8662484922525,,False,0,0,6.727744282191178
ml,B003,N2,1,6.0,1.0057903894652211,-90.00000000000001,-175.93077479270437,85.93077479270436,True,1,0,7.316615750680977
ml,B003,N2,2,0.0,4.728134092853121,,-80.7010380558498,,False,0,0,7.316615750680977
ml,B003,N2,1,6.0,1.7532104439302176,-90.00000000000001,-141.8784031478026,51.8784031478026,True,1,0,6.827234034466186
ml,B003,N2,2,0.0,4.011739024413227,,-72.64001140211631,,False,0,0,6.827234034466186
ml,B004,N1,1,12.0,4.865711905439956,90.0,84.48251813280584,5.517481867194164,True,1,0,6.397925103738978
ml,B004,N1,2,0.0,4.121833572574225,,93.53297972702234,,False,0,0,6.397925103738978
ml,B004,N1,1,12.0,5.232251375572395,90.0,84.34651916517149,5.653480834828514,True,1,0,6.907791858513726
ml,B004,N1,2,0.0,3.582267019639937,,95.46231987671152,,False,0,0,6.907791858513726
ml,B004,N1,1,12.0,5.810054073150196,90.0,81.70365790860043,8.296342091399566,True,1,0,7.937413312595002
ml,B004,N1,2,0.0,2.7977923439740846,,103.4551098463166,,False,0,0,7.937413312595002
ml,B004,N2,1,12.0,5.205813879093745,90.0,75.57205376038812,14.427946239611884,True,1,0,7.942870604543534
ml,B004,N2,2,0.0,7.09559370313718,,96.70936507060296,,False,0,1,7.942870604543534
ml,B004,N2,1,12.0,5.2699027371780565,90.0,78.23433482381904,11.76566517618096,True,1,0,7.517301134043542
ml,B004,N2,2,0.0,7.2608215099945825,,95.53235413525103,,False,0,1,7.517301134043542
ml,B004,N2,1,12.0,5.472764218992561,90.0,78.96997093227418,11.03002906772582,True,1,0,7.603223054987007
ml,B004,N2,2,0.0,7.21362495559618,,95.2814400149744,,False,0,1,7.603223054987007
ml,B005,N1,1,12.0,4.317101423888136,180.0,-173.02953047029507,6.970469529704928,True,1,0,6.727439949730513
ml,B005,N1,2,0.0,6.389535898639273,,178.38570358221332,,False,0,1,6.727439949730513
ml,B005,N1,1,12.0,3.949154617365762,180.0,-174.86313878685195,5.136861213148052,True,1,0,6.583996555252637
ml,B005,N1,2,0.0,6.887441687593442,,179.3511137313171,,False,0,1,6.583996555252637
ml,B005,N1,1,12.0,4.119391745944592,180.0,-173.17552524992573,6.824474750074273,True,1,0,6.677000610683466
ml,B005,N1,2,0.0,6.405999141429852,,178.24668636333482,,False,0,1,6.677000610683466
ml,B005,N2,1,12.0,3.3688241832288415,180.0,-175.98307675695997,4.016923243040026,True,1,0,6.86356075174673
ml,B005,N2,2,0.0,7.850030827964943,,-179.8394262612509,,False,0,1,6.86356075174673
ml,B005,N2,1,12.0,4.18176001248019,180.0,-176.63505745871524,3.3649425412847904,True,1,0,6.889794368220464
ml,B005,N2,2,0.0,7.60872200569846,,179.4728732180848,,False,0,1,6.889794368220464
ml,B005,N2,1,12.0,3.4552714630528154,180.0,177.24199109169737,2.758008908302628,True,1,0,6.758401158383969
ml,B005,N2,2,0.0,7.612106410186342,,-178.11792946873493,,False,0,1,6.758401158383969
ml,B006,N1,1,12.0,6.912960955534604,-90.00000000000001,-100.49166394639067,10.491663946390645,True,1,1,10.175735078371963
ml,B006,N1,2,0.0,4.72158659774445,,-87.76662072694535,,False,0,0,10.175735078371963
ml,B006,N1,1,12.0,6.283533969513325,-90.00000000000001,-99.40515992787108,9.405159927871068,True,1,1,9.299467865143393
ml,B006,N1,2,0.0,4.472788839191942,,-91.07609113905403,,False,0,0,9.299467865143393
ml,B006,N1,1,12.0,6.8373824294335686,-90.00000000000001,-99.10525397184583,9.105253971845798,True,1,1,9.249344061328946
ml,B006,N1,2,0.0,4.3180723708617945,,-89.66827733137276,,False,0,0,9.249344061328946
ml,B006,N2,1,12.0,7.227506159696491,-90.00000000000001,-88.80729414094226,1.192705859057753,True,1,1,10.143647026672557
ml,B006,N2,2,0.0,4.327929412548222,,-98.26303027124592,,False,0,0,10.143647026672557
ml,B006,N2,1,12.0,7.431548956672362,-90.00000000000001,-91.37916330267554,1.3791633026755221,True,1,1,9.13244455488221
ml,B006,N2,2,0.0,4.314357541975397,,-93.77432229933952,,False,0,0,9.13244455488221
ml,B006,N2,1,12.0,7.8254878949123245,-90.00000000000001,-91.32480154379432,1.3248015437943081,True,1,1,9.724061443874305
ml,B006,N2,2,0.0,3.8974798267598514,,-96.15674457617872,,False,0,0,9.724061443874305
ml,B008,N1,1,24.0,15.859106003896725,180.0,-179.10674382892236,0.8932561710776099,True,1,1,15.555884769448845
ml,B008,N1,2,0.0,2.056024318922322,,179.72132622709043,,False,0,0,15.555884769448845
ml,B008,N1,1,24.0,16.796927834927875,180.0,-179.35545022587402,0.6445497741259487,True,1,1,15.657991389381673
ml,B008,N1,2,0.0,1.2389301836665374,,-177.77962798984262,,False,0,0,15.657991389381673
ml,B008,N1,1,24.0,16.28941803349891,180.0,-179.08059343634255,0.9194065636574464,True,1,1,15.718443738810802
ml,B008,N1,2,0.0,1.428035013576348,,179.59877560952054,,False,0,0,15.718443738810802
ml,B008,N2,1,24.0,13.7493361886669,180.0,-179.8853414970492,0.11465850295076052,True,1,1,11.491800700163958
ml,B008,N2,2,0.0,7.539238754675433,,179.544014565359,,False,0,1,11.491800700163958
ml,B008,N2,1,24.0,13.87641530904898,180.0,179.74624772124875,0.25375227875125006,True,1,1,11.601748370071485
ml,B008,N2,2,0.0,7.817230263974575,,179.56023036176094,,False,0,1,11.601748370071485
ml,B008,N2,1,24.0,16.284454388119897,180.0,179.64232473506362,0.35767526493637547,True,1,1,13.515398880138058
ml,B008,N2,2,0.0,4.239067940007567,,179.6756112253665,,False,0,0,13.515398880138058
ml,B009,N1,1,24.0,17.24164361601796,-90.00000000000001,-89.27145473209076,0.7285452679092543,True,1,1,10.584778210774946
ml,B009,N1,2,0.0,5.62377746714786,,-93.54773605803595,,False,0,0,10.584778210774946
ml,B009,N1,1,24.0,15.106284241337224,-90.00000000000001,-85.51465817838971,4.485341821610291,True,1,1,12.100903684363372
ml,B009,N1,2,0.0,7.103141910450613,,-98.61492316280614,,False,0,1,12.100903684363372
ml,B009,N1,1,24.0,19.577861543610222,-90.00000000000001,-90.68906261969528,0.689062619695278,True,1,1,10.042067408032928
ml,B009,N1,2,0.0,3.7791856265603045,,-95.46620503873574,,False,0,0,10.042067408032928
ml,B009,N2,1,24.0,16.0258257289615,-90.00000000000001,-91.18871955872267,1.188719558722653,True,1,1,10.717186588020503
ml,B009,N2,2,0.0,3.6216990487891176,,-98.70286207635588,,False,0,0,10.717186588020503
ml,B009,N2,1,24.0,15.701626317235219,-90.00000000000001,-91.15508513526936,1.1550851352693599,True,1,1,10.629130131085468
ml,B009,N2,2,0.0,3.9026806172168387,,-97.42001489526122,,False,0,0,10.629130131085468
ml,B009,N2,1,24.0,15.290505855486593,-90.00000000000001,-91.30277696097984,1.302776960979827,True,1,1,10.527948387347863
ml,B009,N2,2,0.0,4.27465706226827,,-95.05972976955509,,False,0,0,10.527948387347863
ml,B010,N1,1,30.0,10.054665038595624,90.0,85.13599875398688,4.8640012460131175,True,1,1,15.77472481420855
ml,B010,N1,2,0.0,16.98286916277694,,92.47709652150839,,False,0,1,15.77472481420855
ml,B010,N1,1,30.0,10.34141588646609,90.0,84.11649507651151,5.883504923488488,True,1,1,15.97704642516284
ml,B010,N1,2,0.0,17.011983335284576,,92.97862334527248,,False,0,1,15.97704642516284
ml,B010,N1,1,30.0,9.8262879833047,90.0,83.80688506184276,6.193114938157237,True,1,1,15.880584208024384
ml,B010,N1,2,0.0,17.24156283519565,,93.05872290528441,,False,0,1,15.880584208024384
ml,B010,N2,1,30.0,13.103197815800538,90.0,89.68516716738989,0.31483283261010797,True,1,1,10.560204592593623
ml,B010,N2,2,0.0,26.135099177160207,,90.157845253052,,False,0,1,10.560204592593623
ml,B010,N2,1,30.0,12.992216477568407,90.0,89.66924755773928,0.3307524422607173,True,1,1,11.268994806827731
ml,B010,N2,2,0.0,24.93304620378344,,90.11030337380203,,False,0,1,11.268994806827731
ml,B010,N2,1,30.0,14.188182688420671,90.0,89.70924297201891,0.29075702798110115,True,1,1,11.042410298509655
ml,B010,N2,2,0.0,24.523046976262957,,90.1121475310707,,False,0,1,11.042410298509655
ml,B011,N1,1,30.0,26.144224163035908,180.0,179.47872081875235,0.5212791812476496,True,1,1,14.420506301970587
ml,B011,N1,2,0.0,22.054734548391192,,0.4676254337959408,,False,0,1,14.420506301970587
ml,B011,N1,1,30.0,27.06757007454037,180.0,179.52934574138922,0.4706542586107787,True,1,1,12.104368632300396
ml,B011,N1,2,0.0,23.64840265218774,,0.3343508043584127,,False,0,1,12.104368632300396
ml,B011,N1,1,30.0,27.716972812420234,180.0,179.72642277483493,0.2735772251650701,True,1,1,10.956992517647887
ml,B011,N1,2,0.0,24.4643244746304,,0.2950950124583006,,False,0,1,10.956992517647887
ml,B011,N2,1,30.0,27.67051000614192,180.0,179.65212964651514,0.34787035348486484,True,1,1,12.470112299372135
ml,B011,N2,2,0.0,21.764400290382458,,0.3474981695613677,,False,0,1,12.470112299372135
ml,B011,N2,1,30.0,28.323373234649036,180.0,179.69447882237185,0.305521177628151,True,1,1,10.917906446605402
ml,B011,N2,2,0.0,24.698352738593723,,0.30621794824826043,,False,0,1,10.917906446605402
ml,B011,N2,1,30.0,28.06850277446234,180.0,179.65706227692104,0.3429377230789612,True,1,1,11.530830925939165
ml,B011,N2,2,0.0,23.36437287838045,,0.32370152492022397,,False,0,1,11.530830925939165
ml,B012,N1,1,30.0,14.669447160680598,-90.00000000000001,-91.2421385067622,1.2421385067621884,True,1,1,12.515153182231138
ml,B012,N1,2,0.0,12.952259571209959,,-90.36273866191368,,False,0,1,12.515153182231138
ml,B012,N1,1,30.0,14.593212257758738,-90.00000000000001,-91.53139791013409,1.531397910134075,True,1,1,12.390769775389039
ml,B012,N1,2,0.0,12.620083834903792,,-90.20884264543602,,False,0,1,12.390769775389039
ml,B012,N1,1,30.0,14.096856529028022,-90.00000000000001,-91.50401425985129,1.5040142598512602,True,1,1,12.421224271172235
ml,B012,N1,2,0.0,13.07995259930249,,-90.99002580113503,,False,0,1,12.421224271172235
ml,B012,N2,1,30.0,13.782361045916625,-90.00000000000001,-91.99585083908842,1.9958508390884049,True,1,1,14.487193832034848
ml,B012,N2,2,0.0,9.926000201491032,,-89.98845541431842,,False,0,1,14.487193832034848
ml,B012,N2,1,30.0,13.857503978765841,-90.00000000000001,-91.3748386169359,1.3748386169359037,True,1,1,14.282341540674896
ml,B012,N2,2,0.0,10.360023359047025,,-90.12167039136601,,False,0,1,14.282341540674896
ml,B012,N2,1,30.0,13.838488814654221,-90.00000000000001,-94.01739271849402,4.017392718494023,True,1,1,14.641763066861644
ml,B012,N2,2,0.0,9.992133906228439,,-86.36214420434864,,False,0,1,14.641763066861644
ml,B013,N1,1,0.0,3.087250437308501,,96.42214586190615,,False,0,0,7.634607599196489
ml,B013,N1,2,6.0,2.027735498037158,90.0,86.08348887537538,3.9165111246246056,True,1,0,7.634607599196489
ml,B013,N1,1,0.0,5.045550462886617,,83.14765233108568,,False,0,0,7.170502830939755
ml,B013,N1,2,6.0,0.6613660106174191,90.0,145.03636864069534,55.03636864069534,True,1,0,7.170502830939755
ml,B013,N1,1,0.0,4.881326276046521,,81.41221269158801,,False,0,0,8.014021293918084
ml,B013,N1,2,6.0,0.7885334488783594,90.0,147.90219190177166,57.90219190177166,True,1,0,8.014021293918084
ml,B013,N2,1,0.0,5.786758247667934,,88.0341285351073,,False,0,0,6.910368389431827
ml,B013,N2,2,6.0,2.950970687756827,90.0,99.32187601029294,9.321876010292954,True,1,0,6.910368389431827
ml,B013,N2,1,0.0,5.769840798428678,,88.49018560298416,,False,0,0,7.156361165157966
ml,B013,N2,2,6.0,3.3239308055373233,90.0,97.43289428156967,7.4328942815696735,True,1,0,7.156361165157966
ml,B013,N2,1,0.0,5.543194043302341,,86.38767357909713,,False,0,0,7.50765597073467
ml,B013,N2,2,6.0,3.3637896783241366,90.0,99.25510510240427,9.255105102404286,True,1,0,7.50765597073467
ml,B014,N1,1,0.0,1.2791431290862796,,-143.28805459336402,,False,0,0,12.082553204206107
ml,B014,N1,2,6.0,0.7940510059183857,180.0,90.64942057028122,89.35057942971878,True,1,0,12.082553204206107
ml,B014,N1,1,0.0,4.458623244462096,,-167.3147937838868,,False,0,0,7.89091954273294
ml,B014,N1,2,6.0,2.755822926096668,180.0,19.855214369321057,160.14478563067894,True,1,0,7.89091954273294
ml,B014,N1,1,0.0,2.9196171669011233,,-156.71546217545358,,False,0,0,10.606042812161407
ml,B014,N1,2,6.0,1.9237060586274608,180.0,36.268248547179695,143.7317514528203,True,1,0,10.606042812161407
ml,B014,N2,1,0.0,4.662406570967749,,174.83499338929778,,False,0,0,6.859648273136875
ml,B014,N2,2,6.0,0.1243384091904025,180.0,-43.761717504573845,136.23828249542612,True,1,0,6.859648273136875
ml,B014,N2,1,0.0,5.453765489987204,,175.68869011907557,,False,0,0,5.636261945962502
ml,B014,N2,2,6.0,1.6514618493928341,180.0,-4.30610576595576,175.69389423404425,True,1,0,5.636261945962502
ml,B014,N2,1,0.0,4.572434272495301,,174.41519117973414,,False,0,0,7.356157188141804
ml,B014,N2,2,6.0,0.6266788970437731,180.0,-5.494074709230676,174.5059252907693,True,1,0,7.356157188141804
ml,B015,N1,1,0.0,4.512497582663755,,-90.26091689873054,,False,0,0,6.019901702960654
ml,B015,N1,2,6.0,1.4638141958595698,-90.00000000000001,-78.81288787271725,11.187112127282774,True,1,0,6.019901702960654
ml,B015,N1,1,0.0,2.3017296384804196,,-76.27721891436686,,False,0,0,8.3743497944617
ml,B015,N1,2,6.0,2.787148363471166,-90.00000000000001,-91.6447965406195,1.6447965406194953,True,1,0,8.3743497944617
ml,B015,N1,1,0.0,3.324619549238079,,-84.426397076341,,False,0,0,7.231776902707986
ml,B015,N1,2,6.0,2.1257001199604804,-90.00000000000001,-87.70831266527712,2.2916873347228943,True,1,0,7.231776902707986
ml,B015,N2,1,0.0,4.487648726049426,,-94.77799155209593,,False,0,0,6.256928561331733
ml,B015,N2,2,6.0,1.9240462572401944,-90.00000000000001,-75.7687508502952,14.231249149704809,True,1,0,6.256928561331733
ml,B015,N2,1,0.0,4.4661123160113325,,-95.06379658538614,,False,0,0,6.44626641405509
ml,B015,N2,2,6.0,1.8819378310666908,-90.00000000000001,-72.72043967531863,17.27956032468137,True,1,0,6.44626641405509
ml,B015,N2,1,0.0,4.682125149715704,,-93.63969539997251,,False,0,0,5.6647291195284915
ml,B015,N2,2,6.0,1.8211166903853253,-90.00000000000001,-73.3760933593542,16.623906640645828,True,1,0,5.6647291195284915
ml,B016,N1,1,0.0,3.6918755177074685,,89.43889669075212,,False,0,0,9.248104504286232
ml,B016,N1,2,12.0,5.872490187305552,90.0,91.66862150184696,1.6686215018469568,True,1,0,9.248104504286232
ml,B016,N1,1,0.0,2.4319909056402897,,79.81454198902807,,False,0,0,10.036155417235562
ml,B016,N1,2,12.0,6.621416238237859,90.0,93.05599320998043,3.0559932099804428,True,1,1,10.036155417235562
ml,B016,N1,1,0.0,3.9545155047368303,,89.19468100790111,,False,0,0,9.069469234195338
ml,B016,N1,2,12.0,5.596756203373522,90.0,90.94187578346062,0.9418757834606026,True,1,0,9.069469234195338
ml,B016,N2,1,0.0,6.440829330562804,,86.84009429115889,,False,0,1,9.173916999387167
ml,B016,N2,2,12.0,8.341929033502982,90.0,91.75858878126456,1.7585887812645637,True,1,1,9.173916999387167
ml,B016,N2,1,0.0,7.087687035426674,,86.40280348501902,,False,0,1,9.02294566217207
ml,B016,N2,2,12.0,7.923043102242977,90.0,92.41604931430325,2.416049314303251,True,1,1,9.02294566217207
ml,B016,N2,1,0.0,6.836830616730742,,86.04529093757534,,False,0,1,9.18939739423297
ml,B016,N2,2,12.0,8.196086871184322,90.0,92.5454251559977,2.545425155997691,True,1,1,9.18939739423297
ml,B017,N1,1,0.0,10.148773133111161,,176.3494607988792,,False,0,1,8.6935496957215
ml,B017,N1,2,12.0,2.006120634458456,180.0,-179.3716567217572,0.6283432782428235,True,1,0,8.6935496957215
ml,B017,N1,1,0.0,10.457739463711325,,177.6387395681103,,False,0,1,7.247746410546201
ml,B017,N1,2,12.0,1.342381465903042,180.0,178.6340405590599,1.3659594409400881,True,1,0,7.247746410546201
ml,B017,N1,1,0.0,9.067770210001129,,177.0916154891113,,False,0,1,7.695999576676055
ml,B017,N1,2,12.0,2.3259380903196885,180.0,-175.2649980138717,4.735001986128282,True,1,0,7.695999576676055
ml,B017,N2,1,0.0,7.439462033668313,,-168.80761269932063,,False,0,1,10.97114601261821
ml,B017,N2,2,12.0,6.335073164534092,180.0,169.85370585685644,10.146294143143564,True,1,1,10.97114601261821
ml,B017,N2,1,0.0,8.61579843293106,,-174.8676192677183,,False,0,1,9.410861993530432
ml,B017,N2,2,12.0,5.107269329103371,180.0,173.4566325826237,6.543367417376288,True,1,0,9.410861993530432
ml,B017,N2,1,0.0,7.996598783889966,,-173.87637669027163,,False,0,1,9.863116418466713
ml,B017,N2,2,12.0,5.896874511128755,180.0,171.69263952232447,8.30736047767553,True,1,0,9.863116418466713
ml,B018,N1,1,0.0,5.542880702813846,,-66.08480948555601,,False,0,0,10.86161200521764
ml,B018,N1,2,12.0,6.900595046805747,-90.00000000000001,-104.98276226113197,14.982762261131938,True,1,1,10.86161200521764
ml,B018,N1,1,0.0,6.02559165419243,,-47.55532487219382,,False,0,1,12.405132978780415
ml,B018,N1,2,12.0,7.218937872014137,-90.00000000000001,-116.68573347311218,26.68573347311218,True,1,1,12.405132978780415
ml,B018,N1,1,0.0,5.661346096447754,,-58.56533260543072,,False,0,0,11.176672797341887
ml,B018,N1,2,12.0,6.894552342248189,-90.00000000000001,-108.8186319147027,18.818631914702678,True,1,1,11.176672797341887
ml,B018,N2,1,0.0,8.390906985626847,,-86.10093343738767,,False,0,1,7.65219804451715
ml,B018,N2,2,12.0,5.2195138662522975,-90.00000000000001,-93.27299291679391,3.2729929167938963,True,1,0,7.65219804451715
ml,B018,N2,1,0.0,8.673932189638144,,-89.13386690068768,,False,0,1,7.153289288130164
ml,B018,N2,2,12.0,5.013280163725143,-90.00000000000001,-89.39426228261576,0.6057377173842724,True,1,0,7.153289288130164
ml,B018,N2,1,0.0,8.560284505408585,,-87.1871310307671,,False,0,1,7.2034855622334435
ml,B018,N2,2,12.0,5.074631218128072,-90.00000000000001,-92.69945896963067,2.699458969630655,True,1,0,7.2034855622334435
ml,B019,N1,1,0.0,5.236735408826387,,90.71287060323047,,False,0,0,12.583347955541493
ml,B019,N1,2,24.0,11.515003517151005,90.0,94.77727773806701,4.777277738067028,True,1,1,12.583347955541493
ml,B019,N1,1,0.0,5.963554639538618,,88.83886860181909,,False,0,0,12.34300130073882
ml,B019,N1,2,24.0,11.191904440263952,90.0,95.83081135208592,5.830811352085902,True,1,1,12.34300130073882
ml,B019,N1,1,0.0,4.934784237721577,,87.86528030529385,,False,0,0,12.936329396392372
ml,B019,N1,2,24.0,11.560285333848816,90.0,95.55475239452731,5.554752394527327,True,1,1,12.936329396392372
ml,B019,N2,1,0.0,5.043966755026389,,95.90518387286463,,False,0,0,10.2392939067023
ml,B019,N2,2,24.0,13.739179160342875,90.0,90.75066605111984,0.750666051119822,True,1,1,10.2392939067023
ml,B019,N2,1,0.0,4.887640223638534,,96.29486741657273,,False,0,0,10.445058235091969
ml,B019,N2,2,24.0,13.833171147643625,90.0,90.74556522575858,0.7455652257585825,True,1,1,10.445058235091969
ml,B019,N2,1,0.0,5.13855453128435,,92.94997565479298,,False,0,0,10.641213532185642
ml,B019,N2,2,24.0,13.429951600806312,90.0,92.61186082367237,2.611860823672373,True,1,1,10.641213532185642
ml,B020,N1,1,0.0,10.891504832686191,,-178.54832131199768,,False,0,1,8.650951290126198
ml,B020,N1,2,24.0,12.569830243881578,180.0,179.5259419625597,0.47405803744030095,True,1,1,8.650951290126198
ml,B020,N1,1,0.0,12.645473602643168,,-179.5014807088849,,False,0,1,8.995639644492462
ml,B020,N1,2,24.0,10.691036666292002,180.0,179.84994124419592,0.150058755804082,True,1,1,8.995639644492462
ml,B020,N1,1,0.0,9.645521302830943,,-177.85334501748,,False,0,1,8.963536247875961
ml,B020,N1,2,24.0,13.276506505854618,180.0,179.13685205165572,0.8631479483442774,True,1,1,8.963536247875961
ml,B020,N2,1,0.0,7.8768836693583095,,-178.04711112317517,,False,0,1,10.79348043303025
ml,B020,N2,2,24.0,16.20200012344155,180.0,-179.99292732017997,0.007072679819998484,True,1,1,10.79348043303025
ml,B020,N2,1,0.0,8.32290036501274,,-178.09669958730518,,False,0,1,10.86014837717123
ml,B020,N2,2,24.0,15.48400116249027,180.0,179.97779807156599,0.022201928434014917,True,1,1,10.86014837717123
ml,B020,N2,1,0.0,9.183269798054532,,-178.84283487381316,,False,0,1,9.870960208702124
ml,B020,N2,2,24.0,15.768008117704658,180.0,179.94186122795702,0.058138772042980236,True,1,1,9.870960208702124
ml,B021,N1,1,0.0,7.159566182727818,,-82.32754313446243,,False,0,1,10.323161477965385
ml,B021,N1,2,24.0,15.302049143823844,-90.00000000000001,-91.31811715623155,1.3181171562315512,True,1,1,10.323161477965385
ml,B021,N1,1,0.0,6.054973408704271,,-75.0549843754859,,False,0,1,11.319713966147873
ml,B021,N1,2,24.0,16.1420049560146,-90.00000000000001,-93.12509471464936,3.12509471464935,True,1,1,11.319713966147873
ml,B021,N1,1,0.0,6.569963459562557,,-65.44540042560031,,False,0,1,13.19151433569758
ml,B021,N1,2,24.0,15.147642060730112,-90.00000000000001,-97.02273942817371,7.022739428173679,True,1,1,13.19151433569758
ml,B021,N2,1,0.0,7.44273339124552,,-84.60509250175483,,False,0,1,10.50526502645652
ml,B021,N2,2,24.0,14.183591646688084,-90.00000000000001,-91.87470046705538,1.8747004670553622,True,1,1,10.50526502645652
ml,B021,N2,1,0.0,7.497219906668543,,-83.66371501397818,,False,0,1,10.365574165810907
ml,B021,N2,2,24.0,14.211686740144533,-90.00000000000001,-91.62091780144614,1.6209178014461258,True,1,1,10.365574165810907
ml,B021,N2,1,0.0,7.475947299034435,,-83.22637525253414,,False,0,1,10.59398325298793
ml,B021,N2,2,24.0,14.411947543618108,-90.00000000000001,-91.64611452979534,1.6461145297953408,True,1,1,10.59398325298793
ml,B022,N1,1,0.0,12.361598213118429,,89.98886668039788,,False,0,1,11.34782021498023
ml,B022,N1,2,30.0,9.66400331125771,90.0,90.04743027021959,0.047430270219592785,True,1,1,11.34782021498023
ml,B022,N1,1,0.0,13.347207774721523,,90.5607554249323,,False,0,1,11.16431426108017
ml,B022,N1,2,30.0,8.828500438919397,90.0,89.38994112560658,0.6100588743934168,True,1,1,11.16431426108017
ml,B022,N1,1,0.0,11.667742682678789,,90.0380087209877,,False,0,1,11.503266220573177
ml,B022,N1,2,30.0,10.076087534355784,90.0,90.23882580414632,0.23882580414630183,True,1,1,11.503266220573177
ml,B022,N2,1,0.0,25.1616267501453,,88.89077728702263,,False,0,1,13.435832810038676
ml,B022,N2,2,30.0,15.216573201611459,90.0,92.6743721001316,2.6743721001316203,True,1,1,13.435832810038676
ml,B022,N2,1,0.0,25.039558579061396,,88.91315802123654,,False,0,1,13.360081878205332
ml,B022,N2,2,30.0,13.138518942407474,90.0,93.20256865093127,3.202568650931255,True,1,1,13.360081878205332
ml,B022,N2,1,0.0,25.186412272249456,,88.8565682290324,,False,0,1,13.344683125224424
ml,B022,N2,2,30.0,13.513948053770223,90.0,93.1135096015016,3.113509601501619,True,1,1,13.344683125224424
ml,B023,N1,1,0.0,11.4879409706075,,-177.6679333874739,,False,0,1,16.492473767562984
ml,B023,N1,2,30.0,10.29431085600197,180.0,-179.554733817237,0.4452661827630209,True,1,1,16.492473767562984
ml,B023,N1,1,0.0,10.177894635940554,,-176.89683104142262,,False,0,1,16.064910525012674
ml,B023,N1,2,30.0,11.308034665670245,180.0,-179.85812888683571,0.1418711131642567,True,1,1,16.064910525012674
ml,B023,N1,1,0.0,10.366059119992117,,-176.7096418863902,,False,0,1,16.98989342155506
ml,B023,N1,2,30.0,10.398,180.0,180.0,0.0,True,1,1,16.98989342155506
ml,B023,N2,1,0.0,21.181056308760315,,179.97224651584892,,False,0,1,17.96952529515264
ml,B023,N2,2,30.0,3.500276560502041,180.0,179.27974814187186,0.7202518581281367,True,1,0,17.96952529515264
ml,B023,N2,1,0.0,19.78843753002,,179.6431941547769,,False,0,1,18.17922533241802
ml,B023,N2,2,30.0,4.190290801364506,180.0,178.5778139789551,1.4221860210448938,True,1,0,18.17922533241802
ml,B023,N2,1,0.0,20.680612717955125,,179.88157413980625,,False,0,1,18.207999037217924
ml,B023,N2,2,30.0,3.3664343154144563,180.0,177.82095019820235,2.179049801797646,True,1,0,18.207999037217924
ml,B024,N1,1,0.0,9.156070233345284,,-84.2944577973735,,False,0,1,14.817305030444196
ml,B024,N1,2,30.0,14.263661801935713,-90.00000000000001,-94.05241842992626,4.052418429926263,True,1,1,14.817305030444196
ml,B024,N1,1,0.0,8.658954252498631,,-87.24025344233134,,False,0,1,12.56002027942651
ml,B024,N1,2,30.0,16.088535669848888,-90.00000000000001,-91.36053679736634,1.3605367973663078,True,1,1,12.56002027942651
ml,B024,N1,1,0.0,8.474078398399973,,-84.89659403149795,,False,0,1,14.134965972946164
ml,B024,N1,2,30.0,15.077133016591715,-90.00000000000001,-93.03395919075028,3.0339591907502665,True,1,1,14.134965972946164
ml,B024,N2,1,0.0,6.184491509294141,,-80.78214481665903,,False,0,1,15.342004040559717
ml,B024,N2,2,30.0,14.366775038261023,-90.00000000000001,-93.98730477803143,3.9873047780314153,True,1,1,15.342004040559717
ml,B024,N2,1,0.0,5.847960402397769,,-81.76467469412758,,False,0,0,14.724036828695215
ml,B024,N2,2,30.0,14.707018460585406,-90.00000000000001,-93.06356782581427,3.0635678258142605,True,1,1,14.724036828695215
ml,B024,N2,1,0.0,6.250495386056043,,-78.12053388299314,,False,0,1,15.743065666132118
ml,B024,N2,2,30.0,14.100087942988155,-90.00000000000001,-95.63296101042793,5.63296101042792,True,1,1,15.743065666132118
ml,B025,N1,1,6.0,3.7338640002153394,90.0,98.59296745160654,8.59296745160654,True,1,0,7.767352179620388
ml,B025,N1,2,6.0,5.099675479871244,90.0,89.06743876239584,0.9325612376041477,True,1,0,7.767352179620388
ml,B025,N1,1,6.0,3.4080492143219563,90.0,92.9512910257253,2.951291025725311,True,1,0,7.309130956307695
ml,B025,N1,2,6.0,5.210041554536778,90.0,91.95787955296767,1.957879552967654,True,1,0,7.309130956307695
ml,B025,N1,1,6.0,3.3007233510010847,90.0,97.16810091625932,7.168100916259334,True,1,0,7.704929160350046
ml,B025,N1,2,6.0,5.42704459167234,90.0,90.23226464797807,0.23226464797807012,True,1,0,7.704929160350046
ml,B025,N2,1,6.0,5.616447338893998,90.0,87.8839195840121,2.1160804159878808,True,1,0,9.621027288744024
ml,B025,N2,2,6.0,12.721201987233755,90.0,91.92805856307073,1.9280585630707492,True,1,1,9.621027288744024
ml,B025,N2,1,6.0,5.321354517364777,90.0,88.0426889380968,1.957311061903198,True,1,0,8.810607069948373
ml,B025,N2,2,6.0,12.193261417684768,90.0,91.32522792730508,1.325227927305093,True,1,1,8.810607069948373
ml,B025,N2,1,6.0,5.518681505484252,90.0,90.27634603748345,0.27634603748344944,True,1,0,8.573967107981373
ml,B025,N2,2,6.0,11.731474587621115,90.0,90.90845029270854,0.9084502927085509,True,1,1,8.573967107981373
ml,B026,N1,1,6.0,7.513948893122514,180.0,-175.47697125584915,4.523028744150849,True,1,1,8.698360637543908
ml,B026,N1,2,6.0,1.203735851422562,180.0,170.72548082170567,9.274519178294327,True,1,0,8.698360637543908
ml,B026,N1,1,6.0,7.963206567446532,180.0,-176.18683984358057,3.8131601564194284,True,1,1,8.56070696269019
ml,B026,N1,2,6.0,0.9214423476268062,180.0,173.76967538599436,6.230324614005639,True,1,0,8.56070696269019
ml,B026,N1,1,6.0,7.904501731988204,180.0,-169.12978344705311,10.870216552946886,True,1,1,8.551618806832582
ml,B026,N1,2,6.0,1.2947772009114156,180.0,145.57352341856094,34.42647658143906,True,1,0,8.551618806832582
ml,B026,N2,1,6.0,7.961206044832587,180.0,177.41625848740304,2.5837415125969585,True,1,1,11.208681451231584
ml,B026,N2,2,6.0,2.424885151919571,180.0,170.5532156301055,9.446784369894488,True,1,0,11.208681451231584
ml,B026,N2,1,6.0,8.84551080403727,180.0,178.48687802045757,1.5131219795424329,True,1,1,10.8399797490338
ml,B026,N2,2,6.0,1.924491880990928,180.0,173.73542667169863,6.264573328301367,True,1,0,10.8399797490338
ml,B026,N2,1,6.0,7.98459912090592,180.0,177.94337867149858,2.0566213285014214,True,1,1,11.547118806576282
ml,B026,N2,2,6.0,2.719506572891487,180.0,173.8785111338473,6.121488866152703,True,1,0,11.547118806576282
ml,B027,N1,1,6.0,3.573668214630032,-90.00000000000001,-100.10077715510485,10.100777155104822,True,1,0,6.856268953995656
ml,B027,N1,2,6.0,5.734249820159565,-90.00000000000001,-82.87746232469287,7.122537675307143,True,1,0,6.856268953995656
ml,B027,N1,1,6.0,3.5899837349062644,-90.00000000000001,-101.03409992036045,11.034099920360433,True,1,0,7.527152158550919
ml,B027,N1,2,6.0,5.605379202159297,-90.00000000000001,-80.34611002668521,9.65388997331479,True,1,0,7.527152158550919
ml,B027,N1,1,6.0,3.3021963492689106,-90.00000000000001,-97.23940210568168,7.239402105681677,True,1,0,7.567333361773386
ml,B027,N1,2,6.0,5.782596302700024,-90.00000000000001,-83.20680878003505,6.793191219964967,True,1,0,7.567333361773386
ml,B027,N2,1,6.0,4.925442170041097,-90.00000000000001,-96.44247103424341,6.442471034243397,True,1,0,7.367404443665167
ml,B027,N2,2,6.0,4.838568899995122,-90.00000000000001,-81.46630677444784,8.533693225552156,True,1,0,7.367404443665167
ml,B027,N2,1,6.0,4.561834570961346,-90.00000000000001,-95.87758349873346,5.877583498733429,True,1,0,7.292644820270198
ml,B027,N2,2,6.0,5.217905422676805,-90.00000000000001,-82.99892364832306,7.001076351676943,True,1,0,7.292644820270198
ml,B027,N2,1,6.0,4.913106917206282,-90.00000000000001,-94.44366492020026,4.443664920200263,True,1,0,7.117329412655911
ml,B027,N2,2,6.0,5.041972332331862,-90.00000000000001,-83.64600415915504,6.353995840844959,True,1,0,7.117329412655911
ml,B028,N1,1,12.0,5.2516478611689275,90.0,90.03722171714378,0.03722171714377964,True,1,0,9.533288644809007
ml,B028,N1,2,12.0,11.594002113161785,90.0,90.03459292805398,0.034592928053996275,True,1,1,9.533288644809007
ml,B028,N1,1,12.0,5.7477457381519175,90.0,89.36425674467436,0.6357432553256217,True,1,0,9.861152182884345
ml,B028,N1,2,12.0,11.121058267988708,90.0,90.1854726065757,0.18547260657570064,True,1,1,9.861152182884345
ml,B028,N1,1,12.0,4.354595691031599,90.0,89.16388536913256,0.8361146308674279,True,1,0,9.496914953109192
ml,B028,N1,2,12.0,12.684426356757328,90.0,90.46977511365873,0.46977511365872715,True,1,1,9.496914953109192
ml,B028,N2,1,12.0,4.974473849549197,90.0,81.00580640022471,8.994193599775286,True,1,0,11.263283746545262
ml,B028,N2,2,12.0,18.541546995868494,90.0,92.10794375220871,2.107943752208712,True,1,1,11.263283746545262
ml,B028,N2,1,12.0,5.594184105795559,90.0,81.82288119774623,8.177118802253773,True,1,0,11.70786730363266
ml,B028,N2,2,12.0,18.140510714971615,90.0,92.2114595476733,2.2114595476733143,True,1,1,11.70786730363266
ml,B028,N2,1,12.0,5.443847760893306,90.0,78.52137907530235,11.478620924697651,True,1,0,12.057586716439385
ml,B028,N2,2,12.0,18.275402184356984,90.0,93.08018205950125,3.0801820595012543,True,1,1,12.057586716439385
ml,B029,N1,1,12.0,6.923972733035513,180.0,-177.12770401504088,2.8722959849591234,True,1,1,11.391466876411386
ml,B029,N1,2,12.0,15.406074775879809,180.0,179.8214858809817,0.1785141190183026,True,1,1,11.391466876411386
ml,B029,N1,1,12.0,5.342617390978014,180.0,-173.71194342806973,6.2880565719302695,True,1,0,10.73035833312983
ml,B029,N1,2,12.0,16.743419244586814,180.0,179.25398554028646,0.7460144597135354,True,1,1,10.73035833312983
ml,B029,N1,1,12.0,6.510988586318498,180.0,-177.43696547384516,2.5630345261548655,True,1,1,11.484828610378178
ml,B029,N1,2,12.0,15.244170033163497,180.0,179.72938431847328,0.27061568152672066,True,1,1,11.484828610378178
ml,B029,N2,1,12.0,12.791799302573567,180.0,-179.98733118505103,0.012668814948938234,True,1,1,12.734629901624789
ml,B029,N2,2,12.0,11.61,180.0,180.0,0.0,True,1,1,12.734629901624789
ml,B029,N2,1,12.0,10.719994857000676,180.0,-179.81859259095373,0.18140740904630093,True,1,1,12.644157236609228
ml,B029,N2,2,12.0,13.776,180.0,180.0,0.0,True,1,1,12.644157236609228
ml,B029,N2,1,12.0,10.409996457074941,180.0,-179.8131904562688,0.18680954373121494,True,1,1,12.969675918407358
ml,B029,N2,2,12.0,13.946,180.0,180.0,0.0,True,1,1,12.969675918407358
ml,B030,N1,1,12.0,11.427501723021024,-90.00000000000001,-90.33305391571258,0.3330539157125827,True,1,1,11.801708382923824
ml,B030,N1,2,12.0,10.92005934049811,-90.00000000000001,-89.81111349907881,0.18888650092119974,True,1,1,11.801708382923824
ml,B030,N1,1,12.0,10.951368093042499,-90.00000000000001,-91.57136310959125,1.571363109591232,True,1,1,11.990290700545238
ml,B030,N1,2,12.0,11.159721322685435,-90.00000000000001,-88.99365316734658,1.0063468326534348,True,1,1,11.990290700545238
ml,B030,N1,1,12.0,8.735381428176838,-90.00000000000001,-89.81952936211309,0.18047063788691275,True,1,1,11.443395018471506
ml,B030,N1,2,12.0,13.652047465490295,-90.00000000000001,-90.15108726058584,0.15108726058582533,True,1,1,11.443395018471506
ml,B030,N2,1,12.0,8.038252813840407,-90.00000000000001,-90.59225486927907,0.5922548692790599,True,1,1,11.574223150375326
ml,B030,N2,2,12.0,13.720269530880215,-90.00000000000001,-89.64086206226986,0.3591379377301678,True,1,1,11.574223150375326
ml,B030,N2,1,12.0,8.356416283602153,-90.00000000000001,-90.19571342384728,0.1957134238472804,True,1,1,11.772313780650112
ml,B030,N2,2,12.0,13.490261524522053,-90.00000000000001,-89.64323326338236,0.3567667366176579,True,1,1,11.772313780650112
ml,B030,N2,1,12.0,6.382095079847609,-90.00000000000001,-84.18721645378267,5.812783546217361,True,1,1,11.37385382807592
ml,B030,N2,2,12.0,14.426643407251737,-90.00000000000001,-91.45373423681471,1.4537342368146824,True,1,1,11.37385382807592
ml,B032,N1,1,24.0,19.654058613935188,180.0,-179.86006960676127,0.13993039323872836,True,1,1,12.961178470939245
ml,B032,N1,2,24.0,21.00634275641526,180.0,-179.6726926235135,0.32730737648648756,True,1,1,12.961178470939245
ml,B032,N1,1,24.0,19.86,180.0,180.0,0.0,True,1,1,12.93316790863732
ml,B032,N1,2,24.0,20.7123476216483,180.0,-179.66804670663487,0.3319532933651317,True,1,1,12.93316790863732
ml,B032,N1,1,24.0,21.102054591911187,180.0,-179.86967146842136,0.1303285315786411,True,1,1,12.647692599452785
ml,B032,N1,2,24.0,20.220356079950715,180.0,-179.65996969223707,0.34003030776295873,True,1,1,12.647692599452785
ml,B032,N2,1,24.0,22.38172381654282,180.0,-179.53920656095266,0.46079343904733605,True,1,1,10.757358841644677
ml,B032,N2,2,24.0,26.443460155584784,180.0,-179.66198850689472,0.33801149310528444,True,1,1,10.757358841644677
ml,B032,N2,1,24.0,22.443721817024915,180.0,-179.5404794730607,0.45952052693928636,True,1,1,10.80801042477286
ml,B032,N2,2,24.0,26.43946022520127,180.0,-179.66193736976413,0.3380626302358678,True,1,1,10.80801042477286
ml,B032,N2,1,24.0,22.35120616432142,180.0,-179.75390984699,0.24609015300995907,True,1,1,10.862572543211265
ml,B032,N2,2,24.0,26.331175002266804,180.0,-179.79110666279078,0.20889333720924697,True,1,1,10.862572543211265
ml,B033,N1,1,24.0,17.433081308253197,-90.00000000000001,-89.00560473504204,0.9943952649579728,True,1,1,20.235504745707107
ml,B033,N1,2,24.0,14.395435700248878,-90.00000000000001,-75.15575308996164,14.844246910038379,True,1,1,20.235504745707107
ml,B033,N1,1,24.0,18.97641138360992,-90.00000000000001,-88.01289184706566,1.9871081529343542,True,1,1,21.020694607432077
ml,B033,N1,2,24.0,14.150244273509909,-90.00000000000001,-71.55096635436477,18.44903364563524,True,1,1,21.020694607432077
ml,B033,N1,1,24.0,18.68480037356568,-90.00000000000001,-87.79775539657776,2.2022446034222583,True,1,1,21.22091769146953
ml,B033,N1,2,24.0,14.146737892531974,-90.00000000000001,-70.71587900585021,19.284120994149816,True,1,1,21.22091769146953
ml,B033,N2,1,24.0,21.082840873616234,-90.00000000000001,-89.49730832713851,0.5026916728614879,True,1,1,19.825155167412625
ml,B033,N2,2,24.0,16.370524243285555,-90.00000000000001,-77.65492931926545,12.34507068073458,True,1,1,19.825155167412625
ml,B033,N2,1,24.0,21.314361469366734,-90.00000000000001,-89.68018997250512,0.3198100274948956,True,1,1,19.442817945452727
ml,B033,N2,2,24.0,15.87700286578043,-90.00000000000001,-79.79844139999076,10.201558600009264,True,1,1,19.442817945452727
ml,B033,N2,1,24.0,21.413547625490875,-90.00000000000001,-89.60139937965356,0.39860062034645694,True,1,1,18.986878925935244
ml,B033,N2,2,24.0,16.301979266334506,-90.00000000000001,-81.71879523943669,8.281204760563327,True,1,1,18.986878925935244
ml,B034,N1,1,30.0,14.646603980812655,90.0,88.1252984894523,1.874701510547709,True,1,1,16.23664159312916
ml,B034,N1,2,30.0,12.49488615394314,90.0,94.02942332532096,4.029423325320977,True,1,1,16.23664159312916
ml,B034,N1,1,30.0,14.79769022223966,90.0,87.06942824115148,2.930571758848515,True,1,1,16.291362225676735
ml,B034,N1,2,30.0,12.936296997209055,90.0,95.25136939184374,5.2513693918437525,True,1,1,16.291362225676735
ml,B034,N1,1,30.0,14.444152893446313,90.0,88.76975799877289,1.2302420012271114,True,1,1,16.224091344973818
ml,B034,N1,2,30.0,12.747968308714922,90.0,94.18360416826957,4.183604168269568,True,1,1,16.224091344973818
ml,B034,N2,1,30.0,11.913932983429623,90.0,92.45808327726343,2.4580832772634267,True,1,1,15.708871223437704
ml,B034,N2,2,30.0,18.72022606701105,90.0,89.71842044455191,0.2815795554481042,True,1,1,15.708871223437704
ml,B034,N2,1,30.0,12.11386017440383,90.0,92.19515053897884,2.195150538978851,True,1,1,15.601107287795699
ml,B034,N2,2,30.0,18.593294490218778,90.0,88.92140108188019,1.078598918119809,True,1,1,15.601107287795699
ml,B034,N2,1,30.0,12.024184682150613,90.0,91.32480051718274,1.324800517182723,True,1,1,15.568675664675732
ml,B034,N2,2,30.0,18.90554849772944,90.0,88.61183427278812,1.3881657272118844,True,1,1,15.568675664675732
ml,B035,N1,1,30.0,19.81261416370894,180.0,-179.54886145321274,0.45113854678726284,True,1,1,14.864014341013167
ml,B035,N1,2,30.0,14.447717639821175,180.0,-179.42892510327786,0.5710748967221662,True,1,1,14.864014341013167
ml,B035,N1,1,30.0,18.78069870904701,180.0,-179.50576751517931,0.4942324848207136,True,1,1,14.825497127499837
ml,B035,N1,2,30.0,15.183118553182675,180.0,-179.7735803941505,0.22641960584951448,True,1,1,14.825497127499837
ml,B035,N1,1,30.0,19.493586566753105,180.0,-179.5445038965412,0.4554961034588132,True,1,1,14.403675351021173
ml,B035,N1,2,30.0,15.904765072141116,180.0,-179.4380121375967,0.5619878624032708,True,1,1,14.403675351021173
ml,B035,N2,1,30.0,19.678408508597293,180.0,178.64571980957666,1.3542801904233386,True,1,1,17.141165105633494
ml,B035,N2,2,30.0,12.82119058434122,180.0,173.87497485558887,6.125025144411126,True,1,1,17.141165105633494
ml,B035,N2,1,30.0,20.02601663774816,180.0,178.63905557245545,1.3609444275445526,True,1,1,17.126923859055868
ml,B035,N2,2,30.0,12.362808904128544,180.0,172.97500628040015,7.024993719599848,True,1,1,17.126923859055868
ml,B035,N2,1,30.0,19.20248444559369,180.0,179.05673502341432,0.9432649765856809,True,1,1,16.355169047162228
ml,B035,N2,2,30.0,14.999283316212145,180.0,174.49085729377163,5.509142706228374,True,1,1,16.355169047162228
ml,B036,N1,1,30.0,18.42246373376093,-90.00000000000001,-82.53243436350863,7.467565636491372,True,1,1,14.417951238287188
ml,B036,N1,2,30.0,13.241948497105705,-90.00000000000001,-82.88571721776042,7.114282782239599,True,1,1,14.417951238287188
ml,B036,N1,1,30.0,18.95866820267324,-90.00000000000001,-87.8437865898814,2.156213410118596,True,1,1,13.40782888041019
ml,B036,N1,2,30.0,14.235209622622353,-90.00000000000001,-84.2265289929588,5.773471007041223,True,1,1,13.40782888041019
ml,B036,N1,1,30.0,17.5609456097742,-90.00000000000001,-75.86285333831249,14.137146661687524,True,1,1,15.330423676144777
ml,B036,N1,2,30.0,12.1656595382248,-90.00000000000001,-82.66118134314895,7.3388186568510605,True,1,1,15.330423676144777
ml,B036,N2,1,30.0,17.873570105905166,-90.00000000000001,-87.35914834658037,2.640851653419645,True,1,1,14.864134503817372
ml,B036,N2,2,30.0,11.938407599005824,-90.00000000000001,-84.8385935909065,5.161406409093502,True,1,1,14.864134503817372
ml,B036,N2,1,30.0,17.982115272309358,-90.00000000000001,-86.88398559949809,3.1160144005019106,True,1,1,14.669071132398756
ml,B036,N2,2,30.0,11.913055695328552,-90.00000000000001,-84.79860419303968,5.201395806960335,True,1,1,14.669071132398756
ml,B036,N2,1,30.0,18.40856355473263,-90.00000000000001,-88.42929747083693,1.5707025291630998,True,1,1,14.507998087365412
ml,B036,N2,2,30.0,11.916375665444589,-90.00000000000001,-83.50954304028136,6.490456959718642,True,1,1,14.507998087365412
ml,B037,N1,1,6.0,3.3823160104363055,90.0,40.25329989085449,49.74670010914551,True,1,0,6.515647835519339
ml,B037,N1,2,6.0,2.531900866937724,-90.00000000000001,-126.358463004162,36.35846300416199,True,1,0,6.515647835519339
ml,B037,N1,1,6.0,3.4981874154551016,90.0,33.91840340584013,56.08159659415986,True,1,0,6.621468368191374
ml,B037,N1,2,6.0,2.351862453461086,-90.00000000000001,-130.77569439454237,40.77569439454237,True,1,0,6.621468368191374
ml,B037,N1,1,6.0,3.0805848053150817,90.0,50.23803541185329,39.761964588146725,True,1,0,6.884958150100578
ml,B037,N1,2,6.0,2.3413259597928695,-90.00000000000001,-113.63077896519141,23.630778965191382,True,1,0,6.884958150100578
ml,B037,N2,1,6.0,3.363700677824946,90.0,47.75323731566277,42.24676268433723,True,1,0,7.455054125910177
ml,B037,N2,2,6.0,2.6085384796855116,-90.00000000000001,-134.7670284748604,44.76702847486041,True,1,0,7.455054125910177
ml,B037,N2,1,6.0,3.265642790979058,90.0,52.80794212428969,37.192057875710304,True,1,0,7.809689181021935
ml,B037,N2,2,6.0,2.279775427536669,-90.00000000000001,-135.42651157211426,45.42651157211424,True,1,0,7.809689181021935
ml,B037,N2,1,6.0,3.67158733766705,90.0,53.339823824592024,36.66017617540797,True,1,0,7.625069077230088
ml,B037,N2,2,6.0,2.4957744289097925,-90.00000000000001,-131.7841517930915,41.784151793091496,True,1,0,7.625069077230088
ml,B038,N1,1,6.0,4.080507561342822,180.0,-179.71153137675455,0.28846862324542144,True,1,0,3.2623905910784172
ml,B038,N1,2,6.0,1.7580728085036752,0.0,179.47855110259673,179.47855110259673,True,1,0,3.2623905910784172
ml,B038,N1,1,6.0,4.173810492591785,180.0,179.86548472193752,0.1345152780624801,True,1,0,3.515564573082579
ml,B038,N1,2,6.0,1.7741364096370944,0.0,-179.28949124241325,179.28949124241325,True,1,0,3.515564573082579
ml,B038,N1,1,6.0,3.13373296183464,180.0,178.8027014515997,1.1972985484003118,True,1,0,4.3514863154155545
ml,B038,N1,2,6.0,2.6183697217925506,0.0,179.0371363743638,179.0371363743638,True,1,0,4.3514863154155545
ml,B038,N2,1,6.0,5.319550046191943,180.0,154.45226865678526,25.547731343214735,True,1,0,7.271016338772849
ml,B038,N2,2,6.0,1.8423995223620744,0.0,177.07547545143643,177.07547545143643,True,1,0,7.271016338772849
ml,B038,N2,1,6.0,4.9272071540749804,180.0,146.89280561870265,33.10719438129735,True,1,0,7.279115518956023
ml,B038,N2,2,6.0,2.2518134913886634,0.0,174.6489249319464,174.6489249319464,True,1,0,7.279115518956023
ml,B038,N2,1,6.0,5.104202518950242,180.0,152.18713328608428,27.812866713915724,True,1,0,7.487205947808324
ml,B038,N2,2,6.0,1.9466650970313306,0.0,171.84908552198164,171.84908552198164,True,1,0,7.487205947808324
ml,B039,N1,1,6.0,3.2804104919495596,-90.00000000000001,-95.52482953378264,5.524829533782622,True,1,0,8.773679823987269
ml,B039,N1,2,6.0,3.4893914942293307,90.0,86.27002779936993,3.7299722006300726,True,1,0,8.773679823987269
ml,B039,N1,1,6.0,2.5986986930162583,-90.00000000000001,-98.49301945666983,8.4930194566698,True,1,0,8.377856470606027
ml,B039,N1,2,6.0,2.8955526242843526,90.0,85.8608107442738,4.139189255726194,True,1,0,8.377856470606027
ml,B039,N1,1,6.0,2.855916219833856,-90.00000000000001,-97.93900639232064,7.939006392320607,True,1,0,8.319248587773778
ml,B039,N1,2,6.0,3.0808219682415925,90.0,85.19620277465107,4.803797225348944,True,1,0,8.319248587773778
ml,B039,N2,1,6.0,3.242553776261459,-90.00000000000001,-115.85579809271128,25.855798092711268,True,1,0,11.193572918267273
ml,B039,N2,2,6.0,4.3702359204052135,90.0,77.1626106239795,12.837389376020496,True,1,0,11.193572918267273
ml,B039,N2,1,6.0,3.823800515522117,-90.00000000000001,-108.75018420788885,18.75018420788882,True,1,0,11.2637095437184
ml,B039,N2,2,6.0,5.248386132898379,90.0,81.5194360645177,8.48056393548228,True,1,0,11.2637095437184
ml,B039,N2,1,6.0,2.9327930650755705,-90.00000000000001,-98.08231831810205,8.08231831810204,True,1,0,10.962103556032737
ml,B039,N2,2,6.0,4.854564553077855,90.0,87.80420591614174,2.19579408385826,True,1,0,10.962103556032737
ml,B040,N1,1,12.0,6.180065316417559,90.0,72.60508204839046,17.394917951609557,True,1,1,13.155296383188594
ml,B040,N1,2,12.0,7.178979314637981,-90.00000000000001,-99.52530187984455,9.525301879844534,True,1,1,13.155296383188594
ml,B040,N1,1,12.0,7.105316512680492,90.0,88.44096649309996,1.5590335069000503,True,1,1,12.74966036038874
ml,B040,N1,2,12.0,7.853972243393785,-90.00000000000001,-88.71594894282238,1.284051057177635,True,1,1,12.74966036038874
ml,B040,N1,1,12.0,4.623915298231751,90.0,102.70247610871377,12.702476108713768,True,1,0,12.32227011877848
ml,B040,N1,2,12.0,5.595273451762657,-90.00000000000001,-75.05473083426911,14.945269165730906,True,1,0,12.32227011877848
ml,B040,N2,1,12.0,6.181402748679408,90.0,91.55793939820293,1.557939398202933,True,1,1,12.589895119197113
ml,B040,N2,2,12.0,6.43490551601187,-90.00000000000001,-84.29206477711945,5.707935222880565,True,1,1,12.589895119197113
ml,B040,N2,1,12.0,6.663500351322839,90.0,87.82976440871799,2.170235591281994,True,1,1,12.819141839269832
ml,B040,N2,2,12.0,6.826274240022883,-90.00000000000001,-87.1786712167271,2.821328783272918,True,1,1,12.819141839269832
ml,B040,N2,1,12.0,7.074978009603725,90.0,82.86405352891673,7.135946471083287,True,1,1,13.153973268714305
ml,B040,N2,2,12.0,7.240790357412648,-90.00000000000001,-91.59070083414869,1.590700834148663,True,1,1,13.153973268714305
ml,B041,N1,1,12.0,11.904280416049595,180.0,173.91632163449617,6.083678365503829,True,1,1,13.22570092178838
ml,B041,N1,2,12.0,11.559883217403192,0.0,-10.829740889348619,10.829740889348614,True,1,1,13.22570092178838
ml,B041,N1,1,12.0,5.955952866328579,180.0,168.92484062882636,11.07515937117364,True,1,0,12.667156664325608
ml,B041,N1,2,12.0,6.15804027268416,0.0,-20.018082714155934,20.018082714155923,True,1,1,12.667156664325608
ml,B041,N1,1,12.0,4.9752513085717025,180.0,164.9717529844816,15.028247015518389,True,1,0,12.463375654630553
ml,B041,N1,2,12.0,5.316965770060966,0.0,-24.323557568967665,24.323557568967658,True,1,0,12.463375654630553
ml,B041,N2,1,12.0,4.214429787133187,180.0,-143.92860337445043,36.071396625549596,True,1,0,12.442127336053886
ml,B041,N2,2,12.0,4.050221351975717,0.0,23.545945984697376,23.54594598469737,True,1,0,12.442127336053886
ml,B041,N2,1,12.0,4.43557339628807,180.0,-142.72354517224835,37.27645482775165,True,1,0,12.71370840798102
ml,B041,N2,2,12.0,4.273975666753381,0.0,24.7301983056592,24.7301983056592,True,1,0,12.71370840798102
ml,B041,N2,1,12.0,4.051656942198535,180.0,-145.6102249273149,34.3897750726851,True,1,0,12.561144070842559
ml,B041,N2,2,12.0,3.9932042271839796,0.0,21.939959278363474,21.93995927836346,True,1,0,12.561144070842559
ml,B042,N1,1,12.0,11.737392688791713,-90.00000000000001,-97.53428349504802,7.534283495047987,True,1,1,14.358631679923715
ml,B042,N1,2,12.0,11.346317332068585,90.0,83.52764536868567,6.472354631314317,True,1,1,14.358631679923715
ml,B042,N1,1,12.0,9.767066594038399,-90.00000000000001,-89.84195718039797,0.1580428196020307,True,1,1,15.305444685109457
ml,B042,N1,2,12.0,9.302570236230416,90.0,90.63440379670902,0.634403796709023,True,1,1,15.305444685109457
ml,B042,N1,1,12.0,10.78718835973874,-90.00000000000001,-93.55747838734068,3.557478387340666,True,1,1,14.498706103190262
ml,B042,N1,2,12.0,10.221801455712198,90.0,87.02227055698991,2.977729443010105,True,1,1,14.498706103190262
ml,B042,N2,1,12.0,10.384006358600677,-90.00000000000001,-91.12633201703368,1.1263320170336613,True,1,1,15.263804303686832
ml,B042,N2,2,12.0,9.603684501273456,90.0,88.4128355422884,1.5871644577115944,True,1,1,15.263804303686832
ml,B042,N2,1,12.0,11.335855819485378,-90.00000000000001,-94.48857323775653,4.488573237756498,True,1,1,14.435503650797425
ml,B042,N2,2,12.0,10.881986261707922,90.0,84.96526189834164,5.034738101658377,True,1,1,14.435503650797425
ml,B042,N2,1,12.0,11.518586692002687,-90.00000000000001,-94.17236098278357,4.172360982783573,True,1,1,14.47349597124495
ml,B042,N2,2,12.0,11.296782550797372,90.0,85.63397018038539,4.366029819614596,True,1,1,14.47349597124495
ml,B043,N1,1,24.0,10.237353726368147,90.0,73.85992106887115,16.14007893112887,True,1,1,15.643286663718753
ml,B043,N1,2,24.0,11.09687023443998,-90.00000000000001,-104.32176200431697,14.321762004316952,True,1,1,15.643286663718753
ml,B043,N1,1,24.0,11.04470415540927,90.0,81.15906838734132,8.840931612658665,True,1,1,15.199334097286119
ml,B043,N1,2,24.0,12.051372701895831,-90.00000000000001,-98.20540656475586,8.205406564755833,True,1,1,15.199334097286119
ml,B043,N1,1,24.0,12.308527483165923,90.0,83.34857214778559,6.651427852214397,True,1,1,13.909258332923386
ml,B043,N1,2,24.0,13.321877645437224,-90.00000000000001,-95.95452732581363,5.954527325813615,True,1,1,13.909258332923386
ml,B043,N2,1,24.0,11.538537684454012,90.0,78.43482787524553,11.565172124754469,True,1,1,12.48665514538964
ml,B043,N2,2,24.0,10.85097977143078,-90.00000000000001,-98.16445233775825,8.164452337758235,True,1,1,12.48665514538964
ml,B043,N2,1,24.0,10.940453102872839,90.0,71.86623770433302,18.133762295666997,True,1,1,13.400097797947048
ml,B043,N2,2,24.0,10.204219960388937,-90.00000000000001,-103.6263334233891,13.626333423389099,True,1,1,13.400097797947048
ml,B043,N2,1,24.0,11.070842152568636,90.0,78.96459072633269,11.035409273667312,True,1,1,12.884614454436285
ml,B043,N2,2,24.0,10.584124196172302,-90.00000000000001,-96.73893203415692,6.738932034156903,True,1,1,12.884614454436285
ml,B044,N1,1,24.0,9.34426952762219,180.0,-176.3894811097189,3.610518890281128,True,1,1,6.381708999306699
ml,B044,N1,2,24.0,8.861338273646933,0.0,0.9957857366758108,0.9957857366757992,True,1,1,6.381708999306699
ml,B044,N1,1,24.0,9.153599410767972,180.0,-174.47828494194255,5.5217150580574526,True,1,1,6.606518320720268
ml,B044,N1,2,24.0,8.674401708475346,0.0,3.185325942156474,3.1853259421564815,True,1,1,6.606518320720268
ml,B044,N1,1,24.0,9.245972561762846,180.0,-173.94122511497127,6.058774885028697,True,1,1,6.590518684887572
ml,B044,N1,2,24.0,8.781951036073933,0.0,2.9894697746528474,2.9894697746528607,True,1,1,6.590518684887572
ml,B044,N2,1,24.0,6.104222227311786,180.0,-173.80878380455474,6.191216195445236,True,1,1,10.516964570479987
ml,B044,N2,2,24.0,5.449940274902103,0.0,13.151427063471116,13.151427063471118,True,1,0,10.516964570479987
ml,B044,N2,1,24.0,6.495616219172332,180.0,-172.95818305538447,7.041816944615562,True,1,1,10.4697542418768
ml,B044,N2,2,24.0,5.840801657306984,0.0,14.29319483007468,14.293194830074668,True,1,0,10.4697542418768
ml,B044,N2,1,24.0,6.264770785360126,180.0,-171.87459568272806,8.125404317271943,True,1,1,10.601685315929565
ml,B044,N2,2,24.0,5.738164253487347,0.0,14.791844214947877,14.791844214947872,True,1,0,10.601685315929565
ml,B045,N1,1,24.0,19.592138706777636,-90.00000000000001,-90.64889231800642,0.6488923180064035,True,1,1,10.768092539652631
ml,B045,N1,2,24.0,19.343059556336996,90.0,90.14218020842029,0.14218020842028523,True,1,1,10.768092539652631
ml,B045,N1,1,24.0,18.337391379761737,-90.00000000000001,-89.90759630032673,0.09240369967329798,True,1,1,10.94854817245589
ml,B045,N1,2,24.0,18.147815102650785,90.0,90.54304176926406,0.5430417692640503,True,1,1,10.94854817245589
ml,B045,N1,1,24.0,18.985026241070702,-90.00000000000001,-90.22315087059332,0.22315087059331518,True,1,1,10.889411253362047
ml,B045,N1,2,24.0,18.838597187688897,90.0,90.4562153782965,0.4562153782965197,True,1,1,10.889411253362047
ml,B045,N2,1,24.0,13.892518067535654,-90.00000000000001,-93.47326192527818,3.473261925278166,True,1,1,12.033469496966545
ml,B045,N2,2,24.0,14.090462377083302,90.0,89.17451639824885,0.8254836017511593,True,1,1,12.033469496966545
ml,B045,N2,1,24.0,14.712508355089652,-90.00000000000001,-93.952527725954,3.952527725953985,True,1,1,12.648924871538366
ml,B045,N2,2,24.0,14.988348041061762,90.0,88.61987614214448,1.3801238578555228,True,1,1,12.648924871538366
ml,B045,N2,1,24.0,13.308420650176087,-90.00000000000001,-93.13646709221769,3.1364670922176856,True,1,1,12.150365502936662
ml,B045,N2,2,24.0,13.74079706567272,90.0,89.38286408757865,0.6171359124213609,True,1,1,12.150365502936662
ml,B046,N1,1,30.0,6.776212132960644,90.0,57.38909389640639,32.61090610359361,True,1,1,12.459561628080628
ml,B046,N1,2,30.0,6.696801699318862,-90.00000000000001,-118.37898351794017,28.378983517940156,True,1,1,12.459561628080628
ml,B046,N1,1,30.0,6.793763898686853,90.0,53.614163228253844,36.38583677174614,True,1,1,11.93146067891982
ml,B046,N1,2,30.0,6.71691506571283,-90.00000000000001,-120.9257212451279,30.925721245127875,True,1,1,11.93146067891982
ml,B046,N1,1,30.0,6.642124230205109,90.0,48.40557612117731,41.59442387882268,True,1,1,12.203379967017728
ml,B046,N1,2,30.0,6.411449524093595,-90.00000000000001,-127.09509747872293,37.09509747872292,True,1,1,12.203379967017728
ml,B046,N2,1,30.0,8.739390273363494,90.0,65.35005589925144,24.64994410074854,True,1,1,14.07427405432963
ml,B046,N2,2,30.0,7.2998953588390565,-90.00000000000001,-115.36801584667937,25.368015846679356,True,1,1,14.07427405432963
ml,B046,N2,1,30.0,8.27572090110383,90.0,61.893939271805365,28.10606072819462,True,1,1,13.721103197847675
ml,B046,N2,2,30.0,6.9065037645685825,-90.00000000000001,-117.46662973302976,27.466629733029748,True,1,1,13.721103197847675
ml,B046,N2,1,30.0,8.577112042533727,90.0,64.34471605112884,25.65528394887116,True,1,1,13.649630892366577
ml,B046,N2,2,30.0,7.28887921768498,-90.00000000000001,-115.47872216928457,25.478722169284538,True,1,1,13.649630892366577
ml,B048,N1,1,30.0,13.876762768010051,-90.00000000000001,-94.07980405860555,4.079804058605532,True,1,1,13.701973195817246
ml,B048,N1,2,30.0,14.256023709295663,90.0,90.10449555384841,0.10449555384840892,True,1,1,13.701973195817246
ml,B048,N1,1,30.0,14.134293130174829,-90.00000000000001,-94.22957285542661,4.229572855426596,True,1,1,13.432967157417801
ml,B048,N1,2,30.0,14.254077486810573,90.0,89.81107816207268,0.18892183792732453,True,1,1,13.432967157417801
ml,B048,N1,1,30.0,14.247075281652485,-90.00000000000001,-95.74504711701377,5.745047117013769,True,1,1,13.725976037043297
ml,B048,N1,2,30.0,14.37485860800029,90.0,88.23000883104982,1.7699911689501846,True,1,1,13.725976037043297
ml,B048,N2,1,30.0,15.25954233705177,-90.00000000000001,-97.21057866552287,7.21057866552286,True,1,1,12.741960783002071
ml,B048,N2,2,30.0,15.124023935447868,90.0,87.0513270982291,2.9486729017709195,True,1,1,12.741960783002071
ml,B048,N2,1,30.0,16.42668060345995,-90.00000000000001,-95.66075860185563,5.660758601855605,True,1,1,12.153088681643526
ml,B048,N2,2,30.0,16.104113364292985,90.0,86.92989831633882,3.0701016836611643,True,1,1,12.153088681643526
ml,B048,N2,1,30.0,16.402984600929496,-90.00000000000001,-95.78160970594027,5.781609705940241,True,1,1,12.150114547583627
ml,B048,N2,2,30.0,16.091512522134142,90.0,86.58869019790231,3.4113098020976906,True,1,1,12.150114547583627
ml,C001,N1,1,12.000000000000002,5.845876202074886,45.0,28.093287882729555,16.906712117270445,True,1,0,11.307932864426721
ml,C001,N1,2,0.0,2.3593465196956553,,-40.42744810936618,,False,0,0,11.307932864426721
ml,C001,N1,1,12.000000000000002,6.806210318234687,45.0,16.450178168244037,28.549821831755963,True,1,1,11.3282646573136
ml,C001,N1,2,0.0,1.5376930773076922,,-38.82274523374569,,False,0,0,11.3282646573136
ml,C001,N1,1,12.000000000000002,6.612094072388204,45.0,20.148217203919067,24.851782796080926,True,1,1,11.20829532422476
ml,C001,N1,2,0.0,1.8959578054376631,,-38.48990363988449,,False,0,0,11.20829532422476
ml,C001,N2,1,12.000000000000002,6.37584289798098,45.0,46.1459782771255,1.1459782771254936,True,1,1,11.182832418618007
ml,C001,N2,2,0.0,3.298334882937146,,10.604715881913707,,False,0,0,11.182832418618007
ml,C001,N2,1,12.000000000000002,6.27645661639254,45.0,46.77312055994105,1.7731205599410487,True,1,1,11.108437895446412
ml,C001,N2,2,0.0,3.101499153635222,,6.591120562824575,,False,0,0,11.108437895446412
ml,C001,N2,1,12.000000000000002,6.377156221745902,45.0,47.36175545676221,2.3617554567622108,True,1,1,11.361708943201558
ml,C001,N2,2,0.0,2.923879785490505,,4.944277070610257,,False,0,0,11.361708943201558
ml,C002,N1,1,12.0,4.093204114524066,135.0,164.76419689944504,29.76419689944504,True,1,0,11.447536138240455
ml,C002,N1,2,0.0,3.650319438076618,,66.83438547091973,,False,0,0,11.447536138240455
ml,C002,N1,1,12.0,3.9067305757783535,135.0,160.421353437873,25.421353437872995,True,1,0,11.56967489078507
ml,C002,N1,2,0.0,3.3855730681821057,,62.867307756985035,,False,0,0,11.56967489078507
ml,C002,N1,1,12.0,4.619314265639182,135.0,175.08637697913656,40.08637697913656,True,1,0,11.724425926358103
ml,C002,N1,2,0.0,3.556033323803364,,62.77201630014702,,False,0,0,11.724425926358103
ml,C002,N2,1,12.0,4.4515890421286635,135.0,159.18334318296124,24.183343182961238,True,1,0,13.159024729941043
ml,C002,N2,2,0.0,6.910847415476629,,77.76974561720917,,False,0,1,13.159024729941043
ml,C002,N2,1,12.0,4.444377459894112,135.0,154.41197070947234,19.411970709472342,True,1,0,13.580751327888262
ml,C002,N2,2,0.0,6.7082248769700605,,78.9564017849143,,False,0,1,13.580751327888262
ml,C002,N2,1,12.0,4.775316266769736,135.0,157.1482439834417,22.148243983441688,True,1,0,13.25417365484764
ml,C002,N2,2,0.0,6.846336830743869,,76.67418291656274,,False,0,1,13.25417365484764
ml,C003,N1,1,12.0,7.515942514797643,-135.0,-128.1375876023622,6.862412397637797,True,1,1,12.719668830294644
ml,C003,N1,2,0.0,3.034126727742268,,140.79164130713386,,False,0,0,12.719668830294644
ml,C003,N1,1,12.0,7.787262455709866,-135.0,-133.9491632657869,1.0508367342131066,True,1,1,13.831935886707102
ml,C003,N1,2,0.0,2.4808202272635556,,141.33297792416482,,False,0,0,13.831935886707102
ml,C003,N1,1,12.0,7.875787819815272,-135.0,-129.4058803047996,5.594119695200391,True,1,1,12.926098405674772
ml,C003,N1,2,0.0,2.834982363260837,,137.64474154442829,,False,0,0,12.926098405674772
ml,C003,N2,1,12.0,7.521604322341321,-135.0,-133.0508092643949,1.9491907356051001,True,1,1,11.723480754839784
ml,C003,N2,2,0.0,4.001065483093223,,163.5353033952336,,False,0,0,11.723480754839784
ml,C003,N2,1,12.0,7.740419974663587,-135.0,-132.47752241253187,2.5224775874681313,True,1,1,12.044198552454247
ml,C003,N2,2,0.0,4.0979629085681095,,159.00866447629505,,False,0,0,12.044198552454247
ml,C003,N2,1,12.0,7.545078086976082,-135.0,-133.02295370099202,1.9770462990079807,True,1,1,11.75342764686214
ml,C003,N2,2,0.0,4.1157356572063755,,162.8153907301137,,False,0,0,11.75342764686214
ml,C004,N1,1,11.999999999999998,11.005485780346307,-45.000000000000014,-8.073167397666841,36.92683260233318,True,1,1,17.579610984167005
ml,C004,N1,2,0.0,8.014340709004077,,-145.80628986581695,,False,0,1,17.579610984167005
ml,C004,N1,1,11.999999999999998,13.377201280378413,-45.000000000000014,-8.157491767322576,36.84250823267743,True,1,1,17.693737027768933
ml,C004,N1,2,0.0,8.644813473985428,,-154.33604986155854,,False,0,1,17.693737027768933
ml,C004,N1,1,11.999999999999998,11.526600732235536,-45.000000000000014,-8.691110469049908,36.3088895309501,True,1,1,17.38324565584621
ml,C004,N1,2,0.0,7.9971731255488026,,-145.78334994463447,,False,0,1,17.38324565584621
ml,C004,N2,1,11.999999999999998,9.475734020563014,-45.000000000000014,-8.844600585870435,36.15539941412959,True,1,1,14.507095379452673
ml,C004,N2,2,0.0,2.6241493859915828,,-126.25853295824172,,False,0,0,14.507095379452673
ml,C004,N2,1,11.999999999999998,9.318896777284099,-45.000000000000014,-11.549606524518122,33.45039347548189,True,1,1,14.734105657565836
ml,C004,N2,2,0.0,2.571394174373116,,-127.57402625648827,,False,0,0,14.734105657565836
ml,C004,N2,1,11.999999999999998,9.541926098909906,-45.000000000000014,-10.477341024212665,34.52265897578735,True,1,1,14.141700113352073
ml,C004,N2,2,0.0,2.5797496002519313,,-132.95795466316704,,False,0,0,14.141700113352073
ml,B047,N1,1,30.0,27.27297101569682,180.0,179.9895577101334,0.010442289866603005,True,1,1,6.218643330196276
ml,B047,N1,2,30.0,1.458049381879777,0.0,-179.52844044592385,179.52844044592385,True,1,0,6.218643330196276
ml,B047,N1,1,30.0,26.92297102158517,180.0,179.9894219598319,0.010578040168098823,True,1,1,7.161933064472233
ml,B047,N1,2,30.0,1.6363129285072582,0.0,-178.87944304619052,178.87944304619052,True,1,0,7.161933064472233
ml,B047,N1,1,30.0,26.68097102574689,180.0,179.98932601558374,0.010673984416257554,True,1,1,7.614245570830006
ml,B047,N1,2,30.0,1.8200395600096169,0.0,-179.62223110377104,179.62223110377104,True,1,0,7.614245570830006
ml,B047,N2,1,30.0,26.530975990366922,180.0,179.96335070039984,0.03664929960015684,True,1,1,9.408539578290267
ml,B047,N2,2,30.0,4.767,0.0,180.0,180.0,True,1,0,9.408539578290267
ml,B047,N2,1,30.0,25.42697622602573,180.0,179.9617594445759,0.0382405554240961,True,1,1,10.286007608295328
ml,B047,N2,2,30.0,5.826,0.0,180.0,180.0,True,1,0,10.286007608295328
ml,B047,N2,1,30.0,23.964,180.0,180.0,0.0,True,1,1,11.008557211002657
ml,B047,N2,2,30.0,7.266,0.0,180.0,180.0,True,1,1,11.008557211002657
ml,A006,N2,1,36.0,23.198434602360564,0.0,0.3507155391148815,0.35071553911487285,True,1,1,16.486019903553284
ml,A006,N2,2,0.0,13.31009391401879,,-0.21523482343694847,,False,0,1,16.486019903553284
ml,A006,N2,1,36.0,21.620466322445502,0.0,0.3763128446896913,0.37631284468969284,True,1,1,16.888160294682653
ml,A006,N2,2,0.0,14.776084596401038,,-0.19388048465498428,,False,0,1,16.888160294682653
ml,A006,N2,1,36.0,19.705162064799165,0.0,0.6222500382411407,0.622250038241134,True,1,1,17.55968773430051
ml,A006,N2,2,0.0,16.73104315337212,,-0.13013184374786513,,False,0,1,17.55968773430051
ml,A006,N1,1,36.0,21.755605514261752,0.0,0.4766113743398232,0.47661137433982503,True,1,1,15.32171299141283
ml,A006,N1,2,0.0,10.96118684267356,,-0.3345395692013439,,False,0,1,15.32171299141283
ml,A006,N1,1,36.0,20.908726300584163,0.0,0.3356459745120182,0.33564597451200484,True,1,1,15.326431047912214
ml,A006,N1,2,0.0,11.38757063644393,,-0.5735927510527259,,False,0,1,15.326431047912214
ml,A006,N1,1,36.0,19.95252311939006,0.0,0.6244598085057044,0.6244598085056907,True,1,1,15.39081288895981
ml,A006,N1,2,0.0,12.18105319748666,,-0.16933273598948034,,False,0,1,15.39081288895981
ml,A022,N1,1,36.0,36.20501242922035,0.0,-0.04747612186157586,0.047476121861564025,True,1,1,20.198600387157832
ml,A022,N1,2,36.0,25.881017387266677,0.0,-0.06641445908382776,0.06641445908383048,True,1,1,20.198600387157832
ml,A022,N1,1,36.0,36.099028047857466,0.0,-0.0714232732922116,0.07142327329222553,True,1,1,20.474674797360265
ml,A022,N1,2,36.0,26.14303872926787,0.0,-0.09862324644014625,0.0986232464401553,True,1,1,20.474674797360265
ml,A022,N1,1,36.0,37.25302717900922,0.0,-0.06921077024763893,0.06921077024765054,True,1,1,20.033892673773043
ml,A022,N1,2,36.0,25.49303971675406,0.0,-0.10113785745801734,0.10113785745801351,True,1,1,20.033892673773043
ml,A022,N2,1,36.0,41.993,0.0,0.0,0.0,True,1,1,20.231360442896353
ml,A022,N2,2,36.0,27.819,0.0,0.0,0.0,True,1,1,20.231360442896353
ml,A022,N2,1,36.0,43.219,0.0,0.0,0.0,True,1,1,20.315807199805924
ml,A022,N2,2,36.0,26.993,0.0,0.0,0.0,True,1,1,20.315807199805924
ml,A022,N2,1,36.0,42.407,0.0,0.0,0.0,True,1,1,19.894722544797503
ml,A022,N2,2,36.0,27.365,0.0,0.0,0.0,True,1,1,19.894722544797503
ml,A014,N2,1,0.0,14.509284068346043,,2.160446526986781,,False,0,1,18.180104433243024
ml,A014,N2,2,36.0,23.555888605611976,0.0,1.041096072736802,1.0410960727367922,True,1,1,18.180104433243024
ml,A014,N2,1,0.0,13.203301918100768,,2.0355277238607834,,False,0,1,18.10077375081996
ml,A014,N2,2,36.0,25.31458844224018,0.0,0.8193607094121994,0.8193607094121944,True,1,1,18.10077375081996
ml,A014,N2,1,0.0,12.704772694209838,,2.250828308256223,,False,0,1,17.81381970058241
ml,A014,N2,2,36.0,25.50283121537685,0.0,0.8537562657133171,0.8537562657133151,True,1,1,17.81381970058241
ml,A014,N1,1,0.0,7.349771361731656,,-1.6065603236535684,,False,0,1,16.921379871277985
ml,A014,N1,2,36.0,32.13618522787046,0.0,-0.4920879515124373,0.49208795151244544,True,1,1,16.921379871277985
ml,A014,N1,1,0.0,7.411580482078547,,-2.0337958868783335,,False,0,1,17.272582304944937
ml,A014,N1,2,36.0,31.68357587141956,0.0,-0.5714559045023804,0.5714559045023861,True,1,1,17.272582304944937
ml,A014,N1,1,0.0,6.978675339988777,,-1.8891538249050048,,False,0,1,17.239214479151187
ml,A014,N1,2,36.0,32.40238881625859,0.0,-0.5304849446174219,0.5304849446174273,True,1,1,17.239214479151187
ml,A030,N1,1,36.0,33.19007818077165,0.0,0.3338616069438275,0.3338616069438274,True,1,1,15.586245806534889
ml,A030,N1,2,36.0,33.108386611250026,180.0,-179.72311062714684,0.27688937285313386,True,1,1,15.586245806534889
ml,A030,N1,1,36.0,32.86026915786769,0.0,0.1396348091947671,0.13963480919477433,True,1,1,14.970862248472699
ml,A030,N1,2,36.0,32.529098373610054,180.0,-179.8590902542394,0.14090974576060944,True,1,1,14.970862248472699
ml,A030,N1,1,36.0,31.967113826934742,0.0,0.47829521429999233,0.47829521430000455,True,1,1,16.075755129480786
ml,A030,N1,2,36.0,31.69140110503163,180.0,-179.46122944000595,0.5387705599940773,True,1,1,16.075755129480786
ml,A030,N2,1,36.0,28.768411710504353,0.0,1.2577704514352348,1.257770451435249,True,1,1,19.035859295393507
ml,A030,N2,2,36.0,28.911013558849852,180.0,179.9445096563669,0.05549034363309602,True,1,1,19.035859295393507
ml,A030,N2,1,36.0,31.471393084554265,0.0,1.1079016569501685,1.1079016569501619,True,1,1,17.99388673054574
ml,A030,N2,2,36.0,31.40501432892525,180.0,-179.94526754139295,0.054732458607077206,True,1,1,17.99388673054574
ml,A030,N2,1,36.0,30.91857857841022,0.0,1.0860374667824033,1.0860374667824146,True,1,1,17.869302323474525
ml,A030,N2,2,36.0,30.900062200584646,180.0,-179.88503774878106,0.11496225121891257,True,1,1,17.869302323474525
ml,A031,N1,1,48.0,43.04994112553721,0.0,7.835691425487238e-05,7.835691425839286e-05,True,1,1,13.367810423236467
ml,A031,N1,2,48.0,42.826031569595614,180.0,-179.9304306012587,0.06956939874129375,True,1,1,13.367810423236467
ml,A031,N1,1,48.0,43.878991603224094,0.0,-0.056109591227093907,0.056109591227084366,True,1,1,12.9425494474929
ml,A031,N1,2,48.0,43.68603094811887,180.0,-179.93180013900164,0.06819986099833386,True,1,1,12.9425494474929
ml,A031,N1,1,48.0,44.09591426963151,0.0,0.019604913849786413,0.019604913849775585,True,1,1,13.722432930576375
ml,A031,N1,2,48.0,43.95305260161119,180.0,-179.91135736130886,0.08864263869111255,True,1,1,13.722432930576375
ml,A031,N2,1,48.0,41.8704274059529,0.0,-0.06908442140132616,0.0690844214013282,True,1,1,14.768681101636787
ml,A031,N2,2,48.0,41.69900306961786,180.0,-179.9780154817329,0.021984518267117892,True,1,1,14.768681101636787
ml,A031,N2,1,48.0,41.860411174387366,0.0,-0.04720119191681323,0.0472011919168267,True,1,1,14.754458247603319
ml,A031,N2,2,48.0,41.74101226611544,180.0,-179.95607521177672,0.04392478822330759,True,1,1,14.754458247603319
ml,A031,N2,1,48.0,42.734369373460595,0.0,0.0168184814747829,0.01681848147478604,True,1,1,15.449149078017884
ml,A031,N2,2,48.0,42.50400169395817,180.0,-179.98382389102463,0.016176108975400894,True,1,1,15.449149078017884
ml,A023,N2,1,48.0,45.151,0.0,0.0,0.0,True,1,1,17.105261558453662
ml,A023,N2,2,48.0,47.099,0.0,0.0,0.0,True,1,1,17.105261558453662
ml,A023,N2,1,48.0,46.228,0.0,0.0,0.0,True,1,1,16.85095248437438
ml,A023,N2,2,48.0,49.956,0.0,0.0,0.0,True,1,1,16.85095248437438
ml,A023,N2,1,48.0,46.756,0.0,0.0,0.0,True,1,1,15.739500936855897
ml,A023,N2,2,48.0,52.356,0.0,0.0,0.0,True,1,1,15.739500936855897
ml,A023,N1,1,48.0,32.686140977484634,0.0,-0.16827935561171953,0.16827935561173035,True,1,1,22.17573020942041
ml,A023,N1,2,48.0,43.55615446753765,0.0,-0.15259194393083644,0.15259194393084385,True,1,1,22.17573020942041
ml,A023,N1,1,48.0,32.086143613715876,0.0,-0.17142611794854934,0.1714261179485561,True,1,1,22.729794030862816
ml,A023,N1,2,48.0,43.09415612353954,0.0,-0.15422783615172347,0.1542278361517333,True,1,1,22.729794030862816
ml,A023,N1,1,48.0,31.964144161857355,0.0,-0.17208041218153233,0.17208041218154335,True,1,1,22.95315519117656
ml,A023,N1,2,48.0,42.32015897890744,0.0,-0.15704852973969405,0.15704852973968286,True,1,1,22.95315519117656
ml,A016,N1,1,0.0,18.772034519465382,,-0.10987883730193754,,False,0,1,17.734080947963207
ml,A016,N1,2,60.0,37.722122156633766,0.0,-0.14581366201473353,0.14581366201474566,True,1,1,17.734080947963207
ml,A016,N1,1,0.0,18.83203440948428,,-0.1095287568988472,,False,0,1,17.489057935248617
ml,A016,N1,2,60.0,37.81212186587788,0.0,-0.14546659830161598,0.14546659830162412,True,1,1,17.489057935248617
ml,A016,N1,1,0.0,19.240033679804203,,-0.10720611514295526,,False,0,1,18.06445659246448
ml,A016,N1,2,60.0,37.54612272925128,0.0,-0.14649717271964152,0.14649717271964846,True,1,1,18.06445659246448
ml,A016,N2,1,0.0,30.572037681515436,,-0.08995797320400607,,False,0,1,18.80247484454172
ml,A016,N2,2,60.0,36.028031975116264,0.0,-0.07633495585142873,0.07633495585142214,True,1,1,18.80247484454172
ml,A016,N2,1,0.0,30.668037563561185,,-0.08967637833959263,,False,0,1,18.62706530522279
ml,A016,N2,2,60.0,36.72803136570214,0.0,-0.07488008742241116,0.07488008742240027,True,1,1,18.62706530522279
ml,A016,N2,1,0.0,30.86003732985429,,-0.0891184445487905,,False,0,1,18.920578307951267
ml,A016,N2,2,60.0,36.21203181264482,0.0,-0.0759470840028055,0.0759470840027916,True,1,1,18.920578307951267
ml,A024,N2,1,60.0,44.836057810650566,0.0,0.09200848824371125,0.09200848824372088,True,1,1,8.652162483239504
ml,A024,N2,2,60.0,45.04605754114337,0.0,0.09157955449719309,0.09157955449720134,True,1,1,8.652162483239504
ml,A024,N2,1,60.0,45.270057256425034,0.0,0.09112641145483491,0.09112641145483735,True,1,1,7.2771004272927025
ml,A024,N2,2,60.0,46.25805603351702,0.0,0.08918009411473,0.08918009411473804,True,1,1,7.2771004272927025
ml,A024,N2,1,60.0,44.222058613321025,0.0,0.09328597710961675,0.09328597710961617,True,1,1,10.250012408877069
ml,A024,N2,2,60.0,43.87605907553685,0.0,0.09402161596371139,0.09402161596369751,True,1,1,10.250012408877069
ml,A024,N1,1,60.0,40.914028156611515,0.0,-0.06721895084460225,0.06721895084459106,True,1,1,15.049637066039889
ml,A024,N1,2,60.0,42.5440270778402,0.0,-0.06464357487986672,0.06464357487988082,True,1,1,15.049637066039889
ml,A024,N1,1,60.0,39.40402923559976,0.0,-0.06979484459188298,0.06979484459188257,True,1,1,13.917316332633566
ml,A024,N1,2,60.0,44.20602605980321,0.0,-0.062213191326643984,0.06221319132663439,True,1,1,13.917316332633566
ml,A024,N1,1,60.0,42.03002740898464,0.0,-0.06543412374429491,0.06543412374429636,True,1,1,14.107139109814145
ml,A024,N1,2,60.0,43.2520266345983,0.0,-0.06358541310413433,0.06358541310413557,True,1,1,14.107139109814145
ml,A032,N1,1,60.0,42.65497859354479,0.0,-0.2157477593266475,0.21574775932666057,True,1,1,11.879486910513394
ml,A032,N1,2,60.0,42.31839136829281,180.0,-179.75358552911624,0.2464144708837921,True,1,1,11.879486910513394
ml,A032,N1,1,60.0,42.603120426579956,0.0,-0.31534089311817537,0.3153408931181616,True,1,1,12.770006631050206
ml,A032,N1,2,60.0,41.89817762146703,180.0,-179.8331647013005,0.16683529869953873,True,1,1,12.770006631050206
ml,A032,N1,1,60.0,40.2636222634931,0.0,-0.34280886287444906,0.342808862874449,True,1,1,14.104089000430662
ml,A032,N1,2,60.0,39.316317477607186,180.0,-179.76974553796617,0.2302544620338267,True,1,1,14.104089000430662
ml,A032,N2,1,60.0,41.689776889372226,0.0,0.8700288574335692,0.8700288574335673,True,1,1,15.208196308338461
ml,A032,N2,2,60.0,40.91801955129304,180.0,-179.94398967568128,0.056010324318719995,True,1,1,15.208196308338461
ml,A032,N2,1,60.0,40.52838759437636,0.0,0.7408097576196767,0.7408097576196724,True,1,1,15.194265823811484
ml,A032,N2,2,60.0,39.52808925308685,180.0,179.87824230332257,0.12175769667743452,True,1,1,15.194265823811484
ml,A032,N2,1,60.0,42.11214890364779,0.0,0.4286180116625514,0.4286180116625644,True,1,1,14.599827337804738
ml,A032,N2,2,60.0,41.2098202010152,180.0,179.63850845665482,0.3614915433451813,True,1,1,14.599827337804738
ml,B007,N2,1,24.0,23.476264112178193,90.0,88.9041831109943,1.0958168890057038,True,1,1,9.757925642728223
ml,B007,N2,2,0.0,17.258634592574236,,90.49134126205315,,False,0,1,9.757925642728223
ml,B007,N2,1,24.0,23.070845924263935,90.0,88.70366369217615,1.2963363078238501,True,1,1,9.923946727023543
ml,B007,N2,2,0.0,17.13471015220275,,90.52164670472031,,False,0,1,9.923946727023543
ml,B007,N2,1,24.0,23.088075962587123,90.0,88.57555077171506,1.4244492282849421,True,1,1,10.291312419282754
ml,B007,N2,2,0.0,16.86923353326997,,90.69289596960144,,False,0,1,10.291312419282754
ml,B007,N1,1,24.0,19.190812875506307,90.0,82.3040623757327,7.6959376242672874,True,1,1,15.539700812888746
ml,B007,N1,2,0.0,3.581736031591384,,114.0030943223506,,False,0,0,15.539700812888746
ml,B007,N1,1,24.0,19.198323002413996,90.0,82.12006938086499,7.879930619134996,True,1,1,15.378154583338162
ml,B007,N1,2,0.0,4.101195557395429,,111.10872574192085,,False,0,0,15.378154583338162
ml,B007,N1,1,24.0,19.332458743152046,90.0,82.68334970449946,7.316650295500551,True,1,1,15.499706892742783
ml,B007,N1,2,0.0,3.702396116030806,,111.86750449810081,,False,0,0,15.499706892742783
ml,B031,N1,1,24.0,21.96212736468679,90.0,87.67727485168169,2.3227251483183124,True,1,1,10.306304910612583
ml,B031,N1,2,24.0,3.9172056366752055,90.0,97.6874331055016,7.687433105501611,True,1,0,10.306304910612583
ml,B031,N1,1,24.0,22.03172735049512,90.0,87.37604323996084,2.623956760039164,True,1,1,10.660001810492686
ml,B031,N1,2,24.0,3.789343478757237,90.0,100.15337801868249,10.153378018682474,True,1,0,10.660001810492686
ml,B031,N1,1,24.0,22.016463438735276,90.0,87.75719941223309,2.242800587766908,True,1,1,10.060654745890758
ml,B031,N1,2,24.0,3.5024522837577674,90.0,98.2735381495529,8.273538149552905,True,1,0,10.060654745890758
ml,B031,N2,1,24.0,25.276750424055702,90.0,87.67822455850144,2.3217754414985734,True,1,1,13.14081493397142
ml,B031,N2,2,24.0,8.04551054936851,90.0,84.46514284697717,5.534857153022813,True,1,1,13.14081493397142
ml,B031,N2,1,24.0,24.99586813855442,90.0,87.2941865172428,2.7058134827572076,True,1,1,13.521166012314065
ml,B031,N2,2,24.0,8.464337658671232,90.0,85.14753991604246,4.8524600839575385,True,1,1,13.521166012314065
ml,B031,N2,1,24.0,25.2108047471714,90.0,87.67214798750847,2.327852012491519,True,1,1,13.261866074713822
ml,B031,N2,2,24.0,8.772561769517498,90.0,85.71149796681493,4.288502033185068,True,1,1,13.261866074713822
ml,A027,N2,1,12.0,12.720223867722636,0.0,76.62316441915723,76.6231644191572,True,1,1,16.682806012723212
ml,A027,N2,2,12.0,7.625530883158235,180.0,-101.92367919577431,78.0763208042257,True,1,1,16.682806012723212
ml,A027,N2,1,12.0,12.212677551776459,0.0,76.9368548590248,76.93685485902483,True,1,1,16.67468517507207
ml,A027,N2,2,12.0,7.3635275004579155,180.0,-101.52738574873447,78.47261425126555,True,1,1,16.67468517507207
ml,A027,N2,1,12.0,12.518401207434467,0.0,76.25684360737912,76.2568436073791,True,1,1,16.835475142609642
ml,A027,N2,2,12.0,7.475702859932301,180.0,-102.76282111921824,77.23717888078176,True,1,1,16.835475142609642
ml,A027,N1,1,12.0,11.236236959873573,0.0,75.55795891758797,75.55795891758797,True,1,1,15.729407318724716
ml,A027,N1,2,12.0,10.227801291088912,180.0,-96.453092430211,83.54690756978903,True,1,1,15.729407318724716
ml,A027,N1,1,12.0,11.152955033250146,0.0,74.67161198287751,74.6716119828775,True,1,1,15.644692578656997
ml,A027,N1,2,12.0,9.717481939782548,180.0,-96.39586263370241,83.6041373662976,True,1,1,15.644692578656997
ml,A027,N1,1,12.0,11.00362453742167,0.0,74.84967773366417,74.84967773366418,True,1,1,15.811402867476005
ml,A027,N1,2,12.0,9.505497738151327,180.0,-95.90851869929077,84.09148130070923,True,1,1,15.811402867476005
hybrid,A001,N1,1,3.0,6.709689183962379,0.0,38.03953143759881,38.03953143759881,True,0,1,12.456539914545207
hybrid,A001,N1,2,0.0,5.260903724646554,,-126.07701754409584,,False,0,0,12.456539914545207
hybrid,A001,N1,1,3.0,8.42222618071083,0.0,51.29546032086818,51.29546032086819,True,0,1,13.91497799046792
hybrid,A001,N1,2,0.0,7.254363169844751,,-120.60209857425762,,False,0,1,13.91497799046792
hybrid,A001,N1,1,3.0,6.722336546479045,0.0,42.142640814588134,42.142640814588134,True,0,1,12.714104856667184
hybrid,A001,N1,2,0.0,5.501831331475003,,-122.15330277877882,,False,0,0,12.714104856667184
hybrid,A001,N2,1,3.0,6.120230501807011,0.0,55.03454151190089,55.0345415119009,True,0,1,11.27369292932869
hybrid,A001,N2,2,0.0,4.768661866813373,,-97.30087029347092,,False,0,0,11.27369292932869
hybrid,A001,N2,1,3.0,5.481415555298909,0.0,53.04674772861349,53.0467477286135,True,0,0,10.356914595575281
hybrid,A001,N2,2,0.0,4.194046375518516,,-91.78991060824607,,False,0,0,10.356914595575281
hybrid,A001,N2,1,3.0,5.509016802854856,0.0,57.45746374531777,57.45746374531777,True,0,0,10.678132558327995
hybrid,A001,N2,2,0.0,4.372009263485154,,-90.11794631455213,,False,0,0,10.678132558327995
hybrid,A002,N1,1,6.0,1.2218853762254642,0.0,-16.89668346813928,16.896683468139287,True,1,0,4.451315103229922
hybrid,A002,N1,2,0.0,2.5912786419063467,,-6.42565310520149,,False,0,0,4.451315103229922
hybrid,A002,N1,1,6.0,0.5126394013595389,0.0,7.738668283281087,7.7386682832811005,True,1,0,3.357820059806671
hybrid,A002,N1,2,0.0,3.7356451919313747,,-3.89875487198749,,False,0,0,3.357820059806671
hybrid,A002,N1,1,6.0,1.001635105589163,0.0,9.554661851023537,9.554661851023525,True,1,0,3.7109053113400705
hybrid,A002,N1,2,0.0,3.1740518269240656,,-7.2033809847952455,,False,0,0,3.7109053113400705
hybrid,A002,N2,1,6.0,2.7682426015117625,0.0,10.36173869161975,10.361738691619763,True,1,0,5.700885540396
hybrid,A002,N2,2,0.0,2.5170373457698236,,-14.119056735821978,,False,0,0,5.700885540396
hybrid,A002,N2,1,6.0,3.2941671101306707,0.0,11.930569920579265,11.930569920579273,True,1,0,6.345915781074495
hybrid,A002,N2,2,0.0,2.370047256912824,,-15.666457251596443,,False,0,0,6.345915781074495
hybrid,A002,N2,1,6.0,2.3408189336098792,0.0,18.283340338799814,18.283340338799803,True,1,0,5.127712543639093
hybrid,A002,N2,2,0.0,2.91247317584214,,-11.888658039627975,,False,0,0,5.127712543639093
hybrid,A003,N1,1,12.0,7.099548865016979,0.0,5.761720943336962,5.761720943336968,True,1,1,9.788192978509532
hybrid,A003,N1,2,0.0,1.9191748226777048,,-23.19859051364819,,False,0,0,9.788192978509532
hybrid,A003,N1,1,12.0,6.174019502848586,0.0,12.997338271417899,12.997338271417902,True,1,1,9.110115640463857
hybrid,A003,N1,2,0.0,2.609798459651626,,-22.10309217467643,,False,0,0,9.110115640463857
hybrid,A003,N1,1,12.0,9.578137439063147,0.0,1.0646567920124221,1.0646567920124141,True,1,1,11.663893960814715
hybrid,A003,N1,2,0.0,0.6580706648985349,,-108.51754719844546,,False,0,0,11.663893960814715
hybrid,A003,N2,1,12.0,7.052866378597465,0.0,16.269266201065115,16.269266201065108,True,1,1,8.749162198921212
hybrid,A003,N2,2,0.0,4.62916018301376,,-9.323956364111634,,False,0,0,8.749162198921212
hybrid,A003,N2,1,12.0,6.945146979467705,0.0,14.374633034518778,14.37463303451878,True,1,1,8.67525195403218
hybrid,A003,N2,2,0.0,4.780669409193654,,-7.838575048741557,,False,0,0,8.67525195403218
hybrid,A003,N2,1,12.0,6.643698742712454,0.0,14.82590265897959,14.8259026589796,True,1,1,8.446219820481309
hybrid,A003,N2,2,0.0,4.924041023387193,,-8.337444438846726,,False,0,0,8.446219820481309
hybrid,A004,N1,1,24.0,21.025648688832266,0.0,-0.601656328098847,0.6016563280988407,True,1,1,12.66281053324498
hybrid,A004,N1,2,0.0,0.8703125875224372,,-7.925275935635583,,False,0,0,12.66281053324498
hybrid,A004,N1,1,24.0,21.362029697850964,0.0,-0.5694220867551719,0.5694220867551678,True,1,1,12.594290336763242
hybrid,A004,N1,2,0.0,0.8633539251083531,,-6.38416393951244,,False,0,0,12.594290336763242
hybrid,A004,N1,1,24.0,22.3825744301591,0.0,-0.7097823672549647,0.7097823672549737,True,1,1,12.423677739574233
hybrid,A004,N1,2,0.0,0.05660388679233936,,-122.00538320808367,,False,0,0,12.423677739574233
hybrid,A004,N2,1,24.0,20.410034563429328,0.0,-0.16458120963595604,0.16458120963596912,True,1,1,12.835658475209513
hybrid,A004,N2,2,0.0,6.53,,5.815077396266432e-16,,False,0,1,12.835658475209513
hybrid,A004,N2,1,24.0,21.469331376629746,0.0,-0.05078437537975855,0.05078437537974878,True,1,1,12.514847125729474
hybrid,A004,N2,2,0.0,5.796167009326077,,0.4349492532035371,,False,0,0,12.514847125729474
hybrid,A004,N2,1,24.0,21.86761978025655,0.0,-0.10533151449452996,0.10533151449453726,True,1,1,12.66564156205727
hybrid,A004,N2,2,0.0,5.276218342714789,,0.5212512400414572,,False,0,0,12.66564156205727
hybrid,A005,N1,1,30.0,28.082048144677763,0.0,-0.10609561745558004,0.10609561745559404,True,1,1,7.938295469000002
hybrid,A005,N1,2,0.0,0.3953378302161329,,-26.43542293781472,,False,0,0,7.938295469000002
hybrid,A005,N1,1,30.0,28.61631373884484,0.0,-0.26829669898108044,0.2682966989810893,True,1,1,10.128682071150457
hybrid,A005,N1,2,0.0,0.8081707740323203,,-157.75097634278765,,False,0,0,10.128682071150457
hybrid,A005,N1,1,30.0,27.968193363175963,0.0,-0.21305540634487768,0.2130554063448642,True,1,1,8.815394249349893
hybrid,A005,N1,2,0.0,0.21414014102918663,,-57.20046872738078,,False,0,0,8.815394249349893
hybrid,A005,N2,1,30.0,29.624,0.0,0.0,0.0,True,1,1,10.069296879021968
hybrid,A005,N2,2,0.0,3.7424809952757276,,-0.9186136307239967,,False,0,0,10.069296879021968
hybrid,A005,N2,1,30.0,27.826975737583666,0.0,0.03494241310636407,0.034942413106364256,True,1,1,10.601298148807905
hybrid,A005,N2,2,0.0,4.396,,1.9153892534672093e-16,,False,0,0,10.601298148807905
hybrid,A005,N2,1,30.0,28.629961244287806,0.0,0.0679247757909146,0.06792477579091383,True,1,1,10.078007114275461
hybrid,A005,N2,2,0.0,3.926,,1.2868137276987038e-16,,False,0,0,10.078007114275461
hybrid,A008,N1,1,60.0,45.566,0.0,0.0,0.0,True,1,1,13.782718318012515
hybrid,A008,N1,2,0.0,8.618,,2.73568615027584e-16,,False,0,1,13.782718318012515
hybrid,A008,N1,1,60.0,45.8,0.0,0.0,0.0,True,1,1,13.249733125055258
hybrid,A008,N1,2,0.0,7.996,,2.948492151460378e-16,,False,0,1,13.249733125055258
hybrid,A008,N1,1,60.0,45.762,0.0,0.0,0.0,True,1,1,13.693869245482961
hybrid,A008,N1,2,0.0,8.674,,2.7180243535943264e-16,,False,0,1,13.693869245482961
hybrid,A008,N2,1,60.0,44.544440057093546,0.0,0.25468053222951936,0.25468053222951426,True,1,1,17.028182909798023
hybrid,A008,N2,2,0.0,16.256249136870412,,0.31721010521545323,,False,0,1,17.028182909798023
hybrid,A008,N2,1,60.0,45.06231316743516,0.0,0.2136089468132239,0.21360894681322407,True,1,1,16.622499613355778
hybrid,A008,N2,2,0.0,14.790121703353222,,0.23243596429789978,,False,0,1,16.622499613355778
hybrid,A008,N2,1,60.0,44.09844450771478,0.0,0.2572562952668443,0.257256295266842,True,1,1,17.00122501194224
hybrid,A008,N2,2,0.0,15.82025600298554,,0.3259522456621615,,False,0,1,17.00122501194224
hybrid,A009,N1,1,0.0,2.443099859009609,,7.3600363027690285,,False,0,0,3.0612693738064296
hybrid,A009,N1,2,3.0,1.2716418520951565,0.0,-6.683514496238505,6.683514496238502,True,0,0,3.0612693738064296
hybrid,A009,N1,1,0.0,2.601653472213188,,9.892636599405224,,False,0,0,3.495103533578311
hybrid,A009,N1,2,3.0,1.4731927911851863,0.0,-7.959596073875995,7.959596073875986,True,0,0,3.495103533578311
hybrid,A009,N1,1,0.0,2.6351688919307894,,5.847751535628269,,False,0,0,3.038107847196379
hybrid,A009,N1,2,3.0,1.2592620855088112,0.0,-11.265316551319424,11.265316551319415,True,0,0,3.038107847196379
hybrid,A009,N2,1,0.0,2.0774842057804404,,37.26363675527433,,False,0,0,5.279965756546272
hybrid,A009,N2,2,3.0,2.1245884307319383,0.0,1.348521644453589,1.348521644453598,True,0,0,5.279965756546272
hybrid,A009,N2,1,0.0,2.3654532808212827,,52.60982341164593,,False,0,0,5.880767311046478
hybrid,A009,N2,2,3.0,1.9610775099419195,0.0,-10.69682972262527,10.696829722625267,True,0,0,5.880767311046478
hybrid,A009,N2,1,0.0,1.8007984428459252,,49.50289498350614,,False,0,0,5.690063757077271
hybrid,A009,N2,2,3.0,2.3030034737272977,0.0,0.09951493165169396,0.09951493165169722,True,0,0,5.690063757077271
hybrid,A010,N1,1,0.0,1.7128490663400897,,1.7884189112961328,,False,0,0,6.484416964238999
hybrid,A010,N1,2,6.0,3.4510569757684384,0.0,-1.0294033029233627,1.029403302923356,True,1,0,6.484416964238999
hybrid,A010,N1,1,0.0,3.4040875247969606,,1.4384981549378524,,False,0,0,3.495751683110794
hybrid,A010,N1,2,6.0,2.3367362388596624,0.0,-1.8638163941698636,1.8638163941698735,True,1,0,3.495751683110794
hybrid,A010,N1,1,0.0,2.320227955346122,,0.7767953658190635,,False,0,0,5.942512679333323
hybrid,A010,N1,2,6.0,3.310618408998536,0.0,-0.4845925307358614,0.48459253073585273,True,1,0,5.942512679333323
hybrid,A010,N2,1,0.0,3.87662583789262,,1.4253106294151447,,False,0,0,2.771674914725738
hybrid,A010,N2,2,6.0,2.1523533631817986,0.0,-1.0382392280068298,1.0382392280068302,True,1,0,2.771674914725738
hybrid,A010,N2,1,0.0,3.6150529808021137,,1.7110372384199777,,False,0,0,2.682739433595881
hybrid,A010,N2,2,6.0,2.466027422799674,0.0,-1.1850205179118731,1.1850205179118802,True,1,0,2.682739433595881
hybrid,A010,N2,1,0.0,3.8694580469044264,,0.8956532023860726,,False,0,0,2.744766596612556
hybrid,A010,N2,2,6.0,2.2779849099587994,0.0,-1.1822258870498483,1.1822258870498388,True,1,0,2.744766596612556
hybrid,A011,N1,1,0.0,5.669290639006269,,2.0468926843827884,,False,0,0,6.835305956329683
hybrid,A011,N1,2,12.0,5.727645676890288,0.0,-0.8603224572430224,0.8603224572430292,True,1,0,6.835305956329683
hybrid,A011,N1,1,0.0,6.347812993342524,,2.2535333086452236,,False,0,1,6.622134429322564
hybrid,A011,N1,2,12.0,5.216055214431688,0.0,-0.2636290268851232,0.2636290268851269,True,1,0,6.622134429322564
hybrid,A011,N1,1,0.0,5.5885555590899285,,2.703572867382708,,False,0,0,6.460315794323279
hybrid,A011,N1,2,12.0,5.962096946544898,0.0,0.326741929853874,0.3267419298538812,True,1,0,6.460315794323279
hybrid,A011,N2,1,0.0,6.854612398134716,,-0.4946046987759414,,False,0,1,8.052555799660249
hybrid,A011,N2,2,12.0,7.13513785781326,0.0,1.5580289314329672,1.5580289314329718,True,1,1,8.052555799660249
hybrid,A011,N2,1,0.0,6.050289672094693,,-0.22189466151630655,,False,0,1,8.19770552927158
hybrid,A011,N2,2,12.0,8.169146359932597,0.0,1.150320818760181,1.1503208187601786,True,1,1,8.19770552927158
hybrid,A011,N2,1,0.0,6.286185371625282,,-0.3430052280984373,,False,0,1,8.141043387313083
hybrid,A011,N2,2,12.0,7.835513145289211,0.0,0.9213920333565662,0.9213920333565682,True,1,1,8.141043387313083
hybrid,A012,N1,1,0.0,1.6106548671361696,,-1.7747436727195407,,False,0,0,9.653616072603276
hybrid,A012,N1,2,24.0,19.024656107273003,0.0,0.4758476148681827,0.4758476148681723,True,1,1,9.653616072603276
hybrid,A012,N1,1,0.0,1.7739775967763667,,-4.958688797966346,,False,0,0,9.943862378176597
hybrid,A012,N1,2,24.0,19.040590852176827,0.0,0.45137547950051676,0.4513754795005127,True,1,1,9.943862378176597
hybrid,A012,N1,1,0.0,2.702655690927291,,-1.0224233731443084,,False,0,0,9.65102765562932
hybrid,A012,N1,2,24.0,18.792003831417237,0.0,0.03658733826642984,0.036587338266429015,True,1,1,9.65102765562932
hybrid,A012,N2,1,0.0,4.740502323695885,,-0.8816330598444325,,False,0,0,10.45791871795275
hybrid,A012,N2,2,24.0,20.93850691907138,0.0,0.8866235561943289,0.886623556194337,True,1,1,10.45791871795275
hybrid,A012,N2,1,0.0,5.206872580271472,,-1.3366062594627113,,False,0,0,10.971744935983489
hybrid,A012,N2,2,24.0,20.33118747146856,0.0,1.014577168378214,1.0145771683782243,True,1,1,10.971744935983489
hybrid,A012,N2,1,0.0,6.148484339438127,,-1.0479988539276814,,False,0,1,10.797661094128303
hybrid,A012,N2,2,24.0,19.281068953769132,0.0,1.0222874050770077,1.0222874050770088,True,1,1,10.797661094128303
hybrid,A013,N1,1,0.0,3.006095806856461,,-0.45744161376679815,,False,0,0,8.489241472863833
hybrid,A013,N1,2,30.0,24.634353655007878,0.0,0.30701349805908323,0.30701349805909217,True,1,1,8.489241472863833
hybrid,A013,N1,1,0.0,2.97,,2.5047577291481625e-16,,False,0,0,8.485581546450295
hybrid,A013,N1,2,30.0,24.84648973195208,0.0,0.359736945759219,0.35973694575920945,True,1,1,8.485581546450295
hybrid,A013,N1,1,0.0,2.8647713670060306,,-0.8097375589786113,,False,0,0,8.274002433894953
hybrid,A013,N1,2,30.0,24.892349989504808,0.0,0.3038314319413929,0.30383143194140416,True,1,1,8.274002433894953
hybrid,A013,N2,1,0.0,3.7592395564959036,,0.6854271636392898,,False,0,0,9.597017828428598
hybrid,A013,N2,2,30.0,28.61409058488492,0.0,0.14417024598143394,0.14417024598142802,True,1,1,9.597017828428598
hybrid,A013,N2,1,0.0,3.9184682005132614,,2.4413186905703927,,False,0,0,9.976876363331794
hybrid,A013,N2,2,30.0,28.046034514704573,0.0,0.08988847715394536,0.08988847715394854,True,1,1,9.976876363331794
hybrid,A013,N2,1,0.0,3.972786258089117,,1.181844000034896,,False,0,0,9.735552822594787
hybrid,A013,N2,2,30.0,28.106125524518674,0.0,0.17123856647484376,0.17123856647484104,True,1,1,9.735552822594787
hybrid,A017,N1,1,3.0,2.351895564281032,0.0,20.433357690083408,20.433357690083398,True,0,0,5.289576097251334
hybrid,A017,N1,2,3.0,2.852209845014914,0.0,-17.844160636913976,17.844160636913983,True,0,0,5.289576097251334
hybrid,A017,N1,1,3.0,1.8349425766514897,0.0,15.47429016427884,15.474290164278841,True,0,0,4.366951422520323
hybrid,A017,N1,2,3.0,3.0590201045432828,0.0,-11.273199705932512,11.273199705932512,True,0,0,4.366951422520323
hybrid,A017,N1,1,3.0,1.2837036548114613,0.0,12.493006269706063,12.493006269706058,True,0,0,3.874842967141692
hybrid,A017,N1,2,3.0,3.6755434972259544,0.0,-8.196238276510435,8.196238276510428,True,0,0,3.874842967141692
hybrid,A017,N2,1,3.0,1.4338644839538686,0.0,9.800061589128708,9.800061589128717,True,0,0,4.122374203149924
hybrid,A017,N2,2,3.0,4.1774471869791485,0.0,-3.183634115311645,3.1836341153116336,True,0,0,4.122374203149924
hybrid,A017,N2,1,3.0,1.2708123386243935,0.0,8.14285458619849,8.142854586198496,True,0,0,3.712572510478161
hybrid,A017,N2,2,3.0,4.209913063235391,0.0,-3.5135119422684395,3.513511942268451,True,0,0,3.712572510478161
hybrid,A017,N2,1,3.0,1.192003775161807,0.0,10.244657332567613,10.244657332567613,True,0,0,3.8037137774354366
hybrid,A017,N2,2,3.0,4.554133946207555,0.0,-2.441462164176839,2.4414621641768406,True,0,0,3.8037137774354366
hybrid,A018,N1,1,6.0,1.1588520695386308,0.0,5.889579130208697,5.889579130208688,True,1,0,4.386363337323062
hybrid,A018,N1,2,6.0,6.921336287163051,0.0,-1.1258992779961152,1.125899277996126,True,1,1,4.386363337323062
hybrid,A018,N1,1,6.0,1.3192186824028904,0.0,3.516331106562873,3.516331106562859,True,1,0,4.154758134919131
hybrid,A018,N1,2,6.0,7.020192589950792,0.0,-0.4244054193614754,0.42440541936147724,True,1,1,4.154758134919131
hybrid,A018,N1,1,6.0,1.1834112697438564,0.0,1.9370001442686962,1.9370001442686942,True,1,0,3.98317391804978
hybrid,A018,N1,2,6.0,7.061047868411599,0.0,-0.21097345060175826,0.21097345060175599,True,1,1,3.98317391804978
hybrid,A018,N2,1,6.0,3.804468069444893,0.0,20.71278383090622,20.712783830906233,True,1,0,7.628768772062076
hybrid,A018,N2,2,6.0,6.570239873855444,0.0,-2.0584809052721043,2.0584809052720914,True,1,1,7.628768772062076
hybrid,A018,N2,1,6.0,3.7736967606944694,0.0,20.191873116231157,20.191873116231164,True,1,0,7.689545087236478
hybrid,A018,N2,2,6.0,6.68371850095439,0.0,-0.8401292789563011,0.8401292789563115,True,1,1,7.689545087236478
hybrid,A018,N2,1,6.0,3.835363105275857,0.0,19.75817497587782,19.758174975877807,True,1,0,7.838484325605846
hybrid,A018,N2,2,6.0,6.7500239999573335,0.0,0.1527883832038498,0.15278838320384125,True,1,1,7.838484325605846
hybrid,A019,N1,1,12.0,7.867969607563115,0.0,-0.4693459604940273,0.46934596049402444,True,1,1,11.588229768993038
hybrid,A019,N1,2,12.0,13.396263359608902,0.0,-0.35927011055412417,0.35927011055412095,True,1,1,11.588229768993038
hybrid,A019,N1,1,12.0,10.446503066818684,0.0,-0.55425704449924,0.5542570444992521,True,1,1,12.24613238763084
hybrid,A019,N1,2,12.0,11.326311491390303,0.0,-0.4249300051051645,0.42493000510515344,True,1,1,12.24613238763084
hybrid,A019,N1,1,12.0,9.820914701054411,0.0,0.21154272674598545,0.21154272674598928,True,1,1,12.114858838711358
hybrid,A019,N1,2,12.0,11.575245699336149,0.0,-1.1286397663695318,1.1286397663695311,True,1,1,12.114858838711358
hybrid,A019,N2,1,12.0,9.345855551832292,0.0,2.3206184899847098,2.320618489984696,True,1,1,13.201034755159693
hybrid,A019,N2,2,12.0,15.944546403080897,0.0,0.47433957029953844,0.47433957029954854,True,1,1,13.201034755159693
hybrid,A019,N2,1,12.0,9.997597543495285,0.0,2.610762803171157,2.6107628031711556,True,1,1,13.546589377568313
hybrid,A019,N2,2,12.0,15.798369156340158,0.0,0.3916855166493708,0.3916855166493747,True,1,1,13.546589377568313
hybrid,A019,N2,1,12.0,9.343240840695083,0.0,2.991978977268775,2.9919789772687864,True,1,1,13.406352132499102
hybrid,A019,N2,2,12.0,16.320441170507614,0.0,0.42128490416859743,0.4212849041686013,True,1,1,13.406352132499102
hybrid,A020,N1,1,24.0,23.118003114456055,0.0,-0.029740863933121895,0.029740863933113815,True,1,1,14.67385762067244
hybrid,A020,N1,2,24.0,24.370002954452016,0.0,-0.028212937980623926,0.028212937980612196,True,1,1,14.67385762067244
hybrid,A020,N1,1,24.0,23.93900300764424,0.0,-0.028720886276321023,0.02872088627631797,True,1,1,14.041465464836978
hybrid,A020,N1,2,24.0,24.537002934343874,0.0,-0.02802091940097177,0.028020919400972844,True,1,1,14.041465464836978
hybrid,A020,N1,1,24.0,21.42997901164974,0.0,-0.05087763192466392,0.05087763192466355,True,1,1,15.091299612783615
hybrid,A020,N1,2,24.0,25.31302559948138,0.0,-0.08148566632996776,0.0814856663299679,True,1,1,15.091299612783615
hybrid,A020,N2,1,24.0,23.812048378919442,0.0,0.11549612344937157,0.11549612344936122,True,1,1,15.217728394045363
hybrid,A020,N2,2,24.0,28.626040243107326,0.0,0.0960733193286571,0.09607331932866714,True,1,1,15.217728394045363
hybrid,A020,N2,1,24.0,23.628048755663258,0.0,0.11639553213703936,0.1163955321370338,True,1,1,14.805395375172763
hybrid,A020,N2,2,24.0,29.186039470952547,0.0,0.09422993685549531,0.09422993685549841,True,1,1,14.805395375172763
hybrid,A020,N2,1,24.0,23.434049159289565,0.0,0.11735911796681368,0.11735911796682785,True,1,1,15.263701048588832
hybrid,A020,N2,2,24.0,29.724038756535087,0.0,0.09252439193956043,0.09252439193954842,True,1,1,15.263701048588832
hybrid,A021,N1,1,30.0,30.89,0.0,0.0,0.0,True,1,1,10.27558712588975
hybrid,A021,N1,2,30.0,27.61,0.0,0.0,0.0,True,1,1,10.27558712588975
hybrid,A021,N1,1,30.0,30.642,0.0,0.0,0.0,True,1,1,10.215109925358178
hybrid,A021,N1,2,30.0,28.002,0.0,0.0,0.0,True,1,1,10.215109925358178
hybrid,A021,N1,1,30.0,29.894,0.0,0.0,0.0,True,1,1,10.249568835265443
hybrid,A021,N1,2,30.0,28.058,0.0,0.0,0.0,True,1,1,10.249568835265443
hybrid,A021,N2,1,30.0,31.796,0.0,0.0,0.0,True,1,1,11.261056318831603
hybrid,A021,N2,2,30.0,30.288,0.0,0.0,0.0,True,1,1,11.261056318831603
hybrid,A021,N2,1,30.0,31.58400911853972,0.0,-0.043537817997923944,0.04353781799792955,True,1,1,11.633467886939092
hybrid,A021,N2,2,30.0,29.812009660537814,0.0,-0.04612566789373875,0.04612566789373318,True,1,1,11.633467886939092
hybrid,A021,N2,1,30.0,31.578009120272295,0.0,-0.04354609042833124,0.043546090428321804,True,1,1,11.571672579310459
hybrid,A021,N2,2,30.0,29.74000968392579,0.0,-0.046237337249765205,0.046237337249777966,True,1,1,11.571672579310459
hybrid,A025,N1,1,3.0,3.7649724675642835,0.0,20.68055021457363,20.68055021457363,True,0,0,4.655009163724262
hybrid,A025,N1,2,3.0,3.900625590850781,180.0,-157.5112050770019,22.488794922998068,True,0,0,4.655009163724262
hybrid,A025,N1,1,3.0,3.7494987599357334,0.0,24.84869751518052,24.848697515180504,True,0,0,4.560209244615653
hybrid,A025,N1,2,3.0,3.693160164412045,180.0,-155.25303164167696,24.746968358323045,True,0,0,4.560209244615653
hybrid,A025,N1,1,3.0,3.541632613113012,0.0,37.09248495061189,37.09248495061189,True,0,0,5.4800771665348265
hybrid,A025,N1,2,3.0,3.709227412817931,180.0,-145.36737082480994,34.63262917519006,True,0,0,5.4800771665348265
hybrid,A025,N2,1,3.0,2.3597555966865085,0.0,20.13658007339183,20.136580073391826,True,0,0,5.736496046462939
hybrid,A025,N2,2,3.0,2.597653749058946,180.0,164.32122099952718,15.678779000472815,True,0,0,5.736496046462939
hybrid,A025,N2,1,3.0,1.2324992361506142,0.0,-20.027149339977015,20.02714933997703,True,0,0,6.278783152478697
hybrid,A025,N2,2,3.0,2.3881509583776315,180.0,134.16870115687544,45.83129884312456,True,0,0,6.278783152478697
hybrid,A025,N2,1,3.0,1.872882033805038,0.0,2.568813075632412,2.56881307563242,True,0,0,5.820124688368972
hybrid,A025,N2,2,3.0,2.539590715056267,180.0,154.3329598864759,25.66704011352411,True,0,0,5.820124688368972
hybrid,A026,N1,1,6.0,0.48044543302675496,0.0,65.2990515523308,65.29905155233081,True,1,0,5.8773347209576166
hybrid,A026,N1,2,6.0,0.6028474102125679,180.0,-112.73683970860299,67.26316029139701,True,1,0,5.8773347209576166
hybrid,A026,N1,1,6.0,1.8197593537235162,0.0,29.330284198115795,29.330284198115805,True,1,0,4.7396916388821175
hybrid,A026,N1,2,6.0,1.6701583757236915,180.0,-151.30192799039241,28.698072009607586,True,1,0,4.7396916388821175
hybrid,A026,N1,1,6.0,1.5116115491585826,0.0,13.207583001790123,13.207583001790113,True,1,0,4.846525491315996
hybrid,A026,N1,2,6.0,1.437314509771609,180.0,-163.3427558634178,16.65724413658222,True,1,0,4.846525491315996
hybrid,A026,N2,1,6.0,4.066237513785757,0.0,38.37480826186077,38.37480826186078,True,1,0,8.83694945020365
hybrid,A026,N2,2,6.0,3.6334886816942196,180.0,-144.7702822241345,35.22971777586554,True,1,0,8.83694945020365
hybrid,A026,N2,1,6.0,3.4549712913301867,0.0,39.03892814083604,39.03892814083605,True,1,0,7.503006834716688
hybrid,A026,N2,2,6.0,3.08228567786959,180.0,-145.13437630327914,34.86562369672083,True,1,0,7.503006834716688
hybrid,A026,N2,1,6.0,3.6998810675189246,0.0,37.07432417376532,37.07432417376532,True,1,0,8.119767653296615
hybrid,A026,N2,2,6.0,3.2413484848130723,180.0,-147.5749024534411,32.4250975465589,True,1,0,8.119767653296615
hybrid,A028,N1,1,24.0,27.115436974397277,0.0,-2.1531049229252903,2.15310492292528,True,1,1,15.23876237984444
hybrid,A028,N1,2,24.0,25.887884521528598,180.0,179.52636390767935,0.4736360923206462,True,1,1,15.23876237984444
hybrid,A028,N1,1,24.0,26.05386719212093,0.0,-1.8764169063994436,1.8764169063994416,True,1,1,14.984029967042321
hybrid,A028,N1,2,24.0,24.97608720356333,180.0,179.84859414454766,0.15140585545233876,True,1,1,14.984029967042321
hybrid,A028,N1,1,24.0,28.143548318343164,0.0,-1.315826883318595,1.315826883318607,True,1,1,14.225698653150229
hybrid,A028,N1,2,24.0,26.811086233123792,180.0,-179.85468260591642,0.1453173940835768,True,1,1,14.225698653150229
hybrid,A028,N2,1,24.0,29.367940009570912,0.0,-0.4874497506923479,0.48744975069234897,True,1,1,14.346699069587899
hybrid,A028,N2,2,24.0,27.730023368183446,180.0,-179.92561677231626,0.07438322768371108,True,1,1,14.346699069587899
hybrid,A028,N2,1,24.0,29.838211380355453,0.0,-0.8112702638800388,0.8112702638800329,True,1,1,14.239348477734573
hybrid,A028,N2,2,24.0,28.10223122814272,180.0,179.76757230676517,0.23242769323482548,True,1,1,14.239348477734573
hybrid,A028,N2,1,24.0,30.76745968446581,0.0,-0.570204253888037,0.5702042538880505,True,1,1,13.845232513899532
hybrid,A028,N2,2,24.0,29.01300834108728,180.0,179.95655372048066,0.04344627951934399,True,1,1,13.845232513899532
hybrid,A029,N1,1,30.0,13.567602290426995,0.0,19.24529134976951,19.245291349769502,True,1,1,20.951166516516295
hybrid,A029,N1,2,30.0,13.39980895386199,180.0,-159.41192583845864,20.588074161541385,True,1,1,20.951166516516295
hybrid,A029,N1,1,30.0,14.830459244308061,0.0,26.093927271089576,26.09392727108957,True,1,1,21.491038660341864
hybrid,A029,N1,2,30.0,14.986333107201373,180.0,-152.74075793671165,27.259242063288355,True,1,1,21.491038660341864
hybrid,A029,N1,1,30.0,14.756876753291142,0.0,26.474223765227215,26.474223765227208,True,1,1,21.512226933960022
hybrid,A029,N1,2,30.0,14.790089283030039,180.0,-152.58427262272076,27.415727377279268,True,1,1,21.512226933960022
hybrid,A029,N2,1,30.0,27.279429839563672,0.0,3.8558088325098416,3.8558088325098367,True,1,1,19.218006852560727
hybrid,A029,N2,2,30.0,26.77748673792968,180.0,-176.81019998874433,3.18980001125567,True,1,1,19.218006852560727
hybrid,A029,N2,1,30.0,26.673227468844953,0.0,3.961108400422084,3.9611084004220913,True,1,1,19.513229222367816
hybrid,A029,N2,2,30.0,26.291267238381643,180.0,-176.9082944746867,3.091705525313273,True,1,1,19.513229222367816
hybrid,A029,N2,1,30.0,27.148090217607294,0.0,3.409968077948198,3.409968077948207,True,1,1,18.835278033106558
hybrid,A029,N2,2,30.0,26.743034382807046,180.0,-177.2394485044848,2.7605514955151875,True,1,1,18.835278033106558
hybrid,B001,N1,1,6.0,3.4660350381546494,90.0,74.73234746095912,15.267652539040881,True,1,0,5.415288466145682
hybrid,B001,N1,2,0.0,1.03197383687766,,101.57125690829498,,False,0,0,5.415288466145682
hybrid,B001,N1,1,6.0,3.2059360193621314,90.0,66.54521015226669,23.45478984773331,True,1,0,5.465887197295844
hybrid,B001,N1,2,0.0,0.9265300858579824,,118.14160123226173,,False,0,0,5.465887197295844
hybrid,B001,N1,1,6.0,2.951716289055367,90.0,78.05700665255728,11.942993347442723,True,1,0,5.294385212394534
hybrid,B001,N1,2,0.0,1.8474550062180135,,91.27165198889837,,False,0,0,5.294385212394534
hybrid,B001,N2,1,6.0,5.8383313724989865,90.0,86.22244632347332,3.7775536765266793,True,1,0,5.86328327484893
hybrid,B001,N2,2,0.0,1.9016416591987038,,87.61907322299822,,False,0,0,5.86328327484893
hybrid,B001,N2,1,6.0,5.8138834292096915,90.0,83.782278591278,6.217721408722014,True,1,0,5.831088000657987
hybrid,B001,N2,2,0.0,1.751164469717222,,90.78527276195935,,False,0,0,5.831088000657987
hybrid,B001,N2,1,6.0,5.687452369534774,90.0,85.39995480169163,4.600045198308351,True,1,0,5.738658068342337
hybrid,B001,N2,2,0.0,2.0866348506626644,,86.18044563693871,,False,0,0,5.738658068342337
hybrid,B002,N1,1,6.0,4.675949945048247,180.0,178.89683675639077,1.103163243609231,True,1,0,4.701529840557228
hybrid,B002,N1,2,0.0,3.4642058252938726,,-2.4651264952584477,,False,0,0,4.701529840557228
hybrid,B002,N1,1,6.0,5.7131613634654075,180.0,179.6484522950597,0.35154770494028753,True,1,0,3.1317513286488277
hybrid,B002,N1,2,0.0,5.194080958167673,,0.31989994998315363,,False,0,0,3.1317513286488277
hybrid,B002,N1,1,6.0,5.760936150912877,180.0,179.99069020419716,0.009309795802835197,True,1,0,3.805344936601918
hybrid,B002,N1,2,0.0,4.528466517486907,,0.8224315113606102,,False,0,0,3.805344936601918
hybrid,B002,N2,1,6.0,5.1241018561161,180.0,178.75984333738216,1.240156662617835,True,1,0,5.184134502491457
hybrid,B002,N2,2,0.0,1.086077805684289,,-0.6858283236896884,,False,0,0,5.184134502491457
hybrid,B002,N2,1,6.0,4.626502798304969,180.0,-177.34298477684857,2.657015223151461,True,1,0,5.6558713790140995
hybrid,B002,N2,2,0.0,0.7407759445338381,,22.375928004495734,,False,0,0,5.6558713790140995
hybrid,B002,N2,1,6.0,4.055294601511738,180.0,-179.20745205136444,0.7925479486355584,True,1,0,5.397366564168726
hybrid,B002,N2,2,0.0,0.26212210894924526,,-1.7489460445542186,,False,0,0,5.397366564168726
hybrid,B003,N1,1,6.0,0.6591138259660775,-90.00000000000001,22.01410990583342,112.01410990583344,True,1,0,5.386777709932378
hybrid,B003,N1,2,0.0,3.897067872131559,,-102.34222910948196,,False,0,0,5.386777709932378
hybrid,B003,N1,1,6.0,0.5359644534400636,-90.00000000000001,81.50793411649867,171.5079341164987,True,1,0,6.047297461073105
hybrid,B003,N1,2,0.0,3.6859002970780423,,-92.95478013268885,,False,0,0,6.047297461073105
hybrid,B003,N1,1,6.0,1.1926331011157025,-90.00000000000001,47.14063373341099,137.140633733411,True,1,0,4.896888110731381
hybrid,B003,N1,2,0.0,4.345900367012571,,-99.60320430232571,,False,0,0,4.896888110731381
hybrid,B003,N2,1,6.0,0.7067560394001288,-90.00000000000001,-120.70776893539607,30.707768935396075,True,1,0,5.577640523410072
hybrid,B003,N2,2,0.0,4.188210596424206,,-86.8793597139487,,False,0,0,5.577640523410072
hybrid,B003,N2,1,6.0,0.3722353985028542,-90.00000000000001,-123.51635983218699,33.51635983218699,True,1,0,5.080602786735907
hybrid,B003,N2,2,0.0,4.294019678576239,,-89.8265386916575,,False,0,0,5.080602786735907
hybrid,B003,N2,1,6.0,1.5092575340459276,-90.00000000000001,-115.22703230754038,25.227032307540355,True,1,0,6.0463156746568085
hybrid,B003,N2,2,0.0,3.508827296975444,,-84.06193424283835,,False,0,0,6.0463156746568085
hybrid,B004,N1,1,12.0,4.420127947385411,90.0,89.0299923608754,0.9700076391246171,True,1,0,3.8849020860700065
hybrid,B004,N1,2,0.0,3.2400499996142034,,89.68169338854864,,False,0,0,3.8849020860700065
hybrid,B004,N1,1,12.0,4.659286576655404,90.0,88.64297085632901,1.3570291436709851,True,1,0,4.293487087948236
hybrid,B004,N1,2,0.0,2.87000853657267,,89.86025447341704,,False,0,0,4.293487087948236
hybrid,B004,N1,1,12.0,5.114910157902688,90.0,86.24352813102209,3.7564718689779113,True,1,0,5.6619649247411985
hybrid,B004,N1,2,0.0,1.794905289980505,,91.81982226280515,,False,0,0,5.6619649247411985
hybrid,B004,N2,1,12.0,5.065558086251338,90.0,82.29386995857313,7.7061300414268885,True,1,0,6.106890460165122
hybrid,B004,N2,2,0.0,5.081208124058687,,92.59436992295197,,False,0,0,6.106890460165122
hybrid,B004,N2,1,12.0,5.169430353411052,90.0,84.54814192748475,5.45185807251525,True,1,0,6.070007416401852
hybrid,B004,N2,2,0.0,5.296570682998576,,91.78518025075189,,False,0,0,6.070007416401852
hybrid,B004,N2,1,12.0,5.130034288438192,90.0,84.70329371844663,5.296706281553384,True,1,0,5.952563073448388
hybrid,B004,N2,2,0.0,5.272489355133873,,91.76071997891823,,False,0,0,5.952563073448388
hybrid,B005,N1,1,12.0,5.740470346441463,180.0,-178.69834217719992,1.3016578228000526,True,1,0,6.953252265830342
hybrid,B005,N1,2,0.0,4.211094394572508,,178.69371929125083,,False,0,0,6.953252265830342
hybrid,B005,N1,1,12.0,5.406964692267708,180.0,179.99246918387192,0.007530816128081597,True,1,0,7.156886001655234
hybrid,B005,N1,2,0.0,4.44004504481655,,-179.74191264866383,,False,0,0,7.156886001655234
hybrid,B005,N1,1,12.0,5.47637367099064,180.0,-178.52644020011917,1.4735597998808316,True,1,0,6.923601378263105
hybrid,B005,N1,2,0.0,4.468906353908079,,178.8460333722509,,False,0,0,6.923601378263105
hybrid,B005,N2,1,12.0,3.671527186530384,180.0,-170.30739364234034,9.692606357659656,True,1,0,5.909835534368199
hybrid,B005,N2,2,0.0,6.814469605185719,,-179.32734784645768,,False,0,1,5.909835534368199
hybrid,B005,N2,1,12.0,4.770776959602492,180.0,-170.15200013397367,9.847999866026328,True,1,0,7.183715247815055
hybrid,B005,N2,2,0.0,6.112016034010383,,-179.86875989687286,,False,0,1,7.183715247815055
hybrid,B005,N2,1,12.0,3.988917149716325,180.0,-173.3405956884529,6.659404311547064,True,1,0,5.907755012427135
hybrid,B005,N2,2,0.0,6.5100995384095315,,-179.68316020931965,,False,0,1,5.907755012427135
hybrid,B006,N1,1,12.0,9.259831483016027,-90.00000000000001,-95.44099895643947,5.440998956439444,True,1,1,8.678387875828768
hybrid,B006,N1,2,0.0,2.0290413992819367,,-88.16422525945433,,False,0,0,8.678387875828768
hybrid,B006,N1,1,12.0,8.728718490922393,-90.00000000000001,-94.15588470760626,4.155884707606248,True,1,1,8.382931168498805
hybrid,B006,N1,2,0.0,1.7001423469815695,,-89.25856659473767,,False,0,0,8.382931168498805
hybrid,B006,N1,1,12.0,8.922177519128866,-90.00000000000001,-94.91277785331016,4.9127778533101605,True,1,1,7.939357552650463
hybrid,B006,N1,2,0.0,1.7150498535028071,,-87.99513209586154,,False,0,0,7.939357552650463
hybrid,B006,N2,1,12.0,8.298599274292235,-90.00000000000001,-88.69108840561132,1.3089115943886895,True,1,1,8.881317672594776
hybrid,B006,N2,2,0.0,2.956614448993984,,-96.60341705868389,,False,0,0,8.881317672594776
hybrid,B006,N2,1,12.0,8.57476380995616,-90.00000000000001,-89.90763343549044,0.09236656450957526,True,1,1,8.157964235366514
hybrid,B006,N2,2,0.0,3.0842705782729243,,-92.63883389129815,,False,0,0,8.157964235366514
hybrid,B006,N2,1,12.0,8.773455221799873,-90.00000000000001,-90.37993006596798,0.37993006596798296,True,1,1,8.646168192901232
hybrid,B006,N2,2,0.0,2.7701599231813314,,-93.49763320288827,,False,0,0,8.646168192901232
hybrid,B008,N1,1,24.0,19.84061538251654,180.0,-179.59009856058518,0.4099014394148526,True,1,1,15.15119110559751
hybrid,B008,N1,2,0.0,5.368716885811731,,2.401938385340251,,False,0,0,15.15119110559751
hybrid,B008,N1,1,24.0,20.420198255552446,180.0,179.89898975978977,0.10101024021022909,True,1,1,15.10617316378319
hybrid,B008,N1,2,0.0,6.255392873353359,,1.2091333745265194,,False,0,1,15.10617316378319
hybrid,B008,N1,1,24.0,20.201198576036987,180.0,-179.55633016260646,0.4436698373935428,True,1,1,15.101819617707465
hybrid,B008,N1,2,0.0,5.978940123466701,,2.3292941578812867,,False,0,0,15.101819617707465
hybrid,B008,N2,1,24.0,14.642892515716428,180.0,-179.6129681772838,0.38703182271621017,True,1,1,12.961459393321674
hybrid,B008,N2,2,0.0,4.362469484133959,,179.15940697087248,,False,0,0,12.961459393321674
hybrid,B008,N2,1,24.0,15.422875620166897,180.0,-179.63254186374857,0.3674581362514573,True,1,1,13.219137906552579
hybrid,B008,N2,2,0.0,3.3426127505291428,,178.90290792068387,,False,0,0,13.219137906552579
hybrid,B008,N2,1,24.0,17.60782000519354,180.0,-179.46198255897733,0.5380174410227028,True,1,1,14.666181457280604
hybrid,B008,N2,2,0.0,0.8129846247008611,,2.8201724724485273,,False,0,0,14.666181457280604
hybrid,B009,N1,1,24.0,19.608758071821065,-90.00000000000001,-90.09692567092246,0.0969256709224453,True,1,1,10.064037981932742
hybrid,B009,N1,2,0.0,2.760669665135617,,-91.99281502554143,,False,0,0,10.064037981932742
hybrid,B009,N1,1,24.0,18.202057154129516,-90.00000000000001,-89.30810784544414,0.6918921545558874,True,1,1,10.830607771112447
hybrid,B009,N1,2,0.0,3.414205764156578,,-95.04097607184396,,False,0,0,10.830607771112447
hybrid,B009,N1,1,24.0,20.949248458901383,-90.00000000000001,-90.9281902628805,0.9281902628804914,True,1,1,9.986918468675361
hybrid,B009,N1,2,0.0,2.1940328165275926,,-89.68662602631574,,False,0,0,9.986918468675361
hybrid,B009,N2,1,24.0,17.648447076130306,-90.00000000000001,-91.81779777102159,1.81779777102156,True,1,1,10.151645073637901
hybrid,B009,N2,2,0.0,2.776237741981043,,-93.84153111909359,,False,0,0,10.151645073637901
hybrid,B009,N2,1,24.0,17.486524575795617,-90.00000000000001,-91.78377564508584,1.783775645085825,True,1,1,10.091842049106944
hybrid,B009,N2,2,0.0,2.770866290530815,,-92.60631794825913,,False,0,0,10.091842049106944
hybrid,B009,N2,1,24.0,17.19498870027327,-90.00000000000001,-91.20776181047323,1.2077618104732153,True,1,1,10.137364273528815
hybrid,B009,N2,2,0.0,3.0270654105915846,,-95.11731484997266,,False,0,0,10.137364273528815
hybrid,B010,N1,1,30.0,15.95291208787344,90.0,92.82574570413207,2.825745704132089,True,1,1,17.48946776359916
hybrid,B010,N1,2,0.0,9.581398645291824,,86.1700140915524,,False,0,1,17.48946776359916
hybrid,B010,N1,1,30.0,15.94496904259518,90.0,91.01131476712202,1.0113147671220304,True,1,1,17.235599947923824
hybrid,B010,N1,2,0.0,9.754571646156483,,87.89673013516304,,False,0,1,17.235599947923824
hybrid,B010,N1,1,30.0,15.806270835673274,90.0,93.42733847236403,3.4273384723640277,True,1,1,17.371490650707603
hybrid,B010,N1,2,0.0,9.84620454794638,,85.22282737411187,,False,0,1,17.371490650707603
hybrid,B010,N2,1,30.0,16.243291560676624,90.0,89.60814955449155,0.39185044550845305,True,1,1,14.390564043119328
hybrid,B010,N2,2,0.0,21.029123257996275,,90.19617100219611,,False,0,1,14.390564043119328
hybrid,B010,N2,1,30.0,16.47628618869771,90.0,89.61369087862026,0.38630912137972473,True,1,1,14.585323168884326
hybrid,B010,N2,2,0.0,19.447,,90.0,,False,0,1,14.585323168884326
hybrid,B010,N2,1,30.0,16.46226653637735,90.0,89.62380340749783,0.3761965925021684,True,1,1,14.351966776517287
hybrid,B010,N2,2,0.0,19.847000906938057,,89.98267875917743,,False,0,1,14.351966776517287
hybrid,B011,N1,1,30.0,26.990291161823354,180.0,179.4395641415651,0.5604358584348859,True,1,1,11.354032661619211
hybrid,B011,N1,2,0.0,24.48406161158724,,-0.533556349703591,,False,0,1,11.354032661619211
hybrid,B011,N1,1,30.0,28.246040784506416,180.0,179.90263418645884,0.0973658135411597,True,1,1,9.15252470434722
hybrid,B011,N1,2,0.0,25.98233530689649,,-0.29108528316345594,,False,0,1,9.15252470434722
hybrid,B011,N1,1,30.0,28.930039820228384,180.0,179.90493622907061,0.09506377092938578,True,1,1,6.685772143077013
hybrid,B011,N1,2,0.0,27.178053646278645,,-0.11384090154829495,,False,0,1,6.685772143077013
hybrid,B011,N2,1,30.0,27.907331085598276,180.0,179.50373383167366,0.4962661683263434,True,1,1,10.7452067169845
hybrid,B011,N2,2,0.0,25.44736945147769,,0.5944173193681906,,False,0,1,10.7452067169845
hybrid,B011,N2,1,30.0,28.38102000102535,180.0,179.75929612400708,0.24070387599292076,True,1,1,9.306700443884273
hybrid,B011,N2,2,0.0,26.619557997833095,,0.6199015940640553,,False,0,1,9.306700443884273
hybrid,B011,N2,1,30.0,27.867134750894643,180.0,179.55236448222846,0.44763551777154476,True,1,1,10.690103753340903
hybrid,B011,N2,2,0.0,25.58136227803359,,0.591303705200983,,False,0,1,10.690103753340903
hybrid,B012,N1,1,30.0,16.391364799796264,-90.00000000000001,-91.93686789324856,1.9368678932485466,True,1,1,11.452952061644265
hybrid,B012,N1,2,0.0,9.932007249292562,,-90.06922563628666,,False,0,1,11.452952061644265
hybrid,B012,N1,1,30.0,16.199904320705105,-90.00000000000001,-91.78991060824607,1.7899106082460605,True,1,1,11.22878694041947
hybrid,B012,N1,2,0.0,9.628007478185713,,-90.07141140404431,,False,0,1,11.22878694041947
hybrid,B012,N1,1,30.0,16.061557209685493,-90.00000000000001,-91.97665511432517,1.9766551143251547,True,1,1,11.164257910518923
hybrid,B012,N1,2,0.0,9.906356141387207,,-90.48583990787786,,False,0,1,11.164257910518923
hybrid,B012,N2,1,30.0,16.68496405166464,-90.00000000000001,-91.2536026367106,1.253602636710582,True,1,1,11.932464900356187
hybrid,B012,N2,2,0.0,6.962083021625065,,-89.72018945467298,,False,0,1,11.932464900356187
hybrid,B012,N2,1,30.0,16.75694689274801,-90.00000000000001,-91.24821668010722,1.2482166801071912,True,1,1,11.742268680422494
hybrid,B012,N2,2,0.0,7.212932829300437,,-90.92148327346874,,False,0,1,11.742268680422494
hybrid,B012,N2,1,30.0,16.39728604952003,-90.00000000000001,-92.39434266968924,2.394342669689223,True,1,1,12.29615630464885
hybrid,B012,N2,2,0.0,6.962999928191871,,-89.02897806892085,,False,0,1,12.29615630464885
hybrid,B013,N1,1,0.0,3.5390375786589403,,97.21823065731675,,False,0,0,6.22987299602284
hybrid,B013,N1,2,6.0,1.7494637035388876,90.0,81.66842186588704,8.33157813411296,True,1,0,6.22987299602284
hybrid,B013,N1,1,0.0,5.185724199289555,,85.89138054464178,,False,0,0,4.463792218753962
hybrid,B013,N1,2,6.0,0.5377666780305377,90.0,105.97466577296825,15.974665772968251,True,1,0,4.463792218753962
hybrid,B013,N1,1,0.0,4.850906107643932,,85.19014060906252,,False,0,0,5.140031208388001
hybrid,B013,N1,2,6.0,0.7426257469277511,90.0,112.31718651706605,22.317186517066034,True,1,0,5.140031208388001
hybrid,B013,N2,1,0.0,6.700964899663426,,93.73660293331329,,False,0,1,4.368683298044113
hybrid,B013,N2,2,6.0,2.558220084355527,90.0,88.23037653064313,1.7696234693568726,True,1,0,4.368683298044113
hybrid,B013,N2,1,0.0,6.717743467133798,,93.54946046765589,,False,0,1,4.34479545720066
hybrid,B013,N2,2,6.0,2.940074999043391,90.0,90.40924860803494,0.4092486080349431,True,1,0,4.34479545720066
hybrid,B013,N2,1,0.0,6.713105290521776,,93.30421128804826,,False,0,1,4.761211064920558
hybrid,B013,N2,2,6.0,2.784219998491498,90.0,90.72027537484634,0.7202753748463238,True,1,0,4.761211064920558
hybrid,B014,N1,1,0.0,1.1810600066554489,,-167.9210810902454,,False,0,0,8.94295547775478
hybrid,B014,N1,2,6.0,0.4364974226728035,180.0,160.31968691030963,19.680313089690372,True,1,0,8.94295547775478
hybrid,B014,N1,1,0.0,3.6976391093517806,,-173.26304853858636,,False,0,0,6.302785174562051
hybrid,B014,N1,2,6.0,1.706219505221998,180.0,2.922774801994082,177.07722519800592,True,1,0,6.302785174562051
hybrid,B014,N1,1,0.0,2.3704438944019177,,-169.6742853105146,,False,0,0,8.002823378627365
hybrid,B014,N1,2,6.0,0.7746650889255304,180.0,11.542015374895461,168.45798462510453,True,1,0,8.002823378627365
hybrid,B014,N2,1,0.0,3.614478167492842,,175.29506571076112,,False,0,0,7.2010552233673835
hybrid,B014,N2,2,6.0,0.8002980694716187,180.0,-170.36113013941076,9.638869860589239,True,1,0,7.2010552233673835
hybrid,B014,N2,1,0.0,4.42185051992253,,176.56289287149502,,False,0,0,6.380044035659827
hybrid,B014,N2,2,6.0,0.7345944459359872,180.0,-10.19322692505729,169.80677307494273,True,1,0,6.380044035659827
hybrid,B014,N2,1,0.0,3.8306760903474895,,172.9125933361116,,False,0,0,7.169442360450487
hybrid,B014,N2,2,6.0,0.17266151858477313,180.0,-108.22507511135449,71.7749248886455,True,1,0,7.169442360450487
hybrid,B015,N1,1,0.0,4.2421276567389254,,-92.31141030562762,,False,0,0,5.312882822719384
hybrid,B015,N1,2,6.0,2.004660569772349,-90.00000000000001,-83.06641791546394,6.933582084536056,True,1,0,5.312882822719384
hybrid,B015,N1,1,0.0,2.6135630599855366,,-79.56447545841985,,False,0,0,6.242390704384327
hybrid,B015,N1,2,6.0,2.9304211301449494,-90.00000000000001,-94.34472065409281,4.344720654092782,True,1,0,6.242390704384327
hybrid,B015,N1,1,0.0,3.7128701512873814,,-86.977625715661,,False,0,0,5.3664782475741095
hybrid,B015,N1,2,6.0,2.4293805794893477,-90.00000000000001,-91.01418740268578,1.0141874026857636,True,1,0,5.3664782475741095
hybrid,B015,N2,1,0.0,2.495393669580097,,-87.91406246427417,,False,0,0,6.720383420875833
hybrid,B015,N2,2,6.0,3.753417775841107,-90.00000000000001,-89.14513041361339,0.8548695863866271,True,1,0,6.720383420875833
hybrid,B015,N2,1,0.0,2.541864729977068,,-88.55270105701263,,False,0,0,6.61261127596969
hybrid,B015,N2,2,6.0,3.5932454689319515,-90.00000000000001,-89.33027744436069,0.6697225556393391,True,1,0,6.61261127596969
hybrid,B015,N2,1,0.0,3.245269475943149,,-88.54658173479815,,False,0,0,5.899925407691747
hybrid,B015,N2,2,6.0,3.1591723599702504,-90.00000000000001,-89.40149036045553,0.5985096395444884,True,1,0,5.899925407691747
hybrid,B016,N1,1,0.0,0.47840456000120374,,103.07595906844423,,False,0,0,9.511028550960692
hybrid,B016,N1,2,12.0,8.702800009192444,90.0,89.22311105053099,0.7768889494690256,True,1,1,9.511028550960692
hybrid,B016,N1,1,0.0,1.2524150108753622,,-93.40734711776821,,False,0,0,10.349272883676505
hybrid,B016,N1,2,12.0,10.32200484402134,90.0,89.94449160861511,0.05550839138487618,True,1,1,10.349272883676505
hybrid,B016,N1,1,0.0,0.15183505837811298,,-128.37733689615732,,False,0,0,9.887526794377134
hybrid,B016,N1,2,12.0,9.128000492988592,90.0,90.01883077698844,0.018830776988437492,True,1,1,9.887526794377134
hybrid,B016,N2,1,0.0,5.533677538246211,,88.28402495164147,,False,0,0,9.099494733176929
hybrid,B016,N2,2,12.0,10.716345085895657,90.0,90.45981068079989,0.4598106807998761,True,1,1,9.099494733176929
hybrid,B016,N2,1,0.0,6.381645945405243,,88.21207888420325,,False,0,1,8.861143870081815
hybrid,B016,N2,2,12.0,9.896600274841862,90.0,90.63106178527632,0.6310617852763016,True,1,1,8.861143870081815
hybrid,B016,N2,1,0.0,6.06520295261609,,88.63437070126811,,False,0,1,8.955619464244084
hybrid,B016,N2,2,12.0,10.318204737259286,90.0,90.36093975607405,0.36093975607406037,True,1,1,8.955619464244084
hybrid,B017,N1,1,0.0,9.788239473449034,,176.37099806066942,,False,0,1,6.577642559750208
hybrid,B017,N1,2,12.0,2.9879720547555326,180.0,-176.08515796442052,3.914842035579454,True,1,0,6.577642559750208
hybrid,B017,N1,1,0.0,9.602293880310668,,177.01936877628847,,False,0,1,6.429866067548989
hybrid,B017,N1,2,12.0,2.6700981255377116,180.0,-175.0153878739982,4.984612126001821,True,1,0,6.429866067548989
hybrid,B017,N1,1,0.0,8.552743542599487,,177.25928334613735,,False,0,1,6.996116348835473
hybrid,B017,N1,2,12.0,3.129883064908336,180.0,-175.93264274395017,4.0673572560498314,True,1,0,6.996116348835473
hybrid,B017,N2,1,0.0,4.408092771395826,,-175.7156344621773,,False,0,0,12.225413602530232
hybrid,B017,N2,2,12.0,9.26401381691543,180.0,-179.90104365709252,0.09895634290751332,True,1,1,12.225413602530232
hybrid,B017,N2,1,0.0,5.95055605512274,,-176.1563743692901,,False,0,0,11.436756109983609
hybrid,B017,N2,2,12.0,8.216370244822222,180.0,179.45606906720857,0.5439309327914259,True,1,1,11.436756109983609
hybrid,B017,N2,1,0.0,5.006095994861012,,-177.60298935209158,,False,0,0,12.196013667997914
hybrid,B017,N2,2,12.0,8.52263456919279,180.0,-179.30081374301156,0.6991862569884688,True,1,1,12.196013667997914
hybrid,B018,N1,1,0.0,5.338789128892347,,-85.04390577867419,,False,0,0,7.122190561864877
hybrid,B018,N1,2,12.0,6.7628946465252575,-90.00000000000001,-90.93196981561454,0.9319698156145364,True,1,1,7.122190561864877
hybrid,B018,N1,1,0.0,5.102465895239709,,-74.79546573175416,,False,0,0,8.05372067112787
hybrid,B018,N1,2,12.0,7.0812004631983125,-90.00000000000001,-96.89418856833142,6.894188568331401,True,1,1,8.05372067112787
hybrid,B018,N1,1,0.0,5.257701587144125,,-80.5173470752507,,False,0,0,7.6790921056460135
hybrid,B018,N1,2,12.0,6.901168017082326,-90.00000000000001,-94.27135330974684,4.271353309746814,True,1,1,7.6790921056460135
hybrid,B018,N2,1,0.0,6.632347369674054,,-84.72510509553017,,False,0,1,7.828225820162135
hybrid,B018,N2,2,12.0,6.913868381738258,-90.00000000000001,-94.76226528167672,4.762265281676719,True,1,1,7.828225820162135
hybrid,B018,N2,1,0.0,7.115366813195888,,-88.25283252606408,,False,0,1,6.836282957877701
hybrid,B018,N2,2,12.0,7.008087399569157,-90.00000000000001,-90.28614948773834,0.28614948773832793,True,1,1,6.836282957877701
hybrid,B018,N2,1,0.0,6.754649292020664,,-87.05288920059147,,False,0,1,7.302952425462483
hybrid,B018,N2,2,12.0,7.0763152134426575,-90.00000000000001,-91.46568756905572,1.4656875690557172,True,1,1,7.302952425462483
hybrid,B019,N1,1,0.0,1.791475928457674,,-112.56789638419582,,False,0,0,11.50674598002311
hybrid,B019,N1,2,24.0,18.726015379679684,90.0,90.07343255128704,0.0734325512870555,True,1,1,11.50674598002311
hybrid,B019,N1,1,0.0,0.9022765877373475,,-132.496535685579,,False,0,0,11.195914858775119
hybrid,B019,N1,2,24.0,18.578019619970263,90.0,90.08326972535724,0.08326972535724053,True,1,1,11.195914858775119
hybrid,B019,N1,1,0.0,1.9723437019087287,,-109.32063764494741,,False,0,0,11.530105877334435
hybrid,B019,N1,2,24.0,18.748047044959108,90.0,90.12835602271605,0.12835602271604785,True,1,1,11.530105877334435
hybrid,B019,N2,1,0.0,1.1534715302546001,,-105.06598690818048,,False,0,0,11.34255204770799
hybrid,B019,N2,2,24.0,16.617276912900017,90.0,90.7102988638294,0.7102988638293937,True,1,1,11.34255204770799
hybrid,B019,N2,1,0.0,1.0956449086857407,,-105.88158713117754,,False,0,0,11.368435145022332
hybrid,B019,N2,2,24.0,16.70127049059442,90.0,90.7067264663669,0.706726466366888,True,1,1,11.368435145022332
hybrid,B019,N2,1,0.0,1.2562710734243248,,-99.7613872181903,,False,0,0,11.503936825967198
hybrid,B019,N2,2,24.0,16.396928614835158,90.0,91.4048491603772,1.4048491603771822,True,1,1,11.503936825967198
hybrid,B020,N1,1,0.0,8.9424251728543,,-178.52951610136188,,False,0,1,9.132214336935682
hybrid,B020,N1,2,24.0,15.012202636522064,180.0,179.70230278538372,0.29769721461627796,True,1,1,9.132214336935682
hybrid,B020,N1,1,0.0,10.786930306967596,,-178.7861589331182,,False,0,1,8.145350287908178
hybrid,B020,N1,2,24.0,13.224110253623872,180.0,-179.76603486866995,0.23396513133002372,True,1,1,8.145350287908178
hybrid,B020,N1,1,0.0,7.90758132434047,,-177.8405269356015,,False,0,1,9.618197404270969
hybrid,B020,N1,2,24.0,15.755097968594164,180.0,179.32356735711238,0.6764326428876188,True,1,1,9.618197404270969
hybrid,B020,N2,1,0.0,1.3477144327610575,,176.38271605297686,,False,0,0,13.882287287153456
hybrid,B020,N2,2,24.0,20.792146305756894,180.0,-179.78505916519313,0.21494083480683912,True,1,1,13.882287287153456
hybrid,B020,N2,1,0.0,1.1273972385045796,,176.28594945933364,,False,0,0,13.881237680274904
hybrid,B020,N2,2,24.0,20.760104913029707,180.0,-179.81784640136442,0.18215359863557978,True,1,1,13.881237680274904
hybrid,B020,N2,1,0.0,2.292193094191304,,178.17424336802364,,False,0,0,13.168462453233213
hybrid,B020,N2,2,24.0,20.71404257985389,180.0,-179.8838264245544,0.11617357544560036,True,1,1,13.168462453233213
hybrid,B021,N1,1,0.0,5.612162473095839,,-83.65854905923877,,False,0,0,9.883581094948372
hybrid,B021,N1,2,24.0,16.791398095453516,-90.00000000000001,-91.8121857326723,1.8121857326722761,True,1,1,9.883581094948372
hybrid,B021,N1,1,0.0,5.233151131830434,,-82.1610989945721,,False,0,0,10.150567581791254
hybrid,B021,N1,2,24.0,17.08572986442195,-90.00000000000001,-92.12320636815662,2.123206368156616,True,1,1,10.150567581791254
hybrid,B021,N1,1,0.0,5.245670106122551,,-73.14975655299693,,False,0,0,11.687766499017087
hybrid,B021,N1,2,24.0,16.549060547354344,-90.00000000000001,-94.50199925221176,4.5019992522117604,True,1,1,11.687766499017087
hybrid,B021,N2,1,0.0,5.694604330923939,,-82.7369369808375,,False,0,0,10.282441648588566
hybrid,B021,N2,2,24.0,17.101558759364597,-90.00000000000001,-91.46089998042828,1.4608999804282803,True,1,1,10.282441648588566
hybrid,B021,N2,1,0.0,5.468653985664526,,-83.40131942328307,,False,0,0,10.067921247117479
hybrid,B021,N2,2,24.0,17.06700020507412,-90.00000000000001,-91.07433782432315,1.0743378243231518,True,1,1,10.067921247117479
hybrid,B021,N2,1,0.0,5.270541264671118,,-81.97371705837217,,False,0,0,10.118036186089855
hybrid,B021,N2,2,24.0,16.97481266465112,-90.00000000000001,-91.04303794895708,1.0430379489570782,True,1,1,10.118036186089855
hybrid,B022,N1,1,0.0,8.96906014240463,,91.8369720790525,,False,0,1,9.312314883265117
hybrid,B022,N1,2,30.0,13.52759420591851,90.0,88.35217328841766,1.6478267115823542,True,1,1,9.312314883265117
hybrid,B022,N1,1,0.0,9.073895500673279,,92.49709473428996,,False,0,1,9.58238449919023
hybrid,B022,N1,2,30.0,13.285060782698736,90.0,87.66181471033009,2.338185289669923,True,1,1,9.58238449919023
hybrid,B022,N1,1,0.0,8.604318809143622,,91.79266046843371,,False,0,1,9.165706798827847
hybrid,B022,N1,2,30.0,13.877093535751643,90.0,88.79017094448247,1.209829055517531,True,1,1,9.165706798827847
hybrid,B022,N2,1,0.0,22.037389189629074,,90.44145757366817,,False,0,1,12.649123477378067
hybrid,B022,N2,2,30.0,16.731258470300435,90.0,90.31847783256853,0.3184778325685329,True,1,1,12.649123477378067
hybrid,B022,N2,1,0.0,21.605883986148605,,89.86428663226505,,False,0,1,12.930546171726942
hybrid,B022,N2,2,30.0,16.19491432518246,90.0,90.88096861583709,0.8809686158371051,True,1,1,12.930546171726942
hybrid,B022,N2,1,0.0,21.587378297217843,,89.88942368243018,,False,0,1,12.965327184972487
hybrid,B022,N2,2,30.0,16.106656574224214,90.0,90.82175830704006,0.8217583070400565,True,1,1,12.965327184972487
hybrid,B023,N1,1,0.0,9.692894447465143,,-179.19641050906282,,False,0,1,13.837502067945195
hybrid,B023,N1,2,30.0,14.346061480420332,180.0,-179.83225875753877,0.1677412424612612,True,1,1,13.837502067945195
hybrid,B023,N1,1,0.0,8.599454483255837,,-178.39560960602006,,False,0,1,12.674271828185049
hybrid,B023,N1,2,30.0,16.018017979762664,180.0,179.91415297294867,0.0858470270513294,True,1,1,12.674271828185049
hybrid,B023,N1,1,0.0,8.674400289670531,,-178.4224957820526,,False,0,1,13.008017911613814
hybrid,B023,N1,2,30.0,15.516083816478949,180.0,-179.8116734833768,0.18832651662319222,True,1,1,13.008017911613814
hybrid,B023,N2,1,0.0,16.90448741098642,,179.97124013172828,,False,0,1,15.99445238925983
hybrid,B023,N2,2,30.0,14.0605120817131,180.0,-179.51100095281228,0.48899904718768994,True,1,1,15.99445238925983
hybrid,B023,N2,1,0.0,14.4580034176914,,179.96060420218402,,False,0,1,16.49743312548106
hybrid,B023,N2,2,30.0,15.088687152963308,180.0,-179.453185196625,0.546814803375014,True,1,1,16.49743312548106
hybrid,B023,N2,1,0.0,15.058003281510342,,179.96217396388403,,False,0,1,16.458425232283137
hybrid,B023,N2,2,30.0,14.50831761438934,180.0,-179.62087713284194,0.37912286715805976,True,1,1,16.458425232283137
hybrid,B024,N1,1,0.0,7.3354155381366635,,-87.41327244857594,,False,0,1,14.182411429202496
hybrid,B024,N1,2,30.0,16.965211463462516,-90.00000000000001,-92.58109277164385,2.5810927716438528,True,1,1,14.182411429202496
hybrid,B024,N1,1,0.0,6.382263911301351,,-87.26060220533623,,False,0,1,13.352557871426875
hybrid,B024,N1,2,30.0,17.847229056635094,-90.00000000000001,-92.0325752868135,2.0325752868134828,True,1,1,13.352557871426875
hybrid,B024,N1,1,0.0,6.342427129036975,,-85.07080448126412,,False,0,1,14.230471407773583
hybrid,B024,N1,2,30.0,17.23897772491165,-90.00000000000001,-93.43535554136433,3.4353555413643164,True,1,1,14.230471407773583
hybrid,B024,N2,1,0.0,1.9540851417366918,,-58.775944032911184,,False,0,0,16.48233532634964
hybrid,B024,N2,2,30.0,16.11035741378819,-90.00000000000001,-92.41910884644724,2.419108846447216,True,1,1,16.48233532634964
hybrid,B024,N2,1,0.0,1.8726428059844176,,-52.77032560377836,,False,0,0,16.297708355420134
hybrid,B024,N2,2,30.0,16.36556494594672,-90.00000000000001,-92.80191354923618,2.8019135492361613,True,1,1,16.297708355420134
hybrid,B024,N2,1,0.0,1.4615412063395674,,-39.671674090688434,,False,0,0,16.885261166931947
hybrid,B024,N2,2,30.0,15.694476130154838,-90.00000000000001,-93.45199684650574,3.451996846505722,True,1,1,16.885261166931947
hybrid,B025,N1,1,6.0,3.7559091589454776,90.0,106.2600668098077,16.26006680980771,True,1,0,6.088888663182029
hybrid,B025,N1,2,6.0,4.069366535469618,90.0,83.1124922276948,6.8875077723051845,True,1,0,6.088888663182029
hybrid,B025,N1,1,6.0,3.301909194785782,90.0,104.48580923563813,14.48580923563813,True,1,0,5.833671017962434
hybrid,B025,N1,2,6.0,4.348722226125739,90.0,84.97376133036373,5.026238669636257,True,1,0,5.833671017962434
hybrid,B025,N1,1,6.0,3.2852566754185584,90.0,108.65229676545903,18.652296765459027,True,1,0,6.075931950868426
hybrid,B025,N1,2,6.0,4.545370501950308,90.0,84.98930954222261,5.0106904577774,True,1,0,6.075931950868426
hybrid,B025,N2,1,6.0,6.586665217368521,90.0,93.82991533422361,3.829915334223614,True,1,1,8.128430799100956
hybrid,B025,N2,2,6.0,7.732155262279722,90.0,89.63690434392224,0.3630956560777463,True,1,1,8.128430799100956
hybrid,B025,N2,1,6.0,6.500752834372632,90.0,93.03873848611401,3.0387384861140276,True,1,1,7.476494823436977
hybrid,B025,N2,2,6.0,7.353269884887947,90.0,90.4908942997593,0.49089429975930443,True,1,1,7.476494823436977
hybrid,B025,N2,1,6.0,5.74777567495453,90.0,94.24080084314916,4.240800843149145,True,1,0,7.2220310163867945
hybrid,B025,N2,2,6.0,7.571499851416495,90.0,89.34163077177034,0.6583692282296738,True,1,1,7.2220310163867945
hybrid,B026,N1,1,6.0,8.532726778870869,180.0,-176.2121916986744,3.78780830132564,True,1,1,6.64873920290631
hybrid,B026,N1,2,6.0,0.2022374841615669,180.0,98.53076560994813,81.46923439005187,True,1,0,6.64873920290631
hybrid,B026,N1,1,6.0,8.879083112011843,180.0,-176.92730285566606,3.0726971443339153,True,1,1,7.000443363171711
hybrid,B026,N1,2,6.0,0.23847222060441342,180.0,74.68166420654543,105.31833579345457,True,1,0,7.000443363171711
hybrid,B026,N1,1,6.0,8.145310522450337,180.0,-172.71982580174685,7.280174198253121,True,1,1,6.4214029428027875
hybrid,B026,N1,2,6.0,1.0051691399958516,180.0,158.15625113135812,21.84374886864188,True,1,0,6.4214029428027875
hybrid,B026,N2,1,6.0,7.757497282921725,180.0,179.3873595817859,0.612640418214113,True,1,1,9.457655508253637
hybrid,B026,N2,2,6.0,1.4341227283604427,180.0,176.8822214465915,3.117778553408499,True,1,0,9.457655508253637
hybrid,B026,N2,1,6.0,8.35161080315894,180.0,-179.81772762688504,0.18227237311498357,True,1,1,8.98084991638635
hybrid,B026,N2,2,6.0,1.1040652154651012,180.0,179.37724431279366,0.622755687206336,True,1,0,8.98084991638635
hybrid,B026,N2,1,6.0,7.974139414751482,180.0,179.7345334179419,0.26546658205811013,True,1,1,9.189608030325964
hybrid,B026,N2,2,6.0,1.7462614351808838,180.0,173.48951206062392,6.510487939376077,True,1,0,9.189608030325964
hybrid,B027,N1,1,6.0,3.6359908881146716,-90.00000000000001,-92.28389148049799,2.283891480497971,True,1,0,6.405299658106603
hybrid,B027,N1,2,6.0,5.722402991750931,-90.00000000000001,-86.89459292483073,3.105407075169296,True,1,0,6.405299658106603
hybrid,B027,N1,1,6.0,3.381548460170021,-90.00000000000001,-90.19436093471896,0.19436093471892946,True,1,0,6.469532993081302
hybrid,B027,N1,2,6.0,6.07910166060743,-90.00000000000001,-87.6525081904589,2.3474918095411113,True,1,1,6.469532993081302
hybrid,B027,N1,1,6.0,2.722658345459694,-90.00000000000001,-87.07144191600163,2.9285580839983822,True,1,0,5.998315981994798
hybrid,B027,N1,2,6.0,6.888641375481816,-90.00000000000001,-89.21813749076101,0.781862509239005,True,1,1,5.998315981994798
hybrid,B027,N2,1,6.0,2.9828125893038635,-90.00000000000001,-94.4053801981621,4.405380198162106,True,1,0,6.284618886534494
hybrid,B027,N2,2,6.0,6.968079003570495,-90.00000000000001,-87.60652511363745,2.3934748863625828,True,1,1,6.284618886534494
hybrid,B027,N2,1,6.0,2.120182525847626,-90.00000000000001,-92.5999677747015,2.599967774701497,True,1,0,5.9031594254153426
hybrid,B027,N2,2,6.0,7.711025872087319,-90.00000000000001,-88.3948299959639,1.605170004036097,True,1,1,5.9031594254153426
hybrid,B027,N2,1,6.0,2.540034385636716,-90.00000000000001,-92.61122766230305,2.611227662303037,True,1,0,6.0727159339636545
hybrid,B027,N2,2,6.0,7.370007123470098,-90.00000000000001,-88.11053123041876,1.8894687695812422,True,1,1,6.0727159339636545
hybrid,B028,N1,1,12.0,4.16521291195956,90.0,90.62448338562886,0.6244833856288778,True,1,0,8.374843947107042
hybrid,B028,N1,2,12.0,12.187002625748464,90.0,90.03761107493777,0.037611074937785816,True,1,1,8.374843947107042
hybrid,B028,N1,1,12.0,4.7231879566891735,90.0,90.7448118397562,0.7448118397562098,True,1,0,8.364622367245369
hybrid,B028,N1,2,12.0,10.881001654259592,90.0,89.9684059698341,0.03159403016590545,True,1,1,8.364622367245369
hybrid,B028,N1,1,12.0,3.4851065057306463,90.0,90.81445925368588,0.8144592536858681,True,1,0,8.380108294273182
hybrid,B028,N1,2,12.0,13.249018265516884,90.0,89.90486029203936,0.09513970796064086,True,1,1,8.380108294273182
hybrid,B028,N2,1,12.0,3.1697936171439993,90.0,87.47072926437184,2.5292707356281596,True,1,0,9.018112172674186
hybrid,B028,N2,2,12.0,19.883130362193974,90.0,90.20747764891875,0.2074776489187684,True,1,1,9.018112172674186
hybrid,B028,N2,1,12.0,3.438815774111601,90.0,87.55148782512829,2.4485121748717233,True,1,0,9.439252146145918
hybrid,B028,N2,2,12.0,19.419594872190306,90.0,90.44846699791304,0.44846699791304445,True,1,1,9.439252146145918
hybrid,B028,N2,1,12.0,3.171721665391232,90.0,85.412016105277,4.587983894722981,True,1,0,9.493495041998465
hybrid,B028,N2,2,12.0,19.187454052062254,90.0,90.39416915517151,0.39416915517151097,True,1,1,9.493495041998465
hybrid,B029,N1,1,12.0,8.627584909697354,180.0,-177.07982441112077,2.9201755888792604,True,1,1,12.56327018549523
hybrid,B029,N1,2,12.0,11.928171695612031,180.0,179.69258092718673,0.30741907281327485,True,1,1,12.56327018549523
hybrid,B029,N1,1,12.0,8.012386590709452,180.0,-175.09413744063596,4.905862559364039,True,1,1,12.381922135112676
hybrid,B029,N1,2,12.0,12.480346469549634,180.0,178.8889372813618,1.111062718638209,True,1,1,12.381922135112676
hybrid,B029,N1,1,12.0,8.339483704007792,180.0,-177.43479396119184,2.565206038808128,True,1,1,13.004579222555613
hybrid,B029,N1,2,12.0,11.786013745113314,180.0,-179.91249590790773,0.08750409209227428,True,1,1,13.004579222555613
hybrid,B029,N2,1,12.0,9.770208819278617,180.0,-179.5315384840159,0.46846151598413144,True,1,1,12.920250843743275
hybrid,B029,N2,2,12.0,15.193118475151834,180.0,-179.77372942149924,0.2262705785007597,True,1,1,12.920250843743275
hybrid,B029,N2,1,12.0,8.913438722051547,180.0,-179.6319621409569,0.36803785904311326,True,1,1,12.536460412080585
hybrid,B029,N2,2,12.0,16.17511128246109,180.0,-179.78746639856072,0.21253360143930422,True,1,1,12.536460412080585
hybrid,B029,N2,1,12.0,8.381701061814399,180.0,-179.51193743713998,0.4880625628600228,True,1,1,12.348089093910314
hybrid,B029,N2,2,12.0,16.69310782928092,180.0,-179.79406146488637,0.20593853511365978,True,1,1,12.348089093910314
hybrid,B030,N1,1,12.0,13.758113909000489,-90.00000000000001,-89.84882186341218,0.15117813658781643,True,1,1,11.689494352668042
hybrid,B030,N1,2,12.0,8.378401279480471,-90.00000000000001,-90.5607667586755,0.5607667586754701,True,1,1,11.689494352668042
hybrid,B030,N1,1,12.0,13.816016759755405,-90.00000000000001,-89.93239670644431,0.06760329355569183,True,1,1,11.819967368136655
hybrid,B030,N1,2,12.0,8.442796929927901,-90.00000000000001,-90.78724143259831,0.7872414325983073,True,1,1,11.819967368136655
hybrid,B030,N1,1,12.0,12.47319880176151,-90.00000000000001,-89.89717522210675,0.10282477789326094,True,1,1,11.521822668538935
hybrid,B030,N1,2,12.0,9.010150054244379,-90.00000000000001,-90.33067119374266,0.33067119374265985,True,1,1,11.521822668538935
hybrid,B030,N2,1,12.0,9.725688554244472,-90.00000000000001,-89.22286070430908,0.7771392956909153,True,1,1,12.123185322948093
hybrid,B030,N2,2,12.0,12.024540407017641,-90.00000000000001,-90.54320718253514,0.5432071825351272,True,1,1,12.123185322948093
hybrid,B030,N2,1,12.0,10.572944087593205,-90.00000000000001,-89.12302964468296,0.8769703553170416,True,1,1,12.211305502285764
hybrid,B030,N2,2,12.0,11.298229418807178,-90.00000000000001,-90.36513013629252,0.365130136292521,True,1,1,12.211305502285764
hybrid,B030,N2,1,12.0,8.040559088524729,-90.00000000000001,-86.71689281566152,3.2831071843384905,True,1,1,12.0557300429324
hybrid,B030,N2,2,12.0,12.793066246994893,-90.00000000000001,-91.61253005783318,1.612530057833169,True,1,1,12.0557300429324
hybrid,B032,N1,1,24.0,18.6161382495434,180.0,-174.2416969215237,5.758303078476274,True,1,1,14.812044669827172
hybrid,B032,N1,2,24.0,20.095107165675923,180.0,175.99360852837276,4.006391471627239,True,1,1,14.812044669827172
hybrid,B032,N1,1,24.0,19.08413396067407,180.0,-174.79746471011794,5.202535289882064,True,1,1,14.547823085269327
hybrid,B032,N1,2,24.0,20.23501934765569,180.0,175.69771699744143,4.302283002558568,True,1,1,14.547823085269327
hybrid,B032,N1,1,24.0,19.281710902479375,180.0,-174.7076924443763,5.292307555623665,True,1,1,14.683359471313107
hybrid,B032,N1,2,24.0,19.84571308872523,180.0,175.2656087067787,4.734391293221307,True,1,1,14.683359471313107
hybrid,B032,N2,1,24.0,19.274239077068646,180.0,-179.71462336055822,0.28537663944177893,True,1,1,12.221770748319702
hybrid,B032,N2,2,24.0,26.74306730724806,180.0,-179.87145267910577,0.1285473208941994,True,1,1,12.221770748319702
hybrid,B032,N2,1,24.0,19.400958568889912,180.0,-179.59978861095743,0.4002113890425676,True,1,1,12.156201370407747
hybrid,B032,N2,2,24.0,26.713,180.0,180.0,0.0,True,1,1,12.156201370407747
hybrid,B032,N2,1,24.0,18.68024667931342,180.0,-179.70554890739035,0.29445109260962,True,1,1,12.25514299628901
hybrid,B032,N2,2,24.0,26.707067397975393,180.0,-179.8712794028864,0.12872059711361317,True,1,1,12.25514299628901
hybrid,B033,N1,1,24.0,17.264096190696705,-90.00000000000001,-80.35315073294568,9.646849267054336,True,1,1,19.499706764531446
hybrid,B033,N1,2,24.0,13.804653273443705,-90.00000000000001,-80.72054330074484,9.279456699255178,True,1,1,19.499706764531446
hybrid,B033,N1,1,24.0,18.75111570013902,-90.00000000000001,-79.34805970444005,10.651940295559967,True,1,1,20.396443385004012
hybrid,B033,N1,2,24.0,14.041762994723987,-90.00000000000001,-76.39920161465439,13.600798385345627,True,1,1,20.396443385004012
hybrid,B033,N1,1,24.0,18.807245944050397,-90.00000000000001,-78.87767113057431,11.1223288694257,True,1,1,20.606988453645535
hybrid,B033,N1,2,24.0,13.941569639032759,-90.00000000000001,-74.86527009269099,15.134729907309008,True,1,1,20.606988453645535
hybrid,B033,N2,1,24.0,19.393083303074835,-90.00000000000001,-82.1640452627024,7.835954737297612,True,1,1,19.667515773022377
hybrid,B033,N2,2,24.0,17.65175628655687,-90.00000000000001,-78.90777592640693,11.092224073593087,True,1,1,19.667515773022377
hybrid,B033,N2,1,24.0,19.191497825560255,-90.00000000000001,-83.91748175439979,6.082518245600227,True,1,1,18.989643978014684
hybrid,B033,N2,2,24.0,17.57409664819219,-90.00000000000001,-80.47871995773887,9.52128004226114,True,1,1,18.989643978014684
hybrid,B033,N2,1,24.0,19.209430253061562,-90.00000000000001,-84.60974395527481,5.39025604472522,True,1,1,18.68090601611989
hybrid,B033,N2,2,24.0,17.525089243710003,-90.00000000000001,-81.9406382774653,8.059361722534732,True,1,1,18.68090601611989
hybrid,B034,N1,1,30.0,13.362316461132831,90.0,91.08035299337513,1.0803529933751292,True,1,1,14.69017684965769
hybrid,B034,N1,2,30.0,16.274519224849627,90.0,89.54231947211501,0.4576805278849747,True,1,1,14.69017684965769
hybrid,B034,N1,1,30.0,13.150732195439668,90.0,91.38112723370527,1.3811272337052856,True,1,1,14.64626786227781
hybrid,B034,N1,2,30.0,16.392247069880323,90.0,89.68542164830531,0.31457835169470627,True,1,1,14.64626786227781
hybrid,B034,N1,1,30.0,13.3899153453124,90.0,91.71161255105673,1.7116125510567315,True,1,1,14.753141777896392
hybrid,B034,N1,2,30.0,16.238249413037106,90.0,89.68243827112242,0.3175617288775925,True,1,1,14.753141777896392
hybrid,B034,N2,1,30.0,10.13799970538335,90.0,95.46188296824182,5.4618829682418095,True,1,1,14.671137808383971
hybrid,B034,N2,2,30.0,20.339277961618993,90.0,89.35771017230651,0.642289827693503,True,1,1,14.671137808383971
hybrid,B034,N2,1,30.0,10.170647843614638,90.0,94.86734898417114,4.867348984171144,True,1,1,14.529921444004653
hybrid,B034,N2,2,30.0,20.083317056701567,90.0,89.34381769064852,0.6561823093514931,True,1,1,14.529921444004653
hybrid,B034,N2,1,30.0,9.767675166839812,90.0,95.42210206808632,5.4221020680863035,True,1,1,14.483298071125997
hybrid,B034,N2,2,30.0,20.372238561336356,90.0,89.1506108094718,0.8493891905281998,True,1,1,14.483298071125997
hybrid,B035,N1,1,30.0,20.352351758999006,180.0,-178.9555887715779,1.0444112284220637,True,1,1,17.917360114997447
hybrid,B035,N1,2,30.0,9.744105756815244,180.0,-178.5533552502293,1.4466447497707122,True,1,1,17.917360114997447
hybrid,B035,N1,1,30.0,19.27339542565772,180.0,-178.77223080224317,1.2277691977568566,True,1,1,17.19551467492341
hybrid,B035,N1,2,30.0,12.115179775801925,180.0,-179.6878675989561,0.3121324010438684,True,1,1,17.19551467492341
hybrid,B035,N1,1,30.0,20.82049302639754,180.0,-178.94604635856427,1.0539536414357258,True,1,1,17.478727062514793
hybrid,B035,N1,2,30.0,10.212693914927637,180.0,-178.95643555743567,1.0435644425643318,True,1,1,17.478727062514793
hybrid,B035,N2,1,30.0,18.061380275505417,180.0,179.2767006446733,0.7232993553267022,True,1,1,17.82905537232137
hybrid,B035,N2,2,30.0,13.078217768488182,180.0,176.65978002688033,3.340219973119673,True,1,1,17.82905537232137
hybrid,B035,N2,1,30.0,18.777956462635377,180.0,179.92677056816981,0.07322943183018538,True,1,1,17.735244503474103
hybrid,B035,N2,2,30.0,12.863036849826715,180.0,176.49674055755415,3.5032594424458523,True,1,1,17.735244503474103
hybrid,B035,N2,1,30.0,19.227971081879048,180.0,-179.89886170285308,0.10113829714691747,True,1,1,16.129052426943986
hybrid,B035,N2,2,30.0,15.145322875396218,180.0,176.75238933782782,3.2476106621721783,True,1,1,16.129052426943986
hybrid,B036,N1,1,30.0,19.17666355963498,-90.00000000000001,-83.0516680872512,6.948331912748813,True,1,1,15.636579020265344
hybrid,B036,N1,2,30.0,13.821112690373376,-90.00000000000001,-77.82011928343894,12.179880716561058,True,1,1,15.636579020265344
hybrid,B036,N1,1,30.0,20.26024204310124,-90.00000000000001,-86.89991106984031,3.1000889301597,True,1,1,13.547063399099002
hybrid,B036,N1,2,30.0,14.682575557442231,-90.00000000000001,-84.34027326855285,5.659726731447165,True,1,1,13.547063399099002
hybrid,B036,N1,1,30.0,18.356423709613594,-90.00000000000001,-80.91027646844005,9.089723531559969,True,1,1,16.365583118864794
hybrid,B036,N1,2,30.0,13.707566377734597,-90.00000000000001,-76.4138733619065,13.586126638093504,True,1,1,16.365583118864794
hybrid,B036,N2,1,30.0,17.305659221388588,-90.00000000000001,-87.84209090740798,2.1579090925920354,True,1,1,13.816648161786361
hybrid,B036,N2,2,30.0,14.503504128313269,-90.00000000000001,-83.28462424636363,6.71537575363638,True,1,1,13.816648161786361
hybrid,B036,N2,1,30.0,17.551579011441415,-90.00000000000001,-87.65196732498795,2.348032675012064,True,1,1,13.626595874499145
hybrid,B036,N2,2,30.0,14.530027666869735,-90.00000000000001,-83.27311595099869,6.726884049001342,True,1,1,13.626595874499145
hybrid,B036,N2,1,30.0,17.65331166928543,-90.00000000000001,-87.45731172848159,2.5426882715184433,True,1,1,13.782152949358625
hybrid,B036,N2,2,30.0,14.432231878680444,-90.00000000000001,-83.31126874478463,6.688731255215373,True,1,1,13.782152949358625
hybrid,B037,N1,1,6.0,3.233347237987649,90.0,50.332628393016236,39.66737160698375,True,1,0,5.218896417140662
hybrid,B037,N1,2,6.0,2.5751553351205825,-90.00000000000001,-112.6814788103155,22.68147881031547,True,1,0,5.218896417140662
hybrid,B037,N1,1,6.0,3.2928604041388585,90.0,50.43369308708925,39.56630691291076,True,1,0,5.1895591654842095
hybrid,B037,N1,2,6.0,2.5930709593067447,-90.00000000000001,-110.80431244634187,20.80431244634184,True,1,0,5.1895591654842095
hybrid,B037,N1,1,6.0,3.265245727155331,90.0,60.165340288020374,29.83465971197961,True,1,0,5.538022002909
hybrid,B037,N1,2,6.0,2.7648486396184513,-90.00000000000001,-101.22052219411499,11.220522194114977,True,1,0,5.538022002909
hybrid,B037,N2,1,6.0,4.129830020715138,90.0,65.90509735364748,24.094902646352523,True,1,0,6.054657810490312
hybrid,B037,N2,2,6.0,3.1910857086577913,-90.00000000000001,-111.35462882761267,21.354628827612657,True,1,0,6.054657810490312
hybrid,B037,N2,1,6.0,3.9903810594979525,90.0,69.84392468673948,20.156075313260516,True,1,0,6.071914775183311
hybrid,B037,N2,2,6.0,2.853848103876589,-90.00000000000001,-106.80308611035153,16.8030861103515,True,1,0,6.071914775183311
hybrid,B037,N2,1,6.0,4.257866249660738,90.0,66.17414074023972,23.82585925976028,True,1,0,6.163401373019881
hybrid,B037,N2,2,6.0,3.177989301429443,-90.00000000000001,-109.48403772217414,19.484037722174122,True,1,0,6.163401373019881
hybrid,B038,N1,1,6.0,4.756229470936112,180.0,179.92500591839064,0.07499408160936127,True,1,0,2.801302509500716
hybrid,B038,N1,2,6.0,1.3224220203853232,0.0,176.53177074108288,176.53177074108288,True,1,0,2.801302509500716
hybrid,B038,N1,1,6.0,4.586288768736047,180.0,179.00554511159618,0.9944548884038227,True,1,0,2.7806855850332357
hybrid,B038,N1,2,6.0,1.4605478424207814,0.0,-178.43064519525103,178.43064519525103,True,1,0,2.7806855850332357
hybrid,B038,N1,1,6.0,3.3190980311228415,180.0,174.2836760653754,5.716323934624597,True,1,0,3.6632234257589906
hybrid,B038,N1,2,6.0,2.3858792928394346,0.0,-176.73225212509215,176.73225212509215,True,1,0,3.6632234257589906
hybrid,B038,N2,1,6.0,5.451445921259714,180.0,156.07542847734464,23.924571522655356,True,1,0,5.421711626797636
hybrid,B038,N2,2,6.0,2.095023866212507,0.0,-176.03129333734398,176.03129333734398,True,1,0,5.421711626797636
hybrid,B038,N2,1,6.0,4.819387446282074,180.0,144.3218593901334,35.6781406098666,True,1,0,5.849715436049037
hybrid,B038,N2,2,6.0,2.6790432993887947,0.0,-174.7958898075895,174.7958898075895,True,1,0,5.849715436049037
hybrid,B038,N2,1,6.0,5.4794189934332005,180.0,153.37138645878414,26.628613541215856,True,1,0,5.355703201556009
hybrid,B038,N2,2,6.0,2.1759643838997,0.0,-175.75679724238088,175.75679724238088,True,1,0,5.355703201556009
hybrid,B039,N1,1,6.0,2.3265709258910183,-90.00000000000001,-105.25175261798091,15.251752617980912,True,1,0,7.82126519865551
hybrid,B039,N1,2,6.0,2.773926639260671,90.0,80.76858467953706,9.23141532046293,True,1,0,7.82126519865551
hybrid,B039,N1,1,6.0,1.716879048845829,-90.00000000000001,-126.54219288567721,36.542192885677196,True,1,0,7.672712328474025
hybrid,B039,N1,2,6.0,2.0964522412876474,90.0,70.32043825153956,19.679561748460458,True,1,0,7.672712328474025
hybrid,B039,N1,1,6.0,1.6805221238938064,-90.00000000000001,-118.57234955984795,28.572349559847936,True,1,0,7.621190566114551
hybrid,B039,N1,2,6.0,2.196438025531337,90.0,77.69754481010551,12.302455189894488,True,1,0,7.621190566114551
hybrid,B039,N2,1,6.0,2.1963811732942644,-90.00000000000001,175.3263764546272,94.67362354537278,True,1,0,8.28601985648491
hybrid,B039,N2,2,6.0,2.3522816583053996,90.0,52.652689171326216,37.347310828673784,True,1,0,8.28601985648491
hybrid,B039,N2,1,6.0,2.035451840031407,-90.00000000000001,-176.97588906253853,86.97588906253851,True,1,0,8.312165523386895
hybrid,B039,N2,2,6.0,2.6615972648017205,90.0,59.87062488261156,30.129375117388435,True,1,0,8.312165523386895
hybrid,B039,N2,1,6.0,1.2257286557957607,-90.00000000000001,-139.95246620493467,49.95246620493464,True,1,0,8.243696306253772
hybrid,B039,N2,2,6.0,3.5231725759604795,90.0,79.48424085025903,10.515759149740973,True,1,0,8.243696306253772
hybrid,B040,N1,1,12.0,3.9360577575328515,90.0,70.38438071804005,19.615619281959937,True,1,0,9.201695341818748
hybrid,B040,N1,2,12.0,5.473496597240196,-90.00000000000001,-100.5482783347177,10.54827833471768,True,1,0,9.201695341818748
hybrid,B040,N1,1,12.0,4.3468866789605505,90.0,85.70106911883846,4.298930881161539,True,1,0,9.50081664222365
hybrid,B040,N1,2,12.0,5.367895770225052,-90.00000000000001,-92.90451408785574,2.9045140878557163,True,1,0,9.50081664222365
hybrid,B040,N1,1,12.0,2.132331861764764,90.0,112.09858790447815,22.098587904478165,True,1,0,9.300479674700572
hybrid,B040,N1,2,12.0,3.6971407871489017,-90.00000000000001,-77.0425535581464,12.95744644185362,True,1,0,9.300479674700572
hybrid,B040,N2,1,12.0,4.984579476693949,90.0,78.73164090282137,11.268359097178632,True,1,0,9.603126628601304
hybrid,B040,N2,2,12.0,5.540984930497466,-90.00000000000001,-95.33298253079717,5.332982530797153,True,1,0,9.603126628601304
hybrid,B040,N2,1,12.0,5.294148849286038,90.0,79.95378521826959,10.046214781730413,True,1,0,9.642269586213647
hybrid,B040,N2,2,12.0,5.785687945266319,-90.00000000000001,-94.0835000972364,4.083500097236367,True,1,0,9.642269586213647
hybrid,B040,N2,1,12.0,5.434962463972098,90.0,78.43120944326373,11.568790556736275,True,1,0,9.963258549077182
hybrid,B040,N2,2,12.0,6.116445127686506,-90.00000000000001,-93.50563062194267,3.5056306219426574,True,1,1,9.963258549077182
hybrid,B041,N1,1,12.0,9.281010285171266,180.0,-179.37371811015356,0.6262818898464388,True,1,1,13.133564502741493
hybrid,B041,N1,2,12.0,9.05792382392345,0.0,-5.244824990583886,5.244824990583879,True,1,1,13.133564502741493
hybrid,B041,N1,1,12.0,5.488591128475292,180.0,-176.03603294541756,3.96396705458244,True,1,0,11.676221859721686
hybrid,B041,N1,2,12.0,5.75135853516367,0.0,-5.487557060091256,5.487557060091262,True,1,0,11.676221859721686
hybrid,B041,N1,1,12.0,5.042799705618553,180.0,-174.72721405056706,5.272785949432944,True,1,0,11.472012085239262
hybrid,B041,N1,2,12.0,5.500832300661419,0.0,-4.483384368498207,4.483384368498207,True,1,0,11.472012085239262
hybrid,B041,N2,1,12.0,2.9239935836421864,180.0,-129.87618092878228,50.123819071217724,True,1,0,9.603575527426033
hybrid,B041,N2,2,12.0,3.380658515733288,0.0,29.09740390342855,29.097403903428557,True,1,0,9.603575527426033
hybrid,B041,N2,1,12.0,3.22112452126582,180.0,-138.68471787597633,41.31528212402367,True,1,0,10.033915085773524
hybrid,B041,N2,2,12.0,3.7259930220009805,0.0,24.88683648097109,24.886836480971084,True,1,0,10.033915085773524
hybrid,B041,N2,1,12.0,2.786350980278549,180.0,-139.05570070571642,40.94429929428361,True,1,0,9.923152148135031
hybrid,B041,N2,2,12.0,3.3827978065500752,0.0,25.193911753257314,25.19391175325731,True,1,0,9.923152148135031
hybrid,B042,N1,1,12.0,14.948320378598131,-90.00000000000001,-92.15583385146381,2.1558338514637967,True,1,1,11.92181143275423
hybrid,B042,N1,2,12.0,15.104278069474224,90.0,88.10297954183942,1.8970204581605685,True,1,1,11.92181143275423
hybrid,B042,N1,1,12.0,14.928109546232626,-90.00000000000001,-90.83884663789914,0.8388466378991097,True,1,1,11.772613703180316
hybrid,B042,N1,2,12.0,14.98878090439646,90.0,89.41513545610925,0.5848645438907454,True,1,1,11.772613703180316
hybrid,B042,N1,1,12.0,13.100514162942915,-90.00000000000001,-91.3437048414506,1.343704841450574,True,1,1,11.583306486006013
hybrid,B042,N1,2,12.0,13.018923150552812,90.0,88.42425715500941,1.5757428449906001,True,1,1,11.583306486006013
hybrid,B042,N2,1,12.0,13.093827226356682,-90.00000000000001,-89.82265348828017,0.17734651171986116,True,1,1,12.423219582225519
hybrid,B042,N2,2,12.0,12.89316070635901,90.0,89.23118407194197,0.768815928058018,True,1,1,12.423219582225519
hybrid,B042,N2,1,12.0,12.713822426534458,-90.00000000000001,-90.77751970300555,0.7775197030055381,True,1,1,12.07857786350835
hybrid,B042,N2,2,12.0,12.723527380408314,90.0,88.31107926802224,1.6889207319777597,True,1,1,12.07857786350835
hybrid,B042,N2,1,12.0,12.961775435918227,-90.00000000000001,-90.62876777456852,0.6287677745685016,True,1,1,12.02332625484836
hybrid,B042,N2,2,12.0,13.195712674956212,90.0,88.64082664443893,1.3591733555610688,True,1,1,12.02332625484836
hybrid,B043,N1,1,24.0,12.679372900624447,90.0,78.96105000669631,11.038949993303675,True,1,1,14.001802858040971
hybrid,B043,N1,2,24.0,14.291031068470883,-90.00000000000001,-99.07871705169485,9.078717051694838,True,1,1,14.001802858040971
hybrid,B043,N1,1,24.0,12.87100666925722,90.0,82.07698054405826,7.9230194559417555,True,1,1,13.50030520971899
hybrid,B043,N1,2,24.0,14.46235129569186,-90.00000000000001,-97.01789308558118,7.017893085581164,True,1,1,13.50030520971899
hybrid,B043,N1,1,24.0,12.980438833358908,90.0,83.92973000700981,6.070269992990177,True,1,1,12.947874950571212
hybrid,B043,N1,2,24.0,14.628767822342384,-90.00000000000001,-95.22421505110357,5.224215051103556,True,1,1,12.947874950571212
hybrid,B043,N2,1,24.0,11.569735126084202,90.0,70.63930596357552,19.36069403642449,True,1,1,13.879159934100839
hybrid,B043,N2,2,24.0,10.751339451435806,-90.00000000000001,-107.13720814618301,17.137208146183013,True,1,1,13.879159934100839
hybrid,B043,N2,1,24.0,11.299830956664108,90.0,64.26678723430408,25.733212765695924,True,1,1,14.38317794896227
hybrid,B043,N2,2,24.0,10.389311478630333,-90.00000000000001,-112.30424267354431,22.30424267354431,True,1,1,14.38317794896227
hybrid,B043,N2,1,24.0,11.10019386783165,90.0,71.96784226767872,18.03215773232128,True,1,1,13.718570124592462
hybrid,B043,N2,2,24.0,10.63486492626963,-90.00000000000001,-105.17573554017076,15.175735540170763,True,1,1,13.718570124592462
hybrid,B044,N1,1,24.0,10.110533949945754,180.0,179.12967434115532,0.8703256588446777,True,1,1,7.5297812959555
hybrid,B044,N1,2,24.0,10.31870234089539,0.0,1.904897791332819,1.9048977913328144,True,1,1,7.5297812959555
hybrid,B044,N1,1,24.0,9.660295606165743,180.0,-178.87133983945873,1.1286601605412443,True,1,1,8.393196516234724
hybrid,B044,N1,2,24.0,9.785303776582515,0.0,4.2020078628508495,4.202007862850849,True,1,1,8.393196516234724
hybrid,B044,N1,1,24.0,9.756448110953652,180.0,-178.3598222722722,1.640177727727803,True,1,1,8.34965842930617
hybrid,B044,N1,2,24.0,10.132976364326526,0.0,3.7742056561259676,3.7742056561259574,True,1,1,8.34965842930617
hybrid,B044,N2,1,24.0,8.13713927250498,180.0,171.543281622162,8.456718377838001,True,1,1,9.032823919090191
hybrid,B044,N2,2,24.0,7.891725413368106,0.0,0.7768689276788816,0.7768689276788905,True,1,1,9.032823919090191
hybrid,B044,N2,1,24.0,8.359165594173005,180.0,172.96862558603868,7.031374413961316,True,1,1,8.977098911330089
hybrid,B044,N2,2,24.0,8.176898739742349,0.0,1.9833857486350637,1.9833857486350723,True,1,1,8.977098911330089
hybrid,B044,N2,1,24.0,8.372522563515291,180.0,173.23555405132902,6.764445948670982,True,1,1,8.922365096018584
hybrid,B044,N2,2,24.0,8.165342001410597,0.0,2.5901358979337883,2.590135897933777,True,1,1,8.922365096018584
hybrid,B045,N1,1,24.0,22.819536844431568,-90.00000000000001,-90.42411094018073,0.4241109401806966,True,1,1,9.685423331496892
hybrid,B045,N1,2,24.0,22.426043164142886,90.0,90.11241465547671,0.11241465547669804,True,1,1,9.685423331496892
hybrid,B045,N1,1,24.0,22.876508346389713,-90.00000000000001,-90.0813616359801,0.08136163598010171,True,1,1,9.381534494193321
hybrid,B045,N1,2,24.0,22.392020096454004,90.0,90.0767627883598,0.0767627883598152,True,1,1,9.381534494193321
hybrid,B045,N1,1,24.0,23.008024503145894,-90.00000000000001,-90.15424919926352,0.15424919926351777,True,1,1,9.582120670122872
hybrid,B045,N1,2,24.0,22.678000088191197,90.0,90.0050529834522,0.0050529834522023975,True,1,1,9.582120670122872
hybrid,B045,N2,1,24.0,19.323074907480645,-90.00000000000001,-90.46941387286628,0.46941387286625513,True,1,1,10.581645961570704
hybrid,B045,N2,2,24.0,20.61805587343288,90.0,90.1333879352055,0.13338793520551917,True,1,1,10.581645961570704
hybrid,B045,N2,1,24.0,19.285812799676673,-90.00000000000001,-90.34859920991211,0.3485992099120949,True,1,1,10.733976457325234
hybrid,B045,N2,2,24.0,20.61642258006951,90.0,90.36684805720536,0.3668480572053454,True,1,1,10.733976457325234
hybrid,B045,N2,1,24.0,18.700590523737063,-90.00000000000001,-90.64734133242152,0.6473413324214903,True,1,1,10.89106540321667
hybrid,B045,N2,2,24.0,20.14400357426497,90.0,90.03413171529122,0.03413171529120973,True,1,1,10.89106540321667
hybrid,B046,N1,1,30.0,9.142511516087671,90.0,49.04506802513178,40.9549319748682,True,1,1,12.504190825164988
hybrid,B046,N1,2,30.0,8.80334510285721,-90.00000000000001,-129.24224005364852,39.242240053648516,True,1,1,12.504190825164988
hybrid,B046,N1,1,30.0,9.175434076014064,90.0,50.40845889457465,39.591541105425335,True,1,1,12.295179902256024
hybrid,B046,N1,2,30.0,8.828125792035362,-90.00000000000001,-127.60460172031043,37.60460172031043,True,1,1,12.295179902256024
hybrid,B046,N1,1,30.0,9.350703355220526,90.0,46.14417640730043,43.85582359269958,True,1,1,12.477680796417506
hybrid,B046,N1,2,30.0,9.033149229366247,-90.00000000000001,-132.53694241444768,42.53694241444765,True,1,1,12.477680796417506
hybrid,B046,N2,1,30.0,11.370350071724953,90.0,64.15771125690242,25.842288743097583,True,1,1,13.060126743100117
hybrid,B046,N2,2,30.0,9.771650679388822,-90.00000000000001,-118.02316480070488,28.023164800704876,True,1,1,13.060126743100117
hybrid,B046,N2,1,30.0,10.268379324018971,90.0,58.19614904222846,31.803850957771544,True,1,1,12.655539765533462
hybrid,B046,N2,2,30.0,9.043413570107251,-90.00000000000001,-123.37552905133414,33.37552905133413,True,1,1,12.655539765533462
hybrid,B046,N2,1,30.0,11.088649814573067,90.0,62.16477568678997,27.835224313210034,True,1,1,13.026554074655401
hybrid,B046,N2,2,30.0,9.409551955327096,-90.00000000000001,-120.68597871079183,30.6859787107918,True,1,1,13.026554074655401
hybrid,B048,N1,1,30.0,19.933351790746684,-90.00000000000001,-91.23316984891565,1.2331698489156224,True,1,1,8.21209662752843
hybrid,B048,N1,2,30.0,20.80600153801782,90.0,90.02203048224146,0.02203048224146187,True,1,1,8.21209662752843
hybrid,B048,N1,1,30.0,20.09635966234297,-90.00000000000001,-91.14698144540309,1.1469814454030711,True,1,1,8.034086183014697
hybrid,B048,N1,2,30.0,20.876000383215175,90.0,90.01097830596127,0.010978305961259593,True,1,1,8.034086183014697
hybrid,B048,N1,1,30.0,20.09420150091434,-90.00000000000001,-91.1242892972463,1.1242892972462926,True,1,1,8.084929239777486
hybrid,B048,N1,2,30.0,20.814194579661255,90.0,90.24774613330523,0.24774613330521333,True,1,1,8.084929239777486
hybrid,B048,N2,1,30.0,19.831642219372736,-90.00000000000001,-91.9627462283851,1.9627462283850718,True,1,1,8.599383571984815
hybrid,B048,N2,2,30.0,20.57747049566589,90.0,89.31502282961488,0.6849771703851388,True,1,1,8.599383571984815
hybrid,B048,N2,1,30.0,20.08789878338697,-90.00000000000001,-91.3147727300336,1.3147727300335816,True,1,1,8.079186392341569
hybrid,B048,N2,2,30.0,21.036736248762548,90.0,89.52063976473711,0.4793602352629023,True,1,1,8.079186392341569
hybrid,B048,N2,1,30.0,19.841186026317253,-90.00000000000001,-91.33731159607709,1.337311596077086,True,1,1,8.260232871064341
hybrid,B048,N2,2,30.0,20.730420256232147,90.0,89.63516928698141,0.36483071301859127,True,1,1,8.260232871064341
hybrid,C001,N1,1,12.000000000000002,5.914520467586776,45.0,27.066343581126453,17.93365641887354,True,1,0,9.192283683991064
hybrid,C001,N1,2,0.0,1.5185743314042945,,-58.29857033049428,,False,0,0,9.192283683991064
hybrid,C001,N1,1,12.000000000000002,6.442979978135415,45.0,20.35876704558984,24.641232954410157,True,1,1,9.269453482868233
hybrid,C001,N1,2,0.0,1.1881519263124563,,-68.83438816427845,,False,0,0,9.269453482868233
hybrid,C001,N1,1,12.000000000000002,6.221883782996757,45.0,23.807480150595804,21.192519849404192,True,1,1,9.534907879356794
hybrid,C001,N1,2,0.0,1.4736960337871579,,-65.0347793433947,,False,0,0,9.534907879356794
hybrid,C001,N2,1,12.000000000000002,6.581358902890938,45.0,21.787447779454002,23.212552220546,True,1,1,9.366146624646765
hybrid,C001,N2,2,0.0,0.543323108288245,,30.529705899934118,,False,0,0,9.366146624646765
hybrid,C001,N2,1,12.000000000000002,6.308533979735251,45.0,24.802366191038242,20.19763380896177,True,1,1,8.94922201760675
hybrid,C001,N2,2,0.0,0.6449162736355781,,15.652512678118946,,False,0,0,8.94922201760675
hybrid,C001,N2,1,12.000000000000002,6.062272396199089,45.0,26.96244355154807,18.037556448451937,True,1,1,8.741427335138393
hybrid,C001,N2,2,0.0,0.8928964105650778,,25.187462277228217,,False,0,0,8.741427335138393
hybrid,C002,N1,1,12.0,5.018983496001732,135.0,150.15697932131113,15.156979321311127,True,1,0,8.140088283801951
hybrid,C002,N1,2,0.0,2.5910208412901663,,49.492247443729205,,False,0,0,8.140088283801951
hybrid,C002,N1,1,12.0,4.7997925914793775,135.0,144.38885769732465,9.388857697324653,True,1,0,8.315578252494827
hybrid,C002,N1,2,0.0,2.4189022303516112,,46.27303002005671,,False,0,0,8.315578252494827
hybrid,C002,N1,1,12.0,5.246351247654826,135.0,156.90093127677412,21.900931276774116,True,1,0,8.684803789880986
hybrid,C002,N1,2,0.0,2.576640448335778,,52.34734891340815,,False,0,0,8.684803789880986
hybrid,C002,N2,1,12.0,4.665319428016667,135.0,146.9405927224409,11.940592722440897,True,1,0,8.932872346543745
hybrid,C002,N2,2,0.0,3.37486784926462,,84.26913533714527,,False,0,0,8.932872346543745
hybrid,C002,N2,1,12.0,4.514205256156307,135.0,137.48249515536241,2.4824951553624146,True,1,0,8.785011724281233
hybrid,C002,N2,2,0.0,3.183161950011341,,91.54815769897796,,False,0,0,8.785011724281233
hybrid,C002,N2,1,12.0,5.191318043054641,135.0,150.16413114188606,15.16413114188606,True,1,0,8.737730055534135
hybrid,C002,N2,2,0.0,3.6288207450906143,,69.81724802326305,,False,0,0,8.737730055534135
hybrid,C003,N1,1,12.0,8.425846209080492,-135.0,-126.79595205830316,8.204047941696842,True,1,1,11.257706659745594
hybrid,C003,N1,2,0.0,1.6970008839125572,,117.59185557815631,,False,0,0,11.257706659745594
hybrid,C003,N1,1,12.0,9.001592474788522,-135.0,-126.48952589577966,8.51047410422035,True,1,1,12.016534381076823
hybrid,C003,N1,2,0.0,1.9733514638806742,,104.55735590322395,,False,0,0,12.016534381076823
hybrid,C003,N1,1,12.0,9.06952883761463,-135.0,-123.21752065030871,11.7824793496913,True,1,1,11.596643329908204
hybrid,C003,N1,2,0.0,1.994368070342082,,111.78007027709151,,False,0,0,11.596643329908204
hybrid,C003,N2,1,12.0,7.977133534489298,-135.0,-130.93574694596066,4.064253054039341,True,1,1,9.842431013126419
hybrid,C003,N2,2,0.0,2.521415475481976,,165.76534946995326,,False,0,0,9.842431013126419
hybrid,C003,N2,1,12.0,8.195213584845956,-135.0,-128.66446500353365,6.33553499646635,True,1,1,10.093497770030769
hybrid,C003,N2,2,0.0,2.4195371458194233,,166.0326768430743,,False,0,0,10.093497770030769
hybrid,C003,N2,1,12.0,7.947117663935822,-135.0,-131.10784999875077,3.8921500012492345,True,1,1,9.81943002504608
hybrid,C003,N2,2,0.0,2.573293609365243,,167.0654626472799,,False,0,0,9.81943002504608
hybrid,C004,N1,1,11.999999999999998,6.1125362466325,-45.000000000000014,-23.90270527957221,21.09729472042781,True,1,1,11.361944336975979
hybrid,C004,N1,2,0.0,3.006917358358889,,-113.18858251732847,,False,0,0,11.361944336975979
hybrid,C004,N1,1,11.999999999999998,7.622868957766695,-45.000000000000014,-17.739218743419634,27.260781256580373,True,1,1,11.225955637811715
hybrid,C004,N1,2,0.0,2.59717153842406,,-128.59090175753,,False,0,0,11.225955637811715
hybrid,C004,N1,1,11.999999999999998,6.252624523188668,-45.000000000000014,-24.250430102433953,20.74956989756606,True,1,1,11.463779567723357
hybrid,C004,N1,2,0.0,2.5781985959192513,,-111.90870482818192,,False,0,0,11.463779567723357
hybrid,C004,N2,1,11.999999999999998,7.145385573611703,-45.000000000000014,-19.995547569184694,25.00445243081532,True,1,1,10.099777644443115
hybrid,C004,N2,2,0.0,1.4061649974309558,,-70.5599651718238,,False,0,0,10.099777644443115
hybrid,C004,N2,1,11.999999999999998,6.806789791362934,-45.000000000000014,-25.46246816904743,19.537531830952588,True,1,1,10.460181648600706
hybrid,C004,N2,2,0.0,1.3680540924978077,,-71.06177248423569,,False,0,0,10.460181648600706
hybrid,C004,N2,1,11.999999999999998,7.058853779588823,-45.000000000000014,-22.338020220375178,22.66197977962483,True,1,1,10.23149746894893
hybrid,C004,N2,2,0.0,1.3560560460393958,,-70.97714869965276,,False,0,0,10.23149746894893
hybrid,B047,N1,1,30.0,28.786,180.0,180.0,0.0,True,1,1,2.8534040036124924
hybrid,B047,N1,2,30.0,0.296,0.0,180.0,180.0,True,1,0,2.8534040036124924
hybrid,B047,N1,1,30.0,28.82,180.0,180.0,0.0,True,1,1,2.7596244317138634
hybrid,B047,N1,2,30.0,0.276,0.0,180.0,180.0,True,1,0,2.7596244317138634
hybrid,B047,N1,1,30.0,29.032,180.0,180.0,0.0,True,1,1,2.617127386906884
hybrid,B047,N1,2,30.0,0.224,0.0,180.0,180.0,True,1,0,2.617127386906884
hybrid,B047,N2,1,30.0,28.084064093360844,180.0,179.87759074418275,0.12240925581724582,True,1,1,6.985844104209651
hybrid,B047,N2,2,30.0,2.6466801846842016,0.0,178.70099858833913,178.70099858833913,True,1,0,6.985844104209651
hybrid,B047,N2,1,30.0,27.33897582995434,180.0,179.96443386577675,0.03556613422324517,True,1,1,7.15841930154134
hybrid,B047,N2,2,30.0,2.894,0.0,180.0,180.0,True,1,0,7.15841930154134
hybrid,B047,N2,1,30.0,26.466976003491492,180.0,179.96326207845019,0.0367379215498147,True,1,1,7.629349590404834
hybrid,B047,N2,2,30.0,3.3140603494806786,0.0,-179.65422399557377,179.65422399557377,True,1,0,7.629349590404834
hybrid,A006,N2,1,36.0,31.732105520957738,0.0,0.20026356492959946,0.20026356492959962,True,1,1,12.488364661961329
hybrid,A006,N2,2,0.0,3.3623426357228974,,-0.8179686418038968,,False,0,0,12.488364661961329
hybrid,A006,N2,1,36.0,31.69514023907274,0.0,0.23117528685731506,0.23117528685730804,True,1,1,12.813761073732543
hybrid,A006,N2,2,0.0,3.6843126903128076,,-0.7464825746891947,,False,0,0,12.813761073732543
hybrid,A006,N2,1,36.0,32.09174915898929,0.0,0.42114186653841806,0.4211418665384201,True,1,1,13.405868185502925
hybrid,A006,N2,2,0.0,3.4355436251050575,,-2.6025622024998047,,False,0,0,13.405868185502925
hybrid,A006,N1,1,36.0,30.763037447560343,0.0,0.08939944689293157,0.08939944689294066,True,1,1,11.892005143005736
hybrid,A006,N1,2,0.0,0.4615029794053339,,-5.970015980856991,,False,0,0,11.892005143005736
hybrid,A006,N1,1,36.0,29.668975416303738,0.0,0.03277301156605586,0.03277301156606427,True,1,1,10.940394103912972
hybrid,A006,N1,2,0.0,1.1030448766936003,,-2.494065466647064,,False,0,0,10.940394103912972
hybrid,A006,N1,1,36.0,29.371466875238806,0.0,0.04965746589920977,0.049657465899201725,True,1,1,11.425415136545938
hybrid,A006,N1,2,0.0,1.220943897154984,,-2.253098080266757,,False,0,0,11.425415136545938
hybrid,A022,N1,1,36.0,35.004,0.0,0.0,0.0,True,1,1,13.547173429657038
hybrid,A022,N1,2,36.0,28.754,0.0,0.0,0.0,True,1,1,13.547173429657038
hybrid,A022,N1,1,36.0,34.664,0.0,0.0,0.0,True,1,1,14.566840280881294
hybrid,A022,N1,2,36.0,29.012,0.0,0.0,0.0,True,1,1,14.566840280881294
hybrid,A022,N1,1,36.0,35.188,0.0,0.0,0.0,True,1,1,14.557970017092345
hybrid,A022,N1,2,36.0,28.166,0.0,0.0,0.0,True,1,1,14.557970017092345
hybrid,A022,N2,1,36.0,35.506,0.0,0.0,0.0,True,1,1,15.46261907993729
hybrid,A022,N2,2,36.0,30.918,0.0,0.0,0.0,True,1,1,15.46261907993729
hybrid,A022,N2,1,36.0,35.619,0.0,0.0,0.0,True,1,1,15.843230311920738
hybrid,A022,N2,2,36.0,31.031,0.0,0.0,0.0,True,1,1,15.843230311920738
hybrid,A022,N2,1,36.0,35.809,0.0,0.0,0.0,True,1,1,15.751290546958838
hybrid,A022,N2,2,36.0,30.189,0.0,0.0,0.0,True,1,1,15.751290546958838
hybrid,A014,N2,1,0.0,5.55110837368254,,2.69460154750142,,False,0,0,13.287564254841786
hybrid,A014,N2,2,36.0,31.674042684823167,0.0,0.09406383336327392,0.09406383336326485,True,1,1,13.287564254841786
hybrid,A014,N2,1,0.0,5.294430385917453,,2.483925474382692,,False,0,0,12.828136570444908
hybrid,A014,N2,2,36.0,31.4204491374646,0.0,0.306352617078816,0.3063526170788293,True,1,1,12.828136570444908
hybrid,A014,N2,1,0.0,4.7635430123846625,,3.339121992695069,,False,0,0,12.435740353387803
hybrid,A014,N2,2,36.0,31.978441300351086,0.0,0.3010070173839389,0.3010070173839381,True,1,1,12.435740353387803
hybrid,A014,N1,1,0.0,6.854864860266973,,-1.9314048077719264,,False,0,1,14.157990626943644
hybrid,A014,N1,2,36.0,32.420477726276644,0.0,-0.31104127491130107,0.31104127491130384,True,1,1,14.157990626943644
hybrid,A014,N1,1,0.0,6.3280397801748824,,-2.7085018591927508,,False,0,1,13.943997301580861
hybrid,A014,N1,2,36.0,32.60310150890555,0.0,-0.4709810149696545,0.4709810149696523,True,1,1,13.943997301580861
hybrid,A014,N1,1,0.0,5.280203904608017,,-2.551160091093617,,False,0,0,13.475129743474415
hybrid,A014,N1,2,36.0,33.13048897918654,0.0,-0.3112930526769985,0.31129305267700147,True,1,1,13.475129743474415
hybrid,A030,N1,1,36.0,32.734002199547795,0.0,0.02100413403058767,0.02100413403059065,True,1,1,11.746536509433355
hybrid,A030,N1,2,36.0,32.63600220615265,180.0,-179.97893279436292,0.02106720563710951,True,1,1,11.746536509433355
hybrid,A030,N1,1,36.0,33.71795441917369,0.0,0.050877948554410975,0.0508779485544153,True,1,1,11.939658814341598
hybrid,A030,N1,2,36.0,33.396005988740626,180.0,-179.96568704475786,0.03431295524217148,True,1,1,11.939658814341598
hybrid,A030,N1,1,36.0,32.819658274965626,0.0,0.01685870691331198,0.01685870691332525,True,1,1,11.793914457283062
hybrid,A030,N1,2,36.0,32.6860002447531,180.0,-179.99298834005668,0.007011659943316317,True,1,1,11.793914457283062
hybrid,A030,N2,1,36.0,32.340499437851726,0.0,0.16364240057624638,0.16364240057623647,True,1,1,14.272467952914496
hybrid,A030,N2,2,36.0,32.186304478768605,180.0,179.75078113018253,0.24921886981746866,True,1,1,14.272467952914496
hybrid,A030,N2,1,36.0,33.80059573656803,0.0,0.26821067372940294,0.26821067372941343,True,1,1,13.769034849953092
hybrid,A030,N2,2,36.0,33.6240085653094,180.0,-179.95910366182528,0.040896338174718494,True,1,1,13.769034849953092
hybrid,A030,N2,1,36.0,33.83714130434681,0.0,0.28906232883806604,0.2890623288380709,True,1,1,13.96069614736955
hybrid,A030,N2,2,36.0,33.8120115935151,180.0,-179.9525528966152,0.04744710338479763,True,1,1,13.96069614736955
hybrid,A031,N1,1,48.0,45.997456626774685,0.0,0.010569515124000565,0.010569515123989959,True,1,1,13.237334179130949
hybrid,A031,N1,2,48.0,45.742,180.0,180.0,0.0,True,1,1,13.237334179130949
hybrid,A031,N1,1,48.0,45.91448790262204,0.0,0.019360510268363607,0.01936051026837049,True,1,1,13.319078026072647
hybrid,A031,N1,2,48.0,45.77200629205585,180.0,-179.969957646983,0.030042353016995094,True,1,1,13.319078026072647
hybrid,A031,N1,1,48.0,45.52800158144436,0.0,0.015101681124480381,0.015101681124491506,True,1,1,12.890669613120288
hybrid,A031,N1,2,48.0,45.532,180.0,180.0,0.0,True,1,1,12.890669613120288
hybrid,A031,N2,1,48.0,47.29594417015558,0.0,-0.020558668599916535,0.02055866859990374,True,1,1,14.46336446602912
hybrid,A031,N2,2,48.0,47.338,180.0,180.0,0.0,True,1,1,14.46336446602912
hybrid,A031,N2,1,48.0,47.473944158739855,0.0,-0.020481585412557485,0.020481585412568393,True,1,1,14.486889312416736
hybrid,A031,N2,2,48.0,47.42,180.0,180.0,0.0,True,1,1,14.486889312416736
hybrid,A031,N2,1,48.0,47.6164271629128,0.0,0.010210148939452624,0.010210148939449937,True,1,1,14.664123960570983
hybrid,A031,N2,2,48.0,47.638,180.0,180.0,0.0,True,1,1,14.664123960570983
hybrid,A023,N2,1,48.0,46.736124785865584,0.0,0.13240185665925652,0.13240185665924287,True,1,1,18.004718427598245
hybrid,A023,N2,2,48.0,49.58603630055543,0.0,0.06932894552895631,0.06932894552895164,True,1,1,18.004718427598245
hybrid,A023,N2,1,48.0,46.638125048076276,0.0,0.1326800704680482,0.13268007046804087,True,1,1,17.309737248747382
hybrid,A023,N2,2,48.0,51.7320347946995,0.0,0.06645297358135795,0.06645297358136304,True,1,1,17.309737248747382
hybrid,A023,N2,1,48.0,46.2761260262784,0.0,0.1337179737393362,0.13371797373932282,True,1,1,17.16925359733808
hybrid,A023,N2,2,48.0,52.00203461404178,0.0,0.06610794287289415,0.06610794287288968,True,1,1,17.16925359733808
hybrid,A023,N1,1,48.0,39.81600180831823,0.0,0.017268166901231344,0.017268166901232007,True,1,1,21.31282530328511
hybrid,A023,N1,2,48.0,45.228001591934174,0.0,0.01520185146421295,0.015201851464212268,True,1,1,21.31282530328511
hybrid,A023,N1,1,48.0,40.26000178837552,0.0,0.017077728112172397,0.01707772811218433,True,1,1,21.441089730583826
hybrid,A023,N1,2,48.0,45.058001597940404,0.0,0.015259206753549926,0.015259206753540866,True,1,1,21.441089730583826
hybrid,A023,N1,1,48.0,40.66804426081982,0.0,0.08453192378488078,0.08453192378487984,True,1,1,21.44837505325473
hybrid,A023,N1,2,48.0,45.03603996800785,0.0,0.07633326087706323,0.07633326087704972,True,1,1,21.44837505325473
hybrid,A016,N1,1,0.0,13.313656297201003,,0.9037797288157806,,False,0,1,16.567296392889457
hybrid,A016,N1,2,60.0,45.28019240241808,0.0,0.16702785934968825,0.16702785934970166,True,1,1,16.567296392889457
hybrid,A016,N1,1,0.0,13.469637114636758,,0.8933129441070217,,False,0,1,16.371076767613353
hybrid,A016,N1,2,60.0,45.17219286242367,0.0,0.16742719757341987,0.16742719757343139,True,1,1,16.371076767613353
hybrid,A016,N1,1,0.0,13.313656297201003,,0.9037797288157806,,False,0,1,16.57945219206038
hybrid,A016,N1,2,60.0,45.16819287950316,0.0,0.16744202455219614,0.16744202455220147,True,1,1,16.57945219206038
hybrid,A016,N2,1,0.0,22.247294577094085,,0.6181090364248722,,False,0,1,18.166598477666355
hybrid,A016,N2,2,60.0,44.55023272666485,0.0,0.18519783425901956,0.18519783425901437,True,1,1,18.166598477666355
hybrid,A016,N2,1,0.0,22.617273398886965,,0.607997476796735,,False,0,1,18.272445306932234
hybrid,A016,N2,2,60.0,44.86023111844164,0.0,0.1839180542127954,0.18391805421279628,True,1,1,18.272445306932234
hybrid,A016,N2,1,0.0,22.331289707493383,,0.6157840407507653,,False,0,1,18.15829563511558
hybrid,A016,N2,2,60.0,44.88623098456809,0.0,0.18381152129406655,0.18381152129407496,True,1,1,18.15829563511558
hybrid,A024,N2,1,60.0,44.686,0.0,0.0,0.0,True,1,1,13.138832942238686
hybrid,A024,N2,2,60.0,44.782,0.0,1.8802311549823262e-17,0.0,True,1,1,13.138832942238686
hybrid,A024,N2,1,60.0,44.646,0.0,0.0,0.0,True,1,1,12.591375846060487
hybrid,A024,N2,2,60.0,45.178,0.0,1.863750311709649e-17,0.0,True,1,1,12.591375846060487
hybrid,A024,N2,1,60.0,44.634,0.0,0.0,0.0,True,1,1,13.225866637747385
hybrid,A024,N2,2,60.0,44.63,0.0,1.886634810271533e-17,0.0,True,1,1,13.225866637747385
hybrid,A024,N1,1,60.0,43.62402640747413,0.0,-0.06304319426814657,0.06304319426814686,True,1,1,15.271755700767063
hybrid,A024,N1,2,60.0,43.98002619371662,0.0,-0.06253288596291137,0.0625328859629235,True,1,1,15.271755700767063
hybrid,A024,N1,1,60.0,43.294,0.0,0.0,0.0,True,1,1,14.786275930238233
hybrid,A024,N1,2,60.0,44.23,0.0,1.9036968478955128e-17,0.0,True,1,1,14.786275930238233
hybrid,A024,N1,1,60.0,43.918,0.0,0.0,0.0,True,1,1,14.804351511963784
hybrid,A024,N1,2,60.0,44.166,0.0,1.9064554540238763e-17,0.0,True,1,1,14.804351511963784
hybrid,A032,N1,1,60.0,44.966185493483714,0.0,0.17715117675467051,0.17715117675467695,True,1,1,11.51755147375652
hybrid,A032,N1,2,60.0,43.94462301579113,180.0,-179.69490520464976,0.30509479535021455,True,1,1,11.51755147375652
hybrid,A032,N1,1,60.0,45.17000183747788,0.0,0.09393984221812339,0.09393984221813412,True,1,1,11.298074714465042
hybrid,A032,N1,2,60.0,43.84019872217734,180.0,-179.82748585673343,0.17251414326653958,True,1,1,11.298074714465042
hybrid,A032,N1,1,60.0,44.57494334257165,0.0,0.018071008658225605,0.018071008658239407,True,1,1,11.819556091571531
hybrid,A032,N1,2,60.0,43.18818380066474,180.0,-179.8328413509292,0.16715864907081368,True,1,1,11.819556091571531
hybrid,A032,N2,1,60.0,44.20493818568237,0.0,0.37329090178445246,0.3732909017844577,True,1,1,14.334940520351223
hybrid,A032,N2,2,60.0,41.986003858428816,180.0,179.97543647958722,0.024563520412783646,True,1,1,14.334940520351223
hybrid,A032,N2,1,60.0,43.85213106653845,0.0,0.4168372459382343,0.4168372459382397,True,1,1,14.514592568841637
hybrid,A032,N2,2,60.0,41.32209801062865,180.0,-179.87520904113344,0.12479095886658342,True,1,1,14.514592568841637
hybrid,A032,N2,1,60.0,44.65911870487224,0.0,0.14757811512907368,0.14757811512907892,True,1,1,13.501901980551665
hybrid,A032,N2,2,60.0,42.172225789019,180.0,179.81251092310472,0.18748907689527528,True,1,1,13.501901980551665
hybrid,B007,N2,1,24.0,22.92469683550908,90.0,88.51524743559217,1.4847525644078132,True,1,1,10.420007858098398
hybrid,B007,N2,2,0.0,18.3512015137974,,90.26850858078664,,False,0,1,10.420007858098398
hybrid,B007,N2,1,24.0,22.373979641538963,90.0,88.04827620118071,1.9517237988192733,True,1,1,10.78556920309102
hybrid,B007,N2,2,0.0,18.39514884419259,,90.23049006863653,,False,0,1,10.78556920309102
hybrid,B007,N2,1,24.0,22.458672823655455,90.0,88.15263649258559,1.8473635074144,True,1,1,10.674428742941167
hybrid,B007,N2,2,0.0,18.461140403561206,,90.2234589246878,,False,0,1,10.674428742941167
hybrid,B007,N1,1,24.0,18.633702648241044,90.0,84.17402897006906,5.82597102993094,True,1,1,16.475331298136293
hybrid,B007,N1,2,0.0,5.2385807238220545,,96.7750109684541,,False,0,0,16.475331298136293
hybrid,B007,N1,1,24.0,18.39199061558733,90.0,83.65855368865985,6.34144631134015,True,1,1,16.486351917663704
hybrid,B007,N1,2,0.0,5.537793423377221,,97.99256231306744,,False,0,0,16.486351917663704
hybrid,B007,N1,1,24.0,18.63350315875889,90.0,84.00085212373168,5.999147876268324,True,1,1,16.374299098648763
hybrid,B007,N1,2,0.0,5.613173790290125,,96.77304688003292,,False,0,0,16.374299098648763
hybrid,B031,N1,1,24.0,23.713476707165633,90.0,89.92399732607502,0.07600267392496107,True,1,1,8.224139171055526
hybrid,B031,N1,2,24.0,1.3973374681872663,90.0,52.32640666016955,37.67359333983046,True,1,0,8.224139171055526
hybrid,B031,N1,1,24.0,23.750981670644645,90.0,89.94458685868427,0.05541314131573927,True,1,1,8.395568906899634
hybrid,B031,N1,2,24.0,1.5621075507147386,90.0,56.85927148116389,33.14072851883611,True,1,0,8.395568906899634
hybrid,B031,N1,1,24.0,23.693941205010276,90.0,89.99530604479673,0.004693955203265432,True,1,1,7.877435278868312
hybrid,B031,N1,2,24.0,1.3332321628283648,90.0,58.93306105912399,31.066938940876014,True,1,0,7.877435278868312
hybrid,B031,N2,1,24.0,24.6758813910201,90.0,89.39051488350859,0.6094851164914132,True,1,1,10.874488843066931
hybrid,B031,N2,2,24.0,3.9516705328253265,90.0,67.84857365840138,22.151426341598608,True,1,0,10.874488843066931
hybrid,B031,N2,1,24.0,24.683306909731527,90.0,89.4103956611783,0.5896043388216867,True,1,1,10.824773368166266
hybrid,B031,N2,2,24.0,4.099077945099361,90.0,69.76133435716827,20.238665642831734,True,1,0,10.824773368166266
hybrid,B031,N2,1,24.0,24.716775782206014,90.0,89.2199718031055,0.7800281968945058,True,1,1,10.929059504830807
hybrid,B031,N2,2,24.0,4.203184031183978,90.0,69.38332772514518,20.616672274854807,True,1,0,10.929059504830807
hybrid,A027,N2,1,12.0,21.278864858254355,0.0,86.51499431773713,86.51499431773715,True,1,1,14.972485934759469
hybrid,A027,N2,2,12.0,17.355783041971918,180.0,-92.1991724734221,87.8008275265779,True,1,1,14.972485934759469
hybrid,A027,N2,1,12.0,21.00073948868089,0.0,86.63558918969453,86.63558918969454,True,1,1,15.018436947272658
hybrid,A027,N2,2,12.0,17.018954286324412,180.0,-91.95973536082485,88.04026463917512,True,1,1,15.018436947272658
hybrid,A027,N2,1,12.0,21.00457051156533,0.0,85.96649951783252,85.96649951783252,True,1,1,15.306616653736528
hybrid,A027,N2,2,12.0,16.871675257661874,180.0,-92.83679760707278,87.16320239292725,True,1,1,15.306616653736528
hybrid,A027,N1,1,12.0,18.80658449694193,0.0,87.13205968103415,87.13205968103415,True,1,1,16.096189863733358
hybrid,A027,N1,2,12.0,16.18860253388167,180.0,-91.36628637412853,88.63371362587145,True,1,1,16.096189863733358
hybrid,A027,N1,1,12.0,18.89104609154341,0.0,86.46140927860303,86.46140927860301,True,1,1,16.078379558023308
hybrid,A027,N1,2,12.0,16.49645198216877,180.0,-91.83417253944492,88.16582746055508,True,1,1,16.078379558023308
hybrid,A027,N1,1,12.0,18.970765647669406,0.0,86.38551555474713,86.38551555474714,True,1,1,16.016596394891742
hybrid,A027,N1,2,12.0,16.623106448555273,180.0,-91.42020859274017,88.57979140725985,True,1,1,16.016596394891742
