file,condition_id,block,config,speed_id,rpm_measured,mount_idx,acq_idx,labeled,U1_re,U1_im,U2_re,U2_im,U1_mag,U2_mag,U1_ang,U2_ang,disk1_loaded,disk2_loaded,rpm,plane1_x_1x_re,plane1_x_1x_im,plane1_x_1x_amp,plane1_x_1x_phase,plane1_x_2x_amp,plane1_x_3x_amp,plane1_x_2x_ratio,plane1_x_3x_ratio,plane1_y_1x_re,plane1_y_1x_im,plane1_y_1x_amp,plane1_y_1x_phase,plane1_y_2x_amp,plane1_y_3x_amp,plane1_y_2x_ratio,plane1_y_3x_ratio,plane2_x_1x_re,plane2_x_1x_im,plane2_x_1x_amp,plane2_x_1x_phase,plane2_x_2x_amp,plane2_x_3x_amp,plane2_x_2x_ratio,plane2_x_3x_ratio,plane2_y_1x_re,plane2_y_1x_im,plane2_y_1x_amp,plane2_y_1x_phase,plane2_y_2x_amp,plane2_y_3x_amp,plane2_y_2x_ratio,plane2_y_3x_ratio,plane1_smajor,plane1_sminor,plane1_ellipticity,plane1_whirl,plane1_tilt_deg,plane2_smajor,plane2_sminor,plane2_ellipticity,plane2_whirl,plane2_tilt_deg,plane_amp_ratio,plane_phase_diff,plane1_x_resp_re,plane1_x_resp_im,plane1_x_resp_amp,plane1_y_resp_re,plane1_y_resp_im,plane1_y_resp_amp,plane2_x_resp_re,plane2_x_resp_im,plane2_x_resp_amp,plane2_y_resp_re,plane2_y_resp_im,plane2_y_resp_amp
A001_N1_m1_a1_1784813244.npz,A001,A_severity,D1,N1,1004.0,1,1,1,3.0,0.0,0.0,0.0,3.0,0.0,0.0,,0,0,1003.9801786635671,0.04113101959596428,0.12515927390797926,0.1317444671254781,71.80795544549515,0.011162393109646155,0.007354974239458659,0.08472760453017504,0.05582757591219008,0.0180942799712632,0.18562510541109484,0.1865049134113054,84.43253726220588,0.021066472825676454,0.004818182071819814,0.1129539830364569,0.02583407580900627,0.33767695564824773,0.13978943324313198,0.3654679356965597,22.488276429994333,0.016758314678064684,0.006938256186485108,0.04585440483615711,0.018984582527770084,-0.08217945336631483,0.2959501993966248,0.3071481451653067,105.51891027831593,0.031847016938681104,0.006115196561943864,0.1036861769799752,0.019909599514764034,0.22711577257985655,0.02364557443137255,0.10411242760807593,-1.0,80.26089062222421,0.37125786456769155,0.30012396288438986,0.8083975897288181,-1.0,36.69519566355344,1.6346635037738428,-49.31967901550081,0.005575534657278114,-0.005016057297941551,0.007499827833406716,0.017148837492628483,-0.002088958680319636,0.017275600589173826,-0.011011976990129346,-0.019746632809856474,0.022609580813417095,0.030845793722470385,-0.009137767197872793,0.03217082186907436
A001_N1_m1_a2_1784813252.npz,A001,A_severity,D1,N1,1003.9,1,2,1,3.0,0.0,0.0,0.0,3.0,0.0,0.0,,0,0,1003.8961430435563,0.04019434557040279,0.12776597449497268,0.13393927599656108,72.53676327426538,0.01883275970599066,0.004530675273616956,0.14060670080428234,0.03382633839034102,0.016568234744610555,0.18724835623050046,0.18797992795396246,84.94348506677237,0.013560548128560864,0.005535103142190271,0.07213827708180595,0.029445181740605068,0.33730234924754965,0.14133451456851143,0.36571617385102445,22.73438196222806,0.019789627110909584,0.010398274503489801,0.05411198225805279,0.028432635051370652,-0.08445195965558511,0.29803302593525505,0.30976736115638936,105.82084344216732,0.023768491348198608,0.004638633285176888,0.07673013470324536,0.014974570812949606,0.22961085090259467,0.023559289374816134,0.10260529623145047,-1.0,80.79449654956693,0.3716919634086554,0.302571020078666,0.8140370249168002,-1.0,37.47235398543495,1.6187909323428895,-49.80238131203731,0.004638860631716618,-0.002409356710948135,0.005227239015109326,0.01562279226597584,-0.0004657078609140164,0.015629731987387104,-0.011386583390827432,-0.018201551484477024,0.021469763803040193,0.028573287433200104,-0.007054940659242559,0.029431359847035692
A001_N1_m1_a3_1784813261.npz,A001,A_severity,D1,N1,1004.0,1,3,1,3.0,0.0,0.0,0.0,3.0,0.0,0.0,,0,0,1003.9782187050355,0.040335391036292356,0.12617394330924542,0.13246436403899461,72.27191830209628,0.015132136416173982,0.003996766433882414,0.11423552686003469,0.030172389856534195,0.017284653598066302,0.18548977840576114,0.18629336312124356,84.67633145045146,0.02125532636917553,0.00457643559588628,0.11409599361487786,0.02456574683719592,0.33807879138067287,0.14036090648529764,0.3660579916499447,22.54686496862633,0.019913533670226323,0.010062487143772956,0.05439994242570536,0.027488778754475463,-0.08314053689960288,0.29605629574547765,0.3075088277212346,105.68616425895301,0.03227229542324232,0.002996461030052705,0.1049475413840739,0.009744308975640468,0.22739524557034924,0.02331152451641423,0.10251544379454648,-1.0,80.53963433808107,0.37168124191715407,0.30068785606372755,0.8089938962557314,-1.0,36.5607909790126,1.6345163285402424,-49.72505333346996,0.0047799060976061875,-0.004001387896675396,0.006233667251433393,0.016339211119431585,-0.002224285685653332,0.016489914093674323,-0.010610141257704209,-0.019175159567690808,0.021914877183202314,0.02988471018918233,-0.009031670849019957,0.0312196569714732
A001_N2_m1_a1_1784813332.npz,A001,A_severity,D1,N2,1204.2,1,1,1,3.0,0.0,0.0,0.0,3.0,0.0,0.0,,0,0,1204.2362714572446,0.09511641657094796,0.22746390016529472,0.2465501137288427,67.30724505209982,0.025264952220819457,0.003378168934842188,0.10247390211551881,0.013701753707392399,0.02937899219634041,0.37758215017575153,0.378723388918372,85.55088185531898,0.018497415502543964,0.0037751524487945453,0.048841492349791994,0.009968099566219876,0.7125981234377865,0.25133622851825754,0.7556229121015565,19.42795141385523,0.008948250397755972,0.005915309315235338,0.011842216870937495,0.007828387970374719,-0.1300278016513473,0.6402604932554818,0.6533304894355039,101.47983323826051,0.02089853155427758,0.0055880046285328834,0.031987687536723576,0.008553105539833412,0.4471518208162639,0.06537287690029789,0.1461983913673021,-1.0,80.2281438819523,0.7734112686219278,0.632172225969705,0.8173817108924674,-1.0,37.46737999645589,1.7296390903878816,-47.879293638244576,0.016439055668504565,-0.00874604749540736,0.018620845793467962,0.043918770549887444,0.010148651313173496,0.04507608601121041,-0.005412601745751422,-0.03804323008626548,0.03842634009445404,0.07757793410441371,0.0171197296238933,0.0794444523066524
A001_N2_m1_a2_1784813341.npz,A001,A_severity,D1,N2,1204.2,1,2,1,3.0,0.0,0.0,0.0,3.0,0.0,0.0,,0,0,1204.177167339854,0.09713008763606276,0.22664882167235284,0.24658455403705892,66.80250331899612,0.026484862562342715,0.00869732369377557,0.10740681899468178,0.03527116176331328,0.03052305710652531,0.37642957186104453,0.3776650362247179,85.3642733892111,0.016545764493238285,0.006179647400172082,0.043810686471366225,0.016362773377027875,0.7150422179413349,0.2509235256314095,0.7577915209038434,19.337057270746016,0.008471632540069907,0.012564883368193882,0.011179370983150493,0.01658092367305367,-0.12944073926683697,0.6393871825388939,0.6523579340952098,101.44456918943573,0.018377845032804686,0.006308461765493051,0.028171413379518263,0.009670246096175093,0.446115621881343,0.06645053641390256,0.14895361909468605,-1.0,79.92945685234491,0.7749696277804474,0.6318551569375415,0.8153289294023134,-1.0,36.886594672284325,1.7371497203175108,-47.4654460482501,0.018452726733619362,-0.00956112598834924,0.020782643096360912,0.045062835460072344,0.008996072998466498,0.04595202355822093,-0.002968507242202989,-0.038455932973113505,0.038570335960159984,0.07816499648892405,0.016246418907305382,0.0798355359687975
A001_N2_m1_a3_1784813349.npz,A001,A_severity,D1,N2,1204.3,1,3,1,3.0,0.0,0.0,0.0,3.0,0.0,0.0,,0,0,1204.3466909705612,0.09248449722081278,0.2255513884761121,0.24377614950952148,67.70453804851253,0.02983295487113719,0.0023073565930404227,0.12237848095952457,0.009465062918102665,0.0273718746190397,0.3772799695057476,0.3782715888226583,85.85042922215654,0.01691747687110281,0.0023392679596583757,0.044723096766947724,0.006184096370914797,0.712774822703433,0.25215441085222845,0.7560620310478133,19.481970355048624,0.012225650244275061,0.007180530682041001,0.016170168243115905,0.009497277190457015,-0.1333337443540336,0.6396191723005835,0.6533686348134186,101.77513544960662,0.020093359805479917,0.003706576875919164,0.03075348086033843,0.005673025423048729,0.445374259524504,0.06448236141074987,0.14478241620787274,-1.0,80.63277219797436,0.7728982630083232,0.633362962912114,0.8194648548528223,-1.0,37.14495747994956,1.7353905091719815,-48.2225676934639,0.013807136318369384,-0.010658559184589966,0.017442531272881295,0.041911652972586734,0.00984647064316957,0.04305275413979155,-0.00523590248010497,-0.03722504775229457,0.03759147316801751,0.07427199140172741,0.01647840866899497,0.07607803006808654
A002_N1_m1_a1_1784814939.npz,A002,A_severity,D1,N1,1004.2,1,1,1,6.0,0.0,0.0,0.0,6.0,0.0,0.0,,0,0,1004.203879393759,0.04107402845845992,0.09499909189282629,0.1034983249829099,66.61816297012231,0.012419231277222137,0.007757520339974867,0.11999451468681117,0.07495310036424091,0.021967219197205484,0.1886600748318928,0.1899346797055068,83.35849578088899,0.017598178156287447,0.0064569097432183665,0.09265384385607398,0.03399542281183082,0.3534293520022892,0.12493245602706632,0.3748605413026462,19.467806847958226,0.01764145054513018,0.00940721230186215,0.04706136976654269,0.025095232133987594,-0.0832616778900524,0.3008926044354501,0.31220004229502446,105.46759676487758,0.03004937363432932,0.005295018528015846,0.09625038297058622,0.01696033891953202,0.21468933604061058,0.02637375247368648,0.12284612249533264,-1.0,79.61872919501187,0.37685095226593884,0.30979453127998097,0.8220611608309351,-1.0,28.035360275914975,1.7553314906831414,-47.150356122164084,0.005518543519773753,-0.03517623931309452,0.03560649006560087,0.021021776718570768,0.0009460107404783147,0.02104305188717987,0.004740419363912118,-0.03460361002592213,0.03492680063463947,0.02976356919873281,-0.004195362159047533,0.03005779624479021
A002_N1_m1_a2_1784814948.npz,A002,A_severity,D1,N1,1004.2,1,2,1,6.0,0.0,0.0,0.0,6.0,0.0,0.0,,0,0,1004.2245135278405,0.039324726395419535,0.09996145147792512,0.10741846157736659,68.52537772080763,0.014803272529514792,0.0049188295480144095,0.13780938874136592,0.04579128648637081,0.019757876414517428,0.1891067187184654,0.1901360690265688,84.03537561947032,0.02199246007718263,0.003981454149408323,0.11566695466976074,0.02094002558163739,0.35218718786032643,0.1256325322727198,0.37392425497448123,19.632379950535068,0.020083013204164973,0.008210132577199564,0.053708773734230095,0.021956672957093602,-0.08596790155388007,0.3013682612540156,0.3133900269454123,105.92125694087474,0.03529062189174215,0.0025603820552504244,0.11260926914527893,0.008169953843797343,0.216925252994267,0.025177077787098073,0.11606337869645572,-1.0,80.35572504049655,0.37571126241288866,0.3112454091921367,0.8284165004617108,-1.0,27.9563301611434,1.731984899069442,-48.89299777027256,0.003769241456733366,-0.03021387972799569,0.030448082195385417,0.01881243393588271,0.0013926546270509321,0.01886391151119507,0.0034982552219493535,-0.03390353378026864,0.034083535503050634,0.027057345534905144,-0.0037197053404819935,0.027311831780663515
A002_N1_m1_a3_1784814956.npz,A002,A_severity,D1,N1,1004.2,1,3,1,6.0,0.0,0.0,0.0,6.0,0.0,0.0,,0,0,1004.1560788680288,0.04252995508559397,0.10110918024272297,0.10968985098420948,67.18672455930617,0.012495712357876353,0.004546954888934844,0.11391858267430034,0.041452831306967544,0.02231385325108204,0.18819272038087342,0.18951097079394755,83.23805739583996,0.020853428713255514,0.003988113640466601,0.11003810822081185,0.02104423624531383,0.3540885974762341,0.12549772939510778,0.37567062028592846,19.515581667725392,0.017337952027054963,0.008555954250971205,0.04615200415155913,0.022775148731245316,-0.0830839237735928,0.30132661936793537,0.31257106380681626,105.4149763589707,0.03383727798460701,0.002378147703008051,0.10825467198563221,0.007608342480728987,0.21736387442714147,0.02644272214096713,0.12165187159391799,-1.0,79.29026746537288,0.3777504215439689,0.3100543563614174,0.820791556218894,-1.0,28.224057465755457,1.7378712195829378,-47.671142891580786,0.006974470146907802,-0.02906615096319784,0.029891208835467243,0.021368410772447322,0.0004786562894589508,0.021373771094111618,0.005399664837857032,-0.03403833665788067,0.03446396295837744,0.029941323315192406,-0.0037613472265622394,0.03017665612395866
A002_N2_m1_a1_1784815003.npz,A002,A_severity,D1,N2,1209.3,1,1,1,6.0,0.0,0.0,0.0,6.0,0.0,0.0,,0,0,1209.3222468037548,0.10404971629158505,0.19969995607495566,0.22518085157645745,62.47912348948371,0.03157224367633901,0.004999286217202043,0.14020838563894958,0.02220120486356983,0.048841195389715625,0.3838613468627799,0.38695606466678334,82.74884487630196,0.014787029435113315,0.00401040363423498,0.03821371671186175,0.010363976689933597,0.7521220760603016,0.2203585734094613,0.7837381693986271,16.32965879844384,0.011129232614013487,0.006659289422867425,0.014200192166923678,0.008496829276513594,-0.11046001282997209,0.6534535516644622,0.6627238931993455,99.59459700106494,0.017708395280322583,0.00491987685241777,0.02672062296537111,0.007423720350064223,0.442478328244594,0.06822273032480938,0.1541832129846077,-1.0,77.78417084294578,0.7958373732741437,0.6481445456761321,0.8144183314860037,-1.0,30.66311490158206,1.7985906257407014,-46.14946469103987,0.02537235538914165,-0.036509991585746415,0.04446049823814595,0.06338097374326267,0.01642784800020186,0.06547535431413784,0.034111350876763646,-0.06902088519506172,0.0769900438481988,0.09714572292578894,0.030312788032873628,0.10176520329218668
A002_N2_m1_a2_1784815011.npz,A002,A_severity,D1,N2,1209.4,1,2,1,6.0,0.0,0.0,0.0,6.0,0.0,0.0,,0,0,1209.4177634567639,0.10718184470705833,0.20160618927299467,0.22832652799879938,62.00311689038228,0.03019060316320972,0.001049012339674803,0.13222556059438031,0.004594351558134844,0.05082803223547813,0.3832439056711401,0.3865997673240382,82.44519050254696,0.02045591192607917,0.001583803771173667,0.05291237516170964,0.004096753037738283,0.755020463628264,0.22009125917768235,0.786445206523542,16.251599105471396,0.013071867580976141,0.005509925997470384,0.016621460049022294,0.0070061155586755375,-0.10846736361075832,0.6533177098708185,0.6622606729978154,99.4265721627963,0.02435246123333443,0.0032919930332445738,0.03677171577031686,0.004970841796090515,0.4435784832314277,0.06950188988144926,0.15668453838232752,-1.0,77.32477809441457,0.7985818815530317,0.6475741195558973,0.8109050987940473,-1.0,30.397339427798013,1.8003169940422663,-45.7515177849109,0.028504483804614927,-0.034603758387707406,0.04483219481045274,0.06536781058902517,0.01581040680856205,0.06725265514948013,0.037009738444726104,-0.06928819942684067,0.07855300961491342,0.0991383721450027,0.03017694623922995,0.10362945969118252
A002_N2_m1_a3_1784815020.npz,A002,A_severity,D1,N2,1209.4,1,3,1,6.0,0.0,0.0,0.0,6.0,0.0,0.0,,0,0,1209.424990355089,0.10401797542421956,0.20553526755359813,0.23035729947124037,63.156787943572326,0.029720080320495584,0.0067164635865610365,0.12901731522601945,0.029156721328032296,0.04779286386316017,0.38682627634749717,0.38976752803320186,82.9567292888968,0.0154289952075932,0.005841170619335527,0.039585122150757775,0.014986293621766136,0.7528608933262257,0.22295490722029,0.785180498582059,16.496316319380853,0.007917522652890707,0.007300847947436366,0.010083697528388435,0.00929830524397997,-0.1120497782271726,0.6579965905363436,0.6674688501782021,99.66415458425786,0.017479711581862654,0.007153882810532515,0.0261880559327913,0.010717927598602628,0.44762337890967474,0.06794499232674389,0.1517905353653443,-1.0,77.9815696470387,0.7980137804232877,0.6520713822629504,0.8171179474082194,-1.0,31.40743605571291,1.7827794928117857,-46.66047162419147,0.02534061452177616,-0.030674680107103947,0.0397879723536449,0.06233264221670721,0.019392777484919133,0.06527969136182872,0.03485016814268782,-0.06642455138423303,0.07501170072842121,0.09555595752858842,0.03485582690475508,0.10171464834732333
A003_N1_m1_a1_1784817459.npz,A003,A_severity,D1,N1,1003.8,1,1,1,12.0,0.0,0.0,0.0,12.0,0.0,0.0,,1,0,1003.8161185643561,0.054636062892821524,0.07270325493015312,0.0909442831950815,53.075356169549295,0.00969879383008816,0.007187349113613696,0.10664544806278375,0.07903024644436811,0.059126182231880514,0.19444770623168317,0.20323832287263272,73.08693057046075,0.015154167738041357,0.004172449525229561,0.07456353469093677,0.020529836431706784,0.37256904290670667,0.07695918709730154,0.3804344992388268,11.671072011312885,0.01800803061574162,0.00821481825619462,0.04733543001954891,0.02159325264304585,-0.025181460072354944,0.31317195551753374,0.31418271698814326,94.59713570380686,0.02697382060776805,0.0029541460934665964,0.08585392877860305,0.009402637171726035,0.22080784280297225,0.028645681814988888,0.12973126973822913,-1.0,69.901576642292,0.38605151490351064,0.3072546430989337,0.7958902665508997,-1.0,24.775624213943292,1.7483596144181617,-41.40428415823641,0.019080577954135355,-0.0574720762757677,0.06055665121612569,0.0581807397532458,0.0067336421402686975,0.058569108023838974,0.02388011026832959,-0.08257687895568691,0.08596045954094096,0.08784378701643027,0.008083988923036134,0.08821497488689624
A003_N1_m1_a2_1784817467.npz,A003,A_severity,D1,N1,1003.9,1,2,1,12.0,0.0,0.0,0.0,12.0,0.0,0.0,,1,0,1003.8607150809588,0.05419710360178204,0.07454938316870774,0.09216798017563964,53.982998087910865,0.01223983287673489,0.004168505844338282,0.13279918745544916,0.0452272669575115,0.05848516052491176,0.1958426732301668,0.20438900816717762,73.37261876308749,0.021200100580315014,0.0017740179959634121,0.1037242695701847,0.00867961546401935,0.3716440301073515,0.07759718737525978,0.3796585421177629,11.79360416520394,0.02036479852254901,0.007369500593346301,0.05363977433235846,0.019410864700261165,-0.026829194079744267,0.31618049710075014,0.3173167382944777,94.85016018886864,0.03396905398773404,0.001144554978164123,0.1070509364564624,0.0036069795256181785,0.2224394353698979,0.02811584644894588,0.12639776037100442,-1.0,70.23580228857814,0.3854484075177761,0.3102580315589616,0.804927522095556,-1.0,25.550954367006618,1.7328240690631502,-42.18939392270693,0.01864161866309587,-0.055625948037213074,0.058666481413316526,0.05753971804627705,0.008128609138752324,0.058111044039628725,0.022955097468974395,-0.08193887867772867,0.08509357401574841,0.08619605300904094,0.01109253050625253,0.0869068684706194
A003_N1_m1_a3_1784817476.npz,A003,A_severity,D1,N1,1003.8,1,3,1,12.0,0.0,0.0,0.0,12.0,0.0,0.0,,1,0,1003.8273372157654,0.05759160580291331,0.0728777079676673,0.09288677719448961,51.682447297441044,0.013131108574509632,0.0021093050345961377,0.14136682282576404,0.022708345561172828,0.062072791467683325,0.19321823669986,0.20294412638456336,72.18999971155422,0.018755387034486082,0.0006157031883937905,0.09241650580685484,0.003033855669353449,0.37370841982409075,0.07611506703726217,0.38138102532441986,11.512252780178517,0.020566912851940247,0.005766703416438795,0.05392746750954667,0.015120582917132223,-0.02228580331801122,0.3128728619260832,0.31366556195946504,94.07427326588694,0.03161323670473073,0.002187663392769087,0.10078644434933569,0.006974509343973817,0.2211849970852916,0.029857476047916595,0.13498870376096617,-1.0,68.8049783149936,0.3874141683564045,0.30618267977396807,0.790323908578101,-1.0,24.829765855098294,1.7515390892765341,-40.17019451726253,0.02203612086422714,-0.05729762323825352,0.061388991289120204,0.06112734898904861,0.005504172608445518,0.061374658536993136,0.025019487185713674,-0.08342099901572628,0.08709212258188392,0.09073944377077399,0.007784895331585606,0.09107277996829348
A003_N2_m1_a1_1784817505.npz,A003,A_severity,D1,N2,1207.0,1,1,1,12.0,0.0,0.0,0.0,12.0,0.0,0.0,,1,0,1206.950294305927,0.12316094079620843,0.16735587612295588,0.20778981353928136,53.649815132068184,0.032065444192335285,0.007697465713591716,0.15431672826576512,0.03704448058584238,0.1042984431579356,0.3976121690739422,0.41106398801263816,75.30177380675578,0.012520842588325457,0.0033841955230282804,0.030459594986317565,0.008232770618972911,0.781705042905122,0.121733563703806,0.7911269396470627,8.851475583045355,0.010813232754673798,0.00802830181913636,0.013668138718039097,0.010147931282327388,-0.02435854613253091,0.6877893949352951,0.6882205973052172,92.02832267051407,0.015776323934037356,0.003792035463653043,0.022923353348927384,0.005509912778694885,0.4553684253098124,0.06920842493804785,0.15198336356097047,-1.0,71.09872436050658,0.8060118072781446,0.67072676383062,0.8321550103535401,-1.0,25.8567696520332,1.7700212893104523,-44.79833954902284,0.04448357989376503,-0.0688540715377462,0.08197360579778132,0.11883822151148264,0.030178670211364167,0.12261025661721166,0.06369431772158407,-0.16764589490071702,0.17933798311311622,0.1832471896232301,0.06464863130370657,0.1943166952020712
A003_N2_m1_a2_1784817514.npz,A003,A_severity,D1,N2,1206.8,1,2,1,12.0,0.0,0.0,0.0,12.0,0.0,0.0,,1,0,1206.8102502482018,0.12304700402230478,0.1644291515377747,0.2053716413585322,53.191447921522624,0.030061662038262885,0.005739981861154094,0.14637688942545898,0.027949242763918854,0.10495370000343415,0.3956477115826145,0.4093316391692323,75.14328780699712,0.014470712134500071,0.0034990760976743116,0.03535204892509509,0.008548266888862868,0.7813499746449128,0.11978386646247163,0.7904783093433401,8.71579983890816,0.01049485330306199,0.005990889543558155,0.01327658606063485,0.007578815854586649,-0.023437331235119874,0.6853238446542709,0.6857244931801225,91.95869006936054,0.01782729285440422,0.004692532870923808,0.025997748413110044,0.006843175236692614,0.4526702113575084,0.06942320684624739,0.1533637626342913,-1.0,70.94067488864935,0.804839116155174,0.6688109113912537,0.8309870854516297,-1.0,25.336349146141117,1.7779811791492743,-44.47564808261447,0.044369643119861385,-0.07178079612292737,0.08438689425867697,0.1194934783569812,0.02821421272003649,0.12277920495451093,0.06333924946137492,-0.1695955921420514,0.18103735911778907,0.18416840452064115,0.06218308102268233,0.19438296424623222
A003_N2_m1_a3_1784817522.npz,A003,A_severity,D1,N2,1206.9,1,3,1,12.0,0.0,0.0,0.0,12.0,0.0,0.0,,1,0,1206.8638563319344,0.12180333008765917,0.16499567443665147,0.20508443091382814,53.56446456796954,0.02349535929155856,0.007372104055807245,0.11456432449243688,0.03594667826786343,0.10421464498587543,0.396447409939848,0.4099161390791365,75.2717955419714,0.018615144577463102,0.002912805788177642,0.04541208018616059,0.007105857785256193,0.7805694209810934,0.12019642340715003,0.7897694607736047,8.753965090585053,0.008883894639674773,0.009441766556837707,0.011248718874205026,0.011955091993034515,-0.02392806894675409,0.6863315804442176,0.6867485644677956,91.99673502103364,0.022102896163867097,0.001923489168399858,0.032184845091006505,0.0028008637628394463,0.4531925642619056,0.06861023668894686,0.1513931209367684,-1.0,71.13079522559104,0.8043400291761725,0.6696241553543915,0.8325137765930153,-1.0,25.611011516542384,1.7748305965393874,-44.8104994773845,0.04312596918521577,-0.0712142732240506,0.08325456101015674,0.11875442333942247,0.02901391107726997,0.12224737256349724,0.06255869579755546,-0.169183035197373,0.18037873992931272,0.18367766680900693,0.06319081681262906,0.1942435703282037
A004_N1_m1_a1_1784820083.npz,A004,A_severity,D1,N1,1004.0,1,1,1,24.0,0.0,0.0,0.0,24.0,0.0,0.0,,1,0,1003.971214754089,0.07274822860116321,0.05159451677923982,0.089186876424115,35.345037791394255,0.009122277952898309,0.008702126420368668,0.10228273843248714,0.0975718263636344,0.1089901224459908,0.19888904252252382,0.2267943959323474,61.27749640420112,0.012924779111384703,0.004260819198267196,0.05698897037667613,0.018787144985443975,0.3949928813058773,-0.010866407099762887,0.39514232256944665,-1.575831617598227,0.021207307838270423,0.0069752008974979475,0.05367004906072348,0.017652376116385378,0.046686922255283314,0.3338250060747727,0.33707388417154616,82.0385672377435,0.02500442751569316,0.003668407227819432,0.07418085081598229,0.010883095368944332,0.24091896329237183,0.03671580148570243,0.15239896844959133,-1.0,58.10957837344304,0.4009856673274503,0.3301011255267527,0.8232242506991844,-1.0,12.919248578950272,1.6644006011300423,-36.92086940899247,0.037192743662477046,-0.078580814426681,0.08693816525038472,0.10804467996735607,0.011174978431109345,0.10862105234338394,0.046303948667500205,-0.17040247315275134,0.17658159167585005,0.1597121693440685,0.028737039480275117,0.16227690678183174
A004_N1_m1_a2_1784820092.npz,A004,A_severity,D1,N1,1004.1,1,2,1,24.0,0.0,0.0,0.0,24.0,0.0,0.0,,1,0,1004.0807771510767,0.07279640716119747,0.049945407543994846,0.08828284448472748,34.4539073997838,0.0025485809837230387,0.010288147642963994,0.02886836053593551,0.11653620477468637,0.10876796618632609,0.19896314580618568,0.22675273726551412,61.335722186262664,0.016080814689227417,0.004635594114637255,0.07091784153590053,0.020443387676547634,0.39510988172847705,-0.01151792357325604,0.39527772667193184,-1.6697673263081445,0.017179869892722244,0.009729368022132031,0.04346278257914846,0.024614005206033535,0.045849953199075755,0.334386954936575,0.33751570902716876,82.19249246089717,0.028725018060162626,0.003600805646541771,0.08510720328531543,0.010668557196701975,0.24040190556780877,0.037650873656320596,0.15661636943930393,-1.0,58.13454734507605,0.4007527614465039,0.33099631302485005,0.8259364497705013,-1.0,12.493401279898686,1.6670115842050424,-36.12367472609196,0.0372409222225113,-0.08022992366192597,0.08845183400462425,0.10782252370769137,0.011249081714771209,0.10840774168905681,0.04642094909009997,-0.1710539896262445,0.1772409994371534,0.15887520028786095,0.029298988342077392,0.16155420138262305
A004_N1_m1_a3_1784820100.npz,A004,A_severity,D1,N1,1004.1,1,3,1,24.0,0.0,0.0,0.0,24.0,0.0,0.0,,1,0,1004.132860061365,0.07371373665295594,0.048903874883713505,0.08846074807496963,33.56147316450232,0.011714271073769085,0.011472139756845119,0.13242337792397316,0.12968621684187648,0.11056007945490734,0.1978753614512191,0.22666757562237705,60.806337604511825,0.013054371625739716,0.006060099658720644,0.05759258504395881,0.02673562657597146,0.39561529565293474,-0.012413500505128183,0.3958100013255726,-1.7972204653172825,0.023486411258913657,0.009666308401554361,0.05933758919748711,0.024421587047274637,0.048380619410034464,0.3332509922964302,0.33674457412266345,81.73964007065098,0.025229365961805018,0.005219165620234477,0.07492137335111122,0.015498885568779291,0.24030044737138284,0.038199329596506515,0.1589648709120782,-1.0,57.55724400298331,0.4016949624298815,0.3297023240877441,0.8207778412090387,-1.0,12.602606716347251,1.67163634867922,-35.358693629819584,0.03815825171426977,-0.08127145632220731,0.08978363874683418,0.10961463697627262,0.010161297359804616,0.11008460656910395,0.04692636301455766,-0.17194956655811663,0.17823786630595148,0.16140586649881966,0.028163025701932576,0.16384446819139944
A004_N2_m1_a1_1784820037.npz,A004,A_severity,D1,N2,1206.5,1,1,1,24.0,0.0,0.0,0.0,24.0,0.0,0.0,,1,0,1206.5317100544194,0.15251619424491522,0.11625347964924759,0.1917708555477363,37.315988953877714,0.020637294203351135,0.013856845734947484,0.10761434079441767,0.07225730779251902,0.20715626847599636,0.3885139004476122,0.44029168787284206,61.93338563794248,0.019829473000273625,0.004264919125469681,0.04503712776426625,0.009686576519476348,0.8266818451623845,-0.05670487603140323,0.8286243516134567,-3.9239629390869997,0.016228138920185986,0.009896851446726971,0.019584433994230738,0.011943713007536294,0.13808895139302876,0.6890994955573893,0.7027991699442129,78.66855896216845,0.02285735536970685,0.004373288039991227,0.032523310139255336,0.006222671037500474,0.4744872069184667,0.07412639150895614,0.15622421516981724,-1.0,58.29062001342596,0.8440486942514485,0.6841979180716067,0.8106142722943174,-1.0,11.641305784676721,1.778865018791719,-41.23995189296471,0.07383883334247182,-0.11995646801145449,0.1408606670691305,0.2216960468295434,0.02108040158503416,0.222696027155478,0.1086711199788466,-0.34608433463592625,0.3627447849354263,0.3456946871487898,0.0659587319258007,0.3519309179940849
A004_N2_m1_a2_1784820046.npz,A004,A_severity,D1,N2,1206.8,1,2,1,24.0,0.0,0.0,0.0,24.0,0.0,0.0,,1,0,1206.7735069232667,0.1566443232491824,0.1191169554072889,0.19678997197951015,37.25042738664494,0.022806830142533433,0.00373489586115988,0.11589426998296483,0.018979096463049242,0.208866052209825,0.3876798888764569,0.4403643082777932,61.68603078552103,0.01424471458898845,0.006903057890399428,0.03234756841374736,0.0156757887972265,0.8282241461242219,-0.05703349423813209,0.830185554974433,-3.939305407717173,0.009332770417933076,0.0021567777614424,0.01124178849175531,0.0025979466259309,0.1397427143854921,0.6901344272489376,0.7041402941872055,78.55316194073028,0.017351996971661426,0.008102514148819734,0.024642812114155418,0.011506959927882737,0.4764298436656299,0.07524374486573074,0.1579324760321661,-1.0,57.89929318951929,0.8460104629206268,0.6850459154064629,0.8097369304884523,-1.0,11.767678699581937,1.7757293632394229,-41.1897327943621,0.077966962346739,-0.11709299225341319,0.14067557020476476,0.22340583056337202,0.020246390013878846,0.22432137980652708,0.11021342094068398,-0.3464129528426551,0.36352294570304083,0.34734845014125315,0.06699366361734904,0.3537500484528661
A004_N2_m1_a3_1784820054.npz,A004,A_severity,D1,N2,1206.7,1,3,1,24.0,0.0,0.0,0.0,24.0,0.0,0.0,,1,0,1206.7026502702138,0.1585199635365164,0.11791822174014532,0.19756843335405727,36.644447177911644,0.02787194111591239,0.012785154329287453,0.14107487032588759,0.06471253586536017,0.2098763427984092,0.3854531150446393,0.4388874379200791,61.43203797551506,0.01229739111360959,0.0043646192133963355,0.028019464790078885,0.009944734882548923,0.828878392281891,-0.05869974758551422,0.8309543005234497,-4.050826029597984,0.012150363238185998,0.007631677558636547,0.014622179860591639,0.009184232579131082,0.1403485032805766,0.6880268137426804,0.7021955559543246,78.47058648793104,0.014378491187903368,0.00461568194206326,0.02047647705255292,0.006573214402916976,0.4751868940906735,0.07650414829593855,0.1609980183530489,-1.0,57.549944942505924,0.846357345583916,0.6835516746644441,0.8076395605603807,-1.0,11.312173273981355,1.7811041426206022,-40.695273207509615,0.079842602634073,-0.11829172592055676,0.14271570907453252,0.22441612115195622,0.01801961618206127,0.22513840631984205,0.11086766709835305,-0.34807920619003724,0.3653091476950963,0.3479542390363376,0.06488605011109183,0.3539524713324882
A005_N1_m1_a1_1784822013.npz,A005,A_severity,D1,N1,1002.5,1,1,1,30.0,0.0,0.0,0.0,30.0,0.0,0.0,,1,0,1002.4675024002478,0.08402162299902477,0.044203057252938716,0.09493968296711774,27.748474069186443,0.008685738039012136,0.010340470525783244,0.09148690797735685,0.10891621082582144,0.13602333752248366,0.19527184831634314,0.2379778205960304,55.139529778100545,0.021570176208459153,0.005101231361346484,0.09063943923192208,0.021435742829185214,0.4058092354943682,-0.059252494173234915,0.41011217206792683,-8.307095955384806,0.024026747160566114,0.007745811347892185,0.05858579383151438,0.018887055482491866,0.08831195281273238,0.33397985092423244,0.3454584516739615,75.18866795018246,0.03609654966417441,0.004792156816161531,0.1044888306806915,0.013871876032965889,0.2528985681693741,0.04110110357902429,0.16252011182403212,-1.0,51.74373465867534,0.41592383428148216,0.33843891559310046,0.8137040671827844,-1.0,5.372881414580733,1.6446270822811655,-36.05557002457124,0.0484661380603386,-0.0859722739529821,0.09869244361718077,0.13507789504384896,0.007557784224928671,0.1352891637636498,0.05712030285599112,-0.21878856022622337,0.22612200928751697,0.2013371999015176,0.02889188432973483,0.2033996289188022
A005_N1_m1_a2_1784822021.npz,A005,A_severity,D1,N1,1002.6,1,2,1,30.0,0.0,0.0,0.0,30.0,0.0,0.0,,1,0,1002.619601571714,0.08449751755240208,0.041321084515743955,0.09405988782725479,26.05961734497192,0.007874442275498047,0.012490100109260702,0.08371732581650336,0.1327888050663991,0.1371806179672986,0.19541875133439296,0.2387614087724045,54.93180202859692,0.0244805923491606,0.006912899424110031,0.10253161293957823,0.02895316902196553,0.40722650179489983,-0.059839095232197326,0.4115994911103748,-8.359391861904022,0.01801436765132266,0.010877255983784397,0.043766739367741135,0.026426796482281228,0.0893673760528497,0.3350095821511584,0.34672459969789454,75.06355524627175,0.03990435338415553,0.007679621466876104,0.11508947856288446,0.022149052803197275,0.2530166201191665,0.04285863694207251,0.1693905994076074,-1.0,51.47635472337011,0.417552525835847,0.3395319974407258,0.8131479908092006,-1.0,5.436274287463085,1.6502968288770397,-34.419009206875955,0.04894203261371591,-0.08885424669017686,0.10144160739677203,0.1362351754886639,0.007704687242978486,0.1364528682217386,0.05853756915652275,-0.21937516128518578,0.22705089383584456,0.20239262314163492,0.029921615556660786,0.2045924655984977
A005_N1_m1_a3_1784822030.npz,A005,A_severity,D1,N1,1002.5,1,3,1,30.0,0.0,0.0,0.0,30.0,0.0,0.0,,1,0,1002.5433246488344,0.0833082321867945,0.042051154316544714,0.09331967171739687,26.783086968389355,0.005536203679174211,0.008223984380659837,0.059325151677983655,0.08812701790855854,0.13559363259996773,0.19519020052755137,0.23766541099545963,55.21328133172636,0.01802009050573932,0.003253460927392267,0.07582125825656463,0.013689248737395873,0.4057444684716568,-0.05960667766849975,0.410099414432676,-8.357367781752188,0.021655697864205285,0.006247751023664623,0.052805971191554564,0.015234723103195959,0.08712381562173349,0.3341990407469989,0.34536872771677524,75.38852361185319,0.032729265213742226,0.0030677396611202973,0.09476615161457914,0.008882505609008245,0.2518646818136469,0.041923630186255,0.1664529932675278,-1.0,51.818385435816445,0.41550310994999134,0.33884842249096153,0.815513565065119,-1.0,4.910527584639307,1.6497077198676846,-35.140454750141544,0.04775274724810834,-0.0881241768893761,0.1002307109730933,0.13464819012133303,0.007476136436136899,0.13485558097076436,0.057055535833279714,-0.2191427437214882,0.2264483965388241,0.2001490627105187,0.029111074152501304,0.2022550418214873
A005_N2_m1_a1_1784821978.npz,A005,A_severity,D1,N2,1208.5,1,1,1,30.0,0.0,0.0,0.0,30.0,0.0,0.0,,1,0,1208.4787076747052,0.18234353356333874,0.1071366837901866,0.21148861256796517,30.43653841567312,0.024464254446230516,0.013934677959909573,0.11567646195782076,0.06588854969877608,0.2698485049991153,0.4022066480725597,0.48434327021650814,56.14154744375454,0.01662141062846149,0.004695627748059749,0.03431741834883241,0.009694834297915894,0.8668661620526463,-0.15778632628727263,0.8811092257348794,-10.315997628494703,0.008480108312405841,0.006618512193898257,0.00962435537470749,0.00751156837380537,0.23369272785583833,0.7285011490380857,0.7650661508670438,72.21450363016739,0.022053063961344623,0.004830171221847366,0.028825042038981924,0.006313403378744922,0.521593991546231,0.08517948481186455,0.16330610818455862,-1.0,52.34829642898621,0.9002576072240105,0.7424391715911356,0.8246963598346967,-1.0,7.480932027776023,1.7259738835473473,-40.75253604416781,0.10366617266089534,-0.1290732638705155,0.1655493364539595,0.2843882833526623,0.034773149209981646,0.28650631339335925,0.1488554368691084,-0.44716578489179565,0.47129097197314185,0.44129846361159936,0.10536038540649717,0.45370160325809267
A005_N2_m1_a2_1784821986.npz,A005,A_severity,D1,N2,1208.4,1,2,1,30.0,0.0,0.0,0.0,30.0,0.0,0.0,,1,0,1208.4317539841868,0.18051890937896312,0.11106063947281691,0.2119470270692215,31.601074209285656,0.032740675265688864,0.012135684955018643,0.15447574669210068,0.05725810417267684,0.2655631855508348,0.4002984979478346,0.48037765661945564,56.439191464368506,0.009988630618507088,0.002089336202212409,0.020793287283175737,0.004349361743665638,0.8633090295772092,-0.1579313979304593,0.8776359193890209,-10.366901500312856,0.011575555445028344,0.008703877612121826,0.013189473207850059,0.009917412699085013,0.22839486773562867,0.7278111987192373,0.7628062379065266,72.57758992088253,0.010408172257013511,0.0023468148249380376,0.013644581991854289,0.0030765543178811992,0.5185380037694796,0.08247771765418946,0.15905819256182355,-1.0,52.68478152848922,0.8950367053782209,0.7423122386278027,0.8293651357171095,-1.0,6.914278620631125,1.7260773537750513,-41.967975709598505,0.10184154847651972,-0.12514930818788517,0.16135070602882895,0.28010296390438183,0.032864999085256585,0.28202442900020797,0.1452983043936713,-0.4473108565349823,0.4703175519090644,0.4360006034913897,0.10467043508764873,0.44838869993153674
A005_N2_m1_a3_1784821995.npz,A005,A_severity,D1,N2,1208.5,1,3,1,30.0,0.0,0.0,0.0,30.0,0.0,0.0,,1,0,1208.545288482682,0.18241000774481522,0.11433732741979102,0.21528222259853239,32.08010250608386,0.022943919765406596,0.011627452193726887,0.10657600747737267,0.05401027569011243,0.2656888886237,0.40226774578902563,0.4820891254117655,56.5561263707697,0.01799320892921347,0.006320645684333219,0.0373234076040296,0.01311094847645564,0.8652298689533993,-0.1560182680333035,0.8791839546359045,-10.22173313865008,0.013877495485332807,0.005428900107098521,0.015784518600637884,0.006174930830427616,0.22661939372516268,0.7310374602317413,0.7653575098438867,72.77672247347597,0.020553018849340007,0.007074530660204152,0.02685414147635697,0.009243432734653867,0.5214956033876801,0.08245420458996905,0.1581110253937703,-1.0,52.76880561853778,0.896559478515802,0.7449279464801524,0.8308739847503859,-1.0,7.1348969005378855,1.7192081250382072,-42.301835644733956,0.10373264684237182,-0.12187262024091106,0.16004186197776366,0.280228666977247,0.0348342469264476,0.28238542907660363,0.14721914376986134,-0.4453977266378265,0.46909765634297845,0.43422512948092373,0.10789669660015277,0.44742950306160006
A007_N1_m1_a1_1784799778.npz,A007,A_severity,D1,N1,1007.5,1,1,1,48.0,0.0,0.0,0.0,48.0,0.0,0.0,,1,0,1007.5234359984914,0.13356004699089122,0.04650115429688151,0.14142363134621969,19.19641313588894,0.0069588452298453484,0.004635520479153923,0.04920567491870843,0.03277755234417429,0.21669405384166976,0.19023488859885918,0.28834983234008793,41.27977444305881,0.015905080902925698,0.004788389021351595,0.0551589739929753,0.0166061793152147,0.4372758404052778,-0.19741752494296422,0.4797747802425091,-24.297813629596888,0.012640838043142883,0.004183709403245724,0.026347441682435642,0.008720152820727693,0.20942259240612018,0.34776256092100766,0.4059515007835757,58.94365170388583,0.028664007209942933,0.007072087678450171,0.07060943771513369,0.017421016216960614,0.31751345101814343,0.04828537807926217,0.1520734883023996,-1.0,37.21243813840821,0.487255814702402,0.3969410935943568,0.8146461912143499,-1.0,170.12176852990683,1.5345989693978637,-43.49422676548582,0.09800456205220505,-0.0836741769090393,0.12886528649892381,0.21574861136303505,0.002520824507444702,0.2157633376208184,0.0885869077669007,-0.3569535909959527,0.36778187333337575,0.3224478394949054,0.04267459432651005,0.3252594813312357
A007_N1_m1_a2_1784799786.npz,A007,A_severity,D1,N1,1007.4,1,2,1,48.0,0.0,0.0,0.0,48.0,0.0,0.0,,1,0,1007.394751915725,0.13115982561621298,0.047906228260472916,0.13963490452540844,20.0647604065901,0.00736299570172413,0.009214143077312355,0.052730337924815456,0.06598739125170325,0.21559103278794414,0.19116967148199476,0.2881411749700244,41.56416342030864,0.019520484824043446,0.004029652190362258,0.06774625260021995,0.01398499256755466,0.43643576749868807,-0.19558276137589514,0.4782559938982357,-24.138888906659425,0.018488852522476125,0.01046912587295025,0.0386589039308731,0.0218902136230788,0.20800557598349256,0.34825247639751666,0.4056428317587128,59.1508104338998,0.031217483415782843,0.004097670755964178,0.07695805514530042,0.010101671803734922,0.31679115334531255,0.04654684132218678,0.14693226382950544,-1.0,37.67260685103995,0.485724016120919,0.3966699923364281,0.8166571533857999,-1.0,170.400336710874,1.5332625642846287,-44.203649313249514,0.09560434067752681,-0.0822691029454479,0.12612848709087615,0.21464559030930944,0.0034556073905802898,0.21467340464451984,0.08774683486031098,-0.35511882742888357,0.36579897296529945,0.32103082307227776,0.04316450980301906,0.32391968799225374
A007_N1_m1_a3_1784799795.npz,A007,A_severity,D1,N1,1007.4,1,3,1,48.0,0.0,0.0,0.0,48.0,0.0,0.0,,1,0,1007.4030941138766,0.13212926381769488,0.04640199221185548,0.14004030576314488,19.350578033763195,0.008668479478596437,0.0040635142220288205,0.06189988968788559,0.029016747713344653,0.21757542267170135,0.1904213499018908,0.28913553058942415,41.192316243219636,0.015735676185651623,0.0022041665903605487,0.05442318401191747,0.007623298962487219,0.4374575766318428,-0.19637126544781108,0.47951100638690175,-24.17493674345597,0.016322751912481837,0.006421860738972521,0.034040411367140845,0.013392519991065506,0.21050377237547074,0.3475613838126387,0.4063382257455731,58.798418022568335,0.02710575381661093,0.0042944516097735185,0.0667073686382218,0.010568662600949758,0.3177466840904115,0.04740977786291761,0.14920620807935056,-1.0,37.24901714148264,0.48759800438339784,0.39659771188140713,0.8133702523719984,-1.0,170.768303982922,1.534549465965967,-43.52551477721917,0.09657377887900871,-0.08377333899406533,0.1278454813170425,0.21662998019306665,0.0027072858104763287,0.21664689638881987,0.08876864399346573,-0.35590733150079956,0.3668104425619024,0.32352901946425594,0.042473417218141074,0.3263050989575388
A007_N2_m1_a1_1784799719.npz,A007,A_severity,D1,N2,1206.9,1,1,1,48.0,0.0,0.0,0.0,48.0,0.0,0.0,,1,0,1206.897229103975,0.2792464476853503,0.09989092156363732,0.29657507440059727,19.682942524516346,0.03251257146923763,0.007930624244624165,0.10962678348795234,0.026740697142713737,0.4248532609563527,0.38412205077264044,0.5727565305040403,42.11764083329981,0.012220807226661872,0.0008201556521840222,0.021336827387908177,0.001431944654497897,0.9181719060676254,-0.4357899994724305,1.0163427437297112,-25.39032037921601,0.007068740590528663,0.009014690006360605,0.00695507557282127,0.008869734213164211,0.48517546909192744,0.7366649308344733,0.8820830211096522,56.63066871742397,0.012361189777592901,0.0017278224018624864,0.01401363531750406,0.0019587979368301434,0.6369043371735379,0.10178252934704368,0.15980819003170157,-1.0,37.60176731752477,1.0409770643336125,0.8528714911364679,0.8192990223876244,-1.0,173.06183832253623,1.6344323685300584,-45.07326290373237,0.20056908678290689,-0.13631902609706475,0.24250945434968396,0.4393930393098997,0.01668855191006241,0.43970984837600113,0.20016118088408752,-0.7251694580769535,0.7522866749189001,0.6927812048476885,0.11352416720288472,0.7020210355319301
A007_N2_m1_a2_1784799727.npz,A007,A_severity,D1,N2,1206.9,1,2,1,48.0,0.0,0.0,0.0,48.0,0.0,0.0,,1,0,1206.869247643546,0.27966173801835786,0.10034158028980872,0.29711802443895047,19.73779564764031,0.03149902675440174,0.012304714850908005,0.10601519989869858,0.04141355905331918,0.4244520225457471,0.3842558669741225,0.5725487671344773,42.154502483148164,0.012443802798535263,0.003617635958897388,0.02173404871835577,0.006318476550046777,0.9195816776034749,-0.43714674569245593,1.0181982808144618,-25.425276923879252,0.007160989395836567,0.011927326310851454,0.007033000871017437,0.011714148938957869,0.48458982238841936,0.7385965432270161,0.8833754296047277,56.73130241978301,0.01452616294347212,0.0027520747674546517,0.016443929111738993,0.0031154078721502207,0.6369605431218628,0.1018453616990796,0.15989273244448773,-1.0,37.62550382919526,1.0421218033562967,0.8550216580018798,0.8204623060837657,-1.0,172.81019716141193,1.6360853346561512,-45.163072571519564,0.20098437711591446,-0.13586836737089336,0.24260035675304387,0.4389918008992941,0.016822368111544472,0.4393140031067594,0.20157095241993694,-0.7265262042969789,0.7539702742082449,0.6921955581441803,0.11545577959542752,0.701758311497998
A007_N2_m1_a3_1784799736.npz,A007,A_severity,D1,N2,1206.7,1,3,1,48.0,0.0,0.0,0.0,48.0,0.0,0.0,,1,0,1206.6970324403992,0.2795003090026426,0.10021923951682071,0.2969247694314211,19.726095122425242,0.03153557691118745,0.008883459079496522,0.10620729611603194,0.029918214962353553,0.42422138881352045,0.38419635203682684,0.5723378579521692,42.1655809735599,0.01188787988158645,0.0012012044598852015,0.020770738325997528,0.002098768137028579,0.9202566606564773,-0.4367527508592639,1.0186389384201573,-25.388962046415834,0.006857714796549591,0.010264942052084993,0.006732233118032441,0.010077115320179348,0.48431736781811985,0.7392022378696952,0.8837325733737765,56.767613574424004,0.016967269346410012,0.001288443047177154,0.019199551830068926,0.0014579558183063649,0.6366744056137855,0.10188544343287187,0.16002754710180203,-1.0,37.63456884956366,1.0425687118618507,0.8553706969228628,0.8204453933739446,-1.0,172.84368484268344,1.6375225745988062,-45.115057168841076,0.2008229481001992,-0.13599070814388137,0.24253521225819896,0.4387611671670675,0.016762853174248804,0.43908126247922347,0.20224593547293934,-0.726132209463787,0.7537714534499733,0.6919231035738809,0.11606147423810664,0.7015895146463024
A008_N1_m1_a1_1784800965.npz,A008,A_severity,D1,N1,1004.1,1,1,1,60.0,0.0,0.0,0.0,60.0,0.0,0.0,,1,0,1004.0557814907729,0.16668317927242202,0.03354082573338646,0.17002431956411346,11.37740535112039,0.00888418735566596,0.005721512195365114,0.05225245058143506,0.03365114008415498,0.2821316387158276,0.19105461731125367,0.34073468910638943,34.10517107394222,0.013893978225464192,0.003376871935788446,0.040776529862288254,0.009910561042800274,0.4745208325881769,-0.3122416793213073,0.5680359908188624,-33.345503829969644,0.01725252318146808,0.0047796095723597765,0.030372236020815156,0.008414272422192202,0.3110914779238063,0.3640701632268214,0.4788788901056534,49.48670034444587,0.027477819012816748,0.00461026062384199,0.05737947439435974,0.009627195349590048,0.3761210614951469,0.05950919847747521,0.15821820304589101,-1.0,29.80972195290961,0.5776694939789866,0.46721283584727286,0.8087891791361728,-1.0,161.3897824509798,1.535860532996077,-44.72290918109002,0.13112769433373583,-0.09663450547253435,0.16288861184626421,0.2811861962371929,0.0033405532198391985,0.28120603878678657,0.12583189994979982,-0.47177774537429573,0.48827032274697,0.4241167250125915,0.05898219663232379,0.4281984305844433
A008_N1_m1_a2_1784800974.npz,A008,A_severity,D1,N1,1004.0,1,2,1,60.0,0.0,0.0,0.0,60.0,0.0,0.0,,1,0,1003.9820611493667,0.16979916744191884,0.03401389060134183,0.1731724632203655,11.327470470663272,0.012121285725281157,0.012502756729536362,0.06999545712909663,0.07219829583197848,0.28347116000929407,0.190557299194676,0.34156695219734606,33.91010595296207,0.011498437971077299,0.00482759005213476,0.03366378947701557,0.014133656728434132,0.4763280672080258,-0.31225436626837166,0.5695535241430746,-33.2466349395219,0.016049486461817707,0.011761363032962466,0.028179066200959894,0.02065014530576051,0.3125741905811308,0.36355149588045155,0.47945001280046184,49.31172608804416,0.025441346269630873,0.004506060220478258,0.053063605361126746,0.009398394202053335,0.3782193910067251,0.06005644942630964,0.1587873357483191,-1.0,29.52393666684901,0.5797928508413951,0.46701582601809843,0.805487382847797,-1.0,161.75753753369509,1.5329537951455425,-44.574105410185155,0.13424368250323265,-0.09616144060457898,0.16513142932578492,0.28252571753065936,0.0028432351032615377,0.2825400238055953,0.1276391345696487,-0.4717904323213601,0.48875143038528773,0.425599437669916,0.05846352928595394,0.42959616572022413
A008_N1_m1_a3_1784800982.npz,A008,A_severity,D1,N1,1004.1,1,3,1,60.0,0.0,0.0,0.0,60.0,0.0,0.0,,1,0,1004.1416829649193,0.1665948795200527,0.03440442479639777,0.17011031223259765,11.668431132309674,0.007345540737134768,0.0066788834773181946,0.04318104317562453,0.03926207288471688,0.2829372643175002,0.19208961131201524,0.34198233041119547,34.17306838301517,0.015319354394041047,0.002728205678331648,0.044795748293840906,0.00797762175329727,0.4743372177018429,-0.31141631607193543,0.5674292185047762,-33.286074982680255,0.017997278995214906,0.005909230498959815,0.03171722288577111,0.010414039859510822,0.3116005038369905,0.3654754365181938,0.4802782200866813,49.54943992367033,0.029124413980725357,0.0035808340209181363,0.06064071357528755,0.007455749336857004,0.3773695701521343,0.059005424873797396,0.15635978505105674,-1.0,29.937530503001135,0.5772682405263025,0.46840630352530344,0.8114188008996505,-1.0,161.7634949041576,1.5297159235536142,-44.954506114989925,0.13103939458136654,-0.09577090640952304,0.16230646766765858,0.2819918218388655,0.004375547220600767,0.2820257665488779,0.12564828506346581,-0.47095238212492385,0.48742552022696783,0.4246257509257757,0.0603874699236962,0.42889821038687514
A008_N2_m1_a1_1784800893.npz,A008,A_severity,D1,N2,1204.4,1,1,1,60.0,0.0,0.0,0.0,60.0,0.0,0.0,,1,0,1204.4242713279139,0.35171273693773036,0.07829199803035902,0.36032136528356856,12.549547829999508,0.03531511736902514,0.01489763429019398,0.09801005649840544,0.04134540919734172,0.55413806205827,0.39303347779485254,0.6793705222404133,35.34693256985377,0.018800134791401055,0.0035238631952454343,0.027672873897151708,0.00518695333383691,1.005615203988168,-0.6656477918692947,1.2059638971845852,-33.501806916735475,0.013124307437303378,0.010978094576925813,0.010882836101431457,0.009103170171640307,0.6859435465448254,0.7805277638557202,1.0391064137979824,48.69034187511968,0.011746311780396639,0.003329712839749141,0.011304243361816353,0.0032044002380650174,0.758781883304853,0.1250033853036283,0.16474218488082454,-1.0,30.581083610267545,1.2329451501031654,1.0069445453180728,0.8166985735203368,-1.0,164.01859591145313,1.624900616674067,-46.051354746735,0.27303537603528694,-0.15791794963034306,0.3154146404055812,0.568677840411817,0.025599978932274503,0.5692537616009058,0.28760447880463014,-0.9550272504738178,0.9973932952331609,0.8935492823005864,0.15738700022413166,0.9073042421037409
A008_N2_m1_a2_1784800901.npz,A008,A_severity,D1,N2,1204.4,1,2,1,60.0,0.0,0.0,0.0,60.0,0.0,0.0,,1,0,1204.3550307315272,0.35125424264115523,0.0782865215884917,0.35987264752386633,12.564557915598423,0.04088806355915889,0.010929559976391397,0.11361814753216898,0.030370632643500813,0.5542063686227723,0.3923452709973474,0.6790283577996004,35.29623233630699,0.017539269546095495,0.0010541612971364733,0.025829951495592484,0.0015524554829381438,1.0051608797773621,-0.6657450477634352,1.205638777933233,-33.51757837994907,0.00968303529017648,0.007661297251450688,0.008031456409170605,0.006354554441740893,0.6857463914465646,0.7799750224388011,1.0385610954635232,48.6783820980589,0.005959482634256016,0.0015769385771221365,0.0057382109346164395,0.0015183878772373316,0.7583426087270894,0.1245163480064031,0.16419537366548498,-1.0,30.548486235513487,1.2325494023268602,1.006477015480449,0.8165814802882367,-1.0,163.97356299169337,1.6253199914425847,-46.082136295547485,0.27257688173871186,-0.15792342607221038,0.31502057863064215,0.5687461469763193,0.02491177213476936,0.5692914684863138,0.2871501545938242,-0.9551245063679583,0.9973555203376042,0.8933521272023256,0.15683425880721258,0.9070143372144279
A008_N2_m1_a3_1784800910.npz,A008,A_severity,D1,N2,1204.6,1,3,1,60.0,0.0,0.0,0.0,60.0,0.0,0.0,,1,0,1204.5613254517255,0.3483907319734864,0.07560364569202987,0.3564996681161816,12.243812342742029,0.031243721028893227,0.006331239179369332,0.08764025277776988,0.01775945322144314,0.5530910287061496,0.3906604257095092,0.6771449285424515,35.23440659070261,0.020384006113869802,0.004219637354520515,0.030102870529867508,0.006231512895774392,1.0041578964500455,-0.6675298538568739,1.205789860130346,-33.6146020452104,0.016114745557405444,0.004925499344663891,0.013364472608571645,0.004084873747513057,0.6848799954879912,0.7783938719783619,1.036801633946001,48.656645675895604,0.015997168965213398,0.00557286555666589,0.01542934389901489,0.005375054758985978,0.7549975951507946,0.12488354148656317,0.16540919108705288,-1.0,30.490339316752895,1.2319756976974445,1.005545968729999,0.8162060100774379,-1.0,163.60362264041547,1.6317610885255651,-45.85841438795242,0.269713371071043,-0.1606063019686722,0.31391031643856254,0.5676308070596966,0.023226926846931173,0.5681058204718512,0.28614717126650757,-0.956909312461397,0.9987770701709003,0.8924857312437522,0.1552531083467733,0.9058886841798114
A009_N1_m1_a1_1784813951.npz,A009,A_severity,D2,N1,1006.3,1,1,1,0.0,0.0,3.0,0.0,0.0,3.0,,0.0,0,0,1006.3420233119343,0.040756219756058004,0.11553558070359732,0.12251342725318536,70.56924574771666,0.013776566609787981,0.0016188545899974375,0.11244944263388722,0.013213691154455457,0.017692338942590452,0.19041526727251373,0.19123543831550244,84.69163230453057,0.021053984522862924,0.0004795189297700682,0.11009457613252528,0.002507479439971541,0.35322953546611713,0.1420571398898991,0.3807247505998359,21.908346752811525,0.01858562556146127,0.006280411276933792,0.04881643636821462,0.01649593641348228,-0.08191416364652065,0.3078697254042123,0.318580755894599,104.89936799704874,0.032379063699021195,0.002777274356306638,0.10163534080424387,0.008717646326463883,0.22569672239190963,0.02532828905775436,0.11222267115502553,-1.0,80.63235458236096,0.38666934403940717,0.31133880600692215,0.8051809919929733,-1.0,35.84604300717888,1.7132253403661648,-48.66089899490515,0.005200734817371835,-0.014639750502323495,0.015536085009129704,0.016746896463955736,0.00270120318109926,0.01696334400405869,0.004540602827740048,-0.017478926163089353,0.01805906791210472,0.031111083442264556,0.0027817588097147072,0.03123519961560952
A009_N1_m1_a2_1784813959.npz,A009,A_severity,D2,N1,1006.5,1,2,1,0.0,0.0,3.0,0.0,0.0,3.0,,0.0,0,0,1006.4951726651385,0.04169499824841469,0.11425524397333603,0.1216253824427362,69.95153144641425,0.016851480952744437,0.007287072204170218,0.13855233680912346,0.059914074330669635,0.018244973127542252,0.18948214533105245,0.19035851030012507,84.5000246563807,0.018757739686651793,0.005525816197907024,0.09853901281890558,0.029028469434830378,0.3541794816015341,0.14051112533894472,0.38103343886271723,21.639363277063218,0.01982059500099008,0.0095377145163053,0.05201799364420416,0.025031174546708612,-0.08178499049041649,0.307256152696881,0.31795460059512676,104.9053025446078,0.03018452032601807,0.005138343389703176,0.09493342845022731,0.016160619723965493,0.22440456694771396,0.02591691399518123,0.11549191867035329,-1.0,80.33772515856866,0.3864807325865995,0.31131054095626126,0.8055008043292438,-1.0,34.97549682837708,1.722249853661174,-48.312168169351025,0.00613951330972852,-0.015920087232584784,0.01706290717238545,0.017299530648907536,0.0017680812396379808,0.017389648413422595,0.005490548963157038,-0.01902494071404373,0.019801376141311583,0.031240256598368724,0.002168186102383396,0.031315406165440186
A009_N1_m1_a3_1784813968.npz,A009,A_severity,D2,N1,1006.3,1,3,1,0.0,0.0,3.0,0.0,0.0,3.0,,0.0,0,0,1006.266724813237,0.040873881739634965,0.1148517270650497,0.12190813516041633,70.41017400587297,0.009332216501916561,0.006703030894688066,0.07655122022526631,0.05498427882493395,0.017288173098123805,0.1888716273058751,0.1896612045997812,84.7700626575756,0.020404720279368394,0.005638266217947456,0.10758510324990277,0.029728094524366217,0.35343771290805004,0.14092889118704255,0.38049857986184715,21.739026754951915,0.014700911121122583,0.010909936696831938,0.03863591587243307,0.028672739595488526,-0.0824560385211286,0.30614550592807266,0.31705530919471037,105.07411547124826,0.030818430815977186,0.004157603415841351,0.09720206513574241,0.013113180241016178,0.22400366312096026,0.02559931360255123,0.11428078115279658,-1.0,80.62442834934212,0.3857940149843204,0.3105901099000318,0.805067206427904,-1.0,34.87222290110184,1.7222665451501773,-48.67114725092105,0.005318396800948796,-0.015323604140871111,0.01622030173574045,0.016342730619489088,0.0011575632144606163,0.016383674700648162,0.004748780269672959,-0.018607174865945902,0.01920359004304987,0.030569208567656617,0.0010575393335750527,0.030587495842172976
A009_N2_m1_a1_1784814017.npz,A009,A_severity,D2,N2,1212.5,1,1,1,0.0,0.0,3.0,0.0,0.0,3.0,,0.0,0,0,1212.5187378180108,0.09567593089819215,0.21788699082767976,0.23796769639002904,66.29333557677606,0.02841484325002392,0.006753037867622339,0.11940630464166865,0.028377960412551587,0.020474286482881687,0.3867018742182757,0.3872435098628642,86.9692521315805,0.016652514990327064,0.004489372291320954,0.043002696149056885,0.011593150503441077,0.7558314237197714,0.25496291929757153,0.7976761443712583,18.640678693570617,0.003497016198853938,0.009396473143212779,0.004384004991913535,0.011779809650217427,-0.14915996911595447,0.6615283119368647,0.6781359774268803,102.70643932842714,0.016106380333752557,0.005211649648377059,0.023750959792557563,0.007685257561694555,0.4486956595594521,0.07251458852255524,0.1616119678843184,-1.0,81.46900691791885,0.8077882305924838,0.6660584131260342,0.8245458251322926,-1.0,32.101602632362805,1.8003031974626267,-47.65265688320545,0.016998569995748752,-0.01832295683302232,0.024993641771562002,0.03501406483642872,0.019268375355697642,0.03996567308600833,0.03782069853623349,-0.03441653930695149,0.05113612632606806,0.05844576663980655,0.03838754830527613,0.06992504203076773
A009_N2_m1_a2_1784814025.npz,A009,A_severity,D2,N2,1212.7,1,2,1,0.0,0.0,3.0,0.0,0.0,3.0,,0.0,0,0,1212.6840610305617,0.09506405374002386,0.22135246084443067,0.24090264887578833,66.75796924312,0.030185936261612575,0.0038491287742246196,0.12530346346327112,0.015977942925024732,0.01937781595543131,0.3902390286035495,0.39071984745677363,87.15724007221587,0.016803489901797596,0.002699204861088233,0.04300649176429823,0.006908287046735841,0.7571726395204859,0.2581288579265806,0.7999630699806713,18.824833516586498,0.007923643044636162,0.0076729850532205055,0.009905011046106933,0.009591674092412666,-0.15212149655596602,0.6659201467654021,0.6830743675343713,102.86773848970822,0.01843343308624415,0.0038714697704448292,0.026985982730960263,0.005667713435682422,0.45327374274621807,0.07238093373845905,0.1596848149639768,-1.0,81.69861048480637,0.8104599167816937,0.670586480780512,0.82741473932898,-1.0,32.67948314700575,1.7880142623559367,-47.93313572653352,0.016386692837580458,-0.014857486816271415,0.02211941718601305,0.033917594308978345,0.022805529740971442,0.04087169424522029,0.039161914336947934,-0.03125060067794244,0.05010245081097994,0.055484239199795005,0.042779383133813575,0.070061233366889
A009_N2_m1_a3_1784814034.npz,A009,A_severity,D2,N2,1212.7,1,3,1,0.0,0.0,3.0,0.0,0.0,3.0,,0.0,0,0,1212.656760298157,0.09448301774115607,0.21734866699163513,0.23699680100059645,66.50507094250759,0.028304384682056188,0.0055904291015046155,0.11942939551316963,0.02358862684180512,0.019207299206771722,0.3868498383793704,0.3873263711612772,87.15756838842783,0.018064929561645404,0.0034311054374966976,0.04664007128531773,0.008858434883247425,0.7574440454080007,0.2553226264451971,0.799319163725549,18.628162653098656,0.007414757670143193,0.010487980578792218,0.00927634167506222,0.01312114241063452,-0.15235589175815922,0.6628710332553847,0.6801546327729343,102.94418993512541,0.01977321630881863,0.0021232199453314654,0.029071648351794443,0.0031216724006940494,0.44830072916470776,0.07221951060392984,0.16109612567102485,-1.0,81.69901560407695,0.8087368493370238,0.6689291132144125,0.8271282726424285,-1.0,31.72419022903507,1.8040052061568033,-47.87690828940893,0.01580565683871267,-0.01886128066906695,0.02460826480230703,0.03374707756031876,0.01941633951679239,0.03893404017172535,0.039433320224462776,-0.03405683215932592,0.052104266242348346,0.0552498439976018,0.03973026962379611,0.06805174197725486
A010_N1_m1_a1_1784815241.npz,A010,A_severity,D2,N1,1006.9,1,1,1,0.0,0.0,6.0,0.0,0.0,6.0,,0.0,0,0,1006.9408111450504,0.03973902338096165,0.10416523993957022,0.1114880585127432,69.11815460780714,0.010957471071155075,0.00434502316898997,0.09828380920188529,0.038972991609620054,0.018022577064512713,0.19126896944143018,0.1921161938911789,84.61712103970069,0.022908965672882534,0.004103835797128693,0.11924536505162572,0.02136121746953432,0.3608822485464943,0.11916432678196559,0.380047541885713,18.273367478581793,0.01773998460723806,0.007984394464785667,0.0466783300826421,0.021008935948299636,-0.07854745754644371,0.30873009226798964,0.31856549241688403,104.27440547839592,0.03553887518678691,0.005573772541595691,0.11155908606786484,0.017496473015042355,0.22060161939999184,0.025945031591328743,0.1176103405854223,-1.0,80.78454628176654,0.3821468769646608,0.3160440973635498,0.8270225832377432,-1.0,27.18095427691056,1.7322940693003586,-50.84478712922535,0.004183538442275481,-0.026010091266350593,0.02634438918597059,0.017077134585877996,0.003554905350015708,0.017443218674079643,0.01219331590811723,-0.04037173927102286,0.04217290936848671,0.0344777895423415,0.003642125673492036,0.034669627213852514
A010_N1_m1_a2_1784815249.npz,A010,A_severity,D2,N1,1007.4,1,2,1,0.0,0.0,6.0,0.0,0.0,6.0,,0.0,0,0,1007.3776801406445,0.04486946390436318,0.10612565519478268,0.11522119371707122,67.08157068953243,0.0156824752286006,0.0024930303845933284,0.1361075573223911,0.021636908143088957,0.02225965150864248,0.19169355903949814,0.1929816381485963,83.37642035372933,0.020617244294221175,0.0017814956234913336,0.10683526418376575,0.009231425541737694,0.3651919526854994,0.11957517647365756,0.38426993784962465,18.13005235011242,0.020820369363520254,0.005029492984662228,0.054181624198944844,0.013088437291783168,-0.07370426922019518,0.30948891219942987,0.3181441592669421,103.39537675199661,0.03360667386524589,0.00427247680214488,0.10563347742319502,0.013429373690183054,0.22301395138888197,0.027975232439070116,0.12544162490663255,-1.0,79.17670222621747,0.38698962960648625,0.314830299983433,0.813536787286964,-1.0,27.72841195476889,1.7352709424518051,-48.951518339420005,0.009313978965677011,-0.024049676011138138,0.025790252430206786,0.021314209030007764,0.003979494948083667,0.021682524913318745,0.01650302004712234,-0.03996088957933089,0.0432345043529725,0.039320977868590026,0.00440094560493226,0.039566496215355226
A010_N1_m1_a3_1784815258.npz,A010,A_severity,D2,N1,1007.4,1,3,1,0.0,0.0,6.0,0.0,0.0,6.0,,0.0,0,0,1007.3964809557513,0.041306705198812674,0.10486446083288875,0.1127066947441636,68.50023859585743,0.013891391459307028,0.007516672937930494,0.12325258486942169,0.06669233762016374,0.01874461424465143,0.1897289626147951,0.19065266800668462,84.35767072563183,0.020436626253671843,0.005384587839994778,0.10719297278837608,0.02824291889692299,0.3627805999582391,0.11787943754461777,0.381451603092575,18.000696438182697,0.019070227474463415,0.004607634638571385,0.049993832297082354,0.012079211625316338,-0.07837236208795628,0.30777238656849626,0.3175941892940008,104.28639311186359,0.0332374533432882,0.0069488340675695655,0.10465384589426441,0.021879600766678213,0.21985917933162025,0.02670543244075324,0.12146607897809274,-1.0,80.32750140304964,0.38320347152652545,0.3154781989064036,0.8232655034404252,-1.0,25.999641129482185,1.7429496129817172,-50.49954215767474,0.005751220260126505,-0.025310870373032063,0.025956053119088076,0.017799171766016714,0.0020148985233806316,0.01791285380992342,0.014091667319862,-0.04165662850837068,0.043975558967886554,0.03465288500082893,0.002684419973998653,0.03475670510099422
A010_N2_m1_a1_1784815281.npz,A010,A_severity,D2,N2,1204.3,1,1,1,0.0,0.0,6.0,0.0,0.0,6.0,,0.0,0,0,1204.262339790329,0.10489275483853933,0.20330914542957962,0.22877302863957516,62.709551952777566,0.032310775398295244,0.01170603130059465,0.14123507299105556,0.051168756081981764,0.04590404928074604,0.37882170165161594,0.38159279786520484,83.09081985526024,0.014917902623379286,0.008306980726443567,0.03909377406187037,0.021769228279245337,0.7495116564415072,0.20610580216633412,0.7773334708015086,15.375547419803512,0.011741736937791677,0.013095991335393653,0.015105147763269182,0.016847327211949814,-0.0969276475091661,0.6486768413371988,0.6558785050135936,98.49846592301168,0.017801921402012897,0.008249799757769922,0.02714210218193374,0.012578243828251299,0.43950532611257215,0.06917535929939617,0.15739367691229758,-1.0,77.86513878051686,0.78963453072202,0.6410157923628731,0.8117879441983699,-1.0,29.75189128435207,1.796643826154152,-47.33400453297406,0.026215393936095926,-0.03290080223112246,0.042067917308515855,0.060443827634293075,0.011388202789037905,0.06150729600501376,0.03150093125796927,-0.0832736564381889,0.08903263742417622,0.11067808824659492,0.025536077705610283,0.11358578468500369
A010_N2_m1_a2_1784815290.npz,A010,A_severity,D2,N2,1204.5,1,2,1,0.0,0.0,6.0,0.0,0.0,6.0,,0.0,0,0,1204.4787223625635,0.10217742713451572,0.20303195736413687,0.2272932078328386,63.285814480702555,0.02316052898289415,0.007371942754148707,0.10189714511806891,0.032433625379471774,0.04391154420344939,0.37976128464455144,0.3822915863960539,83.40421864147115,0.022618767191913452,0.004744848558639088,0.059166269928003126,0.01241159556601758,0.7489024578807439,0.20678974091507574,0.7769278527428037,15.436092303687769,0.010296169142594194,0.010842977272671256,0.01325241347217174,0.013956221590450232,-0.09969144699703997,0.6495953513020716,0.6572005059626974,98.72493918641075,0.02586946660732778,0.004020034225425052,0.03936312643191441,0.006116906771908707,0.43952834442120714,0.06799921916100327,0.15470951992993315,-1.0,78.30733921918846,0.7888706555662995,0.642816056264594,0.8148560879136028,-1.0,29.761345378807032,1.7948117921840143,-47.84972217701477,0.02350006623207232,-0.03317799029656521,0.04065749811573212,0.05845132255699643,0.01232778578197341,0.05973718616530465,0.03089173269720602,-0.08258971768944728,0.08817800529076528,0.10791428875872106,0.026454587670483032,0.11110958071703764
A010_N2_m1_a3_1784815298.npz,A010,A_severity,D2,N2,1204.6,1,3,1,0.0,0.0,6.0,0.0,0.0,6.0,,0.0,0,0,1204.6318423301793,0.1042376612138024,0.20406194384669524,0.2291435509496509,62.94142679177071,0.025806867300639257,0.005923457560593142,0.11262314472166722,0.025850422305337704,0.045096966100274444,0.37797383643479743,0.3806546431881375,83.19606698089432,0.018377750986855013,0.004935045056357671,0.048279329612096335,0.012964625927125597,0.7508757188511594,0.2073866815011416,0.7789888194475588,15.439784433518959,0.0069061416586168435,0.006294175260017913,0.00886552089863693,0.008079930164442667,-0.09757892397269646,0.6464832002816387,0.6538059151231799,98.58332288538551,0.02042240463969684,0.006201827923056994,0.03123618824379888,0.009485732355126434,0.4389443865127619,0.06879353073827979,0.15672493566854095,-1.0,77.96814010957642,0.7908805899220874,0.6393697271210541,0.8084276378359985,-1.0,29.379814902641478,1.8017785720084458,-47.50164235825176,0.025560300311359002,-0.03214800381400684,0.0410709520370816,0.05963674445382148,0.010540337572219394,0.0605610436269616,0.03286499366762152,-0.08199277710338143,0.08833415707356691,0.11002681178306456,0.023342436650050202,0.11247563585020322
A011_N1_m1_a1_1784817685.npz,A011,A_severity,D2,N1,1007.1,1,1,1,0.0,0.0,12.0,0.0,0.0,12.0,,0.0,0,1,1007.1427582697594,0.05196685004344531,0.07439473705864641,0.09074761928261849,55.06460023246336,0.01191893304883442,0.009814939967089702,0.13134155080933715,0.10815644580738466,0.053393531895626706,0.19850773446259057,0.20556310439804046,74.94519991590934,0.017784276176500028,0.006614669588960103,0.08651492313554279,0.0321782919572563,0.3833534097666238,0.062490838832229834,0.38841336449413366,9.25841119304369,0.02069716900291081,0.011642993058836565,0.05328644916702758,0.02997577870164252,-0.012609404046590444,0.3256955843664212,0.3259395814352635,92.21711632308745,0.030157494712900596,0.005659620266480778,0.09252480039430352,0.01736401648906475,0.22289308320461226,0.028460389223700408,0.12768628265406615,-1.0,71.85166899591628,0.3946276931935776,0.3183873996070873,0.8068045023158271,-1.0,23.455033884673075,1.7704797633012046,-45.80618903941968,0.016411365104759143,-0.055780594147274404,0.05814471246832897,0.05244808941699199,0.010793670371176095,0.05354722591857016,0.03466447712824672,-0.09704522722075862,0.10305048326380332,0.10041584304219477,0.020607617771923603,0.10250861156072887
A011_N1_m1_a2_1784817693.npz,A011,A_severity,D2,N1,1007.3,1,2,1,0.0,0.0,12.0,0.0,0.0,12.0,,0.0,0,1,1007.330500024468,0.053351572532039745,0.0749425341964517,0.09199333521200234,54.552945136664576,0.011808553198878911,0.0031959979892775352,0.12836313817371253,0.03474162537875412,0.05478092624851791,0.19849719759880374,0.2059176712553444,74.5716483649209,0.022473343761222942,0.0016798331091764562,0.10913751901047525,0.008157789950399206,0.3844938349952418,0.0627461113909602,0.3895800092972367,9.268480670271128,0.020074824065971216,0.005720922463430942,0.05152939983287178,0.014684846057042077,-0.01094370462384514,0.32593590345358825,0.32611957597022717,91.92305484017736,0.035332930783696474,0.0023684462623542613,0.1083434831490219,0.007262508714197785,0.2236609882629317,0.02899350596082964,0.1296314846232612,-1.0,71.39418231269735,0.396211944267782,0.3180293330725639,0.8026747746343106,-1.0,23.709486001149767,1.771484367233514,-45.284464466393445,0.017796087593353577,-0.05523279700946912,0.058028980683099494,0.053835483769883195,0.01078313350738927,0.05490478377132122,0.03580490235686473,-0.09678995466202825,0.10320022459404873,0.10208154246494007,0.020847936859090643,0.10418866437046782
A011_N1_m1_a3_1784817702.npz,A011,A_severity,D2,N1,1007.3,1,3,1,0.0,0.0,12.0,0.0,0.0,12.0,,0.0,0,1,1007.2868361383813,0.05189265875832244,0.07708338377345325,0.09292306541958877,56.05149626970035,0.005770093249667349,0.009819518042656959,0.062095382062707725,0.10567363440193765,0.05216385866826237,0.19845145826744598,0.20519271293015817,75.27269580329643,0.020371281249066828,0.007004126216943005,0.09927877534325812,0.03413438087992439,0.38327867144586447,0.06317899890864959,0.38845093112052914,9.360364849662636,0.016139347333045898,0.009270015295699348,0.04154796922867501,0.023864057344280206,-0.01443427533894831,0.3261084896270824,0.326427779625781,92.53438236815335,0.03200703314527136,0.0065917607609138704,0.09805241815498802,0.02019362680612143,0.22349471657382702,0.02808660161351352,0.1256700920902337,-1.0,72.1380695516072,0.3943750310080908,0.319245291456571,0.809496713421549,-1.0,23.347785940039124,1.764583239612364,-46.69113142003772,0.016337173819636272,-0.05309194743246756,0.05554870053011959,0.05121841618962766,0.010737394176031506,0.05233180477171973,0.03458973880748739,-0.09635706714433886,0.10237741166599607,0.0985909717498369,0.02102052303258478,0.10080695461693387
A011_N2_m1_a1_1784817726.npz,A011,A_severity,D2,N2,1206.4,1,1,1,0.0,0.0,12.0,0.0,0.0,12.0,,0.0,0,1,1206.3772685416616,0.12007294270481553,0.16436945770457384,0.2035554720362231,53.851632088902925,0.022320653314697785,0.006441718715334069,0.10965390952853274,0.03164601104011467,0.09796454184378625,0.39425251318823046,0.406241425280459,76.04565975423853,0.02260630406754261,0.002509416572491669,0.055647461486567455,0.006177155790449559,0.794776609407045,0.09964085499157038,0.8009982264924247,7.145868212334259,0.012737984721260129,0.007721281506604779,0.015902637858562843,0.009639573785845082,-0.0010729134954864938,0.6866089196941942,0.6866097579753708,90.08953184742509,0.02594021454424389,0.002708173761588826,0.037780142567059735,0.003944269259403637,0.449029685026504,0.06956484582594133,0.1549225989854886,-1.0,71.81080786612742,0.815573419123385,0.6692317361052136,0.8205658992963919,-1.0,23.11536158876166,1.816301786540562,-46.70576387656865,0.04139558180237213,-0.07184048995612824,0.08291351029774005,0.1125043201973333,0.026819014325652424,0.11565674036762252,0.07676588422350705,-0.18973860361295264,0.20467960006217048,0.20653282226027453,0.0634681560626057,0.21606483634497636
A011_N2_m1_a2_1784817734.npz,A011,A_severity,D2,N2,1206.5,1,2,1,0.0,0.0,12.0,0.0,0.0,12.0,,0.0,0,1,1206.512997442876,0.1165886891438764,0.1646067086543846,0.20171338817816953,54.69057816315086,0.02591633813888213,0.010889824762453586,0.12848100154854733,0.05398662359899886,0.09481516430202788,0.3941895228640599,0.40543223270654705,76.47545307365422,0.018022541393652933,0.005943442818836015,0.044452660493566866,0.014659522207100624,0.792145378619042,0.10007120363212468,0.7984413232441615,7.199997886417643,0.010353665990056556,0.010045324568072542,0.01296734736622647,0.012581168178091285,-0.004637558933527797,0.6862973312275069,0.6863129998789621,90.38716238259865,0.020933745219020406,0.0064130138112708885,0.030501746612277888,0.009344153195993497,0.4477370727437946,0.06778716676887006,0.15139949513999576,-1.0,72.35969036090313,0.8123320174087998,0.6698139845951987,0.8245569179112141,-1.0,23.044633176335097,1.8143059104548056,-47.490580276733226,0.03791132824143301,-0.07160323900631749,0.08102032242114013,0.10935494265557492,0.02675602400148186,0.1125805858199892,0.07413465343550407,-0.18930825497239834,0.20330657205485728,0.20296817682223323,0.06315656759591837,0.21256724308566252
A011_N2_m1_a3_1784817743.npz,A011,A_severity,D2,N2,1206.3,1,3,1,0.0,0.0,12.0,0.0,0.0,12.0,,0.0,0,1,1206.348597173615,0.11815566732391483,0.16576330715106313,0.20356383696132604,54.518824292905435,0.024184012362983974,0.009409007484531367,0.1188030876406528,0.046221409583269604,0.0956984115234912,0.39432917025012165,0.4057754064482826,76.35880758561446,0.019379404204012518,0.004355733790689784,0.04775894225241196,0.010734346442568191,0.7934541270639057,0.09999677434982612,0.7997304587391396,7.18295581629021,0.010282490171587421,0.010593987437362005,0.012857444729314004,0.013246947545382423,-0.0036520141450794297,0.6869962021431641,0.6870059089749134,90.30457668557732,0.02228748596328709,0.00354569506875835,0.032441476371786106,0.005161083802101364,0.44877998807171304,0.06847217320225318,0.15257403409733064,-1.0,72.17621552259848,0.8138277753876259,0.6702464305083541,0.823572813288556,-1.0,23.075016567673522,1.8134226057726526,-47.33586847661522,0.03947830642147143,-0.07044664050963895,0.08075435491044365,0.11023818987703825,0.026895671387543618,0.1134717394189085,0.0754434018803678,-0.1893826842546969,0.2038565868025777,0.2039537216106816,0.0638554385115756,0.21371625484822865
A012_N1_m1_a1_1784820321.npz,A012,A_severity,D2,N1,1005.7,1,1,1,0.0,0.0,24.0,0.0,0.0,24.0,,0.0,0,1,1005.7392731828769,0.06432272778926484,0.055935721573940334,0.08524211551955546,41.01056531960674,0.010403656493497226,0.007440072198028397,0.12204831414713675,0.08728164655089496,0.08917022005280298,0.20220827800884056,0.220996642145454,66.20338194186998,0.015032971802338584,0.0044495872483895325,0.06802353038669379,0.02013418486902138,0.41017562227095505,-0.03415557256812174,0.4115952432218106,-4.7600724380374615,0.02259412702502384,0.009675884705926665,0.05489404310935576,0.023508252015226244,0.061406024883016996,0.3439168096948091,0.3493557955474465,79.87657007932003,0.026768132074980067,0.005503401223656236,0.07662140550161461,0.015752998214992577,0.23438269530354533,0.03421236969373127,0.14596798474999775,-1.0,63.21537873706384,0.4158834864080386,0.3442398028388137,0.8277313576742198,-1.0,7.566891635760035,1.7743779499993995,-45.77063775764421,0.028767242850578675,-0.07423960963198048,0.07961830128515063,0.08822477757416826,0.014494213917426085,0.08940745838628661,0.06148668963257797,-0.1936916386211102,0.20321679033412499,0.1744312719718022,0.03882884310031148,0.17870072103438595
A012_N1_m1_a2_1784820329.npz,A012,A_severity,D2,N1,1005.7,1,2,1,0.0,0.0,24.0,0.0,0.0,24.0,,0.0,0,1,1005.6715425942978,0.06381059275849743,0.05309371590643441,0.08301044763729426,39.762208718435694,0.006741464591750995,0.003291351491657719,0.08121224235781913,0.039649846318609745,0.08906845479163275,0.20128026531528398,0.22010664425309892,66.13014874934899,0.01921301462289263,0.0014842518188919833,0.08728957132616012,0.006743330370278389,0.4102154384283787,-0.034903375154688165,0.4116976457573882,-4.863325072795599,0.01964355543257514,0.0051290328500399164,0.04771354812203859,0.012458251590446149,0.06102004415345977,0.342535971736881,0.34792863883592495,79.89917405042868,0.0314811080801214,0.003238368066317775,0.09048150846520904,0.009307563979649615,0.2326390741944232,0.03488166308056252,0.14993896963074616,-1.0,63.155186009411516,0.41569114672418084,0.3431474315502463,0.8254865042337101,-1.0,6.919449885792982,1.7868500730740344,-44.625533791231305,0.028255107819811262,-0.0770816152994864,0.0820970555811058,0.08812301231299803,0.013566201223869506,0.08916113006665696,0.06152650579000163,-0.19443944120767662,0.20394167600537325,0.174045291242245,0.03744800514238339,0.17802841484645607
A012_N1_m1_a3_1784820338.npz,A012,A_severity,D2,N1,1005.7,1,3,1,0.0,0.0,24.0,0.0,0.0,24.0,,0.0,0,1,1005.7351862031004,0.0655377263425982,0.05544291287183545,0.0858435213739,40.230200101891235,0.006022335851586955,0.010402085652045924,0.0701548090665581,0.12117496446515288,0.09144187018542302,0.20432672634231935,0.22385492337846138,65.89016174910283,0.016233851999888572,0.006206023113903624,0.07251952181745287,0.02772341577411448,0.41126164630714,-0.033359290095305416,0.41261238948790896,-4.63736668750103,0.019651459620950606,0.008263170315514741,0.04762692570947743,0.020026471637873303,0.06469204664127723,0.3462379003488979,0.35222967583190734,79.41672693309955,0.02836566896260782,0.005605293091588188,0.08053174081829668,0.015913744571207488,0.23716894984552506,0.035085981699517085,0.14793665748560084,-1.0,62.88925932502333,0.4179991265563849,0.34581998018285715,0.8273222555076528,-1.0,9.176225851688296,1.762452997446081,-44.86756678939227,0.029982241403912036,-0.07473241833408537,0.08052247605273447,0.0904964277067883,0.01661266225090488,0.09200860815571879,0.06257271366876294,-0.19289535614829387,0.20279044089761755,0.17771729373006245,0.04114993375440029,0.18241916987731535
A012_N2_m1_a1_1784820274.npz,A012,A_severity,D2,N2,1204.4,1,1,1,0.0,0.0,24.0,0.0,0.0,24.0,,0.0,0,1,1204.3633701687331,0.14469077836570124,0.12373710667415266,0.1903845921080882,40.536502071170695,0.02367595274214885,0.008668623398796378,0.12435855485987625,0.04553216887359712,0.18433433252307166,0.38964239229551445,0.43104563565879883,64.68182771839372,0.014101288073821843,0.003743520040373714,0.03271414186173073,0.008684741778332164,0.8410725070992049,-0.08852408698470066,0.8457183196399478,-6.0083415557083075,0.008921903423831382,0.004089809791930831,0.010549497647904508,0.0048359006739643615,0.17103853542865183,0.7004140214167132,0.7209951331310844,76.27714667483629,0.01669682810729943,0.004951222391114442,0.023158031642723686,0.00686720639793037,0.46567173382791255,0.07208653998054565,0.15480119308075715,-1.0,61.009278441803296,0.8631309619682055,0.7000559982352608,0.8110657931201039,-1.0,10.419543183448486,1.8535180455835283,-46.544843626879015,0.06601341746325784,-0.11247284098654942,0.13041438281402856,0.1988741108766187,0.022208893432936416,0.20011033687563756,0.12306178191566697,-0.3779035455892237,0.39743589663889906,0.37864427118441285,0.07727325778512462,0.386448755295578
A012_N2_m1_a2_1784820282.npz,A012,A_severity,D2,N2,1204.2,1,2,1,0.0,0.0,24.0,0.0,0.0,24.0,,0.0,0,1,1204.1609286615983,0.14644510040054748,0.12210405664453566,0.19067136145834382,39.8209161538142,0.022718858999819506,0.012121225932890337,0.11915192101244276,0.06357129796620493,0.18556155504609637,0.3870054392693505,0.4291926149588182,64.38319130562355,0.01639255528434211,0.004252625571644552,0.03819393603945166,0.009908431374227162,0.8423489359648151,-0.09066087655288169,0.847213741896573,-6.143019981846088,0.012647550303870065,0.007070765764576348,0.014928405523212188,0.008345905424937666,0.1722305230058599,0.696897708714957,0.7178647292262165,76.11814695439003,0.01888422973899052,0.004616103030846433,0.026306111681159983,0.006430324325617881,0.46387959911542664,0.07333202806467218,0.15808418435410662,-1.0,60.61881123148301,0.8641487434817821,0.6973864373962828,0.8070212942582206,-1.0,9.79586520906481,1.8628729203216305,-45.963936135660276,0.06776773949810408,-0.11410589101616642,0.1327125498258403,0.2001013333996434,0.01957194040677246,0.2010562221857396,0.12433821078127716,-0.3800403351574047,0.3998632853949482,0.3798362587616209,0.0737569450833685,0.3869310925966742
A012_N2_m1_a3_1784820291.npz,A012,A_severity,D2,N2,1204.5,1,3,1,0.0,0.0,24.0,0.0,0.0,24.0,,0.0,0,1,1204.4604818873868,0.14907842684448097,0.12393417080602348,0.19386607759946523,39.737946115632646,0.018075122372405505,0.014088030177444989,0.09323509608395443,0.07266887715421468,0.18810137732950602,0.3893304682658445,0.4323891091058596,64.21292325168271,0.02017885332114577,0.005710153749822012,0.04666827377515072,0.013206053597487869,0.8460943469516085,-0.0886804399473694,0.8507290193550046,-5.98341175383104,0.01347502061093494,0.008436153172511646,0.015839380465887093,0.009916381104417558,0.17482205938158157,0.7003983967562535,0.7218868793828764,75.98512701357514,0.023279310614875676,0.006162848997619214,0.032247864976818245,0.008537139507075795,0.46801513560009456,0.07420397945114429,0.15855038396567894,-1.0,60.39904445592522,0.8690185681648397,0.69976228762531,0.8052328376631138,-1.0,10.461887597206298,1.856817231029449,-45.7213578694637,0.07040106594203757,-0.1122757768546786,0.13252230059162384,0.20264115568305305,0.021896969403266464,0.20382079198553552,0.12808362176807053,-0.3780598985518924,0.3991675100234153,0.3824277951373426,0.07725763312466494,0.3901535087239824
A013_N1_m1_a1_1784822228.npz,A013,A_severity,D2,N1,1004.0,1,1,1,0.0,0.0,30.0,0.0,0.0,30.0,,0.0,0,1,1003.9551443291456,0.08131589139276016,0.0576707045259065,0.09969044263876843,35.34495706865705,0.006182651930761876,0.005643189204667248,0.06201850214633831,0.0566071235646483,0.11591306126174486,0.19919447992290668,0.23046535228278087,59.80448953047325,0.01942461103126729,0.003320135048544792,0.08428430060685782,0.014406222087869364,0.4262782285548916,-0.08819165861459582,0.4353055212021665,-11.68887462268312,0.019497186299328655,0.00453568818211546,0.04478966001966625,0.010419551237460589,0.11633629324923045,0.34627343155765167,0.36529361140003885,71.42937317026245,0.03316090458011433,0.003907934844274823,0.09077876958488412,0.010698065124372463,0.2481591856799702,0.038333816911363505,0.15447268980322723,-1.0,56.225140785064035,0.4419889029538764,0.35717800741983163,0.8081153283097355,-1.0,2.276356144400054,1.7810700891155884,-47.03383169134017,0.04576040645407399,-0.07250462668001431,0.0857375978719389,0.11496761878311014,0.011480415831492202,0.115539401575058,0.07758929591651453,-0.24772772466758428,0.25959415326582164,0.22936154033801565,0.04118546496315406,0.23302995238908317
A013_N1_m1_a2_1784822236.npz,A013,A_severity,D2,N1,1004.0,1,2,1,0.0,0.0,30.0,0.0,0.0,30.0,,0.0,0,1,1004.0471749800647,0.08055941694146197,0.05740500527959974,0.09891993878434814,35.47290096743559,0.004094213313351427,0.003399804158003327,0.041389161413424205,0.03436925052506472,0.11598131511836315,0.1997666071868941,0.2309942917120419,59.86123110137322,0.020045014861565923,0.0033735739475246225,0.0867771004772451,0.014604577119724365,0.42608288183571097,-0.08800028100590318,0.4350754781075835,-11.669406370353508,0.018401580415586302,0.0031095086304569193,0.042295144961114174,0.007147055595921253,0.11680204007113185,0.34694408435895974,0.3660777434322596,71.39370220029184,0.03403609634511261,0.004521560293762483,0.092975049578262,0.01235136627364829,0.24839626695520167,0.037984360668138914,0.1529184038622827,-1.0,56.3534330562054,0.44195677200726935,0.3577398462065865,0.8094453323609269,-1.0,2.5798422250552973,1.779240797072753,-47.142307337789106,0.045003932002775804,-0.07277032592632107,0.08556210744911245,0.11503587263972843,0.012052543095479623,0.11566553414501751,0.07739394919733389,-0.24753634705889163,0.2593531694188825,0.22982728715991707,0.04185611776446213,0.23360761228521534
A013_N1_m1_a3_1784822245.npz,A013,A_severity,D2,N1,1004.0,1,3,1,0.0,0.0,30.0,0.0,0.0,30.0,,0.0,0,1,1003.9641979058599,0.07928609117328679,0.05618237813896809,0.09717378178752098,35.321508464423324,0.009995570859883217,0.010174570326352259,0.1028628368271126,0.10470489199030919,0.11495720402950324,0.1991441410607706,0.22994248775968512,60.00403948886147,0.012983136767029085,0.004540284693592875,0.056462539365921244,0.01974530561023575,0.42455804598878655,-0.08801080088539187,0.43358440410870946,-11.711523782464598,0.018810666723261444,0.009526333902515895,0.04338409441162737,0.021971117531541625,0.11545810609180185,0.3456229175654961,0.36439782574652047,71.52769017748771,0.026316444352783554,0.003873375991855381,0.07221899389457277,0.010629525530017152,0.2467516043564706,0.03781451165239973,0.15324930409680684,-1.0,56.54290055457109,0.44008761031787325,0.35651662813927754,0.8101037606620355,-1.0,2.187540887688432,1.7835248182706813,-47.03303224688793,0.04373060623460062,-0.07399295306695272,0.08594953766724961,0.11401176155086852,0.011430076969356134,0.11458328164028776,0.07586911335040947,-0.24754686693838032,0.2589122895723288,0.22848335318058705,0.04053495097099852,0.2320511256832557
A013_N2_m1_a1_1784822190.npz,A013,A_severity,D2,N2,1208.1,1,1,1,0.0,0.0,30.0,0.0,0.0,30.0,,0.0,0,1,1208.068708397761,0.17497266986215376,0.13108800821068156,0.2186309701193634,36.84023297377157,0.03009041419060481,0.013027881902018033,0.13763106925874544,0.05958845581165995,0.2327478087519417,0.4085312607886379,0.4701801075336817,60.32903574831738,0.01556466801401238,0.003898009488729983,0.0331036293637697,0.008290460243366944,0.8890136013718248,-0.19210060601188528,0.909531652145342,-12.193169299554876,0.015054413012349093,0.010591039276474193,0.016551829699208112,0.01164449774946563,0.26532057555461824,0.7485208253908517,0.794152651482343,70.48262719217763,0.01611551655357494,0.004308674854660861,0.020292718941999587,0.005425499551778124,0.5123214995394686,0.07997196837235351,0.15609723278105875,-1.0,56.40737134491312,0.9293246737163785,0.7708968224948252,0.8295236791809274,-1.0,5.960020213745648,1.813948223043067,-49.03340227332643,0.09629530895971036,-0.10512193945002052,0.14256019318652685,0.24728758710548873,0.04109776192605985,0.25067943029252676,0.1710028761882869,-0.4814800646164083,0.5109452380516794,0.47292631131037927,0.1253800617592632,0.48926419837997387
A013_N2_m1_a2_1784822199.npz,A013,A_severity,D2,N2,1208.6,1,2,1,0.0,0.0,30.0,0.0,0.0,30.0,,0.0,0,1,1208.5795515490183,0.1784043699647568,0.1350992010939252,0.22378541811015898,37.135334849916205,0.0336695525223625,0.011696624334022708,0.15045463107783266,0.05226714248318455,0.2338740715549337,0.41189429404077965,0.4736602060644682,60.4120379721723,0.009761749605617015,0.0024168254605430625,0.020609182449007293,0.0051024456553441545,0.8945163566095871,-0.19113152122165908,0.9147080248071487,-12.061036722010988,0.003360750238223381,0.007947877503456527,0.003674123487581669,0.00868897756213761,0.26642713512931643,0.7543854735682931,0.8000505365688301,70.5482524412295,0.01334654253222881,0.002189997716418272,0.01668212434362961,0.0027373242268050922,0.5175752941261559,0.08093033472064973,0.15636436985905175,-1.0,56.41335811897884,0.9351440815216369,0.7760651895979632,0.8298883615187667,-1.0,6.370611013771045,1.8067788245195897,-49.19637157192719,0.09972700906231341,-0.10111074656677688,0.14201710956010097,0.24841384990848073,0.04446079517820162,0.25236125521607156,0.17650563142604914,-0.48051097982618207,0.511903349919324,0.47403287088507745,0.13124470993670456,0.4918661774974147
A013_N2_m1_a3_1784822207.npz,A013,A_severity,D2,N2,1208.5,1,3,1,0.0,0.0,30.0,0.0,0.0,30.0,,0.0,0,1,1208.4962724737188,0.17943245380729278,0.13489248183179126,0.22448159642618007,36.9348585801095,0.02471834871827536,0.00754981330667876,0.11011302980644962,0.033632214964942515,0.23468096076269582,0.4103795864888605,0.4727436497207235,60.236352049104596,0.016956217558120174,0.004377306090271716,0.03586767917059737,0.009259365182076247,0.8957691383023412,-0.19277524157401074,0.9162776014390164,-12.145182436659159,0.01174723488131346,0.004237139377786375,0.012820606836688354,0.0046242965790410425,0.266619524182912,0.7531600417528386,0.7989593351157867,70.50597815492969,0.019359807468767948,0.00464337603157064,0.024231280138885026,0.005811780183903494,0.5169966618699783,0.08119727274124358,0.1570557002197129,-1.0,56.199289127128516,0.9361605875695193,0.7755668999828379,0.8284549790718938,-1.0,5.903796848580577,1.8107671801659684,-49.08004101676866,0.10075509290484938,-0.10131746582891082,0.14288742991690118,0.24922073911624285,0.04294608762628249,0.2528939367562036,0.17775841311880325,-0.4821547001785338,0.5138785929952394,0.47422525993867304,0.13001927812125003,0.4917261533079901
A015_N1_m1_a1_1784800127.npz,A015,A_severity,D2,N1,1006.6,1,1,1,0.0,0.0,48.0,0.0,0.0,48.0,,0.0,0,1,1006.5657324456836,0.11080267889020756,0.054682429791055476,0.12356132799990521,26.266882969556853,0.009294669469809757,0.014767241304594959,0.07522312701120279,0.119513455735975,0.18010910340638223,0.19921256441073537,0.26856085892950277,47.88310371801204,0.015265398309702936,0.008426738298497456,0.05684148602499854,0.03137738809775506,0.4529857877995864,-0.24818742551752243,0.5165202049614591,-28.71799548063459,0.017924371949490585,0.012365265972921135,0.034702169977703076,0.0239395590998106,0.2551383559924734,0.3627277815329488,0.44347155962288803,54.87790780853574,0.028317931896446918,0.007703175608429908,0.06385512505137296,0.017370168258321696,0.2926560010706103,0.04177082430849796,0.14273011370240019,-1.0,44.30314824005644,0.5245134709215499,0.433988208537528,0.8274109867474472,-1.0,166.36381016220332,1.7922525729960972,-54.984878450191445,0.0752471939515214,-0.07549290141486534,0.10658948523007536,0.17916366092774752,0.011498500319320898,0.17953226146469137,0.10429685516120935,-0.4077234915705109,0.42085184991272967,0.3681636030812586,0.05763981493845122,0.3726483421402991
A015_N1_m1_a2_1784800136.npz,A015,A_severity,D2,N1,1006.6,1,2,1,0.0,0.0,48.0,0.0,0.0,48.0,,0.0,0,1,1006.6110304054657,0.11120362229546363,0.05332529859957402,0.1233281520268826,25.61904236278022,0.005553442434311707,0.010846873432208009,0.0450298033582891,0.08795131731028978,0.18119292259399358,0.19816902759709393,0.2685178554527254,47.56222508247188,0.01721059583305596,0.006328418299455786,0.06409479102996193,0.023567960829964072,0.45347147190910797,-0.24976564231763163,0.5177057580496396,-28.845348397747784,0.016858913572541084,0.008426275902568456,0.03256466305504098,0.016276187335278802,0.2561512212587743,0.3627925853431858,0.44410799152047953,54.77583668475796,0.03102798587031368,0.006075464971793317,0.0698658579956737,0.013680152322845904,0.2924397522501564,0.04231622718489603,0.1447006669212954,-1.0,43.94507682762039,0.5256180691001789,0.43471462534116095,0.8270541880064393,-1.0,166.1188245715406,1.7973550622165726,-54.464390760528005,0.07564813735677746,-0.07685003260634679,0.10783583911272927,0.18024748011535888,0.010454963505679454,0.18055043713555993,0.10478253927073089,-0.4093017083706201,0.4225012059286108,0.3691764683475595,0.05770461874868821,0.3736590528898076
A015_N1_m1_a3_1784800144.npz,A015,A_severity,D2,N1,1006.6,1,3,1,0.0,0.0,48.0,0.0,0.0,48.0,,0.0,0,1,1006.5555457237913,0.1154524815861463,0.05645102677803976,0.1285145669902615,26.056535850120405,0.008013954671525101,0.005023775360380547,0.06235833695126855,0.039091096659581284,0.18102923470653634,0.1976533830355272,0.268026945742071,47.513667951896984,0.01577675247166665,0.0019012732177177793,0.05886256110551293,0.0070935898346109645,0.45601045008826624,-0.2512584817375719,0.5206499354026397,-28.854448470495598,0.016662619372804104,0.0063315467752248725,0.032003498396515166,0.012160851936586586,0.255371357796952,0.3634615322675725,0.44420582596511554,54.90777594264101,0.02922964747600978,0.002739352510761862,0.06580203537966485,0.006166854081236182,0.29414178462158136,0.04283746155117843,0.14563541730832152,-1.0,43.698054075735655,0.5280379223596551,0.4353976614615912,0.8245575611613646,-1.0,165.4092815180584,1.7951816095730337,-54.910984320615995,0.07989699664746013,-0.07372430442788105,0.10871431891273171,0.18008379222790163,0.009939318944112735,0.18035787280918691,0.10732151744988916,-0.41079454779056035,0.4245822283164921,0.3683966048857372,0.05837356567307489,0.37299266971446876
A015_N2_m1_a1_1784800185.npz,A015,A_severity,D2,N2,1204.4,1,1,1,0.0,0.0,48.0,0.0,0.0,48.0,,0.0,0,1,1204.368190592395,0.25336420856527025,0.11239332239986483,0.27717445968556653,23.922255230538227,0.027862674839105244,0.013202261868204933,0.10052396195058283,0.04763159593846381,0.3772122374784821,0.39064287958051497,0.5430386095578099,46.00206488252381,0.016107953276758645,0.004336440698549706,0.029662629863234154,0.007985510831505737,0.9609340793545416,-0.5146334696030839,1.0900650957170717,-28.171517766481262,0.012772888171694573,0.011968148411609415,0.011717546247357139,0.010979296978348319,0.5547718889940179,0.7608954619351835,0.9416654144713753,53.9040620421662,0.015414604435155056,0.004257919655484305,0.016369513203167162,0.00452169060268034,0.6024080441299156,0.09392103566312954,0.1559093318529367,-1.0,41.65502902329526,1.1154630628566695,0.9114372282909196,0.8170931504955031,-1.0,169.75102916282293,1.851673585248653,-52.093772997019485,0.17468684766282686,-0.12381662526083725,0.2141169106758228,0.3917520158320291,0.023209380717936934,0.39243893443664396,0.24292335417100364,-0.804012928207607,0.8399098432133424,0.7623776247497789,0.137754698303595,0.7747231761241102
A015_N2_m1_a2_1784800194.npz,A015,A_severity,D2,N2,1204.5,1,2,1,0.0,0.0,48.0,0.0,0.0,48.0,,0.0,0,1,1204.480174749788,0.25559419474665956,0.11260391383845342,0.27929918331411424,23.776245575442747,0.02573084971888023,0.015327322155923166,0.092126476753575,0.054877790812174594,0.3779983948969069,0.3905384494264864,0.5435099511739249,45.934800265823526,0.0171945600135315,0.008610166189548967,0.03163614571617878,0.015841782051923624,0.9645034443593428,-0.5159352096129672,1.093826327485041,-28.143357259019,0.012793361446048753,0.012479033038462498,0.011695971402940758,0.011408605484158231,0.5551449806416904,0.7616675236463766,0.9425090801203277,53.91338623164067,0.02014991663535258,0.00858440814526456,0.02137901592712517,0.00910803760550361,0.6036683024979816,0.09484556597025945,0.15711536547105115,-1.0,41.52464647971628,1.1190315317469324,0.9124405908138856,0.8153841647245316,-1.0,169.56069413524432,1.8537192148674624,-51.919602834461756,0.17691683384421616,-0.12360603382224866,0.2158194099119189,0.3925381732504539,0.023104950563908377,0.39321756852837086,0.24649271917580484,-0.8053146682174903,0.8421937873511824,0.7627507163974514,0.13852676001478803,0.7752279139743486
A015_N2_m1_a3_1784800202.npz,A015,A_severity,D2,N2,1204.4,1,3,1,0.0,0.0,48.0,0.0,0.0,48.0,,0.0,0,1,1204.3653594223642,0.2560786185090712,0.1133977681508086,0.2800630512564965,23.884914185737582,0.027683644417562287,0.0041354773830720275,0.09884789976171525,0.014766236975989165,0.37878802878879936,0.3908665980700916,0.5442950194890551,45.89909709176653,0.016632761715612558,0.007571611475391574,0.030558357361465834,0.01391085937640814,0.9659424153717149,-0.5158866540301943,1.0950725042756813,-28.105604837124595,0.013419839441171389,0.0022355188494142717,0.012254749698101254,0.0020414345540461917,0.5556382329541713,0.762711072044227,0.9436429543737864,53.92650410545033,0.015190965352030687,0.009301278287696894,0.0160982130811453,0.009856777125909176,0.6047861839808446,0.09447778884784369,0.15621684382068504,-1.0,41.505420187662864,1.120449371879632,0.9133668594898977,0.8151790544160519,-1.0,169.63701770213595,1.8526371824577264,-51.99051902286217,0.1774012576066278,-0.12281217950989348,0.21576384691690917,0.3933278071423464,0.023433099207513575,0.3940252200175466,0.24793169018817696,-0.8052661126347174,0.8425696619018486,0.7632439687099323,0.1395703084126384,0.775900268567093
A017_N1_m1_a1_1784813574.npz,A017,A_severity,inphase,N1,1006.7,1,1,1,3.0,0.0,3.0,0.0,3.0,3.0,0.0,0.0,0,0,1006.661079085596,0.05066892216336079,0.11628148582459719,0.12684133245426235,66.45513985780975,0.014340816597716579,0.0012699395537530897,0.11306106866141387,0.010012032585758404,0.032398679152432025,0.18941757968530126,0.19216839985975762,80.29384611471382,0.018163854556035947,0.0014610674807860298,0.09452050685384136,0.007603057952568168,0.35812296396729526,0.11926344356560054,0.3774597015468616,18.418982028570632,0.017186975743450753,0.006424662243658798,0.04553327328193468,0.017020789814992148,-0.0588362915078775,0.3084570253113491,0.3140182250480475,100.79909794167668,0.029287162075236347,0.002883645898810139,0.09326580350791792,0.009183052666350548,0.22884128477553245,0.025477125146217847,0.11133098283034043,-1.0,76.13986914331399,0.38409059273841245,0.3058720133062635,0.7963538266467769,-1.0,32.770915844481245,1.678414771684061,-48.03615782923913,0.01511343722467462,-0.013893845381323627,0.020529367360547387,0.03145323667379731,0.0017035155938867896,0.03149933432053007,0.00943403132891818,-0.040272622487387916,0.041362846482400996,0.05418895558090771,0.003369058716851503,0.05429358584204198
A017_N1_m1_a2_1784813583.npz,A017,A_severity,inphase,N1,1006.7,1,2,1,3.0,0.0,3.0,0.0,3.0,3.0,0.0,0.0,0,0,1006.7200765933806,0.0481267815646982,0.11632867525333879,0.12589101552522694,67.52444382208225,0.01199361465007429,0.013335397484189682,0.09526982207615065,0.10592811114084182,0.030431132245951953,0.18928165814543096,0.19171228421792488,80.86661728363102,0.02281653163262473,0.00972357451828885,0.11901444774758681,0.05071962163486499,0.3565439020465856,0.11923418993906859,0.3759525849585704,18.49078922705365,0.01702644843039505,0.010080583530928118,0.04528881862129328,0.02681344386031815,-0.06093699417053333,0.3085200584719259,0.31448043458705055,101.17290172485276,0.03429915993894649,0.011645983617101473,0.10906611721007473,0.037032458417942615,0.22804755328576237,0.024422554133519833,0.1070941291920653,-1.0,76.88777256215957,0.38228364286741734,0.30675316831470245,0.8024229496554469,-1.0,32.83858574411421,1.676333016335345,-49.033654595028594,0.01257129662601203,-0.013846655952582027,0.01870206886759742,0.029485689767317236,0.0015675940540164912,0.02952733059679903,0.007854969408208512,-0.04030187611391986,0.04106022117214708,0.05208825291825188,0.003432091877428267,0.05220120062537723
A017_N1_m1_a3_1784813591.npz,A017,A_severity,inphase,N1,1006.7,1,3,1,3.0,0.0,3.0,0.0,3.0,3.0,0.0,0.0,0,0,1006.6873973982545,0.046604949270847074,0.11208221728928308,0.12138552108476652,67.42195177409803,0.012004365646242248,0.002515137610944284,0.0988945430967776,0.02072024396705354,0.029242987944745225,0.18679475264126588,0.18906991288475336,81.10248186729392,0.01870390859053924,0.0010575149137349684,0.09892588569573266,0.005593248008632507,0.3552539105548844,0.1171913354370685,0.3740844156952563,18.256714953855077,0.0150556515954457,0.0073909544365137175,0.04024666883666872,0.019757450795637198,-0.062289188876782364,0.30528875475896866,0.3115785082980037,101.5319831403349,0.029573779831063064,0.0017451368236909215,0.09491598118435611,0.005600953779590653,0.22336370002454486,0.024300909419477476,0.10879524925852818,-1.0,77.15496398378708,0.37936346442117175,0.30512895431544484,0.8043182407694609,-1.0,31.44831137034972,1.698411444560976,-49.16523682024297,0.011049464332160905,-0.018093113916637732,0.021200269649891863,0.028297545466110508,-0.0009193114501485911,0.02831247451122854,0.006564977916507342,-0.04234473061591995,0.042850614301069914,0.050736058212002846,0.00020078816447105519,0.0507364555204513
A017_N2_m1_a1_1784813494.npz,A017,A_severity,inphase,N2,1204.2,1,1,1,3.0,0.0,3.0,0.0,3.0,3.0,0.0,0.0,0,0,1204.1735381133242,0.10629186363468113,0.21182692697223277,0.23699917144461347,63.35312641725954,0.022805306386479252,0.007773027735421128,0.09622525786681425,0.032797700042751746,0.04601169413906345,0.377604821298686,0.38039778793462947,83.05267533172665,0.019871867715487622,0.006599613821071475,0.05223970366226882,0.01734924342463738,0.7356673288926565,0.20221426273621024,0.7629528339642007,15.36942647376753,0.00716120034376536,0.009124714447068333,0.009386163895029687,0.01195973596383087,-0.10124475190413429,0.6477195583776127,0.6555845682236727,98.88398970086836,0.02170782285590862,0.007796757345441889,0.03311216265313666,0.011892832326068095,0.4429029930976779,0.06861503505873079,0.15492113651983927,-1.0,77.68677088077587,0.7750904050987325,0.641188752919846,0.8272438269161262,-1.0,30.65773516398239,1.750022955766736,-47.98369994349201,0.027614502732237728,-0.024383020688469315,0.036838735850230904,0.06055147249261048,0.010171322436107966,0.061399809617967364,0.01765660370911859,-0.08716519586831278,0.0889355217295215,0.10636098385162673,0.024578794746024202,0.10916398690526648
A017_N2_m1_a2_1784813503.npz,A017,A_severity,inphase,N2,1204.3,1,2,1,3.0,0.0,3.0,0.0,3.0,3.0,0.0,0.0,0,0,1204.2909059156436,0.10335580444008466,0.21358801389773557,0.23728097688655175,64.17753748792413,0.020670324868081555,0.007603630825269336,0.08711328290748063,0.032044839519119,0.04302762381616959,0.37693972592325486,0.37938757674753176,83.48788085569984,0.02245247870841671,0.005007720310220376,0.0591808485161811,0.013199484161161203,0.7342845111601319,0.2029042698597079,0.7618030493880784,15.447031556045163,0.009227533060969814,0.01137681044039662,0.012112754167080152,0.014934057365004107,-0.10524097246148562,0.6473065860367142,0.6558059763460115,99.2345129869854,0.024920115631285135,0.00513666932053539,0.037999220089657997,0.00783260523052205,0.44239028656411516,0.0672906363197785,0.15210694801280664,-1.0,78.19189189827449,0.7731586858866426,0.6423791801624334,0.8308503699027401,-1.0,30.44266456549156,1.7476845884015346,-48.73050593187895,0.02467844353764126,-0.022621933762966506,0.03347801461581304,0.057567402169716626,0.00950622706067683,0.05834701488078922,0.016273785976594013,-0.08647518874481513,0.08799314961099751,0.10236476329427541,0.02416582240512566,0.10517857071100133
A017_N2_m1_a3_1784813511.npz,A017,A_severity,inphase,N2,1204.3,1,3,1,3.0,0.0,3.0,0.0,3.0,3.0,0.0,0.0,0,0,1204.2745843184498,0.10447122733538769,0.2128904034257711,0.23714249136700452,63.86153204597806,0.02908055810579333,0.0041065373927865485,0.12262904862877531,0.01731675065533162,0.04355862452739839,0.3752210849588551,0.3777409381685009,83.37829321309326,0.016517989008605415,0.0024081207942656994,0.04372835279303814,0.0063750590707526015,0.7358852385163221,0.20109905641511683,0.7628682158520399,15.284325762847423,0.010714620711017663,0.009107131140726334,0.014045179086469881,0.011938013606392909,-0.10510119874201085,0.6459071336772657,0.6544022366344638,99.24209659518836,0.019163128371687835,0.001893516624293722,0.029283409039434532,0.0028935057343812275,0.44081263548193617,0.06788960141022138,0.15401010757325126,-1.0,77.99845065793686,0.773442991473972,0.641869255385594,0.8298856702578244,-1.0,29.674281609756967,1.7545844406850415,-48.577206283130636,0.02579386643294429,-0.02331954423493099,0.03477247027298281,0.05809840288094543,0.007787586096277055,0.05861800844897049,0.017874513332784225,-0.08828040218940619,0.09007179157542718,0.10250453701375017,0.022766370045677164,0.1050023224193636
A018_N1_m1_a1_1784815167.npz,A018,A_severity,inphase,N1,1007.2,1,1,1,6.0,0.0,6.0,0.0,6.0,6.0,0.0,0.0,0,0,1007.2213265504436,0.05280373304077404,0.09999911666826439,0.11308429403535437,62.164064520912,0.011973505141094812,0.01130294123680388,0.1058812387983025,0.09995146835572197,0.04163956458851334,0.1919784240550843,0.1964422781424476,77.7622667502971,0.020514669101713578,0.008995058339939785,0.10443102826794559,0.045789829078530304,0.37372396626134263,0.07869408659748706,0.38191931376080207,11.890912467332567,0.017669684593509906,0.013620516763092151,0.046265491052323464,0.035663335873144,-0.043927460820253894,0.3165966138870694,0.3196295320192942,97.89929870527978,0.033597454732820206,0.008070357298427856,0.10511373752157581,0.02524909775214605,0.22510778444765298,0.026535100910647286,0.11787731364224684,-1.0,73.95353295045525,0.384000765086199,0.31712586204156984,0.8258469536392269,-1.0,20.698142547338186,1.7058528918865323,-50.27315205357942,0.017248248102087874,-0.030176214537656426,0.03475781906871956,0.040694122109878626,0.004264359963669834,0.04091694441418448,0.025035033622965552,-0.0808419794555014,0.08462965526803666,0.06909778626853132,0.011508647292571783,0.0700496468921611
A018_N1_m1_a2_1784815175.npz,A018,A_severity,inphase,N1,1007.3,1,2,1,6.0,0.0,6.0,0.0,6.0,6.0,0.0,0.0,0,0,1007.2777727344231,0.05506091996220806,0.09993739930669987,0.11410165944135721,61.14725315225739,0.013620788883896206,0.010904009284482537,0.1193741524057031,0.09556398511527939,0.04335466053405043,0.1909707263027064,0.19583014296733264,77.20936494806247,0.02187077332436807,0.008839081957412794,0.11168236407822282,0.04513647298356557,0.37544475339877426,0.07767048365066087,0.38339466204577494,11.688236299052239,0.020195456217820238,0.013405313263188898,0.0526753714046468,0.03496478848103625,-0.041861700325807716,0.3162923651271692,0.31905056369156637,97.53935176824774,0.03524895207336449,0.00799018881556882,0.11048077040052019,0.025043644252241853,0.2249744192904174,0.027479888042291623,0.12214672285393519,-1.0,73.21859040582233,0.38556774602270966,0.3164209890384447,0.8206624965455687,-1.0,20.49656959010991,1.7138292755185816,-49.459016853205156,0.019505435023521894,-0.030237931899220943,0.035983253340946784,0.04240921805541572,0.003256662211291922,0.04253407604298294,0.026755820760397175,-0.08186558240232758,0.0861269268384446,0.0711635467629775,0.011204398532671578,0.07204018971633415
A018_N1_m1_a3_1784815184.npz,A018,A_severity,inphase,N1,1007.4,1,3,1,6.0,0.0,6.0,0.0,6.0,6.0,0.0,0.0,0,0,1007.3571053824791,0.05295770745587647,0.09881456044771741,0.11211082077773667,61.811798278130674,0.014561916841353745,0.0030801555983709767,0.1298885936284707,0.027474204336417132,0.04162798672990389,0.19079576810762927,0.19528418882993392,77.69203602591047,0.02108860126893792,0.0018382778222354383,0.10798929188938708,0.00941334694452058,0.3741022033223511,0.07772059594363934,0.3820902374629221,11.736379688959595,0.019679664364777614,0.006195013116073914,0.05150527921218433,0.01621348181311509,-0.04455941741176461,0.3162229222099615,0.3193469558506598,98.02082000610658,0.034372701999981894,0.0023319246588754798,0.10763434994525524,0.007302166550057821,0.2235772842310726,0.026794561356388635,0.11984473936402144,-1.0,73.83352513465663,0.3838886678660899,0.3171827839898539,0.8262363818993879,-1.0,19.92741214293651,1.717028942302258,-50.07541858917108,0.0174022225171903,-0.0313607707582034,0.035865516740824895,0.04068254425126918,0.003081704016214798,0.04079909688216186,0.025413270683974032,-0.08181547010934911,0.0856714974543502,0.0684658296770206,0.011134955615463904,0.06936538812636418
A018_N2_m1_a1_1784815103.npz,A018,A_severity,inphase,N2,1209.3,1,1,1,6.0,0.0,6.0,0.0,6.0,6.0,0.0,0.0,0,0,1209.2915396869575,0.12719547772257317,0.1930163955084715,0.23115799464469383,56.615599443053846,0.02529975769364865,0.006182821304042857,0.10944790264570414,0.026747166212210353,0.09143070259541594,0.38729928934249785,0.3979451129267644,76.71723021499349,0.018419885137759575,0.004561172818620812,0.046287501817240485,0.011461813879494043,0.7821210268667875,0.12638647391437097,0.7922669003913178,9.179333686138097,0.008011379664618009,0.007964138058642545,0.010111970676373094,0.01005234227847823,-0.024815460483520346,0.6721925970990628,0.6726504996458355,92.11423892928931,0.02089798547394098,0.004742831757901298,0.031068118562231364,0.007050959986498928,0.4549339982784484,0.06949380260740026,0.15275579066496953,-1.0,71.8048133846962,0.8059109875713382,0.656241583748888,0.8142854407860997,-1.0,24.336363443885144,1.7714899097914192,-47.43626575691576,0.04851811682012977,-0.043193552152230585,0.06495914567864346,0.10597048094896298,0.01986579047991982,0.10781647584644287,0.0641103016832496,-0.16299298469015205,0.17514806262166138,0.18279027527224068,0.049051833467474215,0.18925740963202034
A018_N2_m1_a2_1784815111.npz,A018,A_severity,inphase,N2,1209.2,1,2,1,6.0,0.0,6.0,0.0,6.0,6.0,0.0,0.0,0,0,1209.2279739207997,0.12749051252492527,0.1949708991462233,0.23295382009693444,56.819524477796946,0.026440808576203165,0.004885116672593622,0.11350236096236102,0.02097032223193797,0.09030766927703845,0.38799948159639125,0.3983705220637181,76.89756794956013,0.018335727938468684,0.004221947879315958,0.04602681906151666,0.01059804289093627,0.7831710211278193,0.12634489145292277,0.7932968422542989,9.164271154669292,0.009160405224539347,0.0068638507214643305,0.011547260415796401,0.00865231065581887,-0.02748075854814036,0.6741794634769018,0.6747393134125093,92.33418606770405,0.020944289920882153,0.004869247319088279,0.03104056560000326,0.007216486756139866,0.45616760825691427,0.06984030587161347,0.15310229092873096,-1.0,71.93931569471461,0.8062983956929591,0.6591478727099002,0.8174986781951947,-1.0,24.117956865926732,1.7675485525461745,-47.65525332312765,0.04881315162248187,-0.04123904851447879,0.06390135283152415,0.1048474476305855,0.020565982733813215,0.10684543471976643,0.06516029594428141,-0.16303456715160025,0.1755737288259721,0.18012497720762066,0.051038699845313285,0.1872163355477984
A018_N2_m1_a3_1784815120.npz,A018,A_severity,inphase,N2,1209.4,1,3,1,6.0,0.0,6.0,0.0,6.0,6.0,0.0,0.0,0,0,1209.447462493451,0.1288792233356895,0.19527816397889414,0.2339731085714305,56.576080916912325,0.025828453235255813,0.0088093056007383,0.11039069144722052,0.03765093200037078,0.09075027982247044,0.38666223862617904,0.39716910764467184,76.79164743230375,0.019354892336968462,0.005230654241084476,0.04873211930240143,0.013169841612565928,0.7856049218142198,0.1267663328209584,0.7957667976961594,9.166317800970743,0.01077678849791674,0.011877321333258133,0.013542646575751638,0.014925630684321595,-0.027900063751847726,0.6724058506220119,0.672984428874895,92.37600469441867,0.022304174244182823,0.0049911092380806816,0.03314218470324976,0.007416381455399926,0.4555412734206612,0.07049016819476117,0.15473936678766828,-1.0,71.74414833668028,0.8082431502635508,0.6579482106334209,0.814047369803107,-1.0,23.59438033894752,1.7742479055617721,-47.40976311594159,0.05020186243324609,-0.04093178368180794,0.06477374396420886,0.10529005817601748,0.01922873976360101,0.10703149435379027,0.06759419663068189,-0.16261312578356463,0.17610225465691431,0.1797056720039133,0.04926508699042331,0.1863361944082578
A019_N1_m1_a1_1784817622.npz,A019,A_severity,inphase,N1,1007.3,1,1,1,12.0,0.0,12.0,0.0,12.0,12.0,0.0,0.0,1,1,1007.2748899901815,0.0751824899181769,0.06479916433899147,0.09925390918915182,40.75777830264225,0.009397405869675355,0.010870493177687592,0.09468046091531139,0.10952206584600405,0.10285268709435438,0.19413479121323507,0.21969750203845181,62.085339983665655,0.015581640014819995,0.006124181107638323,0.07092315511212718,0.027875515428329535,0.40504780089692627,-0.02398740102365965,0.40575746009076147,-3.3891641832726416,0.019564577401948467,0.010865994211296562,0.04821741884319806,0.02677953033535357,0.061644079602010515,0.3324312027789865,0.33809835422708384,79.49473492054254,0.027764294197630747,0.005166796028447181,0.082118986533081,0.015281931910786235,0.23877848863494416,0.03321391660849071,0.13909928318237125,-1.0,58.65700716721355,0.41211679307352683,0.3303170634665434,0.801513233671142,-1.0,10.393330195716853,1.7259376899046817,-44.146942485914906,0.03962700497949073,-0.06537616686692935,0.07644830094813863,0.10190724461571966,0.006420727121820596,0.10210931515753598,0.05635886825854919,-0.1835234670766481,0.19198225178181977,0.1746693266907957,0.027343236184488917,0.17679656742045832
A019_N1_m1_a2_1784817631.npz,A019,A_severity,inphase,N1,1007.2,1,2,1,12.0,0.0,12.0,0.0,12.0,12.0,0.0,0.0,1,1,1007.1739060050903,0.07748000793454714,0.06352464108794192,0.10019247304508122,39.347788129950885,0.007220540179552609,0.012079031827345155,0.07206669283733275,0.12055827608836685,0.10569180762535599,0.19481477870822916,0.22163834551415412,61.51908040237204,0.017311897432597124,0.008125914546547468,0.07810876494515054,0.03666294533870962,0.4071399684316328,-0.023880362168970215,0.40783970575684775,-3.356777159956685,0.018623318182480128,0.009299864284501433,0.04566332782120844,0.02280274370844601,0.06485143477717731,0.3330215614492259,0.33927727448613326,78.98033917456358,0.02963391378527684,0.008478500131392747,0.0873442343881126,0.02498988517351838,0.24072851859918953,0.03481189725051674,0.14461060722297794,-1.0,57.96732101983909,0.4150749310118774,0.33038628334126763,0.7959678088383844,-1.0,11.048395435436312,1.724244943753311,-42.70456528990758,0.04192452299586097,-0.06665069011797889,0.07873995251226232,0.10474636514672127,0.007100714616814691,0.10498676659236492,0.05845103579325572,-0.18341642822195867,0.19250483039914967,0.1778766818659625,0.027933594854728294,0.18005665684209773
A019_N1_m1_a3_1784817639.npz,A019,A_severity,inphase,N1,1007.1,1,3,1,12.0,0.0,12.0,0.0,12.0,12.0,0.0,0.0,1,1,1007.0936896167311,0.07702831030356001,0.06623982370656079,0.1015926908438682,40.69359694854522,0.007698634371279514,0.006573249495008497,0.07577941195701855,0.06470199224381738,0.10469116543809479,0.19605062011549373,0.22225230205434582,61.897752463158554,0.015389909630191451,0.004334714102005134,0.06924522035514513,0.019503573470052053,0.4063140118894406,-0.022784881861237893,0.40695236465601603,-3.2096154436559687,0.017940221853240252,0.009288286018014626,0.04408432880935476,0.022824012893660713,0.06415713457465796,0.33468345571067504,0.340777278355336,79.14833124998613,0.02738359415287032,0.004557910218639053,0.08035627928314176,0.01337504143655499,0.24203016019831994,0.03374258667810656,0.1394148012398861,-1.0,58.417624395956004,0.4144002707811138,0.33168026187720717,0.8003862093333445,-1.0,11.658909430529086,1.712184425451578,-43.9032123922012,0.041472825364873844,-0.06393550749936003,0.07620855833137145,0.10374572295946007,0.008336556024079261,0.1040801287409064,0.05762507925106353,-0.18232094791422634,0.1912108203189176,0.1771823816634432,0.02959548911617743,0.1796371045968951
A019_N2_m1_a1_1784817571.npz,A019,A_severity,inphase,N2,1206.7,1,1,1,12.0,0.0,12.0,0.0,12.0,12.0,0.0,0.0,1,1,1206.7041670018198,0.16190138292203618,0.1402616629991727,0.2142087577559827,40.903696890537816,0.023463055621296795,0.010148546755585837,0.1095335964182421,0.04737689934762901,0.198177130632653,0.39457857474687485,0.44155002746582034,63.331904458311925,0.01888454165259809,0.0038034899241559546,0.042768747543696875,0.008613950147359863,0.8422025126336801,-0.07401499645818838,0.8454485744190415,-5.022402048958451,0.012307973632251574,0.008320328713198953,0.014557921090243864,0.009841318520072436,0.15816743960990753,0.7104544328251623,0.7278478138139022,77.44900895113182,0.021962315680184183,0.0037811758714537164,0.030174323894856896,0.005195008901160891,0.4850958487692049,0.07438975844370427,0.15335063912100563,-1.0,59.2834671865329,0.8631257461926786,0.7067953581626002,0.81887878015496,-1.0,12.031489238224754,1.7792890794316605,-45.926098939496285,0.08322402201959278,-0.09594828466152938,0.12701303543576753,0.21271690898620002,0.02714507588429682,0.21444192340446755,0.12419178745014214,-0.3633944550627114,0.38403011605912657,0.36577317536566856,0.08731366919357375,0.37605011985788406
A019_N2_m1_a2_1784817580.npz,A019,A_severity,inphase,N2,1206.7,1,2,1,12.0,0.0,12.0,0.0,12.0,12.0,0.0,0.0,1,1,1206.7340524691726,0.16198368027101967,0.1444504110815582,0.2170360199040129,41.72527229720323,0.024924727342566313,0.010677525510676404,0.11484143209772096,0.049197020454939615,0.19663766008237102,0.3978984812968758,0.44383507159870805,63.70185376433405,0.01760766881606062,0.0034816089337034875,0.03967164819273347,0.007844375436944677,0.8429081181916136,-0.0723928599819803,0.8460111239751508,-4.908781687077414,0.011849548474906142,0.009529443435094063,0.014006374312466121,0.011263969426688017,0.15510766440900794,0.7158192801531973,0.7324313137745129,77.77384620088007,0.020212004111278076,0.003266307591068864,0.027595767317917495,0.004459541160571451,0.48851708294593316,0.07379203471108281,0.15105313056012368,-1.0,59.67229747715262,0.8634387650605875,0.7118033087010796,0.8243819220360489,-1.0,12.376970692064933,1.767468928320259,-46.634053984280655,0.08330631936857627,-0.09175953657914387,0.12393448027065941,0.21117743843591805,0.030464982434297738,0.21336359965813761,0.12489739300807567,-0.3617723185865033,0.38272518766821206,0.36271340016476894,0.09267851652160874,0.37436655577619904
A019_N2_m1_a3_1784817588.npz,A019,A_severity,inphase,N2,1206.7,1,3,1,12.0,0.0,12.0,0.0,12.0,12.0,0.0,0.0,1,1,1206.738218650616,0.1611957080760104,0.14332554741749026,0.21569948735370145,41.64157466376269,0.022459295314208656,0.01029457245502061,0.1041230815601345,0.04772645768109635,0.19500494785724462,0.39717320671964246,0.44246297678423957,63.84978659663205,0.017853581452889324,0.0036746581854337377,0.0403504527828446,0.00830500714916455,0.8417993627925116,-0.07392444037745322,0.8450390464842428,-5.0186787041767005,0.008321597675176066,0.008412355708003472,0.009847589540149417,0.009954990533281038,0.15315274462178874,0.7158329276097453,0.7320331573334131,77.92361255771137,0.0211081085731933,0.0037726288147159983,0.028834907765768542,0.005153631057449096,0.48662566616986525,0.07412972206986226,0.15233418050741693,-1.0,59.803479048187185,0.8614540858091609,0.7126432428369937,0.8272562108375285,-1.0,11.937023165363007,1.770260275397096,-46.66025336793939,0.08251834717356701,-0.09288440024321182,0.12424487687143684,0.20954472621079165,0.029739707857064424,0.21164461369517337,0.12378863760897363,-0.36330389898197624,0.38381421262974585,0.36075848037754976,0.09269216397815672,0.3724761984708183
A020_N1_m1_a1_1784820175.npz,A020,A_severity,inphase,N1,1004.0,1,1,1,24.0,0.0,24.0,0.0,24.0,24.0,0.0,0.0,1,1,1003.9590814587684,0.10748148904810753,0.03539101267961603,0.1131582708708789,18.225443643485086,0.005384273658123063,0.011129948011163536,0.04758179509712442,0.09835735316125098,0.18964253273872247,0.20425329067640113,0.27871795237425206,47.12429555724817,0.016172278399995348,0.00315369754303119,0.05802381318545213,0.011315014035394902,0.451654952479813,-0.2052705630932567,0.4961130921192917,-24.441101073823493,0.019419102249409823,0.009416181005524748,0.039142491012392894,0.01897990832150949,0.2134541055088922,0.3720315581502135,0.4289173992953387,60.1548356060445,0.03133364498814547,0.0034060791662501666,0.07305286528273974,0.00794110747627855,0.2963846873337057,0.051425755767752754,0.17351016420713875,-1.0,43.471162059609576,0.5020251551011726,0.421982320999453,0.8405601127983543,-1.0,169.46071987148204,1.693829595642814,-42.66654471730857,0.07192600410942136,-0.09478431852630478,0.11898494486969562,0.18869709026008777,0.01653922658498666,0.18942053185611438,0.10296601984143594,-0.3648066291462452,0.3790592010636769,0.3264793525976774,0.06694359155571589,0.33327197920463864
A020_N1_m1_a2_1784820184.npz,A020,A_severity,inphase,N1,1003.9,1,2,1,24.0,0.0,24.0,0.0,24.0,24.0,0.0,0.0,1,1,1003.9238273733805,0.10766793092801044,0.0346055000574107,0.11309254610513586,17.81790055147275,0.005516486238769236,0.014904906462892636,0.04877851307407002,0.13179388895388713,0.1900047533149967,0.20268344575099878,0.27781717992915916,46.84926183860439,0.0209365652450243,0.005895978500666166,0.07536094510196574,0.021222512236894732,0.4510217731937999,-0.2060708063433177,0.49586874989442986,-24.55555132237646,0.017399246792222267,0.010674275080545756,0.03508841159263728,0.021526412145992872,0.21460192897978092,0.3702246840276203,0.4279255829991872,59.901136807699714,0.03728819536649234,0.005501743154190824,0.08713710244933677,0.012856775506691951,0.2954819793180883,0.051601447136664286,0.17463483646532296,-1.0,43.16573255117259,0.5019828692229318,0.4207366405648215,0.8381493998313544,-1.0,169.4520788327264,1.6988611974963925,-42.373451873849206,0.07211244598932427,-0.09556983114851011,0.1197238384463092,0.189059310836362,0.014969381659584308,0.18965100949161973,0.1023328405554228,-0.3656068723963062,0.37965826133451974,0.3276271760685661,0.06513671743312272,0.33403945643684924
A020_N1_m1_a3_1784820192.npz,A020,A_severity,inphase,N1,1003.9,1,3,1,24.0,0.0,24.0,0.0,24.0,24.0,0.0,0.0,1,1,1003.9155989103434,0.10509032340592042,0.035829926477777135,0.11103044494625725,18.826507387840685,0.0055677146219520095,0.013589683773688426,0.050145837248936405,0.12239601291579373,0.1873542030651291,0.2033741598620426,0.2765187991905095,47.34782574063026,0.021771889560817582,0.006020177420411804,0.07873565784515682,0.02177131333578576,0.44982568153185987,-0.20539201251626935,0.4944987589176393,-24.54160834171516,0.02443768328850219,0.008922614906549086,0.04941909933604582,0.01804375591574575,0.21091478508927736,0.3712245387706934,0.4269574975975596,60.39651164263986,0.03726394994340194,0.005621134464629733,0.08727789101510541,0.01316555979520024,0.2937688847869339,0.049902388136905076,0.169869549571591,-1.0,43.80302905250706,0.4996785774996741,0.4208836496156127,0.8423087732150919,-1.0,168.56613421133954,1.7009241052267443,-43.36811572955585,0.06953483846723425,-0.09434540472814368,0.11720131890888258,0.1864087605864944,0.01566009577062813,0.18706540199336227,0.10113674889348279,-0.3649280785692578,0.37868343574150926,0.32394003217806255,0.06613657217619578,0.33062242910416917
A020_N2_m1_a1_1784820218.npz,A020,A_severity,inphase,N2,1204.4,1,1,1,24.0,0.0,24.0,0.0,24.0,24.0,0.0,0.0,1,1,1204.4309297126067,0.2352103387336514,0.08626744048917012,0.25053138473203623,20.14138143235489,0.028864902268420936,0.013591516729348108,0.11521471571034625,0.05425075482612825,0.3810226567889312,0.3881663229329476,0.5439221996258115,45.53210610631258,0.015509382756480616,0.0019964849045549173,0.028513972709976205,0.0036705339585852335,0.9439805965226222,-0.436157212055684,1.039871376776663,-24.798846625735717,0.013573813856535508,0.006283799723960786,0.013053358482287378,0.006042862477318078,0.47717656438692363,0.747192784098635,0.8865633255493807,57.436650032802895,0.019214566994590343,0.0011673625181159674,0.0216730902811523,0.0013167277333433374,0.5906181893092954,0.09893173625557061,0.1675054003522434,-1.0,41.40905080426048,1.0615298142138945,0.8605123264565038,0.8106341573587811,-1.0,171.70136211171817,1.7973198818263818,-44.94022805809061,0.156532977831208,-0.14994250717153196,0.21676099419773467,0.39556243514247824,0.020732824070369582,0.39610540275257566,0.2259698713390843,-0.725536670660207,0.7599117338386742,0.6847823001426847,0.12405202046704644,0.695927943375363
A020_N2_m1_a2_1784820226.npz,A020,A_severity,inphase,N2,1204.3,1,2,1,24.0,0.0,24.0,0.0,24.0,24.0,0.0,0.0,1,1,1204.299254921745,0.2347031925275989,0.08134826503738746,0.2484011449394712,19.11634652388979,0.03187643335224387,0.016824376472762213,0.12832643488825832,0.06773067200178111,0.38030337555824967,0.3833431479034863,0.5399839131914517,45.228070449903456,0.01304121202356235,0.004722631654471868,0.02415111210718342,0.008745874717933413,0.9434641639222756,-0.4396700073590183,1.0408815225454997,-24.986302846667662,0.012615648560825558,0.007169201446848366,0.012120158046396769,0.006887624856012352,0.4760448287135216,0.7412062713515568,0.8809116957083518,57.289115801556704,0.013898139276048129,0.004019925996649983,0.01577699483814035,0.004563369990697548,0.5857720499151324,0.10078125247791392,0.1720485852688179,-1.0,41.01685568927578,1.061480763254543,0.8559780072250424,0.8063999243854209,-1.0,170.8343452340511,1.8121055168274622,-44.10264937055746,0.1560258316251555,-0.15486168262331462,0.21983221074093212,0.3948431539117967,0.015909649040908247,0.3951635523724571,0.2254534387387377,-0.7290494659635414,0.7631136067852851,0.6836505644692826,0.11806550771996827,0.6937705372904954
A020_N2_m1_a3_1784820235.npz,A020,A_severity,inphase,N2,1204.3,1,3,1,24.0,0.0,24.0,0.0,24.0,24.0,0.0,0.0,1,1,1204.3487396851137,0.23446007878141714,0.08518425751237724,0.24945517888014138,19.967143392326935,0.02706935365707839,0.02430781824021248,0.1085138972804598,0.097443630352096,0.38038141792815583,0.38685091531703375,0.5425344724408405,45.483121076776975,0.01759701813878646,0.009632646909547038,0.032434838766315054,0.017754902957981916,0.9444656340842863,-0.43724986647613745,1.0407702819064508,-24.842252127853378,0.015467321648410732,0.013299865210436282,0.01486141746868307,0.012778867192550886,0.4761714830521705,0.7456883241150611,0.8847544054672076,57.43906756280087,0.0195283878766319,0.00988709618001552,0.022072100185044737,0.011174961230958203,0.5888721926196571,0.09900040816129005,0.1681186671778078,-1.0,41.355598484170045,1.0618694298498754,0.8593174335736274,0.8092496209210164,-1.0,171.34511237106167,1.8032256288517252,-44.80939552018032,0.15578271787897374,-0.15102569014832484,0.2169723813634762,0.39492119628170286,0.019417416454455716,0.39539826420248364,0.22645490890074838,-0.7266293250806605,0.7610992063012695,0.6837772188079315,0.1225475604834726,0.6946720014086938
A021_N1_m1_a1_1784822082.npz,A021,A_severity,inphase,N1,1002.4,1,1,1,30.0,0.0,30.0,0.0,30.0,30.0,0.0,0.0,1,1,1002.385031935314,0.13381713298706188,0.026311370835851555,0.13637929944144275,11.123702200533986,0.002422723594070372,0.01483192377755785,0.01776459920231969,0.10875494916240012,0.2409989745132475,0.19800543256858577,0.3119080906983813,39.40662084452597,0.01827034508802927,0.006847931482734794,0.05857605375712072,0.02195496585998092,0.47873584872046426,-0.3028452217635217,0.5664832223421095,-32.317182348219085,0.02355372279221869,0.008263960955539119,0.04157885328860485,0.014588183073405064,0.30405079875075425,0.37818281075948923,0.48525161161496344,51.20147119253753,0.03245076854552929,0.006800158024663055,0.06687410771811773,0.014013674271027114,0.33506331973493714,0.0601543192751085,0.17953119823051822,-1.0,35.29995688029653,0.5753116478126755,0.4747513830007061,0.8252073199033989,-1.0,162.68980945115365,1.7170236606853735,-43.440884548753075,0.09826164804837571,-0.10386396037006926,0.1429792773129665,0.2400535320346128,0.010291368477171298,0.2402740321121402,0.13004691608208718,-0.4623812878165101,0.4803214087518021,0.41707604583953944,0.07309484416499162,0.423432738763372
A021_N1_m1_a2_1784822090.npz,A021,A_severity,inphase,N1,1002.6,1,2,1,30.0,0.0,30.0,0.0,30.0,30.0,0.0,0.0,1,1,1002.5979989775426,0.1327779775280328,0.026794375599648618,0.1354545306743552,11.408972503757814,0.008555629241457162,0.015932139887355975,0.06316237041952963,0.11761983750590273,0.24049893524870788,0.19859545723929045,0.3118972482915568,39.548681134606454,0.012491087378795904,0.005979411506331177,0.04004872581344298,0.01917109413142919,0.4785408114734301,-0.30347658404455075,0.5666562849814676,-32.38167499405923,0.02067865278622534,0.012002145165944274,0.03649240877457423,0.021180644217749747,0.3038509158046028,0.37978228430971905,0.4863743028890446,51.33788392393103,0.025750612032680815,0.006224787901806561,0.05294402249404044,0.012798348648009487,0.3347921954843154,0.05951478148197134,0.17776633471361653,-1.0,35.50747252156096,0.5751089281179114,0.47634969152805096,0.82827733710715,-1.0,162.46746084431538,1.7178086463035682,-43.79064749781705,0.09722249258934663,-0.1033809556062722,0.1419148866305138,0.23955349277007318,0.010881393147875978,0.23980050169918357,0.129851878835053,-0.4630126500975392,0.48087651698470324,0.41687616289338797,0.07469431771522145,0.4235150248664821
A021_N1_m1_a3_1784822099.npz,A021,A_severity,inphase,N1,1002.7,1,3,1,30.0,0.0,30.0,0.0,30.0,30.0,0.0,0.0,1,1,1002.6582923207675,0.1303953713408113,0.024028233906086188,0.13259075718825072,10.44088956480693,0.008907684687820076,0.01849564407210115,0.06718179213029951,0.13949421863426922,0.23923700098339737,0.19653232756196637,0.3096115282357137,39.4029800419443,0.014515326571487953,0.008098425408208177,0.04688238404494142,0.026156730837369458,0.4769522219627633,-0.30466253229382123,0.5659528961131842,-32.569199189441,0.017902891113309727,0.011716724339967797,0.03163318225997619,0.02070264932017343,0.3022851694089065,0.3761517392216275,0.4825623841163198,51.21374976656926,0.02871738674155906,0.008209099670786812,0.05951020569940828,0.017011478600470527,0.33142441364101105,0.05997887420517148,0.18097301145153052,-1.0,35.37296994346155,0.5739053936404444,0.4730768799395442,0.824311611603236,-1.0,161.6093413657853,1.731632824919414,-43.01008875424793,0.09483988640212514,-0.10614709729983463,0.1423439858861222,0.23829155850476266,0.008818263470551896,0.23845466786218467,0.12826328932438624,-0.46419859834680965,0.48159299215774926,0.4153104164976917,0.07106377262712987,0.4213464154724549
A021_N2_m1_a1_1784822137.npz,A021,A_severity,inphase,N2,1208.2,1,1,1,30.0,0.0,30.0,0.0,30.0,30.0,0.0,0.0,1,1,1208.1931277329795,0.2929786855784297,0.07347198513914066,0.3020507288578369,14.078075023011591,0.038483052073018414,0.01943701592717414,0.12740592356302782,0.06435017058449927,0.49531397549916345,0.40598685776089677,0.6404383366096634,39.339950514279295,0.01521959391280542,0.007760524663230949,0.02376433927015445,0.01211752048497506,1.028493696539494,-0.6489091604751418,1.216093081293544,-32.24912200803042,0.014829834640557196,0.007795105106644207,0.012194654232209655,0.0064099576147186406,0.6753012231469554,0.8108245561985035,1.0552100278704113,50.210526196631974,0.01476549723821135,0.006926122866955619,0.013992946283888688,0.006563738671943521,0.6981501830249562,0.11824647032839097,0.16937110839970101,-1.0,35.062702487713366,1.2428378077964235,1.0235745057396068,0.8235785066391126,-1.0,165.5807108377653,1.7801868967668761,-46.327197031042004,0.2143013246759863,-0.16273796252156142,0.2690886511979865,0.5098537538527105,0.038553358898318735,0.5113093112784499,0.31048297135595604,-0.9382886190796649,0.9883244448036524,0.8829069589027164,0.18768379256691492,0.9026349783113569
A021_N2_m1_a2_1784822145.npz,A021,A_severity,inphase,N2,1208.3,1,2,1,30.0,0.0,30.0,0.0,30.0,30.0,0.0,0.0,1,1,1208.324539480347,0.29248994394385897,0.07306120437445901,0.30147687621595165,14.024944615496489,0.038519524189563295,0.016795999957142888,0.12776941526344887,0.0557123988013983,0.49666906422883006,0.4060578815817211,0.6415318874043415,39.26813663812078,0.017385340516800143,0.0032962237170622304,0.02709972934804813,0.0051380512516670945,1.0311662992946922,-0.650148687557239,1.21901486977539,-32.23136512415432,0.014752703047126203,0.006549141618036322,0.01210215183826631,0.005372487063462185,0.6761141053709951,0.8113069150300691,1.056100939236979,50.19338656927006,0.010810318257167034,0.001998428258267281,0.010236065375509813,0.0018922701268603386,0.6989462041998462,0.11800708912659413,0.1688357250064598,-1.0,35.02011734365595,1.2457796265860812,1.0243922923244708,0.8222901309854477,-1.0,165.49403174159147,1.782368398455286,-46.25630973965082,0.21381258304141557,-0.16314874328624307,0.26894856962386443,0.5112088425823771,0.03862438271914309,0.5126658986853412,0.31315557411115424,-0.939528146161762,0.9903431481193999,0.8837198411267562,0.18816615139848059,0.90353044117684
A021_N2_m1_a3_1784822154.npz,A021,A_severity,inphase,N2,1208.5,1,3,1,30.0,0.0,30.0,0.0,30.0,30.0,0.0,0.0,1,1,1208.519865781328,0.2946158771765977,0.07307113311828023,0.3035422632513066,13.929513655475887,0.0384687496232995,0.017311646641691412,0.12673276271729816,0.05703208000185092,0.49657380506426807,0.40568937660413434,0.6412249325825197,39.2480321233862,0.015561376843107844,0.0027770107449431787,0.024268203016427844,0.00433079034178978,1.032618503768871,-0.6505671960561756,1.2204665709925269,-32.211624367886834,0.014795479485365573,0.007639017011553546,0.012122806012895022,0.006259095654984819,0.6771182360109151,0.8118487926169462,1.0571601428412474,50.170381018802125,0.014335624337216179,0.0016214742685028568,0.013560503992032307,0.0015338019310347306,0.6993874782574716,0.1190145999524303,0.1701697609012903,-1.0,34.93523458880863,1.2474910054786956,1.0251304354920576,0.8217537689569855,-1.0,165.5553349175044,1.7836907926730794,-46.141138023362714,0.2159385162741543,-0.16313881454242185,0.2706357619033189,0.5111135834178151,0.03825587774155631,0.5125432736228004,0.3146077785853332,-0.9399466546606987,0.9912001654329144,0.8847239717666762,0.18870802898535766,0.9046254619576772
A025_N1_m1_a1_1784814786.npz,A025,A_severity,antiphase,N1,1002.9,1,1,1,3.0,0.0,-3.0,3.6739403974420594e-16,3.0,3.0,0.0,180.0,0,0,1002.8648473487028,0.03327798170618494,0.09802667524972453,0.10352126895934059,71.2487372896367,0.016754066051693113,0.004634934026529495,0.16184177628534968,0.044772770592195206,0.00874265049785053,0.19154111196398682,0.19174053173528047,87.38662085359904,0.02008094690933138,0.003919744402748937,0.10472979670806068,0.02044296199282783,0.3450135898205138,0.17013799823179887,0.38468339657848677,26.24948229957492,0.020407968166866797,0.00862344000215936,0.053051336107517624,0.022416979986293547,-0.10867582163669676,0.3031672989272134,0.3220572081901498,109.7211398155949,0.03322623994144073,0.003072615407136604,0.10316875106805003,0.009540588842596134,0.216405005942025,0.025494274657506172,0.11780815580733886,-1.0,83.8275084872019,0.38997915798512056,0.3156238541169079,0.8093351853663686,-1.0,39.51301268706449,1.802080114956288,-44.999254990061786,-0.0022775032325012268,-0.03214865595619629,0.032229227430454,0.007797208019215814,0.003827047872572348,0.00868577850937289,-0.003675342817863303,0.01060193217881042,0.0112209229011216,0.004349425452088454,-0.001920667667284215,0.004754625753035231
A025_N1_m1_a2_1784814795.npz,A025,A_severity,antiphase,N1,1002.9,1,2,1,3.0,0.0,-3.0,3.6739403974420594e-16,3.0,3.0,0.0,180.0,0,0,1002.8960270354548,0.03293468832537967,0.09959761250145377,0.104901754566259,71.70211196877017,0.016359214009401147,0.0019856136880335145,0.15594795413138865,0.018928317226375304,0.007389113351404797,0.1915947829718525,0.19173721563158044,87.79140490869605,0.024342084370202695,0.0017639405838050539,0.12695544936344316,0.009199781993259114,0.34516025313572896,0.1699663842036092,0.38473909614694657,26.216900891992793,0.020842639610409996,0.006509543558203904,0.054173438101672404,0.0169193711359078,-0.11138131158318038,0.3033753903295465,0.3231755312946731,110.16021752603972,0.03833481839441671,0.0025261212194439106,0.11861918580544648,0.007816560892849838,0.21704367876263717,0.02568227946292878,0.11832770071601753,-1.0,84.1671797175006,0.38944656687045165,0.31748695671536253,0.8152259737880132,-1.0,38.9772033136224,1.7943234702373312,-45.485211076777375,-0.0026207966133064975,-0.030577718704467044,0.03068982658891758,0.006443670872770081,0.0038807188804380333,0.007522025880411059,-0.0035286795026481244,0.01043031815062076,0.011011045170898985,0.001643935505604835,-0.0017125762649510823,0.0023739084670353285
A025_N1_m1_a3_1784814803.npz,A025,A_severity,antiphase,N1,1003.0,1,3,1,3.0,0.0,-3.0,3.6739403974420594e-16,3.0,3.0,0.0,180.0,0,0,1003.0314381725424,0.03614278785477758,0.09932243162532461,0.10569411780171468,70.00388205019073,0.01767376220560103,0.003413647474203638,0.1672161381653947,0.03229742151410679,0.011789257848246248,0.19059899429317656,0.1909632509834884,86.46055183192927,0.01581906858451724,0.0023663875121481288,0.08283828696383594,0.012391847645873698,0.34601343258692263,0.1703871174828323,0.3856903749572879,26.216981427537167,0.020113593351725894,0.005741216528802899,0.05214958593134016,0.0148855582134729,-0.10401040795337757,0.3017512325003294,0.3191738887786654,109.01852228740982,0.027979997071475776,0.003874049510625537,0.08766380351018879,0.012137739479409729,0.21666041526688515,0.02639079802594846,0.12180719765278732,-1.0,82.6893684252918,0.39163368778562685,0.3118526754802969,0.796286645420042,-1.0,39.63058502739226,1.8075922512342983,-43.78690062265355,0.0005873029160914089,-0.0308528995805962,0.03085848890087787,0.010843815369611534,0.002884930201762087,0.011221013948804376,-0.002675500051454449,0.010851051429843855,0.011176028706944572,0.00901483913540764,-0.003336734094168181,0.009612550080621765
A025_N2_m1_a1_1784814733.npz,A025,A_severity,antiphase,N2,1212.8,1,1,1,3.0,0.0,-3.0,3.6739403974420594e-16,3.0,3.0,0.0,180.0,0,0,1212.8098412198824,0.08012628915941689,0.20406013610254936,0.21922764734551492,68.56204077586011,0.03253062294945307,0.006083249532238149,0.14838741072736597,0.027748550905400224,0.004657025083192351,0.3877314974136635,0.38775946406150713,89.31185613211045,0.0177236142363521,0.004094618955225806,0.0457077541079455,0.010559687988882484,0.7427097110256025,0.3144331229750452,0.8065270632009653,22.945825666915365,0.01118018233155242,0.009847772813860798,0.013862129172925983,0.012210095932524203,-0.1940332891329325,0.650628792573092,0.6789453166617057,106.60585693043092,0.02076548676276232,0.0024189953440912917,0.03058491789127257,0.0035628721264110157,0.44015487578501833,0.06842403563508767,0.1554544534194994,-1.0,84.4630671649744,0.817395654525137,0.6658205393766857,0.8145633460254835,-1.0,36.31993951089395,1.8570637280055295,-45.61621510894474,0.0014489282569734863,-0.03214981155815272,0.03218244515754803,0.019196803436739386,0.02029799855108544,0.027937895542948035,0.024698985842064536,0.0250536643705222,0.035181330276401974,0.013572446622828527,0.027488028941503484,0.030656207241249896
A025_N2_m1_a2_1784814742.npz,A025,A_severity,antiphase,N2,1212.6,1,2,1,3.0,0.0,-3.0,3.6739403974420594e-16,3.0,3.0,0.0,180.0,0,0,1212.5732269235045,0.0782591718449675,0.20076863479655904,0.2154821168819683,68.70427287671302,0.027343642004586027,0.0009378777838087174,0.1268951799817508,0.004352462271021989,0.002842358606033546,0.3852777109045201,0.3852881954099714,89.57731217526126,0.023304269398748707,0.0021244823807031184,0.06048529302578676,0.0055140084903004425,0.7416038725731553,0.3123956539117284,0.8047156941419977,22.842932371884235,0.010312987902734275,0.00530385632008805,0.01281569127806084,0.006590969156806512,-0.19636518965417593,0.647717056232674,0.6768283923142124,106.86547090378292,0.02644122184516294,0.004342037232272822,0.03906636031439976,0.00641527051994158,0.4362120235194074,0.067813027917285,0.15545886922181076,-1.0,84.78510453803452,0.814400717423793,0.6651432120233127,0.8167271931284282,-1.0,35.567070269490756,1.8669836536212756,-45.861340504828775,-0.0004181890574758984,-0.03544131286414304,0.03544377998495453,0.01738213695958058,0.017844212041942087,0.02491093311538948,0.023593147389617375,0.02301619530720539,0.032960307191645416,0.011240546101585092,0.024576292601085403,0.02702487806958664
A025_N2_m1_a3_1784814750.npz,A025,A_severity,antiphase,N2,1212.7,1,3,1,3.0,0.0,-3.0,3.6739403974420594e-16,3.0,3.0,0.0,180.0,0,0,1212.6545404342621,0.07844454017649079,0.20143595650795826,0.21617120635685302,68.72273294992875,0.031291934125895614,0.0034448552437794265,0.14475532913592218,0.01593577286187087,0.004036921679179323,0.3876487840811607,0.38766980348776997,89.40335111794163,0.01847438210817037,0.0014946974345626776,0.04765494227809567,0.00385559417090331,0.7415022932970889,0.31410868165073813,0.805288715215361,22.95806015966569,0.01038216635760564,0.008193036135816473,0.01289247714694363,0.010174035698023389,-0.1943410470101547,0.6499804317173503,0.6784121197093078,106.64641383422816,0.02137812356264131,0.0014217744471213922,0.03151200124756262,0.0020957385721979836,0.43871050968264547,0.06746077147510823,0.1537705844428209,-1.0,84.67432557864302,0.8161003059410801,0.6653669736803585,0.8153004830859553,-1.0,36.343345065339,1.86022510956355,-45.76467279026306,-0.00023282072595261216,-0.03477399115274382,0.0347747705410336,0.018576700032726358,0.02021528521858268,0.02745453588342995,0.02349156811355102,0.02472922304621511,0.03410847761045725,0.013264688745606323,0.02683966808576177,0.02993859967452843
A026_N1_m1_a1_1784816018.npz,A026,A_severity,antiphase,N1,1006.3,1,1,1,6.0,0.0,-6.0,7.347880794884119e-16,6.0,6.0,0.0,180.0,0,0,1006.3454476891129,0.03087341277800359,0.0915919426903381,0.0966553236110209,71.3722917315524,0.01246274654862735,0.004912115610604661,0.12894009437889165,0.05082095250514032,0.004596021521886928,0.1924882759269912,0.19254313746060947,88.6322148239884,0.01999016697871817,0.004164661999563607,0.10382175777522978,0.021629760761614342,0.3454130110843593,0.16965254856658896,0.38482740996647125,26.15835677989979,0.018507653847935904,0.00896837943159614,0.048093387759329344,0.023304939303511477,-0.12174146819999654,0.30039026003139657,0.3241223432613383,112.06161422667468,0.03296033430568207,0.0023994367469034757,0.10169102806685039,0.00740287362716251,0.21388930456038863,0.025816211189863478,0.12069893463314635,-1.0,85.26019889383939,0.387122967235603,0.32137709486120125,0.830167988110122,-1.0,35.53280075879067,1.8099220437004335,-45.21393495165262,-0.004682072160682577,-0.03858338851558271,0.03886643370650617,0.003650579043252213,0.004774211835576719,0.006009977204781485,-0.003275921554017791,0.010116482513600505,0.010633667310766457,-0.008716221111211328,-0.004697706563101034,0.009901563382240634
A026_N1_m1_a2_1784816026.npz,A026,A_severity,antiphase,N1,1006.5,1,2,1,6.0,0.0,-6.0,7.347880794884119e-16,6.0,6.0,0.0,180.0,0,0,1006.5149426111556,0.032256811901251334,0.09593317102703347,0.10121104296140201,71.41516623765537,0.015314935918522022,0.007930474879343846,0.15131684715829424,0.07835582607688593,0.005503371761620107,0.19486954837648518,0.19494724410773775,88.38232198076025,0.020176878189586966,0.006552902362158548,0.10349917118313402,0.033613721456544836,0.3464300059512928,0.17258975430168477,0.38704130569401596,26.482263968317127,0.02037811974382297,0.0071163262383426296,0.052651020560408456,0.018386477447367332,-0.12120001410793968,0.3040146507600605,0.32728328905785325,111.73544178026121,0.03372611816266871,0.006405629321261733,0.10304870211905934,0.019572124625432438,0.21806164255701327,0.026404985284488078,0.12108954594150766,-1.0,84.87713130676772,0.3901745943374247,0.323541511314207,0.8292223943069109,-1.0,37.38620174462234,1.7892857715011097,-44.93290226933823,-0.003298673037434835,-0.03424216017888734,0.0344006798991601,0.004557929282985392,0.007155484285070707,0.008483847871254504,-0.002258926687084273,0.013053688248696321,0.013247698919879406,-0.008174767019154469,-0.001073315834437094,0.008244927088695755
A026_N1_m1_a3_1784816035.npz,A026,A_severity,antiphase,N1,1006.4,1,3,1,6.0,0.0,-6.0,7.347880794884119e-16,6.0,6.0,0.0,180.0,0,0,1006.3654620393645,0.032127462769011586,0.09507797964565717,0.10035933477995072,71.32955722663816,0.010494207055066157,0.0017168819420314608,0.10456632736831009,0.017107346773430895,0.0054941648724748104,0.19252843376339002,0.1926068110296985,88.36539962534574,0.023043130878841068,0.0013079155426762967,0.11963819324794278,0.006790598606996437,0.34621061796568964,0.17087114348951093,0.38608126044862334,26.268495540882768,0.017542330980129563,0.005527041546770126,0.04543688797468573,0.01431574674292077,-0.12134243065789524,0.3024983489639337,0.32592826910820716,111.85740859238084,0.03692540513466802,0.0021617086002374054,0.11329304216446749,0.006632467340596728,0.2155907864650442,0.026267708767380868,0.12184059067681867,-1.0,84.82612093946852,0.3887726622805202,0.32271317502820707,0.8300819639302527,-1.0,36.409452302004524,1.8032897817901676,-45.06106168575539,-0.0034280221696745827,-0.03509735156026364,0.03526436476870838,0.004548722393840095,0.0048143696719755436,0.006623370045125085,-0.0024783146726874428,0.011335077436522484,0.011602845517752057,-0.008317183569110029,-0.002589617630563923,0.008711008092913319
A026_N2_m1_a1_1784816086.npz,A026,A_severity,antiphase,N2,1204.5,1,1,1,6.0,0.0,-6.0,7.347880794884119e-16,6.0,6.0,0.0,180.0,0,0,1204.4826733482084,0.0814677153393954,0.1956277004947407,0.21191315637185137,67.39107309754033,0.0335528762849822,0.005499911755736542,0.15833314391347086,0.025953611611001893,0.01201493712082985,0.38726934250367046,0.387455677926189,88.22298238307124,0.01675132214481011,0.0033356728928604774,0.04323416354218783,0.008609172823880849,0.7218465300276549,0.30853871982006387,0.7850213720282843,23.143307210383114,0.013360374408112944,0.00836812406965087,0.017019121878928376,0.0106597404450657,-0.18436376028902768,0.6486340218119384,0.6743263974959309,105.86694549534664,0.020781687547050346,0.002041196191545378,0.030818439889379753,0.003027015105926793,0.43652574747715606,0.06689065697265667,0.15323416169433887,-1.0,83.60712147265957,0.8002872836254686,0.6561363490680721,0.819876015142509,-1.0,39.62910884794914,1.8333106082530646,-44.247765887157215,0.0027903544369519973,-0.04058224716596137,0.04067806365749232,0.026554715474376885,0.01983584364109242,0.033145340651122866,0.0038358048441169412,0.019159261215540846,0.019539464914052243,0.023241975466733344,0.025493258180349865,0.03449776277160897
A026_N2_m1_a2_1784816095.npz,A026,A_severity,antiphase,N2,1204.4,1,2,1,6.0,0.0,-6.0,7.347880794884119e-16,6.0,6.0,0.0,180.0,0,0,1204.4188165417104,0.08025497848533118,0.19538179151106044,0.2112224089100218,67.66911406967343,0.026518539755354464,0.008429532019929568,0.12554794679314088,0.03990832252803464,0.008139430103913381,0.3872618765574537,0.3873474039634408,88.79594050450791,0.02176630241045242,0.0059752939467333736,0.056193231677129814,0.01542618818557344,0.7228929038409277,0.3096692822615281,0.7864281370856073,23.18908401736191,0.01031759387824033,0.008522743889875287,0.013119563494352948,0.010837282502962552,-0.19242272662720433,0.6486560393884393,0.6765952727870217,106.52290146034402,0.024971991713686272,0.005914124540653655,0.0369083153815456,0.008741007776025801,0.4359791508369367,0.06763946642658447,0.15514380973663286,-1.0,84.14253858779647,0.7996676206992405,0.6608949041738018,0.8264620037959097,-1.0,38.882890713374515,1.8341877568322738,-44.48003005231152,0.001577617582887783,-0.04082815614964164,0.04085862469317044,0.022679208457460416,0.019828377694875665,0.030124924203516045,0.004882178657389824,0.0202898236570051,0.02086893893984638,0.01518300912855669,0.025515275756850753,0.02969095928302034
A026_N2_m1_a3_1784816103.npz,A026,A_severity,antiphase,N2,1204.3,1,3,1,6.0,0.0,-6.0,7.347880794884119e-16,6.0,6.0,0.0,180.0,0,0,1204.2684037768308,0.08122399154695456,0.19380547493031697,0.21013780934373866,67.26141282900838,0.024773208279976033,0.006828999031640366,0.11789029474202133,0.03249771686955033,0.008901312326878685,0.3863262998451392,0.38642883343919493,88.68008622298966,0.01948493524214488,0.004085870902723904,0.05042308843449918,0.010573411063454769,0.7231776426896344,0.30875565501807867,0.7863306921339006,23.11972140851586,0.005665063606488558,0.00817089442201258,0.007204428954839626,0.010391168122712928,-0.19103080212591894,0.6469282064746913,0.6745434542662413,106.45129241672805,0.021069211947401707,0.003787585497470227,0.031234773407327023,0.005615035582237335,0.43454374197361023,0.06824132575305822,0.15704132670998747,-1.0,83.98893989018825,0.7993383274377461,0.659077436553732,0.8245287557602599,-1.0,38.555063068925016,1.8394887562004973,-44.14169142049252,0.002546630644511161,-0.04240447273038511,0.04248087375727502,0.02344109068042572,0.018892800982561186,0.03010685405774915,0.005166917506096436,0.019376196413555646,0.0200532796313095,0.01657493362984208,0.023787442843102746,0.028992600122230327
A028_N1_m1_a1_1784820427.npz,A028,A_severity,antiphase,N1,1005.6,1,1,1,24.0,0.0,-24.0,2.9391523179536475e-15,24.0,24.0,0.0,180.0,1,1,1005.6113742294144,0.03471801804874476,0.057207680893673896,0.0669183048983265,58.74740505953636,0.014284835786307305,0.007496482288115781,0.2134667907086293,0.1120243900305857,0.022837329613985186,0.19697642879721516,0.19829588277521593,83.38668796435958,0.019150209889301755,0.005996363560488702,0.09657391581352212,0.03023947586085816,0.3407049635654512,0.18435117065722328,0.3873825322866586,28.417262774293107,0.02156722347238557,0.007497004785780881,0.0556742281203998,0.0193529758338024,-0.13185252077213294,0.3011971416961766,0.3287929521749401,113.64195360247646,0.03191276432102868,0.0055503850569014685,0.09706036613597767,0.01688109498754793,0.20757901627583064,0.02665086599017004,0.12838901767776187,-1.0,81.08998016325673,0.39063079278212554,0.32492709251637464,0.8318010216301684,-1.0,39.630894017408195,1.881841429786217,-30.330142285243255,-0.0008374668899414073,-0.07296765031224692,0.0729724560562552,0.02189188713535047,0.00926236470580069,0.023770698817876298,-0.007983969072925867,0.024815104604234833,0.026067857193803896,-0.01882727368334773,-0.003890824898320988,0.019225107353070165
A028_N1_m1_a2_1784820436.npz,A028,A_severity,antiphase,N1,1005.5,1,2,1,24.0,0.0,-24.0,2.9391523179536475e-15,24.0,24.0,0.0,180.0,1,1,1005.5364843767848,0.03308688442509988,0.0631217600980013,0.07126779440132511,62.33756983807581,0.009961106936131637,0.007186337893963015,0.1397701026081765,0.10083569941136548,0.020664965284217574,0.19877734073548964,0.19984862266243134,84.06483041793581,0.014307300297381666,0.006510625875526176,0.07159068752526976,0.0325777870709843,0.3385472457869454,0.18730649997024473,0.3869082094774285,28.954240532071765,0.018420184934677033,0.006111843399768066,0.047608669145469844,0.01579662372122559,-0.13431720300004973,0.30420411553199067,0.33253759927015364,113.82320578408154,0.025879378314368328,0.0068903120949961785,0.07782391636665396,0.020720400069402338,0.21069492144119684,0.02502439964890872,0.11877077756661931,-1.0,81.77579769509607,0.39093701035544914,0.32779181109925626,0.8384773055925818,-1.0,41.81743964702533,1.8554648003917662,-33.38332930600404,-0.002468600513586286,-0.06705357110791951,0.06709899691366851,0.019719522805582857,0.011063276644075165,0.022610963486398395,-0.010141686851431686,0.027770433917256282,0.029564350358923845,-0.021291955911264523,-0.0008838510625069351,0.021310292800145354
A028_N1_m1_a3_1784820444.npz,A028,A_severity,antiphase,N1,1005.7,1,3,1,24.0,0.0,-24.0,2.9391523179536475e-15,24.0,24.0,0.0,180.0,1,1,1005.6934304283363,0.03608389824464081,0.06358489079249569,0.07311009540154625,60.42544888934689,0.006425845502201394,0.00892318828885171,0.08789272489535678,0.12205138346274115,0.023199877108520034,0.19758249535498562,0.1989398822975256,83.30306966450785,0.017405844560938914,0.006073354088029066,0.08749298712717397,0.0305285899332444,0.34083689718258925,0.18651245599611543,0.3885314488207587,28.688320339828362,0.015430163018256608,0.009771195042433208,0.03971406449874025,0.025149045391537804,-0.13138481652741563,0.3039095025408264,0.331093575516885,113.37958099251063,0.028722629371360962,0.004835265138855742,0.08675079039670516,0.014603923169778191,0.21023509000795343,0.02689553396986695,0.12793075584503738,-1.0,80.77667369929239,0.3926053019070594,0.32625253927866954,0.830993717338801,-1.0,41.2148530898204,1.8674584813230117,-31.73712854951853,0.000528413305954642,-0.06659044041342513,0.06659253693227067,0.022254434629885318,0.009868431263571148,0.024344317536124673,-0.007852035455787831,0.026976389943126983,0.028095908512852753,-0.018359569438630416,-0.0011784640536712243,0.018397352187140604
A028_N2_m1_a1_1784820472.npz,A028,A_severity,antiphase,N2,1212.5,1,1,1,24.0,0.0,-24.0,2.9391523179536475e-15,24.0,24.0,0.0,180.0,1,1,1212.4887284751014,0.08140275132240889,0.15898174256765757,0.17861019677696702,62.8863831206447,0.02530790652516646,0.00436025368810491,0.14169351460246576,0.02441212073434765,0.03536301158856084,0.3977966661218836,0.39936540932621845,84.91991942438025,0.017165666092507217,0.0008817824673390719,0.04298235573648688,0.002207959043891042,0.7221278723714781,0.3357861193086038,0.7963799231372484,24.938209675494768,0.00859407573877639,0.0061294749842133135,0.010791426917093797,0.007696671910144271,-0.20388960164305087,0.6538112615257659,0.6848650490104422,107.31997444290911,0.0205226639804753,0.0021762139685903197,0.029965996965575024,0.0031775807098562256,0.4331013776404671,0.06178615738929255,0.14265980340654433,-1.0,81.45243975713046,0.8132651943136815,0.6647261398877697,0.8173547134876901,-1.0,42.017052744606694,1.8777709707236303,-37.94817344514993,0.002725390419965487,-0.07722820509304451,0.07727627976833891,0.049902789942107874,0.030363167259305546,0.058414128171382536,0.004117147187940207,0.04640666070408078,0.04658893708457878,0.0037161341127101566,0.030670497894177307,0.030894806906993005
A028_N2_m1_a2_1784820481.npz,A028,A_severity,antiphase,N2,1212.6,1,2,1,24.0,0.0,-24.0,2.9391523179536475e-15,24.0,24.0,0.0,180.0,1,1,1212.6316563369385,0.08264534460774983,0.15645705104090818,0.17694366845341222,62.15563145183491,0.0229458485527474,0.010751613229802011,0.12967883368366384,0.060762915812570144,0.0363159007135373,0.39573156303341095,0.3973944068875429,84.75670801062982,0.019965013703704602,0.006350731229984777,0.05023979542156572,0.015980927561927025,0.7240474148507423,0.3340789736971964,0.797404175822158,24.768828241592,0.009043772228376502,0.010843293626638752,0.011341516012318326,0.013598240334594247,-0.20300117326006145,0.6515160010185834,0.6824093902696594,107.30613534305394,0.02375322286300244,0.006167929205603559,0.034807878088571095,0.009038458868753629,0.43045343193191166,0.06277913163856433,0.14584418889821887,-1.0,81.23825343531291,0.8132513807605437,0.6634441854729698,0.8157922644441429,-1.0,41.185031656756344,1.8892900379736834,-37.3868032102429,0.003967983705306433,-0.0797528966197939,0.07985154609607199,0.05085567906708433,0.028298064170832915,0.05819862995974095,0.006036689667204387,0.04469951509267339,0.04510530203488575,0.004604562495699571,0.028375237386994878,0.028746410081001678
A028_N2_m1_a3_1784820489.npz,A028,A_severity,antiphase,N2,1212.6,1,3,1,24.0,0.0,-24.0,2.9391523179536475e-15,24.0,24.0,0.0,180.0,1,1,1212.5503460523414,0.08459479006944239,0.15642032719557175,0.17783024845864315,61.594718617019495,0.02683142366494806,0.008231292729407013,0.1508822255916044,0.0462873600006318,0.03784728251793151,0.39566476395085953,0.39747078160071275,84.53600110544502,0.015290631997522659,0.005145969360435572,0.03846982647615887,0.012946786527833532,0.7258373573438233,0.33435030870487614,0.7991432901845019,24.73272637602519,0.00822849344928721,0.005703586603296867,0.01029664335589611,0.007137126311828325,-0.20163083570264856,0.6516493411326754,0.6821303817488255,107.19291234681855,0.01820565439520739,0.0067842112093596295,0.02668940554814796,0.009945622407209706,0.43071448453144123,0.0639660246377648,0.1485114314354929,-1.0,80.94162447749625,0.8150677618351759,0.6630206630028254,0.8134546525432351,-1.0,41.02828666664152,1.892362089289518,-36.86199224099431,0.005917429166998986,-0.07978962046513033,0.08000874640885204,0.05238706087147855,0.0282312650882815,0.05950973428975146,0.00782663216028534,0.04497085010035312,0.04564683482697177,0.005974900053112464,0.028508577501086818,0.029127966317272425
A029_N1_m1_a1_1784824554.npz,A029,A_severity,antiphase,N1,1003.9,1,1,1,30.0,0.0,-30.0,3.67394039744206e-15,30.0,30.0,0.0,180.0,1,1,1003.8573760885738,0.04151099308136111,0.13484444320891653,0.141089285244924,72.88935489146473,0.006702286272342826,0.0016357586008720706,0.0475038643842301,0.011593783312690788,0.016686055736837707,0.18338471345358837,0.18414227538647276,84.80101035424019,0.021008039013846392,0.0006180799956918776,0.1140859097659964,0.0033565350183420305,0.3189658982819663,0.18888601401910432,0.3706982203340703,30.63327377627499,0.017198455580590476,0.003638440098031738,0.046394761661092854,0.009815099988213605,-0.1418165383968048,0.2967079676056753,0.3288579459334119,115.54624810151866,0.03300332313948378,0.002641923415705675,0.10035738393308091,0.008033631081064465,0.23081333813959654,0.02323288471730016,0.10065659508485097,-1.0,80.41599234947844,0.3754681144323434,0.3234013206636771,0.8613283211881142,-1.0,46.466869213849144,1.6267175781897807,-42.256081115189744,0.0059555081426749396,0.004669112002995718,0.0075676075568165,0.01574061325820299,-0.004329350637826107,0.01632513959173278,-0.02972303435641077,0.02934994796611587,0.0417717394534401,-0.028791291308019593,-0.008379998988822301,0.029986044057793076
A029_N1_m1_a2_1784824562.npz,A029,A_severity,antiphase,N1,1003.9,1,2,1,30.0,0.0,-30.0,3.67394039744206e-15,30.0,30.0,0.0,180.0,1,1,1003.8775105579953,0.042700366176327,0.13760891864310337,0.14408169821915848,72.76076236965656,0.01243860351563557,0.003158940986152214,0.08633021174358711,0.021924651258255167,0.017926800306361124,0.1899837251733223,0.19082763426704374,84.60955013620672,0.019331157090539054,0.0010268787110762514,0.10130166505909242,0.005381184517747779,0.3213225282869555,0.1925109102549717,0.37457791946658986,30.926689013343427,0.021347873410766823,0.0034058558436988696,0.05699180945093302,0.009092516314226183,-0.13985380179404283,0.3018283006180633,0.3326550900410746,114.860907140528,0.03202339183855432,0.0013922205965078544,0.09626605092560055,0.004185177495212684,0.23793221173964513,0.02372729184618283,0.09972290709484168,-1.0,80.32910207758796,0.38119782702485444,0.3250480631440274,0.8527017734621923,-1.0,48.87932646817581,1.602127867587665,-41.83407335631313,0.007144881237640829,0.007433587437182559,0.010310555275358855,0.016981357827726407,0.00226966108190782,0.0171323633833751,-0.02736640435142157,0.03297484420198324,0.0428516095061851,-0.02682855470525762,-0.0032596659764342895,0.027025853730288044
A029_N1_m1_a3_1784824571.npz,A029,A_severity,antiphase,N1,1003.8,1,3,1,30.0,0.0,-30.0,3.67394039744206e-15,30.0,30.0,0.0,180.0,1,1,1003.8430146499954,0.04210611229371869,0.1347976967281591,0.14122090403232804,72.65301088060251,0.010379077026923955,0.0049136012611608396,0.07349533058185206,0.03479372473097911,0.0181117878703006,0.19124532339720351,0.19210104263423386,84.58996887882749,0.02089698929470097,0.00278479346093722,0.10878123829077525,0.014496503625123733,0.32207032859163587,0.19110492989305183,0.3745001879686478,30.683367058618092,0.019600221045910908,0.0030532773490553147,0.052337012571945056,0.008152939430062255,-0.13917057778493402,0.3015063997310383,0.3320761340412241,114.77729898260726,0.03394085114732472,0.0019706663421271533,0.1022080410726273,0.005934381125632214,0.23724835667147265,0.023651037473088513,0.09968894117921775,-1.0,80.42595243518424,0.380749435121059,0.32489200858641026,0.853296101366798,-1.0,48.15310381283403,1.6048559427886706,-41.96964382198442,0.006550627355032521,0.0046223655222382976,0.008017292670576376,0.017166345391665883,0.003531259305789042,0.01752578689790248,-0.026618604046741212,0.03156886384006338,0.041293380166191884,-0.026145330696148814,-0.0035815668634592845,0.02638950432290101
A029_N2_m1_a1_1784824598.npz,A029,A_severity,antiphase,N2,1206.7,1,1,1,30.0,0.0,-30.0,3.67394039744206e-15,30.0,30.0,0.0,180.0,1,1,1206.7143098063575,0.10105707163974281,0.23373126858480586,0.25464256840258026,66.61806458029353,0.023632866030009175,0.008480868571170232,0.09280799427315903,0.033304991480302304,0.029068629475257124,0.3693146919842412,0.3704569164356157,85.49954779484725,0.020380863188072303,0.006000209213591264,0.05501547490101845,0.01619678010420972,0.6857785316018858,0.33024836510866773,0.7611545027541956,25.713935094688964,0.01373923666750403,0.009600656102685004,0.01805052274904682,0.012613281624092821,-0.2169017525239934,0.6098185955333502,0.6472442272482988,109.57957847324973,0.025241885148770432,0.005568787310998646,0.038999011634424395,0.008603842377511576,0.44425120988287636,0.06871700732168151,0.15468051812351452,-1.0,79.55153429773016,0.7714199280064826,0.6349744573159672,0.823124259904563,-1.0,39.5334008670742,1.7364498077784907,-40.904129485604585,0.022379710737299413,-0.0024786790758962174,0.02251655618975691,0.04360840782880416,0.0018811931216631828,0.04364896471766886,-0.03223219358165208,0.04086890650414471,0.05204980136301785,-0.009296016768232385,-0.013322168098238385,0.01624487890361077
A029_N2_m1_a2_1784824607.npz,A029,A_severity,antiphase,N2,1206.5,1,2,1,30.0,0.0,-30.0,3.67394039744206e-15,30.0,30.0,0.0,180.0,1,1,1206.5064567429827,0.09990716252689019,0.2327427474139151,0.2532797417835701,66.76808522048577,0.021164830988667303,0.00023144315438030115,0.08356306287911826,0.0009137847059954423,0.028333024440643617,0.36993737803365034,0.37102078639931485,85.62034057877047,0.017714276883856194,0.0019157753064051992,0.04774470200381448,0.005163525539896104,0.6854881971253506,0.3304705947511172,0.7609894101716006,25.73849450038344,0.008202861713051743,0.004412932335079279,0.010779206127457181,0.005798940532016309,-0.21780908970162943,0.6100783122799727,0.647793444448948,109.64749183381757,0.021755884893267942,0.002707760533635315,0.033584601819758766,0.0041799752017229784,0.4439929424965262,0.06839092448267034,0.1540360621457523,-1.0,79.73887972662087,0.7711880874056636,0.6356179378431257,0.8242061155034094,-1.0,39.57079409023814,1.7369377158775385,-41.029590720102334,0.021229801624446792,-0.0034672002467869834,0.021511065863054842,0.04287280279419065,0.0025038791710723096,0.042945856963540634,-0.03252252805818734,0.041091136146594154,0.052404163013195046,-0.01020335394586841,-0.013062451351615878,0.016575164163832583
A029_N2_m1_a3_1784824615.npz,A029,A_severity,antiphase,N2,1206.6,1,3,1,30.0,0.0,-30.0,3.67394039744206e-15,30.0,30.0,0.0,180.0,1,1,1206.6312261928929,0.10007333803691093,0.23107226144038656,0.251811562468891,66.58341099935127,0.018969963187487796,0.006620895294852585,0.07533396402252719,0.026293055131932374,0.028819180396807836,0.36998976176446646,0.37111045386686486,85.54611967071514,0.02161755184983773,0.00339870622235152,0.058250991381646675,0.009158206638853668,0.6870797458665145,0.3306279003867292,0.7624915643429316,25.69720694189122,0.010541351104975671,0.008799026504684466,0.013824875707391675,0.011539834558388756,-0.21784747615150474,0.6105149111175754,0.6482175403076358,109.63771176695505,0.026135244338294093,0.0031470751363122597,0.04031863180667811,0.004854967569712319,0.4432129367176283,0.06851514203758335,0.15458741467475365,-1.0,79.68233824701662,0.772532268808564,0.6362179334992887,0.8235486842258308,-1.0,39.37057599341986,1.7430273460197883,-40.88620405746005,0.02139597713446753,-0.005137686220315518,0.02200417363222435,0.04335895875035487,0.0025562629018884286,0.04343424667170534,-0.030930979317023377,0.04124844178220616,0.051557341193763845,-0.010241740395743715,-0.012625852514013158,0.01625747206792683
B001_N1_m1_a1_1784816217.npz,B001,B_phase,D1,N1,1005.7,1,1,1,3.6739403974420594e-16,6.0,0.0,0.0,6.0,0.0,90.0,,0,0,1005.6616140502658,0.04112132753536113,0.10790816366769274,0.11547785659772185,69.1393031384566,0.01667210886904404,0.011940432219865788,0.14437494217720825,0.10340018919351288,0.011864729417238512,0.21859672355867604,0.21891847650377189,86.8932171934494,0.021169924913980526,0.010000319423935726,0.09670232157684405,0.045680563758917915,0.39664857329832626,0.17438047264213785,0.43328817193467567,23.731956349561326,0.019661004610558745,0.011516741548973043,0.04537627815402937,0.02657986599899467,-0.10481706116971667,0.3446647353631527,0.3602504630326076,106.91520357551536,0.03280463863235894,0.009594683503018715,0.09106064252133847,0.026633368968495302,0.24550875450198884,0.031398824532435976,0.12789289162469203,-1.0,83.14004328253544,0.4394940231644387,0.35265285998618684,0.8024064979246377,-1.0,36.9336846668153,1.7901358509839957,-45.40734678889527,0.005565842596674961,-0.022267167538228078,0.022952240718206136,0.010919286938603797,0.03088265946726157,0.03275621289188364,0.047959640659949176,0.0148444065891494,0.05020441752690128,0.008208185919068536,0.03957676876865507,0.04041899234579687
B001_N1_m1_a2_1784816226.npz,B001,B_phase,D1,N1,1005.8,1,2,1,3.6739403974420594e-16,6.0,0.0,0.0,6.0,0.0,90.0,,0,0,1005.7594385831566,0.04252000170880259,0.10642061325314056,0.11460059978242301,68.22098527291202,0.015990593690140747,0.005956783086491042,0.139533246078118,0.051978637963504534,0.013097474759227873,0.2173849691257667,0.217779174043064,86.55208931205412,0.01785716877895151,0.0046461927275346275,0.08199667786149473,0.021334421658775703,0.3977238388982114,0.17333810269156058,0.4338552176390649,23.548789366884613,0.01863351362404341,0.005924231769907766,0.042948690868447964,0.013654858876991272,-0.1036815839511242,0.3426763145174051,0.3580180545473169,106.83393578046443,0.02912144075416198,0.005535610399901911,0.08134070442615958,0.015461819116639845,0.24397953425473934,0.03217223930985748,0.13186450006198636,-1.0,82.69968679925096,0.4396543443380508,0.35087224848819926,0.7980638722368979,-1.0,36.09748630160734,1.8020132126287574,-44.67219590602741,0.006964516770116419,-0.023754717952780252,0.024754618131923856,0.012152032280593158,0.02967090503435224,0.032062977000056114,0.04903490625983431,0.01380203663857213,0.05094034007820546,0.00934366313766101,0.037588347922907495,0.038732259686256744
B001_N1_m1_a3_1784816234.npz,B001,B_phase,D1,N1,1005.6,1,3,1,3.6739403974420594e-16,6.0,0.0,0.0,6.0,0.0,90.0,,0,0,1005.5714754584573,0.039577968000735236,0.1080273210929184,0.11504919666638146,69.87868209289901,0.014481551434757826,0.010437019597031326,0.12587268624527026,0.09071788330079777,0.010405870030365333,0.21897654235446723,0.21922364888991022,87.27932386073283,0.01810081940175832,0.008520951417583226,0.08256782283031971,0.0388687601028951,0.39585138540225095,0.1742630859236134,0.43251120498838186,23.760222598673696,0.017584715486939375,0.01185772995264794,0.04065724837674838,0.02741600637367641,-0.10677157755539696,0.3447903738155039,0.3609440007113334,107.20623662321752,0.029106434443945832,0.007293040206567834,0.08063975128159516,0.02020546176746258,0.24566787493935857,0.030702135250924106,0.12497415569090065,-1.0,83.62666436815587,0.43839945270396674,0.35376889908366393,0.8069556129727873,-1.0,36.83481453075972,1.784520881341049,-46.118459494225306,0.004022483062049068,-0.02214801011300241,0.02251032478553183,0.009460427551730618,0.031262478263052756,0.03266255098135156,0.047162452763873874,0.014727019870624941,0.049408319795095405,0.006253669533388254,0.03970240722100632,0.040191908660518263
B001_N2_m1_a1_1784816160.npz,B001,B_phase,D1,N2,1204.2,1,1,1,3.6739403974420594e-16,6.0,0.0,0.0,6.0,0.0,90.0,,0,0,1204.2209592999607,0.08796832557525294,0.21439862574972496,0.23174381766917607,67.69152702065617,0.03907219398908143,0.00800630693132085,0.16860080403464578,0.03454809285462875,0.006139734202370961,0.43715005685745406,0.4371931707455539,89.19533870890594,0.013725046163862357,0.004749105299534476,0.031393551140007,0.01086271611113169,0.809979836655097,0.31978986655167585,0.8708231132307849,21.544708090189225,0.010343550263656324,0.009392413091854396,0.011877900467388128,0.010785672714873412,-0.18895790110091615,0.7263857676727186,0.7505607049839129,104.58142709095863,0.01479265698226375,0.004613451364509509,0.019708808207033444,0.006146673192288145,0.488951623356223,0.0759564058638221,0.15534544162559102,-1.0,84.67852375387066,0.8868327412382535,0.731574982808153,0.8249300559051085,-1.0,37.87269951206138,1.8137433211713798,-46.146818930466935,0.009290964672809543,-0.02181132191097712,0.023707715791608134,0.020679512555917996,0.06971655799487603,0.0727189156836327,0.09196911147155906,0.03041040794715283,0.09686645640457955,0.018647834654844875,0.10324500404113002,0.10491554983303183
B001_N2_m1_a2_1784816169.npz,B001,B_phase,D1,N2,1204.6,1,2,1,3.6739403974420594e-16,6.0,0.0,0.0,6.0,0.0,90.0,,0,0,1204.5858372986038,0.09186672941151446,0.21565667772284325,0.23440840134095597,66.92667348440884,0.037108248288608967,0.0012228834990227406,0.15830596547021197,0.00521689279064708,0.009434545561345126,0.4356964300638672,0.4357985656474186,88.75951433038415,0.018715438489092948,0.0010714793646245295,0.042945158530500106,0.002458657391477985,0.8148940864226804,0.32027493382431804,0.8755731867313127,21.45613968155313,0.011107253144292287,0.005270590001025628,0.012685693569212475,0.0060195881748067,-0.1857392554288993,0.7256225181399101,0.7490174295962585,104.35784635384681,0.020916527843395368,0.0031934033852135594,0.02792528854057504,0.004263456708791001,0.4886963681386667,0.0777402611755765,0.1590768138336519,-1.0,84.06959240220506,0.8914767339314552,0.7300169505023274,0.8188850283090593,-1.0,37.30871852759674,1.8241934911996325,-45.4705338028557,0.013189368509071056,-0.02055326993785883,0.02442122738124697,0.02397432391489216,0.06826293120128918,0.07235050783075479,0.09688336123914243,0.03089547521979502,0.10169029488624337,0.021866480326861726,0.10248175450832153,0.10478861087441188
B001_N2_m1_a3_1784816177.npz,B001,B_phase,D1,N2,1204.3,1,3,1,3.6739403974420594e-16,6.0,0.0,0.0,6.0,0.0,90.0,,0,0,1204.344008369517,0.09040607861024835,0.21672402106521022,0.23482453099358272,67.35662082286233,0.032727535334654174,0.006352772042131035,0.13937017225661383,0.02705327256590856,0.008037475887021,0.43767826275944827,0.4377520562039236,88.94794480508473,0.01904687192168421,0.004150633952561802,0.043510639531551085,0.009481700642493977,0.8137655181353858,0.31914937611667005,0.8741113446133808,21.414534317257527,0.006179456316721014,0.006458241623584005,0.0070694155324733665,0.007388351224797893,-0.18686203845469307,0.7312374218625322,0.7547354427530258,104.33471850557618,0.01937438854852233,0.005380008221571804,0.02567043688560717,0.007128336522725512,0.49074224976649145,0.07708091437730663,0.1570700595149161,-1.0,84.3255091606484,0.8908375034034827,0.7349182089588396,0.8249744831701105,-1.0,38.088106674623546,1.815285934372611,-45.942086505604806,0.011728717707804953,-0.019485926595491865,0.022743442007626607,0.022577254240568036,0.07024476389687023,0.07378386858907773,0.09575479295184786,0.029769917512147026,0.10027576158739104,0.020743697301067954,0.10809665823094361,0.11006901697760257
B002_N1_m1_a1_1784816404.npz,B002,B_phase,D1,N1,1005.1,1,1,1,-6.0,7.347880794884119e-16,0.0,0.0,6.0,0.0,180.0,,0,0,1005.0703399977826,0.023654162686634606,0.08901164430849368,0.09210098932643217,75.11803816500542,0.017656772005171625,0.004813064211654711,0.19171099175266174,0.05225855060683267,-0.010596830191767215,0.19893822568596964,0.19922025612169797,93.04908913583908,0.022127090807280876,0.004824424404679211,0.11106847886875554,0.024216535499944885,0.34370640097932925,0.20400688304698233,0.3996910036574611,30.69124315979693,0.020809689031939894,0.0055419589291727574,0.05206444188514684,0.013865608378622073,-0.13169236735784645,0.30528219329586126,0.3324757091335329,113.33435924650024,0.034761684067221424,0.005943137441096229,0.10455405646870887,0.017875403459051725,0.21794377854856173,0.025919337878850077,0.11892671610754325,-1.0,90.0032040741907,0.40628002644309374,0.3243910228134454,0.7984419653937423,-1.0,44.683540214932,1.8641506041089737,-44.426795005208476,-0.011901322252051563,-0.04116368689742714,0.04284962765691894,-0.01154227267040193,0.011224161594555165,0.016099871487021085,-0.004982531659047829,0.044470816993993884,0.04474906910592341,-0.01866712026906124,0.0001942267013636534,0.018668130681755997
B002_N1_m1_a2_1784816413.npz,B002,B_phase,D1,N1,1005.1,1,2,1,-6.0,7.347880794884119e-16,0.0,0.0,6.0,0.0,180.0,,0,0,1005.1271955573303,0.023141059915850585,0.09100758004644444,0.0939036116448083,75.73339460402984,0.013706663143109518,0.003348945604854691,0.14596523928126598,0.03566365069665396,-0.011691634965224601,0.1971963170385161,0.19754260750965857,93.39305557567447,0.013564655020217246,0.003243280980143286,0.06866698375212052,0.016418133895416513,0.3424370962626109,0.2032941316158834,0.398235695093025,30.696271726479058,0.01734327487757655,0.008181544103764744,0.043550277112967696,0.020544477063648436,-0.1326221114286072,0.3043265996575878,0.33196882940862327,113.54703098623794,0.02413072358746179,0.0021990015738064953,0.07268972701578279,0.006624120637241292,0.21718568864199864,0.025910359139827116,0.11930049029398458,-1.0,90.24587324035403,0.4045442243047088,0.32425135794142446,0.801522648107796,-1.0,44.55516079354666,1.8626652006134046,-45.037122877550786,-0.012414425022835584,-0.03916775115947638,0.041088084398500126,-0.012637077443859316,0.009482252947101616,0.01579901412351148,-0.0062518363757662065,0.04375806556289494,0.04420241803200324,-0.01959686433982198,-0.000761366936909813,0.019611648874227935
B002_N1_m1_a3_1784816421.npz,B002,B_phase,D1,N1,1005.3,1,3,1,-6.0,7.347880794884119e-16,0.0,0.0,6.0,0.0,180.0,,0,0,1005.2988062684019,0.02146856886407091,0.09121463679698483,0.09370704037091991,76.75572961865886,0.018663245908179468,0.006201062535780452,0.19916588800910662,0.0661749908142956,-0.013577144434008287,0.19637506028267115,0.19684385474788044,93.9550699278086,0.015706463000590015,0.005528495730897579,0.07979148254695077,0.028085691260103247,0.3417381161152362,0.20436203668535946,0.39818184544775376,30.879750114210758,0.021186365241004937,0.010143725888158933,0.053207762943538926,0.025475108933588765,-0.13580526658225772,0.302630288101722,0.33170493169081666,114.16814659241619,0.028134906944820525,0.0037160368631808647,0.08481907941919047,0.011202838752619439,0.21655048278703806,0.02518731767740648,0.11631152862483529,-1.0,90.87699930554527,0.4037862500410741,0.3248593665418243,0.804533008513239,-1.0,44.06379008538163,1.864628722338934,-45.87597950444811,-0.01408691607461526,-0.038960694408935986,0.041429179491268585,-0.014522586912643002,0.008660996191256681,0.01690912137457865,-0.00695081652314089,0.04482597063237101,0.04536167427986489,-0.02278001949347251,-0.002457678492775617,0.02291221228290362
B002_N2_m1_a1_1784816443.npz,B002,B_phase,D1,N2,1205.3,1,1,1,-6.0,7.347880794884119e-16,0.0,0.0,6.0,0.0,180.0,,0,0,1205.2831515113576,0.05243199197765966,0.19479792188278328,0.20173087059891529,74.93524236049278,0.027695950762513844,0.003279244416583373,0.13729158398160785,0.016255540893903252,-0.0435942738987774,0.39080890616261077,0.3932328341489021,96.36496381385196,0.018966639191155477,0.0029113979391859005,0.048232592866275105,0.0074037508731619964,0.7082180484798297,0.3819053385927216,0.8046269271147963,28.335687655189155,0.005658910334596706,0.003544268278560515,0.0070329616669531966,0.004404859145429586,-0.2567684531605893,0.6405029394474175,0.690053660217279,111.84514218564628,0.02001660533796472,0.005697644445921631,0.029007317100038333,0.008256813599289654,0.4369528267563312,0.06632973085295801,0.15180066769529588,-1.0,92.09781171699042,0.8172905829696424,0.6750071472263133,0.8259083871658728,-1.0,43.46018442547507,1.8704320762419702,-46.59955470530363,-0.02624536892478374,-0.041412025777918804,0.04902831089308519,-0.029054495545230367,0.023375407300032736,0.03729039256739241,-0.009792676703708203,0.09252587998819856,0.09304265142725604,-0.049162717404828304,0.017362175815828995,0.05213844964790155
B002_N2_m1_a2_1784816452.npz,B002,B_phase,D1,N2,1205.4,1,2,1,-6.0,7.347880794884119e-16,0.0,0.0,6.0,0.0,180.0,,0,0,1205.3728973439656,0.05500250919509714,0.19352041538847264,0.20118505707403755,74.13375250764085,0.032882477000658945,0.0021286748824487388,0.1634439330579008,0.010580680858744747,-0.041115059111163144,0.3876532147244415,0.38982747847209076,96.0542392807425,0.018333702098337987,0.0021805046787810073,0.04703029701804504,0.005593512000045215,0.7109182238694143,0.3811040932736284,0.806625719240068,28.194559173420686,0.011619323174249109,0.007447694337735342,0.014404850846060075,0.00923314761740043,-0.253871543823225,0.6358907793495607,0.6846954388813901,111.7637451687398,0.022306470490150932,0.0006683807140970217,0.03257867545692105,0.0009761722893743498,0.43344918515424546,0.0675477168445594,0.15583768330426587,-1.0,91.65566261495658,0.8183478507996472,0.6706412528737961,0.8195063409997106,-1.0,42.357498215077065,1.8879902854320358,-45.939193334220164,-0.02367485170734626,-0.042689532272229436,0.04881490314429145,-0.02657528075761611,0.02021971586186344,0.03339285038568306,-0.007092501314123645,0.09172463466910535,0.09199843574796089,-0.046265808067464,0.012750015717972185,0.047990497985996715
B002_N2_m1_a3_1784816460.npz,B002,B_phase,D1,N2,1205.2,1,3,1,-6.0,7.347880794884119e-16,0.0,0.0,6.0,0.0,180.0,,0,0,1205.192675597324,0.05320646511792525,0.1941168581167646,0.2012766318663672,74.67196557748167,0.03213128819094034,0.004242042945298444,0.15963744967807858,0.021075685269390073,-0.036864890117520394,0.39075242199080745,0.3924875481019225,95.38952308999222,0.020090106757869406,0.003168941716357536,0.05118660924410356,0.00807399300100755,0.707095558681722,0.3805479528386634,0.8029949399075402,28.28845424665448,0.011163108861322239,0.00883667427032797,0.013901842099537515,0.011004645024718906,-0.2428847574116479,0.6424064423933111,0.6867889359995147,110.7108936843429,0.02439764866662111,0.0020607768155869936,0.03552423079022687,0.0030005969921280875,0.436414982053947,0.06403687523123791,0.14673390663595975,-1.0,91.25380905219622,0.8193261840447963,0.6672214926597104,0.814353923569017,-1.0,44.81320050544159,1.877401596500452,-46.38351133082719,-0.025470895784518152,-0.04209308954393748,0.04919953982934925,-0.02232511176397336,0.02331892312822942,0.032282855994074856,-0.010915166501815898,0.09116849423414036,0.09181957961504097,-0.035279021655886866,0.019265678761722582,0.040196713138594097
B003_N1_m1_a1_1784816982.npz,B003,B_phase,D1,N1,1007.5,1,1,1,-1.102182119232618e-15,-6.0,0.0,0.0,6.0,0.0,-90.00000000000001,,0,0,1007.4625256080694,0.028768422973088115,0.08928360807965213,0.0938039702362295,72.14033592649464,0.011116017826408132,0.005744474240004741,0.11850263691839816,0.06123913759234551,0.00884735672436257,0.1739264970193098,0.17415137692942914,87.08796729732748,0.01604138899857853,0.005001540331270463,0.09211175519490113,0.02871949920497742,0.3130238621276631,0.1528460872401035,0.3483473333412035,26.025744860023668,0.01763590623867902,0.010045697071769694,0.05062736111547835,0.0288381626907131,-0.09542349448200982,0.27646486127049397,0.2924695929775805,109.04241933820805,0.027574726530272136,0.0036745118156726476,0.09428237051769651,0.012563739629351213,0.19664366412417847,0.02142793219871711,0.10896833261398947,-1.0,83.79252942706914,0.3538546378546931,0.28578177466578086,0.8076247817419714,-1.0,40.17770421565224,1.799471340359268,-46.11459106647098,-0.006787061965598053,-0.04089172312626868,0.04145114269064587,0.007901914245727856,-0.013787567072104684,0.015891420783385676,-0.03566507051071399,-0.006689978812884939,0.036287092347707474,0.017601752606775392,-0.02862310532400364,0.03360214060471639
B003_N1_m1_a2_1784816990.npz,B003,B_phase,D1,N1,1007.5,1,2,1,-1.102182119232618e-15,-6.0,0.0,0.0,6.0,0.0,-90.00000000000001,,0,0,1007.4559259748299,0.025489915670160918,0.09117207438667008,0.0946682784719381,74.38005492271155,0.013105377584523169,0.008587759542406039,0.13843473015523264,0.09071422530358628,0.006219315093467848,0.1752300444779072,0.17534037860105461,87.9672949767373,0.018584164948772325,0.0067506971053509935,0.1059890773422828,0.03850052771193452,0.3112731323695803,0.15341732981719003,0.34702714594597167,26.237325773971936,0.01897344740276556,0.0015486824356950868,0.054674245586884204,0.004462712654577748,-0.09822642753194999,0.2775519711868937,0.29442066465419797,109.48901538291794,0.030581322069797027,0.009039241998014117,0.10386948248254009,0.030701791970447655,0.19829166967459472,0.019665834700388463,0.09917630293123739,-1.0,84.94997474050268,0.3525103133215316,0.28783301895505664,0.8165236819398203,-1.0,40.85782151060228,1.7777363713766514,-48.14272914873962,-0.01006556926852525,-0.03900325681925074,0.040281133638564705,0.005273872614833132,-0.012484019613507286,0.013552286820604168,-0.03741580026879676,-0.006118736235798422,0.03791280842773013,0.014798819556835222,-0.02753599540760393,0.03126077579592921
B003_N1_m1_a3_1784816999.npz,B003,B_phase,D1,N1,1007.4,1,3,1,-1.102182119232618e-15,-6.0,0.0,0.0,6.0,0.0,-90.00000000000001,,0,0,1007.398517477162,0.027911883850403583,0.09212547144628747,0.09626097729235429,73.14440706297461,0.009571387895162533,0.01111960749237525,0.09943165095959149,0.11551521504507357,0.007995375423006795,0.17604892624054352,0.17623039028102716,87.39966207470985,0.020437767448119447,0.00915965737740908,0.11597186736934646,0.05197547008096935,0.3131630903080642,0.1539357350972722,0.34895176123818944,26.17648569016223,0.01683616181683437,0.011249928386301625,0.048247820148820654,0.032239207924852936,-0.09631852739386992,0.27816845744428,0.2943721274785605,109.09890798273756,0.032253946523692366,0.008288846095309704,0.10956861575164402,0.028157713728903872,0.1997143860027764,0.0209162671482348,0.10473089879436139,-1.0,84.1809057855969,0.35475899113811726,0.2873470711772672,0.8099782622997572,-1.0,40.83265390363715,1.776331681650542,-46.967921372812384,-0.007643601088282586,-0.03804985975963335,0.038810004706577396,0.00704993294437208,-0.011665137850870949,0.01363000350696818,-0.03552584233031286,-0.005600330955716243,0.03596455449594507,0.016706719694915287,-0.026919509150217624,0.03168239978052674
B003_N2_m1_a1_1784817028.npz,B003,B_phase,D1,N2,1205.1,1,1,1,-1.102182119232618e-15,-6.0,0.0,0.0,6.0,0.0,-90.00000000000001,,0,0,1205.1233815202313,0.06646741577703215,0.17941074888434816,0.19132729594942668,69.67153027319067,0.03039048147016501,0.008176726027112648,0.15884028109715245,0.04273685041403602,0.0031092844827023125,0.34634624068257985,0.34636019702753074,89.48564739099018,0.012763004535937405,0.006493643511116633,0.03684893543042686,0.018748238298872663,0.6466557769737495,0.2736966719054378,0.7021919695536517,22.940481982103222,0.013266290591908264,0.011923405849921642,0.018892683435757576,0.01698026517947899,-0.1676953090551846,0.5840225061265407,0.6076215963421965,106.02080696978787,0.01777319590678503,0.0051183394483701565,0.02925043483276002,0.008423564072083512,0.3915094066212006,0.05737512341934259,0.14654851824506757,-1.0,85.00802478562605,0.7152807260153116,0.5921579598705775,0.8278679102250849,-1.0,39.576543462842324,1.8269822229517243,-46.73104829108746,-0.01220994512541125,-0.05679919877635392,0.05809674467301347,0.017649062836249348,-0.02108725817999818,0.027498397708735287,-0.07135494820978838,-0.015682786699085238,0.07305804837709934,0.03991042670057643,-0.039118257505047827,0.055884525851556746
B003_N2_m1_a2_1784817036.npz,B003,B_phase,D1,N2,1205.3,1,2,1,-1.102182119232618e-15,-6.0,0.0,0.0,6.0,0.0,-90.00000000000001,,0,0,1205.2548366876276,0.06747002871934774,0.18026747498057444,0.19248004392991405,69.48026464134263,0.026371350397501263,0.0028537724775923377,0.13700823139412632,0.014826329105740723,0.00450523918603174,0.34800481297214136,0.3480339739621671,89.25829539636145,0.015607112874734666,0.0021017047065378216,0.04484364758146062,0.006038791795556966,0.6480238929483233,0.27436717327923554,0.7037132310857442,22.94733866673121,0.010630739271015401,0.00489823032635059,0.015106635489307851,0.006960548857086591,-0.16596213382820507,0.5871065050999293,0.6101126766388848,105.78443412455583,0.01936934950863848,0.004153798775912878,0.03174716777783469,0.006808248598924688,0.3935202243190936,0.05760249469432996,0.14637746965610043,-1.0,84.77979812572725,0.7178108354286671,0.5934622096998271,0.8267668589112609,-1.0,40.14394576021841,1.824076098428466,-46.53292597461143,-0.011207332183095664,-0.05594247268012764,0.05705404932368148,0.019045017539578775,-0.01942868589043667,0.02720636926368743,-0.06998683223521462,-0.015012285325287478,0.07157880550140466,0.04164360192755595,-0.0360342585316592,0.05506956845143419
B003_N2_m1_a3_1784817045.npz,B003,B_phase,D1,N2,1205.3,1,3,1,-1.102182119232618e-15,-6.0,0.0,0.0,6.0,0.0,-90.00000000000001,,0,0,1205.2744249956343,0.0673706787867222,0.1762823690253938,0.18871746604219974,69.08440377745764,0.022134869632567954,0.006042364564085527,0.11729104940195785,0.03201804629325816,0.004752946704493305,0.34564311117847557,0.3456757885758153,89.21217401727287,0.020076898880428826,0.005205056260421599,0.058080141982594945,0.015057624607920726,0.6491651040983126,0.2722940956497001,0.7039598048927659,22.755747641882817,0.009575658935943475,0.004647006570917324,0.013602564904117122,0.006601238506259888,-0.16583289821431585,0.5845547677907643,0.607622273025828,105.83815951666044,0.02410796159708821,0.00707191935435596,0.03967590173585269,0.01163867696807644,0.3895972803550558,0.05761937119445695,0.14789469562504667,-1.0,84.75345704918989,0.7168694583883571,0.5923364020653455,0.8262821007844541,-1.0,39.14906493256364,1.840026854743557,-46.32865613557482,-0.011306682115721195,-0.05992757863530829,0.060984881253938895,0.01929272505804034,-0.021790387684102464,0.029103783870634795,-0.0688456210852253,-0.017085362954822936,0.07093397754185544,0.041772837541445174,-0.03858599584082423,0.056866941462435594
B004_N1_m1_a1_1784818093.npz,B004,B_phase,D1,N1,1005.5,1,1,1,7.347880794884119e-16,12.0,0.0,0.0,12.0,0.0,90.0,,1,0,1005.5317414395682,0.04388259355029624,0.1074353234727537,0.11605184507966998,67.78214977212325,0.016133583832747368,0.004928668773500971,0.1390204853845418,0.04246954255761659,0.007258793735498953,0.24496112539502118,0.24506864965003136,88.30268342357475,0.02241087761561399,0.0037266347485744784,0.09144734607065283,0.015206493176080556,0.43898473340972854,0.18356371201822363,0.47581848696401,22.69249272234131,0.018540834198151907,0.00657086121875277,0.038966191323193164,0.013809596303579051,-0.120195690902764,0.3814250111306753,0.3999150450128484,107.49082426602564,0.03335384918828331,0.00361333971387784,0.08340233658179007,0.009035268262442466,0.26860574554689676,0.037116401319110634,0.13818171031129473,-1.0,84.7136604949602,0.4802228159276049,0.3946154112891563,0.8217339913908751,-1.0,34.03355314539689,1.7878352339405235,-45.08965704978192,0.008327108611610068,-0.022740007733167117,0.024216702697395672,0.006313351256864237,0.05724706130360671,0.05759413539581486,0.09029580077135146,0.024027645965235184,0.09343799766460259,-0.007170443813978786,0.07633704453617768,0.07667306980294843
B004_N1_m1_a2_1784818101.npz,B004,B_phase,D1,N1,1005.7,1,2,1,7.347880794884119e-16,12.0,0.0,0.0,12.0,0.0,90.0,,1,0,1005.7328850790124,0.043465219835874314,0.1079595808505131,0.1163808250219913,68.06996788964412,0.018184158386623815,0.005684456853825515,0.15624703109973434,0.048843586155635006,0.007233396250405616,0.24620953865828016,0.24631577080576578,88.31718989587249,0.02042794255119665,0.004129884588933627,0.08293396108731203,0.01676662673861139,0.43853241161529743,0.18386723651584302,0.4755184924911981,22.74725925586709,0.020278246054144144,0.008617842776624295,0.04264449516549453,0.018123044450860788,-0.12016357943997946,0.38308424847246303,0.40148826539705995,107.41528641244096,0.03144285928688277,0.002735877925746695,0.07831576162204074,0.006814340944786999,0.2699356518961912,0.036751860032060685,0.1361504483527589,-1.0,84.784893508069,0.48025967718956164,0.3958046316283069,0.8241471237904494,-1.0,34.63495471060688,1.7791635666349643,-45.32270863377704,0.007909734897188145,-0.02221575035540771,0.023581846195698794,0.0062879537717709,0.058495474566865685,0.05883246474047095,0.08984347897692035,0.024331170462854573,0.09307983976548743,-0.0071383323511942515,0.07799628187796542,0.07832225594007838
B004_N1_m1_a3_1784818110.npz,B004,B_phase,D1,N1,1005.5,1,3,1,7.347880794884119e-16,12.0,0.0,0.0,12.0,0.0,90.0,,1,0,1005.5355103315038,0.044265510744215864,0.10936733642470331,0.11798580303613027,67.96477267055445,0.015990170113647652,0.003748518455590719,0.13552622181798477,0.03177092801955865,0.0077081508007469934,0.2479993481815156,0.24811910907308943,88.21974381164527,0.01391693955446327,0.0029076288130448673,0.05608975304825757,0.011718681499006817,0.4382952427279516,0.18509042007820742,0.4757742988042558,22.894149386052934,0.015537147468102778,0.0041655149625381095,0.03265655061055559,0.008755233254522425,-0.11931941375259064,0.3849538575124153,0.40302182932435665,107.2212252419618,0.02264073015501687,0.004206506393748769,0.056177428882630935,0.010437415761822976,0.27220863398564715,0.03723172825658479,0.1367764413326725,-1.0,84.64776797173653,0.481204684752937,0.3965221679634806,0.8240197581764305,-1.0,35.625034406592526,1.7677789190856805,-45.07062328450152,0.008710025805529695,-0.020807994781217504,0.022557419984301576,0.006762708322112278,0.060285284090101116,0.060663413204947225,0.08960631008957454,0.025554354025218967,0.09317894514060143,-0.006294166663805431,0.07986589091791768,0.08011352611203981
B004_N2_m1_a1_1784818047.npz,B004,B_phase,D1,N2,1205.9,1,1,1,7.347880794884119e-16,12.0,0.0,0.0,12.0,0.0,90.0,,1,0,1205.9114623907303,0.10080543200723463,0.22146229407133045,0.24332546684944764,65.52587290366209,0.03974920841924242,0.006333834182123293,0.1633581923582063,0.026030297050831163,0.016635310744482712,0.48801330627163947,0.4882967547114587,88.0476676194458,0.01996551382793524,0.0035636629853590005,0.04088807397405935,0.007298150051119668,0.9012869718371794,0.3451925447102505,0.9651300940945583,20.956819587375467,0.008295866440379973,0.006765483289826725,0.00859559399415763,0.007009918487904781,-0.18525824304934735,0.7988202405563589,0.8200209712807656,103.05691918121394,0.020113991003257253,0.004899564903511369,0.02452863000789093,0.005974926343479838,0.538991238111654,0.08443606290034217,0.15665572449036905,-1.0,83.79652612208436,0.9854409289029021,0.7954977482747557,0.8072505666680484,-1.0,37.34078701913078,1.8283060265606108,-44.56905331628661,0.02212807110479123,-0.014747653589371634,0.026592194667059782,0.031175089098029747,0.12057980740906143,0.12454467525782241,0.1832762466536415,0.055813086105727494,0.19158622906694467,0.022347492706413674,0.17567947692477037,0.17709514121743752
B004_N2_m1_a2_1784818055.npz,B004,B_phase,D1,N2,1206.0,1,2,1,7.347880794884119e-16,12.0,0.0,0.0,12.0,0.0,90.0,,1,0,1206.0085668011625,0.10087066250043764,0.22462266453579227,0.24623206935010775,65.8167173264014,0.041764730182795515,0.010813678060649042,0.169615315718327,0.04391661122448472,0.015824572350873645,0.48726572051400735,0.48752261432483596,88.13990065296471,0.019294987567447637,0.006621691936558895,0.039577625735719005,0.013582327756691236,0.9019821306312268,0.3453117340520966,0.965821907834003,20.948672804535676,0.010967666403625691,0.012341043590137666,0.011355785486604139,0.01277776315699264,-0.18655884458300798,0.798780164220152,0.8202767540554345,103.14604904937116,0.02011704848056684,0.006327313223356785,0.024524708741419876,0.007713632249206934,0.5396000979855954,0.08450009294962277,0.1565976234346023,-1.0,83.8261900698237,0.985668252443805,0.7963190359524308,0.8078976207036055,-1.0,37.16934884849527,1.826664331832863,-44.86804452186573,0.022193301597994236,-0.011587283124909808,0.025036129214324507,0.03036435070442068,0.11983222165142932,0.12361939629208006,0.18397140544768886,0.055932275447573565,0.19228597832172048,0.021046891172753046,0.17563940058856342,0.17689593174278362
B004_N2_m1_a3_1784818064.npz,B004,B_phase,D1,N2,1206.0,1,3,1,7.347880794884119e-16,12.0,0.0,0.0,12.0,0.0,90.0,,1,0,1205.9821445115358,0.1016911858692742,0.22477327466696218,0.2467065509628978,65.65720927886417,0.04067606529050417,0.006233416046567977,0.1648763080337556,0.0252665201724028,0.0164061228922667,0.48710213782792783,0.4873783474313295,88.07094586921028,0.018967682524728892,0.003283343594199206,0.038917778405002684,0.006736744895426076,0.9030592718486872,0.3446134410509021,0.9665787460030479,20.887187931061423,0.00858510343276958,0.006680343798867194,0.008881949316876981,0.006911329083627635,-0.18613955532220305,0.7993613770637173,0.8207475526596165,103.10831792821374,0.018820103558502582,0.004691233256369785,0.02293044127578133,0.005715805354725621,0.5396140714186797,0.08496134273808745,0.15744834547164177,-1.0,83.72555075525116,0.9863118085196674,0.7969253627512665,0.8079852191441906,-1.0,37.05836291896885,1.8278096527886885,-44.770021347802754,0.023013824966830798,-0.011436672993739905,0.025698903260054976,0.030945901245813735,0.1196686389653498,0.1236051453449042,0.18504854666514925,0.05523398244637906,0.1931159171062055,0.02146618043355797,0.1762206134321288,0.17752324214254833
B005_N1_m1_a1_1784818651.npz,B005,B_phase,D1,N1,1006.5,1,1,1,-12.0,1.4695761589768238e-15,0.0,0.0,12.0,0.0,180.0,,1,0,1006.5136531558315,0.008477304979256767,0.0883361336684842,0.08874196984069961,84.51831439399928,0.015342012515591781,0.0030204515162661288,0.17288338925913152,0.03403633615174568,-0.04386132025256412,0.2013960103561378,0.20611688043842397,102.28638995068498,0.012892381399293761,0.00353317127609981,0.0625488866892941,0.017141591065149665,0.33077662914275374,0.24695505067944523,0.41279531906639905,36.744709159201655,0.020180324511947165,0.006731063310966326,0.04888699939134027,0.016306055325892927,-0.18363097539859297,0.3010267945781362,0.3526151814369683,121.38383341259726,0.02422549094574839,0.002350923287902197,0.06870234811509049,0.006667107406782019,0.22300856558498822,0.02502968814430584,0.11223644293056118,-1.0,99.61226279562054,0.4172712290242132,0.3473070155519161,0.8323291696005304,-1.0,49.55544918363827,1.871099560367298,-47.77360523479763,-0.0270781799594294,-0.04183919753743662,0.049837197759222844,-0.04480676273119883,0.013681946264723327,0.046849137025570975,-0.01791230349562334,0.08741898462645678,0.08923524802251634,-0.07060572830980776,-0.004061172016361414,0.07072242917423627
B005_N1_m1_a2_1784818660.npz,B005,B_phase,D1,N1,1006.4,1,2,1,-12.0,1.4695761589768238e-15,0.0,0.0,12.0,0.0,180.0,,1,0,1006.4143321872934,0.0084507788460501,0.09152742767735167,0.0919167323197343,84.72480477286808,0.01610942016514314,0.009736907054473437,0.17526101895252524,0.10593182338775274,-0.044145156058844004,0.20185661612879685,0.20662741415027228,102.33611330895279,0.017540341122497867,0.00953942411870907,0.08488874138327765,0.046167272420935435,0.3308460828880134,0.2485728671655395,0.41382073516589185,36.91844626119078,0.020045751868596674,0.010357856442468729,0.04844066564368932,0.02502981499541459,-0.1843449362315327,0.3013519510859455,0.3532648495640543,121.45522517478543,0.02953777638365498,0.008958717694292462,0.0836136865020848,0.02535977668128586,0.22469884182470853,0.02557351054119164,0.11381238253618584,-1.0,99.53049815648805,0.41844782325099716,0.34777158309335077,0.8310990373697016,-1.0,49.86878068392413,1.8622607034950165,-47.8063585116773,-0.027104706092636068,-0.038647903528569144,0.04720514314692595,-0.04509059853747872,0.014142552037382378,0.04725646891800261,-0.017842849750363654,0.08903680111255105,0.09080704399753371,-0.07131968914274749,-0.0037360155085521263,0.07141747595160639
B005_N1_m1_a3_1784818668.npz,B005,B_phase,D1,N1,1006.5,1,3,1,-12.0,1.4695761589768238e-15,0.0,0.0,12.0,0.0,180.0,,1,0,1006.5400903028152,0.008357768227514207,0.08977040935074732,0.09015863067252956,84.68100440705872,0.016649807858804124,0.005437376124921045,0.18467236840895315,0.06030899187755476,-0.04381353851961184,0.20046857417863695,0.20520057356358723,102.32845965049313,0.017143017237632743,0.005764719199204865,0.08354273548032015,0.028093094961152743,0.3308714176033648,0.24782745484239332,0.4133936893090154,36.83373911817829,0.020577585281602875,0.008493573947009126,0.049777211925992784,0.02054596905242089,-0.18354539949602694,0.29953191164323134,0.35129514623576097,121.4988885920879,0.02936530875455083,0.004433022389628856,0.0835915584636151,0.012619082378820484,0.22271431769472666,0.025183065130025883,0.11307339999821735,-1.0,99.57655133332662,0.4176902116140666,0.3461755468705432,0.8287853946417091,-1.0,49.19620394326059,1.8754528938125674,-47.847265288880436,-0.027197716711171962,-0.0404049218551735,0.04870599043674032,-0.04475898099824655,0.012754510087222476,0.04654077682598836,-0.017817515035012277,0.08829138878940487,0.09007126720761031,-0.07052015240724173,-0.005556054951266265,0.07073868561234434
B005_N2_m1_a1_1784818954.npz,B005,B_phase,D1,N2,1205.4,1,1,1,-12.0,1.4695761589768238e-15,0.0,0.0,12.0,0.0,180.0,,1,0,1205.3827364216836,0.03440420230383155,0.18263298490009106,0.1858452482838339,79.3317050088681,0.04046916978563613,0.005714981388290325,0.21775735543062805,0.030751291416189812,-0.08060227878993809,0.3911810773307087,0.39939875138480946,101.64276676657111,0.014263904414107359,0.005904814425974475,0.03571344268015622,0.014784258602464564,0.6721559452001256,0.459689302001821,0.8143143551742138,34.36833187846065,0.01737901262248742,0.010338387373401942,0.021341896421277463,0.01269581864511053,-0.30980573346529455,0.6206573601691527,0.6936823128926601,116.52641764661153,0.021369431474009992,0.004622543086029617,0.03080578973521656,0.0066637753336301455,0.4357474863815178,0.06466797530164109,0.14840699561723045,-1.0,97.88921027213505,0.8314867986246265,0.6730027666925863,0.8093968152059771,-1.0,50.89963960502427,1.9081849571396494,-44.96337313040743,-0.04427315859861185,-0.053576962760611024,0.06950254319771139,-0.06606250043639104,0.023747578468130692,0.0702011498980479,-0.045854779983412364,0.170309843397298,0.1763748950540845,-0.10219999770953353,-0.002483403462435807,0.10223016592271528
B005_N2_m1_a2_1784818963.npz,B005,B_phase,D1,N2,1205.2,1,2,1,-12.0,1.4695761589768238e-15,0.0,0.0,12.0,0.0,180.0,,1,0,1205.2218030813042,0.0307092113551956,0.18263874860560103,0.1852025057991333,80.45546185402863,0.033073196614817835,0.009515795539466874,0.17857855903250208,0.05138049022828829,-0.08355740241511789,0.39061967262850517,0.39945659106186054,102.07416647203716,0.019912798466705826,0.009138448457408528,0.04984971812274364,0.022877200331370504,0.670020349390616,0.460041792283608,0.8127519420124676,34.47383075592339,0.012478951279277506,0.013505996351207198,0.015353948276491574,0.016617611909686483,-0.313423321803939,0.620301672883405,0.6949880171863154,116.80635783556988,0.025004897983302212,0.008116982656532747,0.03597889080812568,0.011679313104410994,0.4358377320844887,0.06253804912603134,0.1434892954929109,-1.0,98.4464090906038,0.8296028267257699,0.6747838269892187,0.8133817837294719,-1.0,51.10402827604163,1.903467198119846,-45.981631098105254,-0.047968149547247804,-0.05357119905510105,0.07190839129884904,-0.06901762406157085,0.02318617376592713,0.07280818006933074,-0.04799037579292187,0.17066233367908495,0.17728143813027125,-0.10581758604817798,-0.0028390907481835592,0.10585566566480971
B005_N2_m1_a3_1784818971.npz,B005,B_phase,D1,N2,1205.3,1,3,1,-12.0,1.4695761589768238e-15,0.0,0.0,12.0,0.0,180.0,,1,0,1205.3012761961704,0.0342132579159906,0.18650678647976499,0.18961890311948001,79.60509484833385,0.0349131597952494,0.004382920620967928,0.1841227811198254,0.023114365439643028,-0.08072625237678353,0.39348932571056794,0.40168467393088025,101.59364162523079,0.017723587653050946,0.0031386747335852513,0.04412313638857111,0.00781377766512779,0.6735833236388882,0.4628642916460276,0.8172868813124251,34.49556859671436,0.012954621190855144,0.0056346069954919965,0.015850763651133373,0.006894282930913765,-0.31047325278575205,0.6237164907045423,0.6967179497272586,116.46317836425418,0.022439332669260546,0.004302567523080653,0.03220719758697875,0.006175479653947428,0.4394245410776115,0.06489975647044327,0.1476926079533201,-1.0,97.79586295995678,0.8353265127028926,0.6749839738935799,0.8080480669882161,-1.0,51.34005412244147,1.9009555330123373,-45.109526251619485,-0.0444641029864528,-0.049703161180937094,0.06668928463979872,-0.06618647402323649,0.026055826847989905,0.07113055220059093,-0.04442740154464975,0.17348483304150458,0.17908316867714918,-0.10286751702999103,0.0005757270729537245,0.10286912812684876
B006_N1_m1_a1_1784819463.npz,B006,B_phase,D1,N1,1003.0,1,1,1,-2.204364238465236e-15,-12.0,0.0,0.0,12.0,0.0,-90.00000000000001,,1,0,1003.0200754320985,0.015156501347025935,0.04357412914340686,0.04613484869042813,70.82066058768315,0.011129191790474589,0.010360726522926196,0.24123178261953698,0.22457484563238195,0.002983408715078101,0.15044826776850478,0.1504778455524431,88.86396613461308,0.01811700548629372,0.006640773947536682,0.12039649703769685,0.04413124020454096,0.2607189426311829,0.13615183020966704,0.2941286927794771,27.574323016850116,0.018575563191499528,0.011372847986769418,0.06315454305380043,0.03866623102730139,-0.09908296343153727,0.23232975624928276,0.25257582877469986,113.09706305273133,0.032308735566577686,0.0061409587840398315,0.12791697338306032,0.02431332726425547,0.1567926328344305,0.01371410057718285,0.08746648569684158,-1.0,87.39115519005183,0.29649033158873006,0.2497993604311176,0.8425211004101855,-1.0,39.02961782400989,1.8909710630461647,-43.24633757083302,-0.020398983591660234,-0.08660120206251395,0.08897126912798982,0.0020379662364433857,-0.03726579632290969,0.03732148016841605,-0.08796999000719419,-0.023384235843321416,0.09102495057862939,0.013942283657247936,-0.07275821034521485,0.07408201162372477
B006_N1_m1_a2_1784819471.npz,B006,B_phase,D1,N1,1004.1,1,2,1,-2.204364238465236e-15,-12.0,0.0,0.0,12.0,0.0,-90.00000000000001,,1,0,1004.1034765835981,0.01644654353713462,0.04660658878074053,0.0494233033304727,70.56307065620575,0.015522017869362187,0.007482872846772403,0.3140627360654756,0.15140373755953948,0.004138306115623658,0.15156097661007484,0.15161746340216306,88.43595243244391,0.016618188445500857,0.005918207933875705,0.10960603134100298,0.039033814450369395,0.2651020155095053,0.13708611283318467,0.29844879118353723,27.343802016072157,0.02318226901018077,0.00927952063644681,0.07767586833992018,0.031092505349569928,-0.09789883061542476,0.2365679372739925,0.25602454956886317,112.4812230277472,0.030471416521386928,0.004589894565317604,0.11901755738931981,0.01792755645131232,0.15881061198987834,0.014481285854594642,0.09118588281441542,-1.0,86.80059348072267,0.3012261242406916,0.25275100992040633,0.8390740031513609,-1.0,39.51927402186194,1.8967631977886341,-43.21926864013358,-0.01910894140155155,-0.08356874242518028,0.08572564582442092,0.0031928636369889427,-0.036153087481339635,0.036293802675357714,-0.08358691712887178,-0.02244995321980378,0.08654925253680854,0.015126416473360452,-0.0685200293205051,0.07016981468842874
B006_N1_m1_a3_1784819480.npz,B006,B_phase,D1,N1,1004.0,1,3,1,-2.204364238465236e-15,-12.0,0.0,0.0,12.0,0.0,-90.00000000000001,,1,0,1003.9750954569954,0.016066681067152897,0.047277237604816724,0.049932709079879754,71.23020126037667,0.016230522897578432,0.0014954419433371362,0.325047913415106,0.029949144977189316,0.004640445846239655,0.1508275250045767,0.15089889342423318,88.23776119182091,0.02268869202098381,0.0033732990804261932,0.15035691452817626,0.022354697267014337,0.26373528696174864,0.1368013229405159,0.29710419644810004,27.416082880385794,0.020242194312020168,0.004127161840141167,0.06813163379722305,0.013891294332027805,-0.09675257540803461,0.23594966434650322,0.25501628370226664,112.29637589618079,0.03652944588207218,0.0042588833925478594,0.14324358174994256,0.016700437049424408,0.15833510407258755,0.013919277676548839,0.08791024427639021,-1.0,86.63068247851827,0.3001581867605135,0.25141454098963106,0.8376068089398028,-1.0,40.1493868046133,1.8957147154361182,-43.81411837999087,-0.01948880387153327,-0.08289809360110409,0.0851581317258693,0.0036950033676049396,-0.03688653908683778,0.037071145324786274,-0.08495364567662844,-0.02273474311247256,0.08794310921351513,0.016272671680750597,-0.06913830224799439,0.07102749243331435
B006_N2_m1_a1_1784819503.npz,B006,B_phase,D1,N2,1209.1,1,1,1,-2.204364238465236e-15,-12.0,0.0,0.0,12.0,0.0,-90.00000000000001,,1,0,1209.075851038489,0.05381510798339298,0.11981500165427422,0.13134572877972844,65.81268811583179,0.01228051677157198,0.006106868895713657,0.09349764842499639,0.04649461350932163,0.013538968159359538,0.2958977732292651,0.2962073528136291,87.38022676097144,0.022762285431715802,0.005241138373401005,0.07684578122555122,0.017694153516501936,0.5595859886780163,0.2444366142787816,0.610643707185153,23.596518387303597,0.011382965244749521,0.004951427750406381,0.01864092777967185,0.008108538075714683,-0.13931730592321584,0.49814378534269266,0.5172586805508919,105.6248648526749,0.02868040075992586,0.00657498470125752,0.055446920154883825,0.012711211910943702,0.32094361670738847,0.04456109541199163,0.13884399966932193,-1.0,84.027551368391,0.6234759294290049,0.5017170967315296,0.8047096496427937,-1.0,39.81747818367483,1.9426338365141624,-42.2161697285282,-0.02486225291905042,-0.11639494600642786,0.11902064978838793,0.028078746512906573,-0.07153572563331295,0.07684904714842397,-0.15842473650552158,-0.044942844325741416,0.16467621684059836,0.06828842983254518,-0.12499697828889589,0.14243438570215114
B006_N2_m1_a2_1784819512.npz,B006,B_phase,D1,N2,1209.0,1,2,1,-2.204364238465236e-15,-12.0,0.0,0.0,12.0,0.0,-90.00000000000001,,1,0,1209.0459599579494,0.05119338862076536,0.12174523376330054,0.1320706817675952,67.19343927669642,0.018450800501612196,0.005106642021054683,0.13970398467450992,0.03866597758646269,0.010710463300568102,0.2957096208978038,0.2959035212964449,87.92568058205278,0.016200239379904693,0.0031906803483143908,0.05474838321938998,0.0107828400768434,0.5578955805951531,0.2440525303222547,0.6089409794095796,23.627068706860154,0.012588529779829587,0.007297286369357524,0.0206728241414057,0.011983569206383297,-0.1428007329058652,0.49825111224624763,0.5183109300150587,105.99251131120451,0.0222366053787449,0.002959910758344186,0.042902057608738546,0.005710685588394192,0.32116354101212713,0.043075965720396514,0.13412470663589415,-1.0,84.65195282684782,0.6211402851640552,0.50362692811613,0.8108102793286259,-1.0,39.80802739880737,1.934031126965937,-43.566370569836266,-0.027483972281678037,-0.11446471389740154,0.11771805069739319,0.025250241654115137,-0.07172387796477425,0.07603873600933304,-0.16011514458838483,-0.04532692828226831,0.16640730138448034,0.06480500284989582,-0.12488965138534092,0.14070221539665603
B006_N2_m1_a3_1784819520.npz,B006,B_phase,D1,N2,1209.2,1,3,1,-2.204364238465236e-15,-12.0,0.0,0.0,12.0,0.0,-90.00000000000001,,1,0,1209.1802627115867,0.05281875277935702,0.12120218574492819,0.13221115866111646,66.45288853562593,0.021206899214420677,0.006667128872732727,0.16040173483978146,0.050427883245633645,0.01194359384892707,0.2940104538170557,0.2942529462685789,87.6737512015905,0.013419463499645406,0.00440402920286549,0.04560519671873332,0.014966814296043513,0.5589021335469262,0.24372812241102226,0.609733542243912,23.561232242311977,0.014151266700231991,0.00799488894993399,0.023208935903629612,0.013112102904018671,-0.1416428751662604,0.4969172718127268,0.5167102467642463,105.90983963262752,0.01961550978443653,0.0038340181113748753,0.03796230074257901,0.007420054344546762,0.3195666926531393,0.04406490450447029,0.1378895407986049,-1.0,84.29269560203632,0.6216903962188759,0.5022604134288245,0.8078947599698739,-1.0,39.39317189707873,1.9454167487149998,-42.89165629331396,-0.02585860812308638,-0.11500776191577389,0.11787897571212043,0.026483372202474105,-0.07342304504552233,0.07805326736896784,-0.15910859163661173,-0.04565133619350076,0.1655282103716406,0.06596286058950063,-0.12622349181886172,0.14242004375823
B008_N1_m1_a1_1784821070.npz,B008,B_phase,D1,N1,1004.9,1,1,1,-24.0,2.9391523179536475e-15,0.0,0.0,24.0,0.0,180.0,,1,0,1004.9316102842271,-0.015414935420629756,0.09426846860718757,0.09552049208189044,99.28690721477727,0.021796038251123497,0.006424425241279188,0.22818180451203696,0.06725703669712546,-0.10186331296711638,0.20439304546246362,0.22836955042662194,116.49027775252341,0.01985965724297606,0.008219851834292202,0.08696280745780607,0.03599364196731361,0.3078490833752823,0.3329544826675863,0.4534641613881317,47.24358636221999,0.02045262558828473,0.0070936978510489695,0.04510306950316807,0.015643348372523954,-0.2750630487125662,0.2929954083094387,0.4018780785978084,133.19189835194854,0.03415191356164945,0.008266981052657113,0.08498078243234562,0.02057086836261737,0.2461499722091445,0.02621082125881033,0.10648313718491899,-1.0,114.0215456903134,0.45728810490813604,0.39752147719391645,0.8693020284745302,-1.0,60.4747770637726,1.857762163465106,-52.04332085255729,-0.05097042035931593,-0.03590686259873324,0.06234810769614164,-0.1028087554457511,0.016678981371049145,0.10415290978114852,-0.04083984926309481,0.17341841661459786,0.17816239925682,-0.162037801623781,-0.012092558285058896,0.16248839688096303
B008_N1_m1_a2_1784821078.npz,B008,B_phase,D1,N1,1004.9,1,2,1,-24.0,2.9391523179536475e-15,0.0,0.0,24.0,0.0,180.0,,1,0,1004.9077293362022,-0.01686919297764021,0.09583435900840293,0.0973077285639138,99.98318960606402,0.022739920076231403,0.004687546915178751,0.23369079118207284,0.04817240094243768,-0.10274688045398492,0.2051264656732832,0.2294205491289699,116.60607353752098,0.02141032606547359,0.003033196594218437,0.09332348887996807,0.013221119929031775,0.3059681423700914,0.3348943327455347,0.45361957436874506,47.5843680418539,0.021058155413090498,0.008198512623490445,0.04642250159154823,0.018073542427924232,-0.2757884514425651,0.2927567471890077,0.4022011722680289,133.29050842628422,0.03588224044486892,0.0024492680204518794,0.08921465902878278,0.006089659079411323,0.2478683925649989,0.025765138620818834,0.10394684999646497,-1.0,114.15612748133742,0.4578932823264343,0.3973288854646518,0.8677325062423479,-1.0,61.48339830134312,1.8473242093840594,-52.398821564210124,-0.05242467791632638,-0.03434097219751789,0.06267095999026387,-0.10369232293261964,0.017412401581868714,0.10514413708814649,-0.04272079026828568,0.17535826669254626,0.18048708435387012,-0.1627632043537799,-0.012331219405489924,0.1632296531379536
B008_N1_m1_a3_1784821087.npz,B008,B_phase,D1,N1,1004.8,1,3,1,-24.0,2.9391523179536475e-15,0.0,0.0,24.0,0.0,180.0,,1,0,1004.8415222733806,-0.01581002522985235,0.09454009090967247,0.09585293781088665,99.49377421779617,0.02213054291110326,0.0067274548474332415,0.23088017348790896,0.07018517117030043,-0.10329190227442762,0.20413757710145242,0.22878235828035634,116.83902785016751,0.01875199081887743,0.007636725513812711,0.08196432172404751,0.033379870594980286,0.30749190949482885,0.33359321529261043,0.45369120301592575,47.33146752136338,0.021340174907944837,0.0055366715676191365,0.047036783534892,0.012203612348694328,-0.27817024262274487,0.2921105732681021,0.40336989339292045,133.59970201401524,0.03281061538756555,0.008294871605342731,0.08134126003202947,0.02056393335548903,0.24663018995679936,0.026508537288430445,0.10748293748252709,-1.0,114.34427154164918,0.45706299107076226,0.39954524247361806,0.8741579394507587,-1.0,60.03221962387004,1.853232125194499,-52.16230669643279,-0.05136551016853852,-0.035635240296248344,0.06251628576495565,-0.10423734475306234,0.016423513010037943,0.1055232477739368,-0.04119702314354823,0.17405714923962198,0.17886611170737204,-0.16514499553395967,-0.012977393326395525,0.1656541043483666
B008_N2_m1_a1_1784821030.npz,B008,B_phase,D1,N2,1209.2,1,1,1,-24.0,2.9391523179536475e-15,0.0,0.0,24.0,0.0,180.0,,1,0,1209.2466241677573,-0.0072349151700512,0.20145701424835494,0.20158688595089644,92.05677638833112,0.03599240779869812,0.0046191452456184464,0.1785453831925621,0.02291391736039616,-0.1837604885853743,0.399539841143149,0.43977267062179776,114.699135207388,0.021068844403347175,0.0039155363791138105,0.04790848956929903,0.008903546401775275,0.639768150204894,0.6519745362337521,0.9134407927795911,45.54140317137245,0.008617976674520838,0.006352632178745466,0.009434630840490956,0.006954618437188983,-0.4766617554483346,0.6059749572039401,0.7709812435237352,128.18869850931125,0.0225528979490808,0.005214063057603442,0.029252200541226906,0.0067628922252022635,0.4784868680526504,0.07132735460097636,0.14906857296056,-1.0,110.99334417018618,0.9297603258234994,0.7512202714941822,0.8079719586107503,-1.0,60.6329583680501,1.9431261083662448,-46.515373216958665,-0.0859122760724946,-0.03475293341234714,0.09267516150900176,-0.16922071023182728,0.032106342280570965,0.172239559875196,-0.07824257497864395,0.3625950776292291,0.37094081854149646,-0.2690560196925736,-0.017165806427648422,0.2696030538460609
B008_N2_m1_a2_1784821038.npz,B008,B_phase,D1,N2,1209.5,1,2,1,-24.0,2.9391523179536475e-15,0.0,0.0,24.0,0.0,180.0,,1,0,1209.4899522549013,-0.007505826033120611,0.20603295303754582,0.20616962715640497,92.08637525690898,0.04251899300972727,0.0049073758841096556,0.2062330596226543,0.023802613177288275,-0.18405994880664736,0.39898429333251934,0.4393933671333188,114.76488181321358,0.018035792092495544,0.005312763696542076,0.04104702856614402,0.012091133125662547,0.6402385065769931,0.6524987878460846,0.9141444160768846,45.543375143099176,0.013667534488973726,0.0098077534325939,0.014951176475626157,0.010728888412057,-0.47772037000690076,0.6054580737343225,0.7712303358722389,128.27425352574045,0.02274560540316922,0.0038404528265948944,0.029492622819931747,0.004979644404484498,0.47986942498630836,0.07278585855697764,0.15167846661423443,-1.0,110.90214447383423,0.930107367406322,0.7519019414196482,0.8084033819841533,-1.0,60.48137150801731,1.938250946979712,-46.543000113809796,-0.08618318693556401,-0.03017699462315626,0.09131370496730692,-0.16952017045310033,0.0315507944699413,0.17243126405073028,-0.07777221860654482,0.3631193292415616,0.37135450078843235,-0.27011463425113974,-0.01768268989726607,0.27069280219213415
B008_N2_m1_a3_1784821047.npz,B008,B_phase,D1,N2,1209.5,1,3,1,-24.0,2.9391523179536475e-15,0.0,0.0,24.0,0.0,180.0,,1,0,1209.5185077371214,-0.011220221687200417,0.2057154556634896,0.2060212175324354,93.12195791759164,0.047118432753674576,0.006496250141645292,0.22870669981482067,0.03153194714336906,-0.18772312957514503,0.3968443532663259,0.43900502741637837,115.31600748862202,0.018262141738095098,0.0021147049652106456,0.04159893531418309,0.004817040428115494,0.6382040636184234,0.6517393891154997,0.9121779750376092,45.60118027926489,0.016659870699256216,0.0036609420583848308,0.018263837929839655,0.004013407644745961,-0.48284017774156535,0.6033959563701543,0.7728009558776177,128.66695309759467,0.025742571194991546,0.005240077117465366,0.03331073932971195,0.006780629704986021,0.47968464100714464,0.07122360109015152,0.1484800533546595,-1.0,111.52502427096076,0.9271823368679488,0.7547336548406745,0.8140078006556818,-1.0,60.38813304952084,1.9328997795744287,-47.52077763832676,-0.08989758258964381,-0.03049449199721249,0.09492886493385395,-0.173183351221598,0.029410854403747855,0.17566294856087844,-0.07980666156511451,0.36235993051097665,0.37104423249807905,-0.2752344419858043,-0.01974480726143424,0.27594176100950774
B009_N1_m1_a1_1784821542.npz,B009,B_phase,D1,N1,1003.2,1,1,1,-4.408728476930472e-15,-24.0,0.0,0.0,24.0,0.0,-90.00000000000001,,1,0,1003.2069132288474,0.005361952227117103,0.017254369729584357,0.018068309451940514,72.73689290056927,0.014309413874621804,0.009280711527450119,0.7919619659317375,0.5136458146311735,0.00500472362317822,0.10202016598093873,0.10214284862545535,87.19153710532032,0.019771548098429795,0.009914907614838049,0.19356761990190338,0.09706903369412319,0.17905344803058387,0.11521485019302335,0.2129192310634289,32.759913370948,0.01702291652534341,0.009566717153504215,0.07995011272735746,0.044931202812085486,-0.08181389164289143,0.16039993941398345,0.18006013836983562,117.0243943045796,0.0364495221572357,0.010126651073643984,0.2024297131348971,0.056240382603973606,0.10363332121378861,0.004445229574890394,0.04289382529505334,-1.0,86.76976991079944,0.21537370100731038,0.17711697067424068,0.8223704651304146,-1.0,45.47499739841041,2.078228300364984,-39.976979529621275,-0.030193532711569066,-0.11292096147633646,0.11688795044120183,0.004059281144543504,-0.08569389811047574,0.08578998739234693,-0.1696354846077932,-0.044321215859965096,0.1753298828306985,0.031211355445893776,-0.14468802718051416,0.14801612722321553
B009_N1_m1_a2_1784821550.npz,B009,B_phase,D1,N1,1003.3,1,2,1,-4.408728476930472e-15,-24.0,0.0,0.0,24.0,0.0,-90.00000000000001,,1,0,1003.3077742101821,0.006542651634669137,0.016043021115934974,0.017325842459718205,67.81342301664948,0.015014990571913961,0.010020044070601307,0.8666239813055631,0.5783293997909453,0.005919403395095724,0.10175441426507446,0.10192644484618435,86.67066020144567,0.01672098512823831,0.006450681440518708,0.16404952761250227,0.06328761343784073,0.18009981602004166,0.11468577224890053,0.21351526897807457,32.48857887229748,0.022242846620647717,0.010996103027611337,0.1041745010888743,0.05150031227387538,-0.08121611325320433,0.16079870462403834,0.18014516496627392,116.79740036924505,0.034045444592818455,0.005225138102411279,0.1889889445503148,0.02900515316849891,0.10324058927678728,0.005528625661315033,0.05355089214468572,-1.0,86.17565835842666,0.21590732877560084,0.17727119317162102,0.821052227253779,-1.0,44.956717605892386,2.091302754934446,-35.324844144352,-0.029012833304017032,-0.11413231008998584,0.11776217008361965,0.004973960916461008,-0.08595964982634001,0.0861034359678258,-0.16858911661833542,-0.04485029380408792,0.17445297101644244,0.031809133835580886,-0.14428926197045927,0.14775389035605702
B009_N1_m1_a3_1784821559.npz,B009,B_phase,D1,N1,1003.3,1,3,1,-4.408728476930472e-15,-24.0,0.0,0.0,24.0,0.0,-90.00000000000001,,1,0,1003.2718736725922,0.0024500921462493885,0.017267510282074294,0.017440466245678594,81.92419329472033,0.015562458465223644,0.00237058551945003,0.892318946408885,0.135924434935185,0.0025749892687280673,0.1025558558209519,0.10258817735442004,88.56171035075171,0.018993040414093786,0.0026359082865337383,0.18513868658058838,0.02569407464397426,0.1768114076609416,0.11573794088389211,0.21132331825685252,33.20812146947384,0.019464013306940867,0.004899148111605265,0.09210537420808133,0.023183187506314873,-0.08491233807222626,0.16063467713809954,0.1816964629709492,117.86116655246924,0.03621743839604719,0.0030127513903555592,0.19932935294308876,0.016581233014080505,0.10404111133875857,0.0019877492710688102,0.019105421361721955,-1.0,88.37679164248394,0.21370342882954316,0.17889101151745132,0.8370993975026046,-1.0,46.52331491717969,2.0540287015362932,-48.7160718252465,-0.03310539279243678,-0.11290782092384652,0.11766113656476772,0.0016295467900933522,-0.08515820827046257,0.08517379795792003,-0.17187752497743547,-0.04379812516909634,0.17737011969522032,0.028112909016558954,-0.14445328945639807,0.14716347538756772
B009_N2_m1_a1_1784821506.npz,B009,B_phase,D1,N2,1208.4,1,1,1,-4.408728476930472e-15,-24.0,0.0,0.0,24.0,0.0,-90.00000000000001,,1,0,1208.389560033378,0.023467078316491783,0.06858990127290476,0.07249329845812771,71.1123331874126,0.014363121369240195,0.004141547103467202,0.1981303330753582,0.0571300684553534,0.0009501443656424191,0.20890100193351463,0.20890316269300913,89.73940341987505,0.012764205371033175,0.003568681424138413,0.06110106331798645,0.01708294588810377,0.3821057629819846,0.19768474272215308,0.43021398351188966,27.355060642641515,0.01516914859149576,0.007014432434165414,0.03525954332694659,0.016304519850577005,-0.13171916771064862,0.35797741178555686,0.3814416947464869,110.20128642879992,0.022342083291292104,0.003520575539562996,0.05857273496580141,0.00922965577190725,0.2200284283287509,0.021984094970244825,0.09991479345295211,-1.0,87.83650707186379,0.4401600518541373,0.3699202168738601,0.8404220585571139,-1.0,46.951144577533476,2.000469008470493,-43.75727254477107,-0.05521028258595162,-0.16762004638779732,0.17647848382810852,0.015489922719189456,-0.1585324969290634,0.1592874454827183,-0.3359049622015533,-0.09169471588236994,0.34819544016597276,0.0758865680451124,-0.2651633518460317,0.275808582846669
B009_N2_m1_a2_1784821515.npz,B009,B_phase,D1,N2,1208.4,1,2,1,-4.408728476930472e-15,-24.0,0.0,0.0,24.0,0.0,-90.00000000000001,,1,0,1208.434466787849,0.024836842028743127,0.0703455129733237,0.07460133991719448,70.5534369189249,0.016584143781365433,0.00622380385506061,0.2223035645173853,0.08342750762880222,0.0017815965208037576,0.20855650202684478,0.20856411154327642,89.5105619938775,0.010645840598718809,0.00572103985592908,0.05104349219021715,0.027430605455541098,0.38293512731264545,0.1979592819942363,0.4310767786109866,27.336817455399306,0.017528461036906397,0.007875646487588307,0.04066203958697686,0.018269707111028283,-0.13094546626330666,0.35816658951900304,0.3813528824888948,110.08237853547485,0.020471497247333145,0.00605167836463773,0.05368124429459186,0.015868972394128836,0.22031338254608213,0.022942580769841875,0.1041361196705473,-1.0,87.46827778765005,0.441126450365347,0.36968184270840704,0.8380405264799503,-1.0,46.823703713050996,2.002268065913237,-43.2166194635256,-0.05384051887370027,-0.16586443468737838,0.17438409378940753,0.016321374874350793,-0.15887699683573325,0.1597131409788521,-0.33507559787089247,-0.09142017661028673,0.3473230556412748,0.07666026949245436,-0.2649741741125855,0.27584073278851057
B009_N2_m1_a3_1784821523.npz,B009,B_phase,D1,N2,1208.3,1,3,1,-4.408728476930472e-15,-24.0,0.0,0.0,24.0,0.0,-90.00000000000001,,1,0,1208.2655334898564,0.025577288431015335,0.06932146261597255,0.07388953148248426,69.74763513297674,0.013377030395545395,0.0023437509549519234,0.18104094216264535,0.03171966187804989,0.002474615468201935,0.20822655747710023,0.2082412614264512,89.31911496058339,0.010694308716519996,0.0021294158137495313,0.0513553780997294,0.010225715111227466,0.38318204851948956,0.19806869032547036,0.4313463670820001,27.334665420567305,0.015013307575373948,0.005701922363179277,0.03480568916561636,0.013218895065123679,-0.13047627594489714,0.35727832726865905,0.38035754458185783,110.0619431499349,0.02015305065718987,0.00327485203025282,0.052984490367727344,0.008609930516438146,0.2197128660243618,0.023459376090200407,0.10677288278420266,-1.0,87.24844039957463,0.44123108791665266,0.3688450584880685,0.8359453098140317,-1.0,46.47924863273385,2.0082168873429964,-42.41296971240945,-0.05310007247142806,-0.16688848504472953,0.1751324759631857,0.01701439382174897,-0.1592069413854778,0.1601135215478085,-0.33482867666404836,-0.09131076827905266,0.3470560460794606,0.07712945981086389,-0.2658624363629295,0.27682447261676196
B010_N1_m1_a1_1784824749.npz,B010,B_phase,D1,N1,1002.1,1,1,1,1.83697019872103e-15,30.0,0.0,0.0,30.0,0.0,90.0,,1,0,1002.1158193536442,0.06629993143532634,0.1965803488937285,0.20745966952520917,71.36248169796335,0.02453597625638204,0.0019620409132979234,0.11826865584301235,0.009457457045932047,-0.0023414872480280458,0.3223828029253381,0.322391306000224,90.4161356527872,0.019340117499722368,0.0010691807736759088,0.0599895752142551,0.003316406968105914,0.5566948625548851,0.2179449828872171,0.5978370894823369,21.380248897902018,0.01795123387610473,0.005291772224259524,0.03002696586063033,0.008851528815051662,-0.14869884647440246,0.5029323176253968,0.5244542525853622,106.47103748731676,0.028156718853682396,0.0008871525566698918,0.05368765476660808,0.0016915728155440888,0.3790212541734828,0.057606922750648715,0.15198863418957845,-1.0,84.96117476846914,0.6044663203255646,0.516799686733317,0.8549685389501429,-1.0,35.63027752002754,1.594808506567003,-49.982232800061325,0.030744446496640168,0.06640501768780768,0.07317682259091891,-0.003286929726662761,0.13466873883392363,0.13470884576057932,0.20800592991650801,0.058408916834228636,0.21605107832681392,-0.03567359938561725,0.1978443510308992,0.20103480526506642
B010_N1_m1_a2_1784824757.npz,B010,B_phase,D1,N1,1002.3,1,2,1,1.83697019872103e-15,30.0,0.0,0.0,30.0,0.0,90.0,,1,0,1002.3481162921471,0.06804023100122822,0.19720640288699592,0.20861408958727753,70.96452140178586,0.016610523359584194,0.008609266878537556,0.07962320949867999,0.04126886585450745,-0.0008225984825424026,0.3230794987659377,0.3230805459805852,90.14588149238013,0.023862355775769485,0.005498658749283201,0.07385884440471213,0.01701946718145521,0.5584930101024612,0.21776505128366908,0.5994464612406072,21.301578505935275,0.013963358730272338,0.009944180030702654,0.0232937545437735,0.016588937751208503,-0.14640695404791704,0.5048834695114428,0.5256827122699594,106.17119050363627,0.03290098280894765,0.005483331847708801,0.06258715008313162,0.010430877256798369,0.38014127260674735,0.0582536730718696,0.15324216881899191,-1.0,84.62845590371683,0.6066294047896363,0.5173771729772771,0.8528718998656031,-1.0,35.99402798901116,1.5957998999419063,-49.66294289585059,0.03248474606254205,0.06703107168107511,0.07448773924251743,-0.0017680409611771177,0.13536543467452325,0.13537698058925313,0.20980407746408414,0.058228985230680624,0.21773462205526764,-0.03338170695913183,0.1997955029169452,0.2025650052337284
B010_N1_m1_a3_1784824766.npz,B010,B_phase,D1,N1,1002.2,1,3,1,1.83697019872103e-15,30.0,0.0,0.0,30.0,0.0,90.0,,1,0,1002.1698022718047,0.06609005648629851,0.19525253254916242,0.20613453624568556,71.29981033003756,0.02246945353693703,0.00698381672477343,0.10900382801529368,0.03387989636268242,-0.002016696444552213,0.32236296487792165,0.32236927302308704,90.35843660730853,0.022956083488992092,0.004319067034086827,0.07121051976733543,0.013397886819621018,0.5568645533011991,0.21791862976105125,0.5979855014298241,21.371970387196335,0.018523574753557807,0.008870852390124482,0.030976628545786943,0.014834560986702302,-0.14829711049803346,0.5033868477130974,0.5247764775907883,106.41490483613424,0.03238440757002236,0.003928827691359449,0.06171085967628901,0.007486668818306071,0.3783169072749202,0.05735601880009525,0.15160839417207184,-1.0,84.95290084610214,0.6047528685250357,0.5169632282509212,0.8548338588484427,-1.0,35.76327486508227,1.5985351352155301,-49.92783994284122,0.03053457154761234,0.0650772013432416,0.07188464505209068,-0.002962138923186928,0.13464890078650718,0.1346814788677898,0.20817562066282203,0.0583825637080628,0.21620733748760051,-0.03527186340924825,0.19829888111859978,0.2014113964036028
B010_N2_m1_a1_1784824705.npz,B010,B_phase,D1,N2,1206.3,1,1,1,1.83697019872103e-15,30.0,0.0,0.0,30.0,0.0,90.0,,1,0,1206.3399790510484,0.14768102269291947,0.3583258348858929,0.38756559239733707,67.6013980739353,0.051401629303269455,0.007666337946263416,0.13262691609262328,0.019780749624450127,-0.0003589974555391895,0.6374795045245529,0.6374796056094991,90.03226619324688,0.027864353460494175,0.001852201717456243,0.043710188083355,0.0029055074094258104,1.1562348572103323,0.42105901862247175,1.2305160471084953,20.00979864414039,0.007657953688510954,0.006339670361333312,0.006223367591593666,0.005152042004027875,-0.24386732335123268,1.0338376802104057,1.0622107231718796,103.2726221607449,0.023693047691815117,0.0007041409045266786,0.022305411887638488,0.0006629013331968965,0.7349377633783434,0.1282724441911805,0.17453511111136943,-1.0,84.19565962070338,1.2520710923065943,1.0367156516726346,0.8280006287524561,-1.0,36.126779442148994,1.7036423418373625,-47.59159942979491,0.06900366179047607,0.12211588722519084,0.14026330686708458,0.014180780898007847,0.2700460056619749,0.27041808319871047,0.43822413202679433,0.13167956001794873,0.45758048080874014,-0.036261587595471656,0.41069691657881713,0.4122946276903107
B010_N2_m1_a2_1784824713.npz,B010,B_phase,D1,N2,1206.6,1,2,1,1.83697019872103e-15,30.0,0.0,0.0,30.0,0.0,90.0,,1,0,1206.5986473300823,0.1483599249387886,0.364716733265339,0.39373717484076026,67.86443050650544,0.056106638939979615,0.006528248245759594,0.14249769268718634,0.01658021813256476,0.0006943146729470329,0.6404983922683218,0.6404987685945775,89.93789010977748,0.01945910896776642,0.0032555380258589436,0.03038118092008953,0.005082816994328418,1.1587772258900053,0.4261726974326271,1.2346610171534282,20.192408609698397,0.005739331795668902,0.005814090947472374,0.004648508145904869,0.004709058491922785,-0.24241697655219957,1.0372998533233293,1.0652497248182278,103.1539444494486,0.013627426208914162,0.0024867377966546096,0.01279270568339224,0.00233441768509158,0.7408812036525261,0.12791668185634691,0.17265478085517735,-1.0,84.08871623249682,1.2579382100278889,1.0376590303444957,0.8248887123966848,-1.0,36.732401919816866,1.6978946203875662,-47.67202189680705,0.06968256403634521,0.1285067856046369,0.14618362999021287,0.01523409302649407,0.2730648934057438,0.27348951278070993,0.4407665007064674,0.13679323882810407,0.4615056861341007,-0.03481124079643855,0.41415908969174076,0.415619506351758
B010_N2_m1_a3_1784824722.npz,B010,B_phase,D1,N2,1206.7,1,3,1,1.83697019872103e-15,30.0,0.0,0.0,30.0,0.0,90.0,,1,0,1206.6912896772128,0.15004590392449396,0.3620961360882427,0.39195329448105637,67.49179237090645,0.05866845282708161,0.009030412916353462,0.14968225462872625,0.023039512726407033,0.0019560348383177995,0.6352182892759766,0.6352213008889004,89.82356901795748,0.02076114858298956,0.0074906078111570806,0.03268333186235621,0.011792123155623179,1.1612355747614522,0.42282741850639904,1.2358200054750472,20.007503656229023,0.008841375735353858,0.009034688870748604,0.007154258464973827,0.007310683457722214,-0.2410096294889698,1.03214528245103,1.0599101497732377,103.14327329742196,0.01656722695211139,0.008223768847753922,0.015630784322289832,0.007758930178669725,0.7352396878330607,0.12867046122822445,0.17500478192009628,-1.0,83.87715488880536,1.2573105642995,1.0343262330742395,0.8226497592903832,-1.0,35.73200285002531,1.7100689545270815,-47.48428871467743,0.07136854302205056,0.12588618842754062,0.14470936863211223,0.016495813191864835,0.26778479041339853,0.2682923886911604,0.4432248495779143,0.13344795990187602,0.462878629108471,-0.03340389373320879,0.40900451881944144,0.4103663199280155
B011_N1_m1_a1_1784825854.npz,B011,B_phase,D1,N1,1004.8,1,1,1,-30.0,3.67394039744206e-15,0.0,0.0,30.0,0.0,180.0,,1,0,1004.796936622883,-0.027984767933065924,0.13269541295569381,0.13561423175961168,101.90887118272074,0.022671790464572822,0.0020958120900831994,0.16717854881750605,0.015454219390470855,-0.12264042154204433,0.20677929860276417,0.2404128767904528,120.67210163758477,0.018401346739170786,0.001451141795807834,0.07654060375147731,0.0060360402287131625,0.29579288749167587,0.3837343791699518,0.4845054241673787,52.3739876913187,0.02072909606947758,0.0063386705222230185,0.04278403302728855,0.013082764827898484,-0.3048484476165762,0.295883249836682,0.4248287579109409,135.85500709867355,0.031812613847120565,0.0010870811691759423,0.07488338125591208,0.002558869071203115,0.2733452485527029,0.038365952041780005,0.14035712069230563,-1.0,116.27326873765901,0.4933777228732287,0.4144917395656901,0.8401103664589088,-1.0,69.69713424359894,1.8049617671627531,-49.53488349140204,-0.06354025287175209,0.002520081749773001,0.06359020794927266,-0.12358586402067905,0.0190652345113497,0.1250477866765763,-0.05289604514670121,0.22419831311696334,0.2303538043893649,-0.191823200527791,-0.00920471675781559,0.1920439196416193
B011_N1_m1_a2_1784825863.npz,B011,B_phase,D1,N1,1004.7,1,2,1,-30.0,3.67394039744206e-15,0.0,0.0,30.0,0.0,180.0,,1,0,1004.722365212176,-0.027067718342339914,0.12872044408148936,0.13153560012709895,101.87530688259123,0.020224149480240282,0.0047339391356681654,0.15375418868122612,0.0359897938740075,-0.12143892731228671,0.20554695473797963,0.2387403687456646,120.57496297954012,0.021679915746611374,0.006533126744987735,0.09080959311790068,0.02736498556700991,0.2958072233257374,0.3814184883930869,0.4826820658153253,52.20481004747651,0.01870349056022834,0.009522096152198579,0.03874908948322997,0.019727470371442686,-0.302801717018721,0.2942977287468729,0.4222558856606425,135.8159607256289,0.0353809613798508,0.00528882922289017,0.08379033325845854,0.012525175853062431,0.27001532993392097,0.037286718416720266,0.1380911166260271,-1.0,116.35032067528965,0.49108469351897455,0.41245343182737415,0.8398824831453188,-1.0,69.06196378218931,1.8187289352762097,-49.670496835114704,-0.06262320328102608,-0.0014548871244314532,0.06264010125887053,-0.12238436979092143,0.017832890646565153,0.12367678018906117,-0.05288170931263969,0.22188242234009845,0.22809709450875595,-0.1897764699299358,-0.010790237847624728,0.1900829760180436
B011_N1_m1_a3_1784825871.npz,B011,B_phase,D1,N1,1004.7,1,3,1,-30.0,3.67394039744206e-15,0.0,0.0,30.0,0.0,180.0,,1,0,1004.661882273907,-0.02850686837613719,0.1281159917592789,0.1312491862415841,102.5444251247721,0.022662709921583347,0.006676669048556137,0.17266933663016532,0.050870174815916276,-0.12296486169463983,0.20344330202057043,0.23771734128711547,121.14953484960209,0.02372114427402651,0.006185459171544494,0.09978718483720574,0.026020226955481906,0.2945165665912327,0.382804160110063,0.48298968207846715,52.4265347421781,0.01998842553973294,0.006870920167103161,0.041384787877281386,0.014225811486355731,-0.3047469998763522,0.2892854024143716,0.4201865990053494,136.4909696918328,0.03778086469611146,0.006827909320458506,0.08991449224117323,0.01624970747906118,0.2690105030264906,0.03700314174671454,0.1375527770492689,-1.0,116.93078581440457,0.49010152976720384,0.4118692771957964,0.8403754164804027,-1.0,67.91561978706208,1.8218676380785825,-50.117890382594,-0.06406235331482335,-0.0020593394466419113,0.06409544438717742,-0.12391030417327455,0.015729237929155954,0.1249046532605788,-0.05417236604714437,0.22326809405707457,0.22974613613078348,-0.19172175278756698,-0.01580256418012599,0.1923719094010452
B011_N2_m1_a1_1784825782.npz,B011,B_phase,D1,N2,1204.2,1,1,1,-30.0,3.67394039744206e-15,0.0,0.0,30.0,0.0,180.0,,1,0,1204.23614665621,-0.042857989956492856,0.2568068205412592,0.2603585035669497,99.47466337330255,0.044409451159623456,0.009966632817609,0.17057038871866087,0.03828041980985705,-0.24737442474396182,0.390706895378974,0.46243484310125527,122.33977349614436,0.02018741687462451,0.006762694288836973,0.043654618971270404,0.014624101945873932,0.5965645561631172,0.7395018982106638,0.9501327944699478,51.10648827134245,0.014528029080958472,0.0094547191245976,0.015290524825072739,0.009950944941198582,-0.577109690048127,0.5848083939835858,0.8216181911454408,134.62037187100273,0.025406325039057594,0.00833737882691769,0.030922301030893596,0.010147510019580164,0.5231006107219396,0.08943313455335092,0.17096736788344177,-1.0,117.07540475717363,0.9658728556761039,0.8030556679436777,0.8314299995329557,-1.0,66.97914516767756,1.8464380195295265,-48.368175101960105,-0.12153535085893626,0.020596872880557116,0.12326829552185171,-0.2328346463904148,0.023273396516395983,0.23399492204994296,-0.12144616902042071,0.4501224396061408,0.46621817060976983,-0.36950395429236593,-0.038332369648002795,0.37148693489882784
B011_N2_m1_a2_1784825790.npz,B011,B_phase,D1,N2,1204.2,1,2,1,-30.0,3.67394039744206e-15,0.0,0.0,30.0,0.0,180.0,,1,0,1204.2316174369537,-0.04153807227598076,0.25369565081994566,0.2570737145127063,99.29863989497761,0.040976282078527555,0.004018848341903279,0.15939506750505306,0.015633058204807794,-0.24583120649256035,0.387835441572557,0.4591833096110617,122.36874707976548,0.023796186473100205,0.0002114554379107075,0.051822847161531405,0.0004605033185762237,0.5982744540849927,0.7371203509758315,0.9493570109465822,50.93592355972703,0.011504856609398298,0.005464876894549919,0.012118577602252148,0.005756398100542824,-0.5755608274448742,0.5810593298364015,0.8178631981443818,134.7276213755887,0.02762662559995415,0.002949881026868898,0.03377903011485923,0.003606814725936769,0.5186343269992273,0.08918879625147463,0.17196855589469595,-1.0,117.10950934318207,0.9635578711644353,0.8010837496975249,0.8313810448452209,-1.0,65.99035706707444,1.857875233094378,-48.36271633525058,-0.12021543317842416,0.017485703159243582,0.12148045188115389,-0.23129142813901332,0.02040194270997897,0.23218950018664847,-0.11973627109854523,0.4477408923713085,0.4634745746187594,-0.3679550916891132,-0.04208143379518703,0.37035361017573787
B011_N2_m1_a3_1784825799.npz,B011,B_phase,D1,N2,1204.4,1,3,1,-30.0,3.67394039744206e-15,0.0,0.0,30.0,0.0,180.0,,1,0,1204.375643696196,-0.04162715579215767,0.25554645887416727,0.25891468236172127,99.25191596637767,0.04049620282902289,0.006221457127585392,0.15640751795005184,0.024028985420354015,-0.24634749032260583,0.3903902250044642,0.4616184720819592,122.25310738211515,0.022754709191141653,0.006918235145359143,0.04929332461180542,0.014986911407936091,0.5982451277682241,0.7393355940968569,0.9510595951868479,51.02139752997462,0.011839198661272804,0.01161856800642723,0.012448429857801752,0.012216445809733524,-0.5764349780285423,0.5835322147797877,0.8202360206553784,134.64944125974714,0.026172960750927066,0.005814958093163427,0.03190906043118486,0.007089371774379289,0.521644471928251,0.08952916517230422,0.17162870497095656,-1.0,116.99248958058078,0.9660682641079901,0.8025045746043544,0.8306913749468205,-1.0,66.45505626202574,1.8519668396694269,-48.23051843640303,-0.12030451669460107,0.01933651121346519,0.12184858391885403,-0.2318077119690588,0.022956726141886152,0.23294168069172097,-0.11976559741531378,0.4499561354923339,0.4656225104002625,-0.36882924227278124,-0.03960854885180087,0.37094992532370114
B012_N1_m1_a1_1784825600.npz,B012,B_phase,D1,N1,1003.2,1,1,1,-5.510910596163089e-15,-30.0,0.0,0.0,30.0,0.0,-90.00000000000001,,1,0,1003.1952055338453,-0.0009627320963903722,0.03721091185805317,0.03722336382431365,91.48204331488255,0.00904291236915845,0.008334285685002062,0.24293646355657356,0.22389931561097262,0.002462547719838226,0.07215931322095546,0.07220132011114783,88.04545179777013,0.02000306191789984,0.007320137290453925,0.2770456535573978,0.10138508934719188,0.13150897120484495,0.10447224777261,0.1679555300132102,38.46403527772123,0.018521165607000848,0.011907839999487524,0.11027422321577683,0.070898767063823,-0.07874026722143052,0.12142758904616102,0.1447228007732909,122.96157381248705,0.03539857383682525,0.0067840150915754365,0.2445956936134571,0.046875924562865774,0.08120759679554845,0.0019838505188874353,0.02442937110775557,1.0,88.76627509179912,0.16997814367450306,0.1423417710956766,0.8374121991133855,-1.0,52.261462553197866,2.093131066326799,-53.01800803716131,-0.036518217035076544,-0.09296441934786764,0.09987974489408322,0.001517105241203511,-0.11555475087045901,0.11556470939281911,-0.21717996143353213,-0.05506381828037846,0.22405168986616691,0.034284979867354695,-0.18366037754833658,0.18683306486193083
B012_N1_m1_a2_1784825608.npz,B012,B_phase,D1,N1,1003.2,1,2,1,-5.510910596163089e-15,-30.0,0.0,0.0,30.0,0.0,-90.00000000000001,,1,0,1003.1692494121097,-0.0007841191318745909,0.039034733789309106,0.039042608581077186,91.15078728860931,0.0075490750514730955,0.00858377814076195,0.19335478150227678,0.21985667589133007,0.001512019072339027,0.07332275275391266,0.0733383410849095,88.81864726372594,0.017416531003343432,0.008106284370528904,0.23748193299298875,0.11053269341262613,0.13164641958033352,0.10614058523335906,0.1691053033526778,38.87767027792601,0.018521653551892246,0.011754941754544553,0.10952733701830976,0.06951255532198786,-0.08069479369974092,0.12288667312561741,0.14701287073629332,123.29131480773452,0.03276981323207814,0.006494045382425278,0.2229043829152858,0.044173311832499854,0.08307147708772625,0.001402587738823062,0.01688410737348371,1.0,89.33339661886929,0.1713279037054428,0.14441654059014772,0.8429248094836747,-1.0,53.641881066858204,2.0624155210881203,-52.27311701068331,-0.03633960407056076,-0.09114059741661171,0.0981181701901437,0.0005665765937043118,-0.11439131133750181,0.11439271444698655,-0.21704251305804356,-0.05339548081962939,0.22351404843210732,0.03233045338904429,-0.1822012934688802,0.18504747919945888
B012_N1_m1_a3_1784825617.npz,B012,B_phase,D1,N1,1003.1,1,3,1,-5.510910596163089e-15,-30.0,0.0,0.0,30.0,0.0,-90.00000000000001,,1,0,1003.1168195662409,-0.0009837811399499227,0.039773526086351374,0.03978569092868684,91.41689767176497,0.011314379817675633,0.007799661443345711,0.28438314262170017,0.19604187488728236,0.002195803556336029,0.07383794889831972,0.07387059124420822,88.29663186903187,0.020368427129284994,0.007454582808500611,0.275731204884352,0.10091408073148572,0.13119404220690944,0.10663085282553775,0.1690621645575669,39.103247279145926,0.02109076615946009,0.011332626125159612,0.12475154458511935,0.06703230231800783,-0.0792713724664374,0.1234805864641918,0.14673583654395198,122.69942328756963,0.03696344203239527,0.005692344214168152,0.2519046669374701,0.03879314248134005,0.08388163216811159,0.0019071544917792227,0.022736258731315503,1.0,88.9976359376669,0.17186674713027078,0.1434407279750169,0.8346043104329678,-1.0,55.191603805648775,2.0489199207023487,-52.31365039261905,-0.03653926607863609,-0.09040180511956944,0.09750694505747771,0.0012503610777013139,-0.11387611519309475,0.11388297947584448,-0.21749489043146764,-0.052905213227450704,0.22383696957928584,0.033753874622347815,-0.1816073801303058,0.1847175264283673
B012_N2_m1_a1_1784825638.npz,B012,B_phase,D1,N2,1204.4,1,1,1,-5.510910596163089e-15,-30.0,0.0,0.0,30.0,0.0,-90.00000000000001,,1,0,1204.3729593378107,0.015631918655770415,0.07503250068786571,0.0766435453272824,78.23160298926186,0.007130845720686516,0.0037988629224459886,0.09303909011824099,0.049565333991585685,-0.0015892859889267974,0.1378390503052549,0.1378482122445162,90.66059178835154,0.013993102764393018,0.004121895216734603,0.10151094843052404,0.029901695129880636,0.281829877858673,0.16901958586353405,0.3286269928951593,30.95204433862284,0.007575866833443887,0.009192654701399825,0.0230530875345982,0.027972914277107252,-0.12159972565374444,0.2517834283710403,0.27960934905925566,115.778389243771,0.017607464016314363,0.002758842154029438,0.06297165697625845,0.00986677363726052,0.15705647604510808,0.01447846648083878,0.09218637044091343,-1.0,87.76317150046026,0.33187908945911454,0.275741470440057,0.8308491833259252,-1.0,43.10721274600718,2.113119419308732,-47.27955865063902,-0.06304544224667298,-0.16117744697283637,0.17306905327284847,0.01295049236462024,-0.22959444855732314,0.22995940089682654,-0.43618084732486495,-0.12035987274098897,0.45248229859218164,0.08600601010201658,-0.37135733526054826,0.38118670520557696
B012_N2_m1_a2_1784825647.npz,B012,B_phase,D1,N2,1204.2,1,2,1,-5.510910596163089e-15,-30.0,0.0,0.0,30.0,0.0,-90.00000000000001,,1,0,1204.202778399132,0.015730858073170515,0.077279876442365,0.0788646891749751,78.49424089420988,0.014713875839332324,0.007796028147554398,0.18657115108495537,0.09885321592097505,-0.0008558698404018961,0.13949420567565501,0.1394968312552857,90.35153513443879,0.01034854563151739,0.0057620961954956565,0.07418480791566562,0.041306287344626144,0.2822516073547221,0.16977359753515042,0.32937675126570704,31.026797642516776,0.01730925873140395,0.005936957748388893,0.05255154975234009,0.018024823323366773,-0.12036613398733453,0.25432350503749035,0.28136888851756753,115.32724020993356,0.019347070331655072,0.006822181520356519,0.06876051731798742,0.02424639609695359,0.1596196981840263,0.014161817700120205,0.08872224331481306,-1.0,87.5119832929339,0.3333747697369745,0.27662024257595835,0.829757581217696,-1.0,44.46171830721808,2.08855657246404,-47.46744325169311,-0.06294650282927289,-0.15893007121833708,0.17094159750014434,0.01368390851314514,-0.22793929318692302,0.22834966768259193,-0.4357591178288158,-0.1196058610693726,0.45187561427133227,0.08723960176842649,-0.3688172585940982,0.378994615203936
B012_N2_m1_a3_1784825655.npz,B012,B_phase,D1,N2,1204.3,1,3,1,-5.510910596163089e-15,-30.0,0.0,0.0,30.0,0.0,-90.00000000000001,,1,0,1204.3265760710794,0.011899359972441365,0.07652977730459043,0.07744934849334721,81.16203927151909,0.0060855275867030675,0.004396275454349007,0.07857429023080556,0.05676323351805394,-0.004165417170435198,0.13948048609739744,0.1395426698260071,91.7105612318212,0.014345872527866808,0.004736465479890697,0.10280634981224297,0.03394277525144459,0.27962139339509595,0.16999635744332708,0.3272413256118708,31.297589179840198,0.011520997320543973,0.009370934459234379,0.03520642540792239,0.028636158473300245,-0.1244293529935116,0.25378182605035915,0.282644439393098,116.11873564187188,0.021585071114340267,0.004872112437534177,0.07636828504635836,0.017237602296354074,0.15910981347226122,0.01243485187029704,0.07815263935599358,-1.0,89.24923043205077,0.3308249477704684,0.27844140899068864,0.8416578340514868,-1.0,44.67073753455532,2.07922403119493,-49.86445009167889,-0.06677800093000204,-0.15968017035611165,0.17308107410449067,0.010374361183111839,-0.2279530127651806,0.22818896423508359,-0.43838933178844197,-0.11938310116119594,0.4543539711158922,0.08317638276224942,-0.3693589375812294,0.3786084196376868
B013_N1_m1_a1_1784815418.npz,B013,B_phase,D2,N1,1005.7,1,1,1,0.0,0.0,3.6739403974420594e-16,6.0,0.0,6.0,,90.0,0,0,1005.743542740958,0.03675935183746305,0.12106834058240734,0.12652585917071726,73.11040849436617,0.01439215519152799,0.0011574498890339687,0.11374872524761218,0.009147931471243825,-6.447780372562106e-05,0.20973148128557,0.20973149119678375,90.0176144558114,0.020004334464648322,0.0013533911152334372,0.09538069057011067,0.006452970450506155,0.3967763240996013,0.18261927784403753,0.4367851325380359,24.71460590904704,0.01772645197878891,0.006698759636707971,0.04058391794561657,0.015336510191597772,-0.12557896510792804,0.34278897673310105,0.3650676088717057,110.12004655521801,0.0313840120223284,0.0010480447135092416,0.08596767080849828,0.002870823617434523,0.2428711524246541,0.03177569446031345,0.13083354751310458,-1.0,85.59793634408044,0.43987576759286245,0.3613376815918378,0.8214539381634738,-1.0,34.598994174142454,1.8111486819305356,-48.39580258531913,0.0012038668987768841,-0.009106990623513472,0.00918621650772139,-0.0010099202823603362,0.022017417194155536,0.022040567117890108,0.048087391461224205,0.02308321179104908,0.05334071506959244,-0.012553718019142832,0.03770101013860344,0.03973615484134355
B013_N1_m1_a2_1784815427.npz,B013,B_phase,D2,N1,1005.6,1,2,1,0.0,0.0,3.6739403974420594e-16,6.0,0.0,6.0,,90.0,0,0,1005.5876353030137,0.04027162083744541,0.12423261901838117,0.13059688768512523,72.0392231511083,0.016159958678802603,0.004018210847572671,0.12373923272785003,0.03076804446719092,0.0074071848092356896,0.21451003275752467,0.2146378823517239,88.0223215578983,0.019476885399561758,0.0037086018548320473,0.09074300019250692,0.017278412432129835,0.3979264014369456,0.18462277269205352,0.43866956716537653,24.88951373773832,0.019188998541978326,0.006796721237485172,0.04374362841255445,0.015493942927029714,-0.11206771322333059,0.3496967532307549,0.36721518428196587,107.76915456726043,0.030685487014124404,0.006073350658222477,0.08356268566106619,0.01653894206498569,0.24933243757367596,0.030956472457995987,0.12415742114921798,-1.0,83.7806710874309,0.44573213335103773,0.3586096011300168,0.8045406070097995,-1.0,39.01607888994227,1.787702144528736,-47.149709413369976,0.004716135898759244,-0.005942712187539639,0.007586683462455635,0.006461742330600974,0.026795968666110198,0.027564071736632816,0.049237468798568496,0.025086706639065065,0.05526003242565568,0.0009575338654546212,0.04460878663625728,0.04461906225216548
B013_N1_m1_a3_1784815435.npz,B013,B_phase,D2,N1,1005.6,1,3,1,0.0,0.0,3.6739403974420594e-16,6.0,0.0,6.0,,90.0,0,0,1005.6277612737042,0.03958600178456244,0.12249803939913473,0.12873546983609196,72.09143929211363,0.00949165081588062,0.005250967512578519,0.0737298805680015,0.04078881693805238,0.006812851902797956,0.21281351103291946,0.21292253386902943,88.16640216355952,0.025095588326637504,0.004291863628047936,0.11786252901759109,0.020156925385304215,0.39755725073699455,0.18407449384282804,0.4381040822647638,24.844787750337165,0.015801013578959057,0.008104423946104885,0.03606680288683061,0.01849885512184536,-0.1128654338976881,0.3475656188451821,0.3654318891013041,107.99023571463971,0.03612146580748232,0.0027417167519427988,0.0988459597664418,0.007502675146072836,0.246908694634687,0.030739602094403018,0.12449785188765304,-1.0,83.94167336995677,0.44455786639978323,0.3575527316232827,0.8042883922376524,-1.0,38.32872028238293,1.8004949848263847,-47.24665154177649,0.00403051684587627,-0.007677291806786085,0.008670978925786704,0.005867409424163241,0.025099446941504983,0.02577612713578561,0.04886831809861747,0.024538427789839584,0.054683150532726585,0.00015981319109710512,0.042477652250684506,0.04247795288130222
B013_N2_m1_a1_1784815367.npz,B013,B_phase,D2,N2,1213.3,1,1,1,0.0,0.0,3.6739403974420594e-16,6.0,0.0,6.0,,90.0,0,0,1213.3039867358912,0.09461256158203044,0.23697969197118585,0.2551683977609132,68.23597435306688,0.03135595394029419,0.00214233394753352,0.12288337511792499,0.008395765174419588,0.0032589150344488893,0.43716596558337045,0.4371781124343285,89.57288848340912,0.021491276909710942,0.001928507554577742,0.04915908710534837,0.004411262823381708,0.8393801357638178,0.342521487942834,0.9065759659385738,22.198642422788442,0.005833625299818715,0.005296600744421044,0.0064347892719383865,0.005842423518185261,-0.19859002783948093,0.7435067226069361,0.7695714688831656,104.95455006816874,0.02182881954883274,0.0033295023180577627,0.02836490232741039,0.004326436793310017,0.4996359760991773,0.08123733498174593,0.16259304547281117,-1.0,84.3416095157064,0.9228804697833133,0.749941241850975,0.8126092884239458,-1.0,37.602639161029614,1.8471057208260806,-46.03733193027844,0.015935200679587036,0.0007697443104837665,0.015953780962587937,0.017798693387995924,0.06973246672079242,0.07196812072915558,0.12136941058027984,0.05314202933831097,0.13249380780549122,0.009015707916280091,0.12036595897534752,0.12070313612034576
B013_N2_m1_a2_1784815376.npz,B013,B_phase,D2,N2,1213.5,1,2,1,0.0,0.0,3.6739403974420594e-16,6.0,0.0,6.0,,90.0,0,0,1213.5362269990924,0.09307144875503334,0.23887016342891254,0.2563615602033896,68.7125221326451,0.0323011691635642,0.005301591727826928,0.12599848876694858,0.020680135210679802,0.0013630835326665924,0.4357158896806648,0.4357180217949796,89.8207577905266,0.02035908220046857,0.006008704403645113,0.04672536177548383,0.013790350876219704,0.8400292222987478,0.34279214217069953,0.9072792001637733,22.198980665958246,0.005435091942365266,0.003123694247309783,0.005990539562004921,0.003442925007810081,-0.2016502187825283,0.7428436970804446,0.7697269444596473,105.18736131070825,0.02036016467675126,0.00795135904598073,0.026451152351233086,0.010330103555829955,0.49907365337298437,0.08060355188072524,0.16150632544107854,-1.0,84.57627568967501,0.9226271210835234,0.7512618128975611,0.8142637428816175,-1.0,37.21555395137311,1.848679277793883,-46.51354146668686,0.014394087852589943,0.002660215768210461,0.014637845232188819,0.015902861886213628,0.06828239081808679,0.07010981323613642,0.12201849711520985,0.05341268356617651,0.1331969534336089,0.005955516973232711,0.11970293344885607,0.1198509927313067
B013_N2_m1_a3_1784815384.npz,B013,B_phase,D2,N2,1213.6,1,3,1,0.0,0.0,3.6739403974420594e-16,6.0,0.0,6.0,,90.0,0,0,1213.5584945608935,0.09519590063061542,0.24058732233059255,0.2587363893291364,68.41222162907809,0.03711865130455336,0.005518000822386211,0.1434612711447211,0.021326728863665205,0.0029876076380351,0.4352258623308541,0.43523611642536564,89.60669933776974,0.020839519771176113,0.0037262580960110616,0.04788095239506549,0.008561463434181802,0.843591980035393,0.3432999075925153,0.9107701440720729,22.14387425016786,0.011680972004956776,0.0072078692180831275,0.012825378698439652,0.00791403765812589,-0.2003303357994995,0.7428008199989651,0.7693408228039607,105.09333412166835,0.02296593083578352,0.004379232335591774,0.029851439251697656,0.005692187657001099,0.499737795027797,0.08146859778385981,0.16302268628557157,-1.0,84.2572235615627,0.9259402575513461,0.7510141119922357,0.811082686887701,-1.0,36.86626569353023,1.8528521692057378,-46.26834737891022,0.01651853972817202,0.004377374669890466,0.017088696958861317,0.017527385991582135,0.06779236346827605,0.07002152386454295,0.12558125485185512,0.05392044898799225,0.13666772255815657,0.00727539995626153,0.11966005636737653,0.11988102658205467
B014_N1_m1_a1_1784816581.npz,B014,B_phase,D2,N1,1004.1,1,1,1,0.0,0.0,-6.0,7.347880794884119e-16,0.0,6.0,,180.0,0,0,1004.1143985531706,0.02693499850701798,0.09630579747211149,0.10000150384525432,74.37465013874372,0.011361550342785985,0.004297768969392392,0.11361379485219772,0.04297704338569652,-0.0064394553555650325,0.1947030663165017,0.19480952394152698,91.89426486378031,0.021097695503320156,0.0035223833458989627,0.10829909686372793,0.018081166026339777,0.3420908515522415,0.2123337510615555,0.4026310625816249,31.82762774013309,0.015843036073521725,0.008716746795740023,0.03934876750923778,0.021649464251091873,-0.137435985893045,0.30002707804827977,0.33000742079623274,114.61150253012671,0.03284441854045375,0.002085386519993715,0.09952630295769607,0.006319210989141251,0.2173079723607301,0.026986969783674264,0.1241876655076236,-1.0,88.34751808633493,0.40855095406106007,0.32264963702441657,0.7897414846721785,-1.0,44.629214813358615,1.8800550648131198,-42.547022398610636,-0.008620486431668187,-0.033869533733809326,0.0349493648249038,-0.007384897834199748,0.006989002225087221,0.010167736627383808,-0.0065980810861355765,0.05279768500856705,0.05320836603658381,-0.0244107388042598,-0.005060888546217834,0.024929836779390153
B014_N1_m1_a2_1784816589.npz,B014,B_phase,D2,N1,1004.0,1,2,1,0.0,0.0,-6.0,7.347880794884119e-16,0.0,6.0,,180.0,0,0,1003.9880129068936,0.024416558891277428,0.09564630453904366,0.09871364606814349,75.67940255861578,0.01722733784992157,0.00838149822110018,0.17451830153279196,0.0849071891774143,-0.009271500067268318,0.19335569937221914,0.19357785822045182,92.74525784350293,0.017814798323313976,0.0075197203633392004,0.09202911163024642,0.03884597356571398,0.33996953779691896,0.21144856105541077,0.40036206189180124,31.880094171622893,0.020506139392465823,0.011916166604836803,0.05121898737250398,0.029763475961059403,-0.14095784584800597,0.29892722226139035,0.33049447577080754,115.24601964456986,0.030350056754601264,0.005878391138266604,0.09183226643597071,0.017786654752871486,0.21573377897668683,0.025994378656203118,0.12049285364352788,-1.0,89.32204134051553,0.40560587685368293,0.32403742342363845,0.7988972594214426,-1.0,44.33547570019215,1.8801222450078834,-43.79930838699289,-0.01113892604740874,-0.034529026666877155,0.036281253507170264,-0.010216942545903033,0.005641635280804663,0.011671073799265578,-0.008719394841458117,0.051912495002422315,0.05263967119747015,-0.02793259875922076,-0.00616074433310726,0.028603930572240144
B014_N1_m1_a3_1784816598.npz,B014,B_phase,D2,N1,1004.1,1,3,1,0.0,0.0,-6.0,7.347880794884119e-16,0.0,6.0,,180.0,0,0,1004.1478764249684,0.025651448951614784,0.09482996406472227,0.09823807264922199,74.8637585909658,0.012789281254068311,0.005012109827495658,0.13018660595810863,0.05102003421211615,-0.007642072901175856,0.1935794269462921,0.19373021399637622,92.26073233777656,0.018043521101109943,0.004081283052179071,0.09313736215378078,0.021066838094007435,0.34041756237327503,0.2108084998534917,0.4004052202240153,31.768461438844856,0.01723371929915783,0.0030259987406540774,0.04304069584686247,0.007557340883221046,-0.1385124037380837,0.2985065713023577,0.32907728438771255,114.89214582244959,0.02975453370187364,0.006808402313393938,0.09041807232983427,0.020689371878286223,0.21560511885992267,0.026392185478170835,0.1224098278265725,-1.0,88.80694411151045,0.4058739813762875,0.32230809906732827,0.7941087969581254,-1.0,44.28272664897981,1.8824876863892148,-43.09529715212096,-0.009904035987071385,-0.03534536714119854,0.036706741985353626,-0.00858751537981057,0.005865362854877626,0.010399418340362182,-0.008271370265102052,0.05127243380050325,0.05193532549132048,-0.0254871566492985,-0.006581395292139913,0.026323182141551243
B014_N2_m1_a1_1784816514.npz,B014,B_phase,D2,N2,1205.2,1,1,1,0.0,0.0,-6.0,7.347880794884119e-16,0.0,6.0,,180.0,0,0,1205.2216033476493,0.05936598247876264,0.19794273512735422,0.20665344484272857,73.30522732302558,0.032946865051323555,0.0031604721009199865,0.1594305145815373,0.015293585371031345,-0.03274544875672822,0.39180445974379924,0.39317044534070705,94.77744918894392,0.019690902511847522,0.003363663276181756,0.05008235676205039,0.008555229204135446,0.7040145284792205,0.3892147897461594,0.8044405564533443,28.936034028289132,0.011666153300768041,0.007250364385300286,0.014502194360018757,0.009012927465102004,-0.25584426366743246,0.6428556543394304,0.6918957143729884,111.7016102396976,0.023855543980672585,0.0036155285188408915,0.034478525426756,0.005225539692954112,0.43897408533690474,0.06775247417920974,0.15434276519355564,-1.0,90.32858308610083,0.8200483852917068,0.6733237959667983,0.8210781315388899,-1.0,45.47838845207542,1.8681020422021821,-44.36919329473645,-0.01931137842368076,-0.03826721253334786,0.04286384130820543,-0.018205670403181183,0.024370960881221204,0.030420226315780122,-0.013996196704317398,0.0998353311416364,0.10081164052998115,-0.048238527911671436,0.019714890707841826,0.05211173083584206
B014_N2_m1_a2_1784816522.npz,B014,B_phase,D2,N2,1205.3,1,2,1,0.0,0.0,-6.0,7.347880794884119e-16,0.0,6.0,,180.0,0,0,1205.2875577065079,0.05773491567572711,0.20183207570767397,0.20992738571361183,74.03659920793724,0.03170789749955046,0.0061193802322950875,0.15104221582031782,0.0291499854175448,-0.035128443932260056,0.39268148941267594,0.394249615980104,95.11195006227493,0.015776140071660793,0.003810010630361432,0.04001561303348725,0.009663955209923922,0.7031177314507799,0.3911983799017854,0.8046183671270951,29.09054695667588,0.008284034150969451,0.007876067604153396,0.010295606575012387,0.009788575461277428,-0.2587744184497785,0.6446333822953072,0.6946340023447662,111.87194831435433,0.017046534713618576,0.00469526827381955,0.024540311381356632,0.006759341261686694,0.44154164801177626,0.0674035610636094,0.1526550470768087,-1.0,90.64443755185683,0.8205291717302252,0.67576548614996,0.8235727740489636,-1.0,45.95898673528173,1.8583279186119745,-44.946052251261364,-0.02094244522671629,-0.034377871953028105,0.04025449157662792,-0.02058866557871302,0.02524799055009791,0.03257843116434424,-0.014892993732757986,0.10181892129726239,0.10290235175379658,-0.051168682694017475,0.021492618663718654,0.05549924995587842
B014_N2_m1_a3_1784816531.npz,B014,B_phase,D2,N2,1205.2,1,3,1,0.0,0.0,-6.0,7.347880794884119e-16,0.0,6.0,,180.0,0,0,1205.2247155779964,0.05959887887406708,0.20153458699906912,0.21016235657208232,73.52571791544126,0.032528303803666864,0.007874807909033986,0.15477702255641665,0.03747011614010454,-0.03283830763558024,0.3921005855133514,0.39347328194971765,94.78733257961038,0.0213836968473531,0.006015214030102268,0.05434599457781163,0.015287477717155287,0.7050303482723685,0.39097839952553237,0.8061835404426241,29.010796863407375,0.012413227741590828,0.01168228276322319,0.015397520687132255,0.014490847526866142,-0.25620538857206804,0.6437728937727556,0.692881476076473,111.70130914983854,0.025787001818656913,0.005146008252876246,0.037217046073563693,0.0074269675702923294,0.4408661924143492,0.06801793965041178,0.1542825029923931,-1.0,90.26111700382066,0.8220375582062242,0.6739962119098778,0.81990926713934,-1.0,45.59488115379691,1.8645964974189495,-44.514921052033884,-0.019078482028376323,-0.03467536066163296,0.03957738133734218,-0.018298529282033203,0.024667086650773384,0.030713211126845545,-0.012980376911169378,0.10159894092100935,0.10242477718319316,-0.048599652816307015,0.02063213014116705,0.052797831849685194
B015_N1_m1_a1_1784817136.npz,B015,B_phase,D2,N1,1003.9,1,1,1,0.0,0.0,-1.102182119232618e-15,-6.0,0.0,6.0,,-90.00000000000001,0,0,1003.87998691946,0.026781190733866856,0.0846625526941675,0.08879740990488656,72.44634495058683,0.010568266528927544,0.005753161389119865,0.11901548187326089,0.06478974325132052,0.008480532411771186,0.1736184112632027,0.17382540711744557,87.20356368586818,0.019651166730535127,0.005165433847770252,0.11305117621417544,0.029716218897046585,0.30174002040646,0.14791571223866706,0.3360447854705724,26.11451544980105,0.017752703420246596,0.008404406492052997,0.05282838534568247,0.02500978100369593,-0.09459971932821337,0.2647408426116836,0.28113487980633245,109.66330886384418,0.032075510652209656,0.0073143594173797795,0.11409296019869808,0.026017260549165862,0.1941393981471179,0.020252067855825714,0.10431714556196778,-1.0,84.21309676772555,0.3405529801629718,0.2756566454627977,0.8094383591383698,-1.0,39.2085414414736,1.7541672808983493,-46.33182950078577,-0.008774294204819313,-0.04551277851175331,0.046350849470669246,0.00753508993313647,-0.014095652828211763,0.015983272786070094,-0.046948912231917106,-0.011620353814321388,0.048365617772651984,0.01842552776057184,-0.04034712398281398,0.04435527575092017
B015_N1_m1_a2_1784817145.npz,B015,B_phase,D2,N1,1004.0,1,2,1,0.0,0.0,-1.102182119232618e-15,-6.0,0.0,6.0,,-90.00000000000001,0,0,1004.0266113185075,0.029688516383993908,0.08544395759672352,0.09045483897986531,70.83961050636316,0.016401703551008884,0.00449821781133296,0.18132477749100634,0.04972887975992346,0.010503895135069885,0.1749809188524813,0.17529590347600021,86.56472526047483,0.014517512218768847,0.0040848478459414635,0.08281717901500443,0.023302585884448352,0.3041629826098692,0.14837254523645138,0.3384221212776647,26.003400410113578,0.02263033335337624,0.008973379350206765,0.06687013623086643,0.02651534514448714,-0.09256411889652433,0.2665357330861686,0.2821514010577853,109.15139656826742,0.027088035014458875,0.002217716776495721,0.09600531811256602,0.007860023973588304,0.19603615580529693,0.021921616897982152,0.11182435611395429,-1.0,83.33520523941763,0.3433908707637639,0.27608269624344367,0.8039896215918187,-1.0,39.449859078346734,1.7516711106333855,-44.83621009624957,-0.005866968554692261,-0.044731373609197295,0.04511448885876177,0.00955845265643517,-0.01273314523893318,0.015921589269324823,-0.0445259500285079,-0.01116352081653707,0.045904078500308,0.020461128192260883,-0.03855223350832898,0.043645532135384225
B015_N1_m1_a3_1784817153.npz,B015,B_phase,D2,N1,1004.0,1,3,1,0.0,0.0,-1.102182119232618e-15,-6.0,0.0,6.0,,-90.00000000000001,0,0,1003.9672721810617,0.028798609494615417,0.08411292053844177,0.08890637384535247,71.0998048992825,0.013583170413853589,0.008369299670291222,0.15278061432896514,0.09413610417684044,0.009839739477281478,0.1749537041420976,0.17523018879753965,86.78096422780976,0.012477909295538304,0.007154491085458763,0.07120867346639247,0.04082910105019082,0.3031987228833877,0.14833549099149312,0.33753945465057067,26.069508105644914,0.020171244029870784,0.011209739543596657,0.0597596629133402,0.03321016073573165,-0.09309642275948105,0.26665091455716794,0.2824352211831699,109.24573956045542,0.02439557824434464,0.005163784444543331,0.0863758356416999,0.018283075400126608,0.19530781482679238,0.021559680979419613,0.11038821461670488,-1.0,83.64704455694118,0.3425598133986091,0.276324649379857,0.806646426614906,-1.0,39.73571402749115,1.753948318465425,-45.0302967936376,-0.006756875444070751,-0.04606241066747904,0.04655535460359177,0.008894296998646764,-0.012760359949316874,0.015554269675438541,-0.04549020975498941,-0.011200575061495327,0.04684882138604049,0.019928824329304165,-0.038437052037329666,0.04329624704831418
B015_N2_m1_a1_1784817096.npz,B015,B_phase,D2,N2,1205.3,1,1,1,0.0,0.0,-1.102182119232618e-15,-6.0,0.0,6.0,,-90.00000000000001,0,0,1205.3228345815949,0.06737036603979715,0.17366378251818887,0.18627365776958657,68.79695330867834,0.02694586095550528,0.006843954980330446,0.14465738890915153,0.036741400057737406,0.0064734444502021204,0.3518968947916917,0.3519564320297113,88.9461139858706,0.014640305076389191,0.004574015913080002,0.04159692434645801,0.012995971935224856,0.6344148572116728,0.2657134503252905,0.6878123644822604,22.725511247583587,0.010839528535713234,0.009027644979116877,0.015759426691714845,0.013125156576550192,-0.16194304744141597,0.5777932833591661,0.6000588545381014,105.65704335708384,0.01811336174942847,0.0035401039387660586,0.03018597527966041,0.005899594534757883,0.3940646539290438,0.05730841255634958,0.14542895939778622,-1.0,84.70106344833863,0.7018230980092358,0.5836101581920715,0.8315630532074499,-1.0,40.40681333768919,1.7809846455693734,-46.07144206109476,-0.011306994862646247,-0.06254616514251321,0.06355997881417554,0.021013222803749156,-0.015536604070886362,0.02613315133418636,-0.08359586797186513,-0.023666008279232542,0.0868812355450946,0.04566268831434506,-0.045347480272422414,0.06435429333891224
B015_N2_m1_a2_1784817104.npz,B015,B_phase,D2,N2,1205.4,1,2,1,0.0,0.0,-1.102182119232618e-15,-6.0,0.0,6.0,,-90.00000000000001,0,0,1205.3730753688246,0.06652366818761024,0.17548477528002931,0.1876707350233852,69.2390271659845,0.024772412712680988,0.010901258250094536,0.13199933761432842,0.058087150608410826,0.005887427297121162,0.35263174887704885,0.35268089275755343,89.04349679229037,0.01743615871402442,0.007967469011109325,0.04943890942799307,0.0225911558429293,0.6343433613984477,0.26716952923942106,0.6883102915867926,22.839606546458775,0.01033159466882081,0.009867704411322387,0.01501008309058248,0.014336127952662056,-0.1623772851658855,0.5784913005328993,0.6008482067295271,105.67895143254107,0.021225779038693625,0.008454573490516697,0.03532635830641406,0.014071063865756926,0.3954598237941934,0.05670665450498777,0.14339422387063835,-1.0,84.82864564470287,0.7027005102287736,0.5839534381768852,0.8310132548313809,-1.0,40.72291116653804,1.7769201014828637,-46.39942061952573,-0.012153692714833159,-0.060725172380672765,0.061929466389344996,0.020427205650668197,-0.014801749985529189,0.02522622709262731,-0.08366736378509021,-0.022209929365101966,0.08656505487290725,0.04522845058987551,-0.044649463098689224,0.06355460091733738
B015_N2_m1_a3_1784817113.npz,B015,B_phase,D2,N2,1205.3,1,3,1,0.0,0.0,-1.102182119232618e-15,-6.0,0.0,6.0,,-90.00000000000001,0,0,1205.2880404182158,0.0670896528996101,0.17391026836118206,0.18640226116559994,68.90479898169808,0.02330276999745554,0.003540913539514077,0.1250133439999064,0.018996086835922694,0.006295813578197834,0.350912579005008,0.3509690518728929,88.9721518366774,0.01903089019043244,0.003188432113137735,0.05422384135831063,0.009084653179883391,0.6349785030956592,0.26577824125781624,0.6883573003315226,22.712361292413494,0.009753621728642543,0.00340471155576946,0.0141694171383743,0.004946139968486863,-0.16208910142668037,0.5766050505364888,0.5989543063585865,105.70117243397692,0.02280756470413744,0.00572166972911068,0.03807897273967146,0.009552764991199825,0.3932774080811831,0.0570785304046319,0.14513554359280498,-1.0,84.71890171792707,0.7019528133683879,0.5829616469626477,0.8304855196252443,-1.0,40.03625119267482,1.7848795759544007,-46.19243768928459,-0.011587708002833305,-0.06229967929952002,0.06336817038215614,0.02083559193174487,-0.016520919857570038,0.026590650313342165,-0.08303222208787875,-0.023601217346706782,0.0863213030780775,0.04551663432908065,-0.04653571309509974,0.06509482770479295
B016_N1_m1_a1_1784818293.npz,B016,B_phase,D2,N1,1004.1,1,1,1,0.0,0.0,7.347880794884119e-16,12.0,0.0,12.0,,90.0,0,1,1004.1379840246789,0.03969990762132898,0.10315086405622392,0.11052684479658163,68.94966813419302,0.01608570161645724,0.005637787509341853,0.1455366037641087,0.05100830951718454,0.004963272505250499,0.238241926801199,0.23829362089638328,88.8065348481192,0.023287942868641047,0.005557031860287674,0.09772793237619774,0.023320103322044136,0.44989014337855204,0.19021716665048383,0.4884503164066045,22.919031885974558,0.019642248628138514,0.0021287830459885033,0.04021340138059725,0.004358238646766325,-0.12536538794208502,0.39388065658065985,0.4133502777575953,107.65537134899503,0.034862305790232424,0.00751282946454619,0.08434083068568067,0.018175455222391324,0.260422590884142,0.03435269040101041,0.1319113302896729,-1.0,85.44327170831495,0.49327311000422797,0.4075828782796819,0.826282377882282,-1.0,34.84543555754062,1.8941256529610275,-46.03063624821846,0.004144422682642812,-0.02702446714969689,0.027340410825323208,0.004017830026615783,0.050527862709784516,0.050687354124491525,0.10120121074017496,0.030681100597495375,0.10574977536217718,-0.012340140853299805,0.08879268998616224,0.08964608675931145
B016_N1_m1_a2_1784818302.npz,B016,B_phase,D2,N1,1003.9,1,2,1,0.0,0.0,7.347880794884119e-16,12.0,0.0,12.0,,90.0,0,1,1003.9213010669969,0.041395606147026295,0.1005247094887316,0.10871436623590097,67.61836458928597,0.011500292677561275,0.009099415092805775,0.10578447978629257,0.0837002082416671,0.006271175782847138,0.2353851314688265,0.23546865558348973,88.4738758776836,0.020801261057565173,0.006871165875105952,0.08833983022504541,0.02918080904687399,0.4501888286661616,0.18892193560792103,0.48822277620944116,22.765378039855356,0.016567583871088344,0.010903985271101826,0.03393447556813914,0.02233403643263083,-0.12384399599743012,0.38928047229845,0.408505350586153,107.64772211755032,0.031486837508726516,0.005487971112601473,0.07707815200840558,0.013434269844267486,0.25691631401077275,0.03547264838559039,0.1380708287139095,-1.0,84.98583432172498,0.4924878081572589,0.4033532688396473,0.8190116834544062,-1.0,33.664858749612115,1.9169191728969317,-44.852986549430625,0.005840121208340127,-0.029650621717189213,0.030220297548898434,0.005325733304212423,0.04767106737741203,0.04796763596561076,0.10149989602778453,0.02938586955493258,0.10566815141351997,-0.010818748908644912,0.08419250570395237,0.08488476509161322
B016_N1_m1_a3_1784818310.npz,B016,B_phase,D2,N1,1004.1,1,3,1,0.0,0.0,7.347880794884119e-16,12.0,0.0,12.0,,90.0,0,1,1004.0551242456476,0.04040813955614643,0.10155516248248114,0.10929898796069501,68.30271195314388,0.013183961129020877,0.0037100490691007863,0.12062290214216767,0.03394403862581927,0.005062409444058613,0.23817231945811124,0.23822611474277097,88.78234789413878,0.019825117507139573,0.0022676473997672356,0.08321974913852793,0.009518886719097818,0.4502280761568238,0.19015453276838234,0.48873721660237474,22.896840933499245,0.01759808800780191,0.007784670548248376,0.0360072599548303,0.015928131281604044,-0.1254989115680708,0.39323552179432286,0.41277615290327013,107.70019150144046,0.030770826518475753,0.0017002688107064805,0.07454603736685966,0.004119106200170728,0.2597457521871728,0.03507270641664073,0.13502706443248141,-1.0,85.38747319882697,0.49339092666643003,0.40720217678826554,0.8253134680434959,-1.0,34.56105419827754,1.8995149006744585,-45.40587101964462,0.004852654617460261,-0.02862016872343967,0.029028646447854106,0.004116966965423898,0.050458255366696764,0.050625931612615034,0.10153914351844673,0.030618466715393894,0.1060551185490894,-0.012473664479285593,0.08814755519982526,0.08902574792299153
B016_N2_m1_a1_1784818245.npz,B016,B_phase,D2,N2,1204.7,1,1,1,0.0,0.0,7.347880794884119e-16,12.0,0.0,12.0,,90.0,0,1,1204.661784606421,0.095690003604041,0.2153111756990736,0.2356172302075099,66.03836705361667,0.037648344205736956,0.0027157452834241586,0.1597860401490153,0.01152608950131695,0.012435682916673074,0.47790316697020924,0.4780649361852004,88.50942315395478,0.021830101992473296,0.0011748398927877873,0.04566346606942201,0.0024574901940364415,0.9190695358118288,0.35447497131609496,0.9850590423659471,21.091076246851866,0.010193642708217463,0.0066527555081245205,0.010348255556067013,0.006753661681177723,-0.19566260943202685,0.8186940149574959,0.8417504065083512,103.44119748036798,0.023504389594177368,0.0016300039325649026,0.02792322927609323,0.001936445673161348,0.5266679688084032,0.08174602749766702,0.15521359250804456,-1.0,84.3445630829991,1.0053196365165629,0.8174457121045391,0.8131202081528938,-1.0,37.636088205941576,1.908830033448054,-44.947290806764784,0.017012642701597594,-0.02089877196162848,0.02694788825114819,0.02697546127022011,0.1104696681076312,0.11371553580118829,0.2010588106282909,0.06509551271157193,0.21133402732746415,0.011943126323734177,0.1955532513259074,0.1959176162842897
B016_N2_m1_a2_1784818253.npz,B016,B_phase,D2,N2,1204.7,1,2,1,0.0,0.0,7.347880794884119e-16,12.0,0.0,12.0,,90.0,0,1,1204.712073893699,0.09780981037258563,0.2171144800531411,0.2381290751963459,65.74849320296883,0.03859909386884178,0.006916418825295658,0.1620931582462807,0.029044831336084535,0.013314005200238482,0.47839537447361963,0.4785806066403305,88.40583858114101,0.01695194398283734,0.005363448482359518,0.03542129318996267,0.011206990855754276,0.9207249332381555,0.35502412117064286,0.9868011599605025,21.086237629736654,0.006042596577968308,0.004304205777852939,0.006123418600572143,0.004361776163726052,-0.1950577705856688,0.8194646224005768,0.8423596626334687,103.38900049644239,0.0157712568299862,0.007295770980554457,0.01872271136616457,0.008661111523011075,0.528046213119183,0.0831387413699784,0.1574459570098527,-1.0,84.14263045554851,1.0071918756349167,0.8178697061185132,0.8120296895791995,-1.0,37.6038808701284,1.9073934262029977,-44.66225557323219,0.019132449470142227,-0.01909546760756098,0.02703123204515392,0.027853783553785517,0.1109618756110416,0.11440441904656218,0.2027142080546176,0.06564466256611984,0.21307808866852201,0.012547965170092212,0.19632385876898828,0.1967244492986459
B016_N2_m1_a3_1784818262.npz,B016,B_phase,D2,N2,1204.7,1,3,1,0.0,0.0,7.347880794884119e-16,12.0,0.0,12.0,,90.0,0,1,1204.7060862866456,0.0978087055190214,0.21759968491575415,0.23857109160739098,65.79659814030904,0.032066730568346385,0.01015946213820301,0.13441163534229708,0.04258463198434,0.013677158670761719,0.47842886699374504,0.47862432600341553,88.36249409752726,0.02343548278010119,0.0059674910602525895,0.04896425339637658,0.012468006192000372,0.921375748483348,0.35571276097398463,0.9876562348372965,21.109928684221657,0.005815183777627415,0.011354679737806047,0.0058878621655088234,0.011496590956747802,-0.19467541253102338,0.8195423771457766,0.8423468550317467,103.36247499276327,0.023588026786762625,0.0056124937949701935,0.02800274809107423,0.006662924852682768,0.5283166054286197,0.08293959019277877,0.15698842198134288,-1.0,84.10199013845154,1.0081911069899503,0.8176574797439562,0.8110143742342162,-1.0,37.61834323954031,1.9083085722282223,-44.68666945608737,0.019131344616578005,-0.018610262744947925,0.02668988996369721,0.028216937024308754,0.110995368131167,0.11452583674266296,0.2033650232998101,0.06633330236946161,0.21390988687989793,0.012930323224737639,0.19640161351418806,0.1968267945419848
B017_N1_m1_a1_1784818779.npz,B017,B_phase,D2,N1,1006.6,1,1,1,0.0,0.0,-12.0,1.4695761589768238e-15,0.0,12.0,,180.0,0,1,1006.6007148616809,0.006260423186823318,0.09154043980576221,0.09175426430586477,86.08765080653268,0.00958138957167536,0.005310837654743428,0.10442446075024478,0.0578810989867418,-0.048231897325351936,0.20524857461158408,0.2108394965363233,103.2241496913762,0.020838026186496193,0.0046242720220565055,0.09883359867967731,0.021932664885015215,0.32194940998936705,0.2631053972727585,0.4157834444353907,39.256583770246706,0.01351247425305531,0.009373500234274012,0.032498827055041715,0.022544188230011586,-0.2163522714428477,0.3053214773269859,0.3742051708296036,125.32157027148875,0.03198436340706163,0.003497719516461998,0.08547279914960311,0.009347063560633436,0.22858324359992757,0.0249367011318046,0.1090924283822373,-1.0,100.58974773044449,0.41957308744304345,0.36995108708541824,0.8817321657591746,-1.0,53.907270602638285,1.835537377260213,-46.83106703628596,-0.02929506175186285,-0.038634891400158605,0.04848562133816073,-0.04917733980398665,0.017534510520169605,0.05220986314269276,-0.026739522649010028,0.10356933121977005,0.10696545442715305,-0.10332702435406248,0.00023351073248828458,0.10332728821142655
B017_N1_m1_a2_1784818788.npz,B017,B_phase,D2,N1,1006.4,1,2,1,0.0,0.0,-12.0,1.4695761589768238e-15,0.0,12.0,,180.0,0,1,1006.4325369137499,0.007952989716209068,0.09153701308218681,0.09188185244886266,85.03445296258867,0.018159772673613187,0.004447674955432281,0.19764264857111047,0.04840645717180831,-0.04601600846463946,0.20327421913308674,0.2084175645169666,102.75529520899818,0.020389913681941037,0.0032315806678496614,0.09783203123593338,0.015505318255393915,0.323300072179056,0.2619846709218987,0.41612366487504454,39.019414347088066,0.0197640142324091,0.008047987700796854,0.047495530537403886,0.019340374941698015,-0.21340519773665279,0.3030588507112625,0.3706567757581819,125.1520887308069,0.03383565784873175,0.003432433285769546,0.09128568546877525,0.00926040884791185,0.22631128985000393,0.025755700243752053,0.1138065195988348,-1.0,99.97675837481738,0.419480795924117,0.3668531201112494,0.8745409174288211,-1.0,52.2889496224677,1.8535566484647905,-46.0150386155006,-0.0276024952224771,-0.038638318123734,0.047484917288942836,-0.046961450943274176,0.015560155041672269,0.0494721770252576,-0.025388860459321094,0.10244860486891025,0.1055476711017774,-0.10037995064786757,-0.002029115883235122,0.10040045718688698
B017_N1_m1_a3_1784818796.npz,B017,B_phase,D2,N1,1006.4,1,3,1,0.0,0.0,-12.0,1.4695761589768238e-15,0.0,12.0,,180.0,0,1,1006.4083269546525,0.010145950405306452,0.09042945734909474,0.09099685195696983,83.59833460499021,0.015329265537796772,0.004388253079621902,0.16845929510886382,0.048224229577711095,-0.043398514034520774,0.20134734030985152,0.20597131467817467,102.16347905955045,0.020618861225604475,0.0047833200175513265,0.10010549895173976,0.02322323390043488,0.32427180674691203,0.26086398392415255,0.4161757114004698,38.81531689149045,0.017897387020678578,0.008548105033910392,0.04300440061831627,0.020539653804267498,-0.20978300387247117,0.3012575510597427,0.3671035559406511,124.8517195934181,0.033608028696865376,0.003352868556119669,0.0915491777538072,0.009133304490958734,0.22358960461674718,0.02668891612001148,0.11936563940778329,-1.0,99.25281225221512,0.4194193431060134,0.3633932555407133,0.8664198767028757,-1.0,51.352020798485995,1.8758445582697645,-44.78301771349976,-0.025409534533379716,-0.03974587385682607,0.04717392218001113,-0.04434395651315549,0.013633276218437046,0.04639237760331784,-0.024417125891465052,0.1013279178711641,0.10422832137622208,-0.09675775678368596,-0.003830415534754883,0.09683354574206099
B017_N2_m1_a1_1784818868.npz,B017,B_phase,D2,N2,1205.3,1,1,1,0.0,0.0,-12.0,1.4695761589768238e-15,0.0,12.0,,180.0,0,1,1205.2662190757878,0.033981266041820196,0.17392433205234198,0.17721286556471647,78.94483986424079,0.032076695597986364,0.005090559405352076,0.18100658491001184,0.028725676260186944,-0.07592743711297299,0.38687522551775033,0.3942555209834792,101.10364156525867,0.021916716169954033,0.0037928070994211103,0.05559013128156657,0.009620174981849,0.6587421867048378,0.4832027290413794,0.8169615326915387,36.26091426031923,0.012532338230927783,0.003857653515517282,0.015340181550089746,0.004721952455714731,-0.33885945052773786,0.6085535779765014,0.6965365636346468,119.11026906360674,0.027823991462187746,0.005900289555989922,0.039946203709676636,0.008470897098640743,0.4278411906481206,0.06159327181122515,0.14396293100699306,-1.0,97.58840773766731,0.8316953850968114,0.6788756268907707,0.816255132655026,-1.0,51.89885754310316,1.9439348133752787,-42.68392560392155,-0.0446960948606232,-0.0622856156083601,0.07666315156254809,-0.06138765875942596,0.019441726655172298,0.06439274325029307,-0.05926853847870017,0.19382327043685638,0.20268255923053646,-0.13125371477197684,-0.014587185655087098,0.13206181744463247
B017_N2_m1_a2_1784818877.npz,B017,B_phase,D2,N2,1205.4,1,2,1,0.0,0.0,-12.0,1.4695761589768238e-15,0.0,12.0,,180.0,0,1,1205.4125029339066,0.03179134289331359,0.17773613591899207,0.18055698129503236,79.85885083850955,0.030709117501381698,0.007591301968559653,0.17007992314183973,0.042043801984900105,-0.07861953665993168,0.38860061200833745,0.3964737913127131,101.43738592679732,0.01710389215134001,0.007458679531692303,0.043140032269748586,0.018812541194707558,0.6579217996817603,0.4844920745041541,0.8170640518061146,36.36784421439134,0.01046481789262554,0.011818655645526758,0.012807830511565319,0.014464784761245705,-0.3426498834928075,0.6115805459724419,0.7010276077798825,119.26057678678579,0.020843153805814578,0.006627888451639607,0.02973228668101068,0.009454532714666945,0.4313548904064918,0.06103481969052493,0.14149560152895946,-1.0,97.92517943772773,0.8322050677626648,0.682984697349471,0.8206927881196828,-1.0,52.49672611282573,1.9292816339196426,-43.4910066241182,-0.04688601800912981,-0.05847381174171001,0.07494988555266371,-0.06407975830638464,0.02116711314575942,0.06748527323446243,-0.06008892550177758,0.19511261589963108,0.20415585186605636,-0.13504414773704648,-0.01156021765914661,0.1355380406762326
B017_N2_m1_a3_1784818885.npz,B017,B_phase,D2,N2,1205.3,1,3,1,0.0,0.0,-12.0,1.4695761589768238e-15,0.0,12.0,,180.0,0,1,1205.2631005661647,0.034061574848724255,0.17806678478822935,0.18129525842115352,79.1709681676965,0.03322635191723935,0.0068037822802110275,0.18327204035338687,0.03752873814496388,-0.07631883158122436,0.3878546057739999,0.39529199242335805,101.13197179941655,0.02060448794977952,0.006260874458805223,0.052124728921177074,0.015838606849641976,0.65973225218527,0.4836777729729257,0.8180408502278463,36.246728011540824,0.013270659164597564,0.011010814563600669,0.016222489574819313,0.013459981320656372,-0.34006058918348653,0.611510192245188,0.6997041657268925,119.0784194273033,0.026305549646531156,0.00521267765507338,0.037595245155077006,0.007449830814796069,0.4304024690317889,0.06226913080621074,0.14467651857641095,-1.0,97.5211034940065,0.8331455981682454,0.6816488571324251,0.8181629461058173,-1.0,52.19099159400172,1.9357361031000742,-42.92424015615569,-0.044615786053719145,-0.05814316287247273,0.07328844215840674,-0.06177905322767733,0.02042110691142185,0.06506668137530844,-0.05827847299826794,0.19429831436840267,0.20285022894099103,-0.1324548534277255,-0.011630571386400557,0.1329645004778885
B018_N1_m1_a1_1784819657.npz,B018,B_phase,D2,N1,1003.9,1,1,1,0.0,0.0,-2.204364238465236e-15,-12.0,0.0,12.0,,-90.00000000000001,0,1,1003.8974911553535,0.018962562098558202,0.047470884882417685,0.051118134481428684,68.22543167026166,0.014598971464294216,0.006705339412636117,0.28559280600504017,0.13117339825991067,0.007191570672191616,0.1579789968117335,0.15814260059318244,87.39356253878131,0.01687411954373875,0.004446050696743081,0.10670192269790077,0.028114187322493992,0.25067247601650866,0.12978709077304407,0.28227890315001847,27.37311716995319,0.022004244432751514,0.00801577386062951,0.07795213948758067,0.028396645201534915,-0.09240342921896011,0.22411934256434418,0.2424208601645024,112.40614074667809,0.030662893678096142,0.006402444685407853,0.1264862011350379,0.0264104528012287,0.1654227512973756,0.016045533597948067,0.09699713897941091,-1.0,85.67959996535295,0.2850319889225347,0.23917779557755528,0.8391261503022331,-1.0,39.846356615268654,1.723051918113374,-40.85231450030847,-0.016592922840127967,-0.08270444632350313,0.08435253718801616,0.006246128193556901,-0.029735067279680977,0.030384014605339772,-0.09801645662186842,-0.029748975279944384,0.10243157374029434,0.0206218178698251,-0.08096862403015342,0.08355344068075579
B018_N1_m1_a2_1784819666.npz,B018,B_phase,D2,N1,1004.0,1,2,1,0.0,0.0,-2.204364238465236e-15,-12.0,0.0,12.0,,-90.00000000000001,0,1,1003.9888300314783,0.021512369034496413,0.04981529974204446,0.05426182921599764,66.64325551102866,0.01025680114497456,0.012424468316003667,0.18902424214535357,0.22897252996293474,0.008581576075638753,0.1584144962914657,0.15864676512056833,86.89922334675401,0.01751044038627852,0.009458548122209299,0.11037376257228404,0.05962017640272081,0.2521235043951101,0.1305699352025373,0.2839274017196401,27.378773921054105,0.019157435258331596,0.013050690110328639,0.06747300592440994,0.045964884091093644,-0.0910707855190731,0.22558987132697395,0.24327901270019509,111.98396351042443,0.03083518562008119,0.008487430968835143,0.12674823560748716,0.03488764145592217,0.16671397144730868,0.017877189861743192,0.10723270345337209,-1.0,84.90321626066216,0.287104766036629,0.23952098193415142,0.8342633431017066,-1.0,40.49909222773295,1.7221398035459243,-39.26448158997454,-0.014043115904189756,-0.08036003146387635,0.0815778386645154,0.007636133597004037,-0.029299567799948772,0.030278296015051585,-0.09656542824326697,-0.02896613085045116,0.10081626192361529,0.021954461569712105,-0.07949809526752366,0.08247390820120162
B018_N1_m1_a3_1784819674.npz,B018,B_phase,D2,N1,1004.0,1,3,1,0.0,0.0,-2.204364238465236e-15,-12.0,0.0,12.0,,-90.00000000000001,0,1,1004.043680159324,0.02071100536536662,0.049293802748733906,0.05346797857293028,67.21007745380307,0.01203256158220213,0.009890010053077132,0.22504238804894644,0.18497071176138008,0.008306127904912336,0.15728187562970192,0.1575010481310197,86.97699188284999,0.015805557331928073,0.0077258918321980626,0.10035207714160717,0.0490529550366621,0.2515791971417862,0.12933151894433426,0.28287582828328484,27.206732885509506,0.02125160867532905,0.011029142404491626,0.07512698700451251,0.03898934197179455,-0.09085011195496417,0.22485447789218527,0.24251449249559653,112.00065845164481,0.02928717003101435,0.006446968862885694,0.12076461793946658,0.026583849882714762,0.16543590630208105,0.01721527812886503,0.10406010710534896,-1.0,85.04991963282579,0.2858512723938351,0.2390001325693705,0.8360995932181303,-1.0,40.012221979673356,1.727867176983207,-40.00334456829356,-0.014844479573319549,-0.08088152845718691,0.08223247667055539,0.0073606854262776205,-0.030432188461712556,0.03130970751242826,-0.09710973549659085,-0.030204547108654195,0.10169864991363822,0.022175135133821036,-0.08023348870231234,0.08324151204505661
B018_N2_m1_a1_1784819699.npz,B018,B_phase,D2,N2,1205.3,1,1,1,0.0,0.0,-2.204364238465236e-15,-12.0,0.0,12.0,,-90.00000000000001,0,1,1205.2574794499642,0.05487537606302781,0.12184089511319596,0.13362825532066017,65.75388792335028,0.014184500710119343,0.010696679715127132,0.10614896285281582,0.08004803841417307,0.015079312356295727,0.30171593891591303,0.3020925246626432,87.13882312621222,0.020027797240347346,0.008734501882952805,0.06629689782199363,0.02891333339911974,0.5300285367348847,0.23109177758325572,0.578215928023357,23.557141334978702,0.011254177998624366,0.007597673051737627,0.019463625011329252,0.013139854306176637,-0.13351202262888584,0.47164736796490137,0.49018027285344234,105.80554146364658,0.02557061839754202,0.010125249951643106,0.05216574353082403,0.020656175926260553,0.32725108682279924,0.04497922020655673,0.13744559458380712,-1.0,83.8253470415913,0.5898401016129982,0.4761291986885021,0.8072174092376254,-1.0,39.5547267717524,1.8024083810984752,-42.19674658837158,-0.02380198483941559,-0.11436905254750612,0.11681958167580461,0.02961909070984276,-0.065717559946665,0.07208389709096895,-0.18798218844865322,-0.0582876810212673,0.19681147561253123,0.07409371312687518,-0.15149339566668718,0.16864200916601743
B018_N2_m1_a2_1784819707.npz,B018,B_phase,D2,N2,1205.1,1,2,1,0.0,0.0,-2.204364238465236e-15,-12.0,0.0,12.0,,-90.00000000000001,0,1,1205.1468115678613,0.05371900046659188,0.1197125227194552,0.1312128770623744,65.83263598386138,0.02159878972195206,0.00809094117360316,0.1646087655839197,0.06166270685275033,0.013545190837640886,0.29959348349374504,0.2998995290872345,87.41131180309497,0.009143190684795804,0.00522530935183425,0.030487512643396785,0.017423533033672476,0.5285985685370966,0.2289517771631373,0.5760515280125785,23.418872701928613,0.01293926715168867,0.007564000831273169,0.02246199605846047,0.013130771230430627,-0.13504430317523064,0.46941495281164014,0.48845405284759175,106.04980797987675,0.01356521344849748,0.005485695163183897,0.027771728721289003,0.011230729136555147,0.3242914244186146,0.04462755541452801,0.13761558910950453,-1.0,84.13425033559557,0.586660790343888,0.4756593757532267,0.8107911481086121,-1.0,38.908729370826414,1.809054283182621,-42.41376328193277,-0.02495836043585152,-0.11649742494124687,0.1191409659755507,0.02808496919118792,-0.067840015368833,0.07342365545049818,-0.1894121566464413,-0.06042768144138572,0.19881767972149159,0.07256143258053038,-0.1537258108199484,0.16999054800308583
B018_N2_m1_a3_1784819716.npz,B018,B_phase,D2,N2,1205.1,1,3,1,0.0,0.0,-2.204364238465236e-15,-12.0,0.0,12.0,,-90.00000000000001,0,1,1205.0634028947686,0.054327470695999636,0.12164446294924464,0.13322480789415628,65.93404746113139,0.019303280958631448,0.005112569411972941,0.14489254113969083,0.038375505979597636,0.014324976925657512,0.3011337205879423,0.3014742487163,87.27648417459677,0.013328152359508048,0.0025621604940548816,0.04420991980661805,0.00849877064115676,0.5294265919375833,0.22957628200360647,0.5770596030820767,23.443095535140458,0.012831474539374553,0.007885441957912106,0.02223596049843312,0.01366486566690155,-0.1341308198081485,0.4718312317949528,0.4905260320508469,105.86923767287294,0.01865625327872018,0.0007901932256830558,0.03803315636627887,0.0016109098682883889,0.32654526374815784,0.044763409176897945,0.13708178971299034,-1.0,83.97442787401218,0.5883733454565366,0.4768966135181455,0.8105340209592721,-1.0,39.42760550054471,1.8018125227206143,-42.49095192599094,-0.024349890206443764,-0.11456548471145744,0.11712458085405068,0.028864755279204547,-0.06629977827463573,0.07231068175998777,-0.18858413324595458,-0.05980317660091655,0.19783931672872399,0.07347491594761252,-0.15130953183663576,0.16820564110079844
B019_N1_m1_a1_1784820821.npz,B019,B_phase,D2,N1,1004.9,1,1,1,0.0,0.0,1.4695761589768238e-15,24.0,0.0,24.0,,90.0,0,1,1004.855231868914,0.0437730640082931,0.11144883491553592,0.11973689463446303,68.55689865152948,0.02263106772392618,0.0035161665638131097,0.18900663653433716,0.0293657738038671,-0.004439380507965662,0.28891161812073174,0.28894572359603116,90.88033064377562,0.018608120674650813,0.003642150553721814,0.06440005563351554,0.01260496438014022,0.5496303551987824,0.22081655747950535,0.5923288608645028,21.888024872518848,0.020355783021137608,0.0027312065680006716,0.03436567820016128,0.004610963180174069,-0.1601615304411972,0.495351955473714,0.5206008793931287,107.91751165966781,0.03043460927672451,0.005835728891870727,0.05846054142705739,0.011209602447605375,0.3098841507210691,0.04240717218844314,0.13684847091974836,-1.0,87.81142925347864,0.5968298484832835,0.515434658319907,0.8636207784007032,-1.0,34.10317145211916,1.9259773276384762,-46.668873779010625,0.008217579069606934,-0.018726496290384892,0.02045018995215059,-0.005384822986600378,0.10119755402931727,0.1013407186678366,0.20094142256040537,0.0612804914265169,0.21007797107282525,-0.047136283352411976,0.19026398887921642,0.196015853115276
B019_N1_m1_a2_1784820830.npz,B019,B_phase,D2,N1,1004.9,1,2,1,0.0,0.0,1.4695761589768238e-15,24.0,0.0,24.0,,90.0,0,1,1004.8912919043328,0.044634802839790336,0.11217569626434332,0.12072966684679107,68.30234954453539,0.018938063677781548,0.008700402679603996,0.1568633805791448,0.07206515935014567,-0.004641971567092645,0.29074200322055915,0.29077905759654243,90.91470369163932,0.01931938944679282,0.006223333996394175,0.0664400992508841,0.021402277206046542,0.5509258597704496,0.22169144224469595,0.5938572206585877,21.91975370616981,0.01801909151391984,0.011621713253252649,0.030342464294593686,0.019569877824107566,-0.16147795519186753,0.4968054916204476,0.5223895352293932,108.00584833529778,0.030387471080921418,0.0050100332228352525,0.05817013747715597,0.00959060793711197,0.31185692758852435,0.04328243880277982,0.13878940941753998,-1.0,87.80087911918491,0.5982796796981064,0.5173187121164816,0.8646770560175504,-1.0,34.069341986786135,1.9184428074899105,-46.382595838365575,0.009079317901104167,-0.017999634941577497,0.020159882727321807,-0.005587414045727361,0.10302793912914468,0.10317933628841161,0.20223692713207253,0.062155376191707495,0.21157283730516044,-0.04845270810308232,0.19171752502595002,0.19774547864514697
B019_N1_m1_a3_1784820838.npz,B019,B_phase,D2,N1,1004.8,1,3,1,0.0,0.0,1.4695761589768238e-15,24.0,0.0,24.0,,90.0,0,1,1004.8492530966437,0.04419143097097973,0.11116624272507569,0.11962782323888248,68.3209109065321,0.020604352534559795,0.0023235939134596275,0.1722371265873104,0.019423524148054486,-0.00430812928894142,0.28906709184075213,0.2890991932939974,90.8538479810169,0.017920988634604312,0.0031919287017179786,0.06198906482723972,0.01104094641478978,0.5510923471983522,0.22136013592619586,0.5938881080791676,21.88410530789084,0.019526448620224242,0.003274134047189301,0.0328790025504624,0.0055130486747393265,-0.16027123780645708,0.49542469869798156,0.5207038522500095,107.92653535768932,0.029032304950948464,0.005686971582152556,0.05575588662441653,0.010921700612696884,0.3099365314230825,0.04276103536564546,0.13796707077189946,-1.0,87.76794768924492,0.5982892342369397,0.5156409398622543,0.8618589644520425,-1.0,33.84687602697042,1.9303604886131929,-46.43680559864126,0.008635946032293562,-0.01900908848084512,0.02087881722572631,-0.005253571767576136,0.10135302774933766,0.10148909424305197,0.20240341455997513,0.061824069873207405,0.21163496365493198,-0.04724599071767187,0.19033673210348395,0.19611286349122475
B019_N2_m1_a1_1784820765.npz,B019,B_phase,D2,N2,1205.1,1,1,1,0.0,0.0,1.4695761589768238e-15,24.0,0.0,24.0,,90.0,0,1,1205.0884374812822,0.10855457795358409,0.23593262395660253,0.25970810430506086,65.29244465171408,0.045950022334379614,0.010630842029783892,0.17692948957959875,0.04093380935581659,0.007798093529085004,0.560237344949653,0.5602916141965048,89.20253621122191,0.02399419583114438,0.00677777793407503,0.042824477866858036,0.0120968755596937,1.1090841177259767,0.41543051422443267,1.1843352955733375,20.534482140275887,0.007461347020777859,0.012569760830821784,0.006300029264234514,0.010613346471901569,-0.23761184769126892,0.9770595263787272,1.0055370248035034,103.66846795013191,0.023527925037205858,0.006733351932342545,0.023398367694917606,0.006696274494376117,0.6099389801223527,0.09669246562146178,0.158528096699223,-1.0,85.24184094442246,1.2037205441752121,0.9822482639954102,0.8160102182757424,-1.0,35.39470899933896,1.9735097827880224,-44.757962511438194,0.029877217051140686,-0.0002773237040995524,0.02987850409839534,0.02233787188263204,0.19280384608707501,0.1940935433913591,0.3910733925424388,0.12605105561990965,0.4108859537360044,-0.030006111935507895,0.3539187627471386,0.35518848148265114
B019_N2_m1_a2_1784820773.npz,B019,B_phase,D2,N2,1205.0,1,2,1,0.0,0.0,1.4695761589768238e-15,24.0,0.0,24.0,,90.0,0,1,1204.964390516866,0.10850657253843204,0.23741758499543958,0.26103790136511745,65.43825454029711,0.046639387174676944,0.009341804110292604,0.17866902442431823,0.03578715604683815,0.0072752090476398135,0.5602712147941618,0.5603184476649083,89.25604718474426,0.021893206473422622,0.00573184696297157,0.039072792560482655,0.010229623862749263,1.1095083595921638,0.41644022898162836,1.1850870281625587,20.57300272342567,0.005927055390792358,0.01174387633875645,0.005001367199151675,0.009909716383416138,-0.23835430387088224,0.9778121159079234,1.00644389222157,103.69941394172942,0.020971538795935885,0.005592577550086452,0.020837265701562798,0.005556770321037666,0.6105224682052325,0.0967463930041228,0.15846491823393574,-1.0,85.273956297082,1.20455363688328,0.983062108099245,0.8161214893201992,-1.0,35.46670705310384,1.9729882184751288,-44.86525181687142,0.029829211635988645,0.0012076373347374991,0.029853647260541755,0.02181498740118685,0.19283771593158372,0.19406771591644015,0.39149763440862584,0.12706077037710534,0.41160033663296913,-0.030748568115121222,0.35467135227633484,0.3560017451736076
B019_N2_m1_a3_1784820782.npz,B019,B_phase,D2,N2,1205.1,1,3,1,0.0,0.0,1.4695761589768238e-15,24.0,0.0,24.0,,90.0,0,1,1205.0806152636887,0.11149066799716256,0.23812397711514205,0.26293192565298384,64.91080475370227,0.04298694309023685,0.008459900033558706,0.1634907704094131,0.03217524845090146,0.009919634582537112,0.5601994021294909,0.5602872203579965,88.98555085452871,0.026184184956814002,0.0063040152508889325,0.04673350382698997,0.01125139932133553,1.1141303895363426,0.41667967878412104,1.1894992558215582,20.505567295948953,0.006090457849135432,0.011740508184652642,0.005120186346757233,0.009870126548791961,-0.2358903605980091,0.9794753679922759,1.0074801530187396,103.54087317170438,0.02538811290740361,0.005633074187752286,0.025199615924276556,0.005591250776378826,0.6110506233792771,0.09834684790003845,0.16094713619004836,-1.0,84.91572332303043,1.2091882013353348,0.983762487635162,0.8135726816956783,-1.0,35.31635230503833,1.9788674703385347,-44.405237457753316,0.03281330709471916,0.0019140294544399694,0.03286908321272151,0.024459412936084148,0.1927659032669129,0.1943114930813067,0.39611966435280466,0.12730022017959802,0.4160722708193286,-0.028284624842248085,0.3563346043606873,0.35745541018056265
B020_N1_m1_a1_1784821256.npz,B020,B_phase,D2,N1,1006.1,1,1,1,0.0,0.0,-24.0,2.9391523179536475e-15,0.0,24.0,,180.0,0,1,1006.06031961454,-0.009542144639778757,0.08960078477731531,0.09010745339336385,96.07887181318318,0.017866603230919147,0.004621996175391101,0.19828108062184976,0.051294271465133844,-0.08389480580136685,0.20400677051721855,0.22058354620713244,112.35419972621239,0.0204251251547524,0.006056495410778338,0.09259586902992661,0.02745669618118826,0.29640740362073714,0.36044378575034663,0.4666659100547504,50.56816603091677,0.01756562331194173,0.006299268746339375,0.037640682409994096,0.013498454913066886,-0.29316358741866216,0.2878337818507124,0.4108444656590412,135.52559067402728,0.0342715198613631,0.005705165245287243,0.08341726060831241,0.013886435676176164,0.2371172196785978,0.023492086885650437,0.09907372782749793,-1.0,110.10391673467409,0.47224430562649033,0.40442003211172106,0.8563788430973414,-1.0,65.47260926148371,1.9916069624407589,-45.51070578226643,-0.04509762957846493,-0.0405745464286055,0.060663745445558324,-0.08484024828000157,0.016292706425804077,0.08639050880096578,-0.05228152901763994,0.20090771969735818,0.20759882010843553,-0.18013834032987697,-0.017254184743785206,0.18096278221771253
B020_N1_m1_a2_1784821264.npz,B020,B_phase,D2,N1,1006.3,1,2,1,0.0,0.0,-24.0,2.9391523179536475e-15,0.0,24.0,,180.0,0,1,1006.3131663211466,-0.010999628480815413,0.08651452226897899,0.08721097631689274,97.24582317193547,0.019532819265552816,0.0044679138851147155,0.22397202841277347,0.051231095829955546,-0.08861221060090067,0.20058115590067976,0.21928274891115163,113.83475558611055,0.01775005804996931,0.005781330007378195,0.08094598475305154,0.026364727896222507,0.28608007862335116,0.3542451609629833,0.45533662871641756,51.076471148235726,0.022447555207929158,0.006809431211839878,0.04929881277332827,0.01495471873421537,-0.2931687874583386,0.27951302757206486,0.40506230449437575,136.36597521352334,0.03290112903366488,0.004565283362469884,0.0812248601477102,0.011270570753722833,0.23484066886968047,0.023249486123738408,0.09900110673181649,-1.0,111.64918386060181,0.4605514946964307,0.3991230846568646,0.8666198877933157,-1.0,66.36097204100513,1.9611232454460577,-46.16935202369973,-0.04655511341950158,-0.043660808936941825,0.063825111222236,-0.0895576530795354,0.01286709180926529,0.09047726386635747,-0.06260885401502592,0.19470909490999486,0.20452750485385632,-0.18014354036955338,-0.02557493902243274,0.1819499179523807
B020_N1_m1_a3_1784821273.npz,B020,B_phase,D2,N1,1006.2,1,3,1,0.0,0.0,-24.0,2.9391523179536475e-15,0.0,24.0,,180.0,0,1,1006.1731261553055,-0.007657441772914532,0.08804885295286236,0.08838120230467762,94.97039934395883,0.02194454554269766,0.007063808722241411,0.2482942636042442,0.0799243338859575,-0.0815548099481416,0.2031397483508619,0.21889939329684996,111.87405194317125,0.023353226154554332,0.0058138625862187284,0.10668474591377679,0.026559518958257398,0.29757083085208513,0.35981421051973406,0.4669204059215444,50.40882822041154,0.019200192799309315,0.010285081552726108,0.041120911735297944,0.022027483533144807,-0.29057372560392597,0.2865669056225151,0.40810988888951116,135.39777165822846,0.03786126800577332,0.004730592477102052,0.09277223864581145,0.011591467410834486,0.23484984942984116,0.023952651822507595,0.10199134417441127,-1.0,109.59044404974875,0.4721534880187048,0.4020440655290407,0.8515113744391386,-1.0,64.52084362296874,2.01044833183832,-44.56157112354728,-0.0432129267116007,-0.04212647825305846,0.060348961921375094,-0.08250025242677632,0.01542568425944743,0.08392999097672998,-0.05111810178629195,0.2002781444667456,0.20669880377321084,-0.17754847851514077,-0.018521060971982528,0.17851188174059815
B020_N2_m1_a1_1784821215.npz,B020,B_phase,D2,N2,1206.9,1,1,1,0.0,0.0,-24.0,2.9391523179536475e-15,0.0,24.0,,180.0,0,1,1206.8570043753966,0.0007084786174834067,0.19444074743074852,0.19444203815888056,89.79123380488294,0.04068319788164904,0.004885934169469344,0.20923046408517065,0.02512797240623963,-0.16041602923645112,0.39270663076886553,0.42420726100082734,112.2194359903742,0.016161967038785318,0.006839391187539285,0.03809922300871176,0.016122758416259042,0.6144787501516615,0.6814800990256835,0.917605176399961,47.95956900718395,0.014926290627981715,0.010822642464609207,0.01626657195477254,0.011794443561303419,-0.5085653996152519,0.5892658150251686,0.7783784211057608,130.7958092996441,0.02246854908246937,0.005422525302028237,0.028865842722811678,0.006966438373670511,0.4616410794225999,0.06816905660738184,0.14766679059984147,-1.0,108.54471567006316,0.9337180511424058,0.7589748527915324,0.8128522864722656,-1.0,63.18809968354877,2.0226060737711182,-41.83166479769898,-0.07796888228495999,-0.04176920022995356,0.0884523187520593,-0.1458762508829041,0.025273131906287494,0.1480493558513666,-0.10353197503187639,0.3921006404211605,0.4055388786203923,-0.3009596638594909,-0.03387494860641993,0.30286008554034544
B020_N2_m1_a2_1784821224.npz,B020,B_phase,D2,N2,1206.8,1,2,1,0.0,0.0,-24.0,2.9391523179536475e-15,0.0,24.0,,180.0,0,1,1206.8097516375192,0.0007090955374710259,0.19631161426239002,0.19631289491723838,89.79304329482524,0.03555866343854407,0.005151982387816678,0.181132591690092,0.026243728869612216,-0.16070305267931867,0.39256352010773715,0.42418343727664526,112.2626361257127,0.018946538273311327,0.005724239979883568,0.04466590773782314,0.013494727697607664,0.6152735743941544,0.6816267652063264,0.9182464910868974,47.92886481723929,0.011259908046964542,0.009122714642457397,0.012262402477178616,0.009934930033502385,-0.5100798628291019,0.5898163309128175,0.7797850797977693,130.85362240080283,0.022650339658213833,0.005613641102466588,0.02904690054352926,0.007198959364447494,0.4623106804045549,0.06884167309481803,0.14890781462062838,-1.0,108.52049672290893,0.9341215112703836,0.7606959913464431,0.814343725273936,-1.0,63.11954448686835,2.0205492774965967,-41.86417847758594,-0.07796826536497237,-0.03989833339831206,0.0875838307679312,-0.14616327432577164,0.025130021245159118,0.14830785794897355,-0.1027371507893835,0.39224730660180335,0.40547857118310165,-0.30247412707334087,-0.03332443271877106,0.30430431374663003
B020_N2_m1_a3_1784821232.npz,B020,B_phase,D2,N2,1206.9,1,3,1,0.0,0.0,-24.0,2.9391523179536475e-15,0.0,24.0,,180.0,0,1,1206.8568649754366,-0.001706576786682179,0.1956518960120911,0.195659338692164,90.49975067776862,0.03911032137432568,0.005111650719228361,0.19988987817166742,0.026125258080682032,-0.16314059132483436,0.39123905459907554,0.42389013951895016,112.63537607103002,0.016665292859971287,0.005236455750529517,0.0393151227317621,0.012353332296127685,0.614045027654516,0.6815321033366046,0.9173534236408841,47.98186257557664,0.013485272100745101,0.008009948529417957,0.01470019269914904,0.008731584058003807,-0.5135261915073321,0.5883603200124143,0.7809462308822137,131.11474891432619,0.02202393621166835,0.0055652244299080125,0.02820160382461736,0.007126258133829688,0.46194010336272184,0.06765181523128441,0.1464514874088844,-1.0,108.95898598746244,0.9326143339563914,0.7626564255900975,0.8177618526992948,-1.0,63.06617563306199,2.0189074885842713,-42.51788810219199,-0.08038393768912558,-0.04055805164861098,0.09003628708437848,-0.14860081297128733,0.023805555736497508,0.15049553514855848,-0.10396569752902196,0.3921526447320816,0.40570009000869384,-0.3059204557515711,-0.034780443619174206,0.30789122187161416
B021_N1_m1_a1_1784821756.npz,B021,B_phase,D2,N1,1006.4,1,1,1,0.0,0.0,-4.408728476930472e-15,-24.0,0.0,24.0,,-90.00000000000001,0,1,1006.4307883060003,0.008957669083903875,0.026445267671424078,0.027921175076095827,71.28748274110161,0.0129783615894498,0.009709334880702596,0.46482146808215724,0.3477409118434652,0.006497868783535393,0.11872108912170688,0.11889877754195925,86.86720050967374,0.019161211021372748,0.005267274264572047,0.16115566044916466,0.04430049133779556,0.15576264530155803,0.10462743984481226,0.1876403550407502,33.88968129831248,0.015957766403042244,0.010626988264550429,0.08504442660842688,0.05663487612908506,-0.07761755386116315,0.13948893317399425,0.15962971886653685,119.09341695127436,0.03424807084097525,0.004719469780948711,0.21454695957717854,0.029565107390150596,0.1219139985312538,0.00731356826205605,0.059989569287903784,-1.0,86.08680166298413,0.18925075403006564,0.15771715849672152,0.8333766452083226,-1.0,45.30786598060134,1.552329972850078,-37.39780144278913,-0.026597815854782294,-0.10373006353449674,0.10708580619818688,0.005552426304900678,-0.06899297496970759,0.06921603884246809,-0.19292628733681905,-0.05490862620817619,0.20058790984911845,0.035407693227622064,-0.16559903342050336,0.16934209343664788
B021_N1_m1_a2_1784821764.npz,B021,B_phase,D2,N1,1006.5,1,2,1,0.0,0.0,-4.408728476930472e-15,-24.0,0.0,24.0,,-90.00000000000001,0,1,1006.4591180319964,0.009439349647052928,0.0277018191635528,0.02926588639917642,71.18354037439258,0.012971744912795867,0.003417001974200004,0.44323772517482707,0.1167571666066524,0.006790531560579627,0.11907900902262099,0.11927246835998943,86.73621836733098,0.014135502549573506,0.002243032232227996,0.11851437925229803,0.018805951306868674,0.1556279229258889,0.10533379866886466,0.1879235470510264,34.091358945337284,0.022038073584028504,0.006487047260502023,0.11727148582420362,0.0345196084381092,-0.07745567761146838,0.1401319324496847,0.16011352374591822,118.93091917368928,0.029670433210185893,0.0011526389674693853,0.18530872668363393,0.007198885768690539,0.12257288168579919,0.007635606763922137,0.062294421562961166,-1.0,85.88909874428599,0.18979092804998193,0.15789554665189465,0.8319446470608566,-1.0,46.32502803985244,1.5483924783337322,-37.0921814290553,-0.02611613529163324,-0.10247351204236801,0.1057491049270311,0.005845089081944911,-0.06863505506879349,0.06888349476233176,-0.19306100971248819,-0.05420226738412379,0.2005254080180003,0.035569569477316834,-0.1649560341448129,0.16874740730922758
B021_N1_m1_a3_1784821773.npz,B021,B_phase,D2,N1,1006.6,1,3,1,0.0,0.0,-4.408728476930472e-15,-24.0,0.0,24.0,,-90.00000000000001,0,1,1006.5646198886653,0.009913572933701393,0.02568969172335775,0.02753614332387476,68.89855202972414,0.00778464835570368,0.002046100313380817,0.2827065600342851,0.07430598720071228,0.007212949824468573,0.11844843829720163,0.11866785234517511,86.51526110122764,0.015704436606202687,0.0013406324005678727,0.1323394356250959,0.011297351170292593,0.15647478726679165,0.10400666607708103,0.18788758777167036,33.61144661972341,0.014351834308171241,0.004709401559387442,0.07638521776974565,0.02506499559252697,-0.07692887254197855,0.1394274110993753,0.15924212506888427,118.88765425741533,0.029554263985922005,0.0032247889915288245,0.18559325287286607,0.020250853787173836,0.12154875611128685,0.008136231140286089,0.06693800414408824,-1.0,85.66310458615413,0.18941700350212762,0.15741981711139894,0.831075427236556,-1.0,44.62563202948291,1.5583623359230627,-35.28710541000072,-0.025641912004984776,-0.10448563948256306,0.10758604235379013,0.0062675073458338575,-0.06926562579421285,0.06954860577318574,-0.19221414537158543,-0.05552939997590742,0.20007446599357273,0.036096374546806656,-0.16566055549512232,0.16954753876826362
B021_N2_m1_a1_1784821713.npz,B021,B_phase,D2,N2,1205.1,1,1,1,0.0,0.0,-4.408728476930472e-15,-24.0,0.0,24.0,,-90.00000000000001,0,1,1205.0729617758352,0.03160550660948906,0.07515414636590229,0.08152946561844938,67.191181165746,0.008571887897545831,0.008423762497607151,0.10513852669734769,0.1033216939876634,0.007727042672757839,0.22697174019724803,0.2271032321140183,88.05017130455904,0.017732185397674363,0.0049590781255208554,0.0780798460357087,0.021836228746542567,0.3441284031232217,0.17574860150702076,0.3864090174514722,27.053694990886918,0.010234026083246923,0.01067379671811731,0.02648495666779355,0.027623052868992106,-0.11604319568912758,0.31497283885610894,0.335669349930585,110.22495086199493,0.025850275433427546,0.00391113128260157,0.07701112847739382,0.011651737888521472,0.23972186008712426,0.02750202896211157,0.11472474371805834,-1.0,85.81337252832208,0.393623392050901,0.3271795630551767,0.8311994908393752,-1.0,43.926088548342264,1.6420004079220933,-40.13748617485908,-0.04707185429295434,-0.1610558012947998,0.16779371441531163,0.022266821026304874,-0.14046175866533,0.14221574092193487,-0.37388232206031624,-0.11363085709750226,0.39076842558467667,0.09156254006663345,-0.3081679247754796,0.32148276564052314
B021_N2_m1_a2_1784821721.npz,B021,B_phase,D2,N2,1205.4,1,2,1,0.0,0.0,-4.408728476930472e-15,-24.0,0.0,24.0,,-90.00000000000001,0,1,1205.3945932704992,0.03246051671192007,0.07651015216059831,0.08311130205238484,67.0102269852905,0.012796176429136481,0.007031818940994729,0.15396433593437248,0.08460725277246398,0.00808909098147051,0.224715256136983,0.22486080079377194,87.93840992372883,0.011654501680483032,0.006221197588913941,0.051829850464562746,0.027666883542852936,0.34458122348697706,0.17472840556421487,0.38634988713702867,26.888411041096127,0.014149358473089521,0.006834632049075528,0.03662317226993546,0.017690265421642155,-0.11583620043099535,0.3134662877792448,0.3341842888353521,110.28094505373876,0.020065002298455016,0.007039927066664795,0.06004172837802306,0.021066002507775784,0.23808342442646113,0.028038389323010685,0.11776707845392716,-1.0,85.573514351349,0.39297475762156403,0.32636821853155035,0.8305068256975529,-1.0,42.98748637024703,1.6505758793088323,-40.12181594419437,-0.046216844190523326,-0.15969979550010377,0.16625288379365355,0.022628869335017544,-0.14271824272559502,0.1445010814286978,-0.37342950169656086,-0.11465105304030815,0.3906334044863461,0.09176953532476567,-0.30967447585234376,0.3229859572924917
B021_N2_m1_a3_1784821730.npz,B021,B_phase,D2,N2,1205.2,1,3,1,0.0,0.0,-4.408728476930472e-15,-24.0,0.0,24.0,,-90.00000000000001,0,1,1205.2491553497057,0.032789123171837284,0.07789509112264364,0.08451492069086305,67.17185036115026,0.012059159777560901,0.003973985273636635,0.14268675494201372,0.04702110871253843,0.008038572855959686,0.22413177331391704,0.2242758802510909,87.94594510332685,0.012204210786601818,0.002169709852913368,0.05441606459392084,0.0096742897652848,0.3441516069750651,0.1744590925934688,0.3858449216616129,26.881594949974033,0.01370215874506703,0.007599493991557403,0.03551208782549136,0.019695721169092337,-0.11601721046893804,0.31319999839770807,0.333997353464542,110.32590551617221,0.020400472988073716,0.0010283938302353092,0.0610797444245003,0.0030790478414508935,0.23800110316870146,0.028247427710601708,0.11868612092347819,-1.0,85.51283397248571,0.39240141796982136,0.3262693103383277,0.8314682246215029,-1.0,42.966900106059775,1.6487378114868523,-40.29025541117625,-0.045888237730606116,-0.15831485653805843,0.1648311989966907,0.02257835120950672,-0.143301725548661,0.14506952294870068,-0.37385911820847284,-0.11492036601105421,0.391123165756941,0.09158852528682299,-0.3099407652338805,0.3231899378352897
B022_N1_m1_a1_1784825007.npz,B022,B_phase,D2,N1,1005.4,1,1,1,0.0,0.0,1.83697019872103e-15,30.0,0.0,30.0,,90.0,0,1,1005.4149720942892,0.06357822548250755,0.17524050940345776,0.1864173460048392,70.05894856649489,0.023048471796169548,0.006184923280018811,0.12363909416225266,0.033177831422716735,0.00254728549307362,0.2987397376041559,0.2987505974674915,89.51146381735049,0.02275162625349675,0.0045249848564258436,0.07615591883786095,0.015146362533779465,0.5980128980023551,0.23598638909710157,0.6428911276540249,21.53506253592186,0.019294695229960784,0.009818540715350786,0.030012383745859253,0.015272478173994467,-0.14843223616038564,0.5281959608383531,0.5486557224503573,105.69628503843525,0.03289171681455831,0.004142742483894837,0.059949646870828675,0.007550714071463412,0.3480866457850109,0.05328258068835848,0.15307275166559375,-1.0,84.19695723429349,0.6509964281576833,0.5390136865792238,0.8279825560712059,-1.0,35.13869831056027,1.870213741436547,-48.52388603057304,0.02802274054382138,0.04506517819753694,0.0530673560068908,0.0016018430144389049,0.11102567351274142,0.11103722835157927,0.24932396536397805,0.07645032304411312,0.2607816933727661,-0.035406989071600434,0.22310799424385547,0.22590004862910648
B022_N1_m1_a2_1784825016.npz,B022,B_phase,D2,N1,1005.7,1,2,1,0.0,0.0,1.83697019872103e-15,30.0,0.0,30.0,,90.0,0,1,1005.6711104481165,0.06204321977109957,0.17551952623335715,0.18616246992545815,70.53234958614796,0.023060373791616625,0.003545406533345125,0.12387230251537969,0.0190446900213816,0.001170410590188159,0.30064874636394795,0.3006510245303733,89.77695151180491,0.016935189976282676,0.0023206777988177656,0.0563283960290373,0.007718842144119549,0.5968336438167094,0.23743929545296416,0.6423299910612386,21.69422686870065,0.014226783782468146,0.004950439904341332,0.02214871480461791,0.0077070041462058494,-0.15014118035072294,0.5301284764576648,0.5509796507934146,105.81300202298968,0.02521783029055759,0.0029691082346325606,0.04576907741373703,0.005388780203328786,0.3496627123575534,0.05275880349921777,0.15088484312067105,-1.0,84.57682370242976,0.6508067850148277,0.5409407745620843,0.8311849031348986,-1.0,35.79759757086444,1.8612415965856102,-48.838122717447305,0.0264877348324134,0.045344195027436335,0.05251377075813951,0.00022496811155344376,0.11293468227253348,0.11293490634276589,0.24814471117833237,0.07790322939997571,0.2600859681657648,-0.037115933261937725,0.2250405098631672,0.22808073917229152
B022_N1_m1_a3_1784825024.npz,B022,B_phase,D2,N1,1005.6,1,3,1,0.0,0.0,1.83697019872103e-15,30.0,0.0,30.0,,90.0,0,1,1005.5755971362892,0.06342625106110192,0.17267875098212226,0.18395880072562912,69.83132278272802,0.02231089551716279,0.009803903899022049,0.12128202308971912,0.053294019423644624,0.002708773241241774,0.2985601344605286,0.2985724222723214,89.48018171822821,0.02064122643959134,0.00769221256590854,0.06913306420766795,0.02576330562402927,0.597906654737689,0.2354971415285877,0.6426128472476641,21.497963148098396,0.016783373758653235,0.005407545833622524,0.026117395303466278,0.008414935768531945,-0.14831566940151708,0.528110523113714,0.5485419422555223,105.68697784980594,0.030137516179949066,0.008882022500328613,0.054941133682555085,0.016192057190389245,0.3466227710816707,0.053282138410885915,0.15371794023979937,-1.0,84.21643451136276,0.6506558582727346,0.5389772610756243,0.8283599605272467,-1.0,35.07095239362665,1.877129584540273,-48.33335963462963,0.02787076612241575,0.04250341977620145,0.05082637402886803,0.0017633307626070591,0.11084607036911412,0.1108600949469779,0.24921772209931192,0.07596107547559924,0.26053705685713796,-0.03529042231273187,0.22302255651921638,0.22579741943471812
B022_N2_m1_a1_1784824960.npz,B022,B_phase,D2,N2,1206.6,1,1,1,0.0,0.0,1.83697019872103e-15,30.0,0.0,30.0,,90.0,0,1,1206.634933715802,0.1359938316998021,0.346664111639071,0.37238465134709886,68.58028081890632,0.05133737530068979,0.006318003176531535,0.13786114737805974,0.016966336162557192,-0.004514875783164424,0.6287310837728307,0.6287472940740944,90.41143008165324,0.027509230255518175,0.004130207760338119,0.043752443175169145,0.006568947173634114,1.208701935339087,0.4564037558742221,1.2920002929057528,20.68644952054506,0.00515606291210005,0.007924542115014525,0.003990759863145146,0.00613354513812993,-0.2642535452202666,1.1210707231463475,1.1517940364741233,103.26338493136305,0.024135114781302692,0.00485462498094546,0.02095436685467239,0.004214837746344354,0.7206925984697381,0.12081252780789309,0.1676339233459826,-1.0,84.94506703428861,1.3249374779908674,1.1137481487037835,0.8406043056406473,-1.0,41.336261456664545,1.8384224852650566,-47.89383129836125,0.05731647079735869,0.11045416397836894,0.12443994601744604,0.010024902570382613,0.2612975849102527,0.2614898211240284,0.4906912101555492,0.16702429726969908,0.5183386726864533,-0.056647809464505594,0.49792995951475894,0.5011419149297895
B022_N2_m1_a2_1784824968.npz,B022,B_phase,D2,N2,1206.7,1,2,1,0.0,0.0,1.83697019872103e-15,30.0,0.0,30.0,,90.0,0,1,1206.690348313607,0.13833656620192378,0.34540152664453855,0.37207421323832307,68.17343303950258,0.052880074650813985,0.009366824669326541,0.1421223851837938,0.025174613923934712,-0.002454951204320599,0.6261762239104134,0.6261810362635711,90.2246294523541,0.028231812050058622,0.004311313527959278,0.04508570272028381,0.006885091176962067,1.2119730741626344,0.45512845320389417,1.2946121586834398,20.582506246816244,0.00684951418540677,0.010230028693889216,0.0052907846874946755,0.007902002638606976,-0.26229851184934644,1.1184743350531903,1.1488191099955891,103.19819007527092,0.0257346547583747,0.005622057003301116,0.022400963332228612,0.004893770441651777,0.7181264377572658,0.12180447334600131,0.16961424470933137,-1.0,84.67944131964674,1.3263399910608533,1.1120378667180129,0.8384259497661425,-1.0,40.62164482490402,1.8469449407865555,-47.59092679268633,0.05965920529948038,0.10919157898383647,0.12442677243241884,0.012084827149226438,0.25874272504783535,0.25902478802695006,0.4939623489790965,0.16574899459937115,0.5210292999627267,-0.054692776093585416,0.4953335714216017,0.4983439040804072
B022_N2_m1_a3_1784824977.npz,B022,B_phase,D2,N2,1206.5,1,3,1,0.0,0.0,1.83697019872103e-15,30.0,0.0,30.0,,90.0,0,1,1206.5310274866592,0.1377216262785333,0.34630986011210113,0.372689905357882,68.31311351112295,0.053162521134916894,0.0036243710812107464,0.1426454550301454,0.009724897372066948,-0.0030138636620111736,0.6268216179428624,0.6268288634824348,90.27548561221246,0.02415306316868708,0.004088480450626604,0.03853214900555374,0.006522482752170158,1.2111806494212847,0.45610077482616407,1.2942126882122553,20.635136966355883,0.003749044110542874,0.004725885594131738,0.002896775889070883,0.003651552513103377,-0.2628920409261348,1.1189001554140787,1.1493692979055765,103.2221492803662,0.020180973833612007,0.003513509202524507,0.017558302514593463,0.003056901910401604,0.7190607319887947,0.12150659801873592,0.16897960438288734,-1.0,84.74557242853736,1.3263019419691573,1.1121867756930004,0.8385622764313678,-1.0,40.80927205295135,1.8444922424018912,-47.67797654476706,0.059044265376089894,0.11009991245139905,0.12493284594376237,0.011525914691535863,0.25938811908028436,0.25964406989084954,0.49316992423774675,0.16672131622164105,0.5205886778017184,-0.05528630517037375,0.4957593917824902,0.4988325872273546
B023_N1_m1_a1_1784826115.npz,B023,B_phase,D2,N1,1002.3,1,1,1,0.0,0.0,-30.0,3.67394039744206e-15,0.0,30.0,,180.0,0,1,1002.3177616273132,-0.01895192049228926,0.12086104457747937,0.12233792292950502,98.91183867363301,0.01853285900124668,0.0029302500716429573,0.15148907679204182,0.023952099246702597,-0.10028474045362056,0.19560502298111232,0.21981436300499457,117.14376090461323,0.020476160489942812,0.0037725023237805094,0.09315205890107171,0.017162219393710827,0.2774481238783325,0.4098934587878885,0.49496475531163325,55.90676836518218,0.019587059926428455,0.008565635981902995,0.03957263565987907,0.01730554729398866,-0.32874210568543977,0.274327581543945,0.4281670165323885,140.15579367411937,0.033370479899378,0.002456917315423261,0.07793799758243103,0.005738221816620031,0.24929078602815974,0.03374945290607394,0.13538187048061062,-1.0,112.95192839828256,0.5015934423972057,0.4203821137858659,0.838093320711658,-1.0,70.51869731719839,2.0120817555629436,-43.005070308450826,-0.05450740543097543,-0.009314286628441443,0.0552974970700618,-0.10123018293225527,0.007890958889697847,0.1015372698505173,-0.07124080876004457,0.2503573927349001,0.26029613314416,-0.21571685859665457,-0.03076038505055262,0.21789897744429026
B023_N1_m1_a2_1784826123.npz,B023,B_phase,D2,N1,1002.3,1,2,1,0.0,0.0,-30.0,3.67394039744206e-15,0.0,30.0,,180.0,0,1,1002.3058580468179,-0.017631482732119275,0.11998015027530712,0.12126873316489416,98.35996970357998,0.01525410627803637,0.008841369275543368,0.12578762785700684,0.07290724529563106,-0.09839541355595698,0.19510624017187955,0.21851339172429446,116.76259063695348,0.022074328576081846,0.006353249826177377,0.10102048392500243,0.029074876262931666,0.2782660366088092,0.4087735862092041,0.49449755501145687,55.75555409599698,0.01708402063137176,0.0038988343108597597,0.03454824085222412,0.007884435972124126,-0.32580085477041215,0.27407601520392366,0.42575093550007914,139.92818282088206,0.03440778100270928,0.008545329391766183,0.08081668913374093,0.020071193458985587,0.24761426959276545,0.0337843380919995,0.13643938270424533,-1.0,112.55279434119966,0.5010719684203824,0.41799350886685377,0.8341985487325673,-1.0,70.0844046862951,2.0235989195794803,-42.60441560758301,-0.05318696767080544,-0.010195180930613695,0.054155288238760695,-0.0993408560345917,0.007392176080465079,0.09961551056381769,-0.07042289602956786,0.24923752015621567,0.2589956094971715,-0.21277560768162695,-0.031011951390573944,0.21502372044343607
B023_N1_m1_a3_1784826132.npz,B023,B_phase,D2,N1,1002.2,1,3,1,0.0,0.0,-30.0,3.67394039744206e-15,0.0,30.0,,180.0,0,1,1002.1943083890707,-0.01793901661086679,0.12231336748080235,0.12362187582082207,98.3437644288124,0.024524648227475566,0.006837781225869762,0.19838437222083305,0.05531206495993042,-0.09811343459199047,0.19653837128837692,0.2196669693789321,116.52871544739884,0.024374870456453132,0.007789382192471034,0.11096283854313004,0.03545996111520124,0.27790943892532693,0.4108884683143197,0.4960473663245051,55.92706444657799,0.023630071218099093,0.01245772221987657,0.04763672347096131,0.025113977143317714,-0.3251910305186562,0.27498579867249096,0.42587133714460446,139.78170147337372,0.0389944720400092,0.006280980433868877,0.09156397399613828,0.014748539960406334,0.24976918012059168,0.03393084554606424,0.13584880860673842,-1.0,112.27326641422562,0.5031741394267845,0.4174268449092918,0.829587238693992,-1.0,70.56728065104969,2.01455655651288,-42.416699982234434,-0.05349450154955296,-0.007861963725118465,0.05406914249042796,-0.09905887707062519,0.00882430719696245,0.09945114139113535,-0.07077949371305015,0.25135240226133126,0.2611278745228433,-0.21216578342987102,-0.03010216792200665,0.21429059748858703
B023_N2_m1_a1_1784826073.npz,B023,B_phase,D2,N2,1205.1,1,1,1,0.0,0.0,-30.0,3.67394039744206e-15,0.0,30.0,,180.0,0,1,1205.1494005161842,-0.02979092580574037,0.24161173252078394,0.2434414273538051,97.02913857559187,0.042736111474777856,0.0070375584108967135,0.17554987226010393,0.02890863107152544,-0.22021309461085675,0.3875283692781095,0.44572642285761,119.6074148580257,0.017385783517012306,0.009088944572215138,0.039005503433136836,0.02039130755126594,0.5747834138835255,0.7827453785070135,0.9711160077198234,53.70952083720297,0.016438951694974006,0.013187137414186333,0.016927896939493974,0.013579363648993573,-0.6250643047670486,0.5745854638863328,0.849031118630752,137.40946939244085,0.02238636050068129,0.007201837078069169,0.026366949349022898,0.008482418276592386,0.5010203453774131,0.08315278770670625,0.165966888318813,-1.0,114.65133515860195,0.9875452982112928,0.8298641002199353,0.8403301617890743,-1.0,70.34953232349062,1.9710682556561365,-43.3196177383889,-0.10846828670818377,0.00540178486008186,0.10860270945553507,-0.20567331625730972,0.020094870415531485,0.20665264778680276,-0.14322731130001243,0.4933659199024905,0.5137353342173977,-0.41745856901128753,-0.04855529974525574,0.4202728565757055
B023_N2_m1_a2_1784826081.npz,B023,B_phase,D2,N2,1205.2,1,2,1,0.0,0.0,-30.0,3.67394039744206e-15,0.0,30.0,,180.0,0,1,1205.2456988400993,-0.02556392258994904,0.24298785689662705,0.24432890278761663,96.00580006543444,0.040235461398122736,0.0017608139937121134,0.16467745297042277,0.00720673638534981,-0.21666146936615044,0.3871724163340749,0.4436718069450273,119.23135220433338,0.016930764264984768,0.0034018057877671583,0.03816055922409006,0.0076673922807735575,0.5786767378912487,0.7841673772396194,0.9745692599827477,53.57450915232408,0.015506604442296701,0.008242195916024013,0.015911239025301505,0.00845727056501856,-0.6213731484761351,0.5735622678967323,0.8456230039456046,137.29125459077204,0.019369067454139376,0.0009507236857945782,0.02290508579327308,0.0011242878698410317,0.4992077130468795,0.08563261206906245,0.1715370372513072,-1.0,114.0790104776449,0.9901725076676362,0.8272979586367257,0.835508916103353,-1.0,69.42810334978653,1.9834879986612932,-42.43129091311036,-0.10424128349239244,0.006777909235924973,0.10446140549385578,-0.2021216910126034,0.019738917471496864,0.20308324116169924,-0.13933398729228919,0.49478791863509636,0.5140321433937944,-0.4137674127203741,-0.04957849573485629,0.41672712782904303
B023_N2_m1_a3_1784826090.npz,B023,B_phase,D2,N2,1205.1,1,3,1,0.0,0.0,-30.0,3.67394039744206e-15,0.0,30.0,,180.0,0,1,1205.1100607730984,-0.02765572795906044,0.24347653587686124,0.24504216537474127,96.4802718065421,0.040194137744486116,0.00808869881805713,0.1640294750212377,0.03300941617817954,-0.21734528682146095,0.3867172781642711,0.4436093179074188,119.33713252216909,0.018467392166217057,0.0036592840527196863,0.04162985631891348,0.008248889067482073,0.5768789362033497,0.7854656631089805,0.9745489289709054,53.7048782120152,0.01486434893936633,0.0028081134950568754,0.015252542481435632,0.0028814494701894133,-0.621302463798241,0.5724857326596999,0.8448412073405736,137.3416508976317,0.021719777485154683,0.007094224656384858,0.025708709869307993,0.008397110125246321,0.49969477619273905,0.0844986413589934,0.1691005097207603,-1.0,114.23334941195931,0.9904110061829886,0.8261890337027095,0.8341880578314803,-1.0,69.60869113316656,1.9820319390350674,-42.77539359452692,-0.10633308886150383,0.007266588216159164,0.10658109162103611,-0.20280550846791393,0.01928377930169306,0.20372024545706183,-0.1411317889801882,0.49608620450445745,0.5157709803395173,-0.4136967280424799,-0.050655030971888615,0.41678641407298367
B024_N1_m1_a1_1784825278.npz,B024,B_phase,D2,N1,1004.9,1,1,1,0.0,0.0,-5.510910596163089e-15,-30.0,0.0,30.0,,-90.00000000000001,0,1,1004.8806943002724,0.00398739464528448,0.05308913163706003,0.05323866277466341,85.70471898847933,0.009299056054267648,0.002445121964095953,0.17466734830712394,0.0459275616002061,0.002908846171778723,0.09050364886951097,0.09055038290778679,88.15911007843023,0.01828676961167918,0.0011549139983718815,0.20195132283760478,0.012754380062070017,0.10107847919586332,0.09086573969135803,0.1359170394255489,41.95434624914802,0.02110913085431405,0.004583534707463434,0.15530893656550673,0.03372303227642147,-0.07417829162310535,0.09150751529636947,0.11779662263340895,129.02909349814092,0.03338825056779387,0.002497877435389461,0.28343979497358224,0.02120500044524217,0.10502315469069168,0.001965715543048467,0.018716972926949134,-1.0,87.52890238794002,0.13643436763076333,0.11719705303136968,0.8589994959960806,-1.0,50.38004630855107,1.2990884537089198,-43.75037273933131,-0.031568090293401685,-0.07708619956886079,0.08329961877909522,0.0019634036931440078,-0.0972104152219035,0.09723024108618235,-0.24761045344251376,-0.06867032636163042,0.2569563199779685,0.03884695546567986,-0.21358045129812814,0.21708453451516208
B024_N1_m1_a2_1784825287.npz,B024,B_phase,D2,N1,1004.7,1,2,1,0.0,0.0,-5.510910596163089e-15,-30.0,0.0,30.0,,-90.00000000000001,0,1,1004.7246172111347,0.00794599469699853,0.05372882303188459,0.05431321437842084,81.58746390412159,0.01182071781575076,0.005367758978551006,0.2176398129079844,0.09882970544059104,0.005808410411546394,0.0919075797566936,0.09209093792682295,86.38380867305712,0.018984035307349836,0.004703628712866415,0.2061444452051827,0.051075912774436065,0.10423906545425743,0.09136118333797805,0.1386096987504576,41.233210499555184,0.022271862713072833,0.007225506595250299,0.16068040630525726,0.052128434448577475,-0.07107960169264521,0.09379426478648578,0.11768463741552038,127.15574446982406,0.0342482704726362,0.00369059960689883,0.29101734283050523,0.03136007968370653,0.10684261351886562,0.003914337851612722,0.03663648541245719,-1.0,85.14809013394927,0.13947313033147526,0.11666005480392341,0.836433903266287,-1.0,51.056504536585074,1.3054073252040763,-40.35425340456641,-0.02760949024168764,-0.07644650817403623,0.08127947196807342,0.004862967932911679,-0.09580648433472087,0.09592982277527487,-0.24444986718411965,-0.0681748827150104,0.2537785495260369,0.04194564539614,-0.21129370180801182,0.21541695752988374
B024_N1_m1_a3_1784825295.npz,B024,B_phase,D2,N1,1004.7,1,3,1,0.0,0.0,-5.510910596163089e-15,-30.0,0.0,30.0,,-90.00000000000001,0,1,1004.7009395616207,0.005494056838245016,0.05303913893331469,0.05332293052083058,84.086110754969,0.01145947846445876,0.0029917416862884775,0.21490713943379613,0.056106100266183886,0.004453788893002797,0.09257385031497899,0.09268092574874061,87.24558616628359,0.020861513505816713,0.0025778289040110478,0.2250896108048445,0.02781401764371216,0.10202709993404069,0.09083039426606382,0.13660047453606933,41.67731522682757,0.021073151589858556,0.005580508184036857,0.15426850939887618,0.04085277304482075,-0.07205544212355025,0.094998493403738,0.11923380598052027,127.1799667623684,0.03657649625710694,0.0022673057881836874,0.3067628006698251,0.01901562874336249,0.10689525739117701,0.002548109936190049,0.02383744609796287,-1.0,86.46044710045533,0.13784281461049594,0.11779536744853816,0.8545629874244364,-1.0,54.52871664598101,1.2895129117475075,-42.40879552814144,-0.030061428100441153,-0.07713619227260612,0.08278696526479548,0.003508346414368082,-0.09514021377643549,0.09520487787917725,-0.2466618327043364,-0.06870567178692463,0.25605180930576266,0.04096980496523496,-0.2100894731907596,0.21404698471237638
B024_N2_m1_a1_1784825232.npz,B024,B_phase,D2,N2,1206.7,1,1,1,0.0,0.0,-5.510910596163089e-15,-30.0,0.0,30.0,,-90.00000000000001,0,1,1206.6937088382006,0.02415790127962954,0.09894245415666442,0.10184897362654159,76.27905022396898,0.011746948475205727,0.001638092810361675,0.1153369352378481,0.0160835475511831,0.0028675715440446836,0.17254133525975723,0.1725651625901942,89.04785353603,0.01290609983798304,0.0020060471501787244,0.07478971794922652,0.011624867499720455,0.24124217623532296,0.14549529099187963,0.2817209031924439,31.09455034660661,0.013583919080040923,0.006182372689272441,0.048217647061715295,0.02194502651104045,-0.10606083033694991,0.22107574619951875,0.2452007040965366,115.6293084460978,0.019978628720398878,0.003918408850780677,0.08147867598509506,0.015980414351656928,0.19943057856211438,0.01947801588818647,0.0976681511362104,-1.0,85.78870767471511,0.2853085494656034,0.24101677158827967,0.8447583223135642,-1.0,45.73333542748089,1.4306158640398348,-45.184499877362384,-0.05451945962281386,-0.13726749350403766,0.1476981254127643,0.01740734989759172,-0.1948921636028208,0.19566801287958607,-0.47676854894821497,-0.1438841676126434,0.49800693063025714,0.10154490541881112,-0.4020650174320698,0.4146898190927357
B024_N2_m1_a2_1784825241.npz,B024,B_phase,D2,N2,1206.6,1,2,1,0.0,0.0,-5.510910596163089e-15,-30.0,0.0,30.0,,-90.00000000000001,0,1,1206.587515883029,0.02507807005782409,0.09955629911349023,0.10266628604853625,75.86143159196911,0.01056962008610258,0.007900259422593979,0.10295122666759089,0.07695086407293503,0.0037033946272142237,0.17255773168494926,0.17259746781462298,88.77051981193179,0.013524055251838458,0.005374756967481501,0.07835604672001253,0.031140416111169245,0.24178721103973622,0.14604506341279133,0.28247161975961443,31.132946391782944,0.012813959095695372,0.005806938730260481,0.04536370452578617,0.020557600566039985,-0.10502470292878613,0.22104746900673844,0.24472877186707076,115.41346074128775,0.020375705394159695,0.006548871778230306,0.08325831588460371,0.02675971332781196,0.19984458019914592,0.019808986648660973,0.09912196082035969,-1.0,85.43750903821946,0.28625624652689313,0.24029096752379092,0.8394261101345648,-1.0,45.82855671368417,1.4323943448535739,-44.72848520018616,-0.05359929084461931,-0.13665364854721185,0.14678931718729052,0.01824317298076126,-0.19487576717762878,0.19572781609540163,-0.4762235141438017,-0.1433343951917317,0.4973264363257308,0.1025810328269749,-0.4020932946248501,0.4149721507259438
B024_N2_m1_a3_1784825249.npz,B024,B_phase,D2,N2,1206.5,1,3,1,0.0,0.0,-5.510910596163089e-15,-30.0,0.0,30.0,,-90.00000000000001,0,1,1206.5333839937634,0.02375751219823737,0.10102768356491826,0.10378348728166081,76.76684640331473,0.012752714117860378,0.005102539653964187,0.12287806520945323,0.04916523608535399,0.0028422936555422273,0.17489770590703524,0.17492079969165508,89.06895807677859,0.012788924886543342,0.003606277883241044,0.07311265960987635,0.020616632725199507,0.24076779742760734,0.14695928884235754,0.2820747504743961,31.398959333766296,0.014735164903449085,0.007319518956467364,0.05223851081554566,0.02594886264778157,-0.1059124766544276,0.22515227942883753,0.24881921477867422,115.19246923585192,0.020272395165752775,0.003080167105606577,0.0814743957125062,0.012379136829711479,0.2024930098950252,0.019101815116999044,0.09433320748652832,-1.0,85.90119472474083,0.28701766047078064,0.24310086194036523,0.8469892115405689,-1.0,48.83094002547486,1.4174200907951047,-45.36788706954843,-0.054919848704206034,-0.13518226409578382,0.14591241999142884,0.017382072009089262,-0.1925357929555428,0.1933188247335184,-0.4772429277559306,-0.14242016976216548,0.49804047711821214,0.10169325910133342,-0.397988484202751,0.4107753065906644
B025_N1_m1_a1_1784815484.npz,B025,B_phase,inphase,N1,1005.5,1,1,1,3.6739403974420594e-16,6.0,3.6739403974420594e-16,6.0,6.0,6.0,90.0,90.0,0,0,1005.4556943786209,0.04181884673621482,0.12667077452703984,0.13339528125697397,71.7299757121391,0.018013184648517488,0.007658218646687737,0.13503614579751672,0.05740996663843655,-0.0010974580068836837,0.23130660352534516,0.23130920701197366,90.27184368799466,0.016979723536010936,0.006348454869671216,0.07340703707973019,0.027445750870360254,0.435866409646115,0.19238320493324346,0.47643554086379963,23.815758030550953,0.018721678980571883,0.010301761110813814,0.03929530308891023,0.02162257058349645,-0.13359062757767037,0.3718440035036562,0.39511317203837043,109.76159932824935,0.027665715883853574,0.005039366675691629,0.07001972559185368,0.012754236083028494,0.26442644255695424,0.03710669463599614,0.14032898630402219,-1.0,85.7689141017427,0.4789650374635615,0.392043028510817,0.8185211818109849,-1.0,32.269773574648674,1.811335632064854,-47.91421768158813,0.006263361797528649,-0.0035045566788809712,0.007177159502354016,-0.0020429004855183988,0.04359253943393068,0.04364038194943455,0.08717747700773792,0.032847138880255006,0.09316032970129204,-0.020565380488885163,0.0667560369091586,0.06985201026791973
B025_N1_m1_a2_1784815493.npz,B025,B_phase,inphase,N1,1005.5,1,2,1,3.6739403974420594e-16,6.0,3.6739403974420594e-16,6.0,6.0,6.0,90.0,90.0,0,0,1005.548558767626,0.04379081831955871,0.12634262571047872,0.13371647183692334,70.88349570737817,0.014706542951727245,0.007863581039437071,0.10998303163175671,0.05880787109779013,0.00032471688503110663,0.2293327334076628,0.22933296329417097,89.91887379381367,0.0187233625259388,0.006324436602600125,0.08164270088779993,0.027577529683282455,0.4379562099035831,0.19131284204155674,0.4779186597352409,23.59719624852467,0.016555555401684123,0.009079161328258655,0.034640947919580355,0.01899729408617015,-0.13230901233467907,0.37037493243597686,0.3932979345508093,109.65824864455564,0.02916628490306154,0.00530662943619316,0.07415824580002621,0.013492645066275089,0.2627250754423921,0.0380688537729946,0.14489996323682466,-1.0,85.22373467051925,0.48021062317735885,0.39049618184135204,0.8131768915431259,-1.0,31.4713179809535,1.8278065859102015,-47.286299458853506,0.00823533338087254,-0.003832705495442096,0.009083520645042075,-0.0006207255936036086,0.04161866931624833,0.04162329799424578,0.089267277265206,0.03177677598856829,0.09475447368103954,-0.019283765245893855,0.06528696584147925,0.06807533702336863
B025_N1_m1_a3_1784815501.npz,B025,B_phase,inphase,N1,1005.5,1,3,1,3.6739403974420594e-16,6.0,3.6739403974420594e-16,6.0,6.0,6.0,90.0,90.0,0,0,1005.5440898664849,0.04302250579904357,0.12678951165711488,0.13388994088981596,71.25678094316056,0.018426239635868986,0.008885972376414775,0.13762228523973108,0.06636773694393847,-0.001036590559952616,0.2278078133696987,0.22781017174892004,90.26071034784732,0.019710523479349113,0.0074004546248025195,0.086521700624821,0.03248518083274568,0.4372712120118104,0.19214982072725406,0.4776271207331023,23.722097892585964,0.020300293790595364,0.010344117341575426,0.04250238922663513,0.0216573073273109,-0.13493523588106338,0.3674682390934021,0.3914593524552504,110.16335854246077,0.03136289707813067,0.006253084686191908,0.08011788933236923,0.01597377772934095,0.2614982589683802,0.037982248225411894,0.14524857020177953,-1.0,85.51481837621583,0.47946325898285785,0.3892082660607486,0.8117582708765259,-1.0,30.729624009432825,1.8335237139794247,-47.534683050574586,0.007467020860357401,-0.0033858195488059295,0.008198791041738348,-0.001982033038587331,0.04009374927828421,0.04014271024925905,0.08858227937343333,0.03261375467426561,0.09439532410530817,-0.021909988792278165,0.06238027249890449,0.06611615540785273
B025_N2_m1_a1_1784815529.npz,B025,B_phase,inphase,N2,1206.9,1,1,1,3.6739403974420594e-16,6.0,3.6739403974420594e-16,6.0,6.0,6.0,90.0,90.0,0,0,1206.9079762503115,0.10191751537336793,0.2562208403625935,0.2757468022951387,68.30871482070454,0.029183046267172896,0.002184401145723187,0.10583276405844791,0.007921764196507954,-0.001009646660481367,0.4744942029411065,0.474495277122012,90.12191593654882,0.026898763849448157,0.0018838670723940662,0.05668921303621615,0.003970254633134415,0.9093097151775205,0.35982431053607655,0.9779149720548235,21.589275197833405,0.004185797986869998,0.005321395417981271,0.004280329176344112,0.005441572703197088,-0.21861008285662092,0.8036412972075142,0.8328443449432522,105.21763114808842,0.026271637138867415,0.0034702547450686074,0.0315444744247588,0.004166750685333718,0.5414037857632992,0.0897998204244137,0.16586478112229905,-1.0,84.81931808483691,0.9921756941819163,0.8158031547791252,0.8222365852771505,-1.0,35.92600508165556,1.8325983679317932,-46.719439622871135,0.023240154470924534,0.020010892701891436,0.030668234487153733,0.01353013169306567,0.10706070407852847,0.10791227372927485,0.19129898999398254,0.07044485193155353,0.20385725578545477,-0.011004347100859901,0.18050053357592566,0.18083566649394714
B025_N2_m1_a2_1784815537.npz,B025,B_phase,inphase,N2,1207.1,1,2,1,3.6739403974420594e-16,6.0,3.6739403974420594e-16,6.0,6.0,6.0,90.0,90.0,0,0,1207.0916472960298,0.10633076162031263,0.2564410657837328,0.2776116911930269,67.47914094519554,0.035215773782076874,0.0057289360163906,0.12685263228914556,0.02063650846897222,0.0024375897087710874,0.47441915844564836,0.474425420634124,89.70561396813173,0.022960896774366756,0.002436937065835157,0.04839727336633202,0.005136607272388379,0.9136866718132759,0.3604279915431794,0.9822075500305784,21.528073040946012,0.005494057813591021,0.007666597504893057,0.005593581329546874,0.00780547604694586,-0.2150038830090416,0.8039095333756379,0.8321641710391053,104.97319648069372,0.02282043946194447,0.002504943112788871,0.027423001681806468,0.0030101549669712445,0.5419378543981154,0.09192982541746228,0.169631673948226,-1.0,84.2521306429128,0.9968154553356138,0.814609002468255,0.8172114488272932,-1.0,35.73684612211539,1.8393538064298767,-45.95106790424953,0.02765340071786923,0.020231118123030745,0.034263810526137826,0.016977368062318123,0.10698565958307032,0.10832433882903707,0.19567594662973797,0.07104853293865637,0.20817533504759733,-0.007398147253280585,0.18076876974404932,0.18092009478650606
B025_N2_m1_a3_1784815546.npz,B025,B_phase,inphase,N2,1206.8,1,3,1,3.6739403974420594e-16,6.0,3.6739403974420594e-16,6.0,6.0,6.0,90.0,90.0,0,0,1206.7798644657,0.10359675423423689,0.2554762975053931,0.275681747808833,67.9272308935884,0.036413797885556834,0.00726759007254354,0.13208635745739464,0.026362246069272354,0.00048196390470578443,0.4697906375674728,0.46979088479371117,89.9412195865115,0.02078576501795021,0.004965194142583029,0.04424471757700748,0.010568945254787743,0.9115681197132686,0.36122985381149286,0.9805322249483983,21.617086948840306,0.006464129346676342,0.00953970798435688,0.006592470071054039,0.009729112151167616,-0.21649313660552,0.7941200696315516,0.8231014294659661,105.24940605953988,0.0208748673894096,0.005159648472670371,0.02536123330869849,0.006268545148825688,0.5371556470160938,0.09037539703322342,0.16824806280127533,-1.0,84.51154882465941,0.9936325092512004,0.8072384058692552,0.8124114281220414,-1.0,34.82674352220695,1.8498037110302037,-46.31014394474809,0.024919393331793493,0.019266349844691,0.03149870474103116,0.015021742258252821,0.10235713870489477,0.10345354795427002,0.19355739452973064,0.07185039520696984,0.20646293679141436,-0.008887400849758975,0.17097930599996303,0.1712101310498105
B026_N1_m1_a1_1784815937.npz,B026,B_phase,inphase,N1,1006.7,1,1,1,-6.0,7.347880794884119e-16,-6.0,7.347880794884119e-16,6.0,6.0,180.0,180.0,0,0,1006.7033213310092,0.010391898586423236,0.11324368795133483,0.11371949884276576,84.75689090679681,0.012490375204796681,0.002988414125548196,0.10983494767301512,0.026278818988466755,-0.04115935503239307,0.18830136165782813,0.1927472316503528,102.3299202339206,0.017705898458669173,0.003559223265208119,0.09186071471463733,0.018465755563559113,0.3281848352109129,0.2525529568955762,0.41411143681274104,37.57989681721755,0.016540807583677063,0.007933108630823056,0.03994289003700404,0.019156941648077123,-0.18969141527274724,0.28341478379466367,0.34103778779125604,123.79466056678926,0.02870405906556294,0.0013793286143578296,0.0841667993786432,0.004044503758047173,0.22179571449025692,0.029837572952252825,0.1345272744373225,-1.0,97.89699382209594,0.41595790576084146,0.3387832277957714,0.8144651732874089,-1.0,45.20599061793033,1.8754100218609666,-47.17699408957927,-0.025163586352262932,-0.016931643254585987,0.030329632727884467,-0.04210479751102778,0.0005872975664136526,0.042108893263492056,-0.020504097427464174,0.09301689084258777,0.09524998684166225,-0.07666616818396203,-0.021673182799833934,0.07967074868913038
B026_N1_m1_a2_1784815946.npz,B026,B_phase,inphase,N1,1006.5,1,2,1,-6.0,7.347880794884119e-16,-6.0,7.347880794884119e-16,6.0,6.0,180.0,180.0,0,0,1006.476568685327,0.009653800633866384,0.11263654823542446,0.11304949298899813,85.10129164736546,0.016658703913783487,0.0023523517872284104,0.14735761721111562,0.02080815866602196,-0.04189974714794778,0.1888373077464377,0.19342987775414835,102.51027309690136,0.01807079479599649,0.0013119438287494563,0.0934229758391549,0.006782529379545761,0.3278924613581399,0.2523150596670366,0.41373464388455494,37.57848078372802,0.019597483366597907,0.005605203217561513,0.047367276722580245,0.013547821775170324,-0.19121873181115961,0.2845497801890309,0.3428311257763711,123.90127823867907,0.03009844352977515,0.0034687487647273516,0.08779378903130394,0.010117951679189182,0.2220980974831673,0.029457436538365384,0.13263254783439982,-1.0,98.17998160180936,0.4155443149372768,0.34063537496079704,0.8197329688223826,-1.0,45.27988381667863,1.8709944823762872,-47.52281086363743,-0.025901684304819785,-0.017538782970496353,0.03128108306808958,-0.04284518962658249,0.001123243655023226,0.04285991076106391,-0.020796471280237205,0.09277899361404815,0.09508120147403124,-0.0781934847223744,-0.02053818640546673,0.08084576769289718
B026_N1_m1_a3_1784815954.npz,B026,B_phase,inphase,N1,1006.7,1,3,1,-6.0,7.347880794884119e-16,-6.0,7.347880794884119e-16,6.0,6.0,180.0,180.0,0,0,1006.6543784629456,0.010943158619122286,0.10976224929369688,0.1103064100158052,84.30649705433879,0.016880365210022206,0.003721069538412081,0.1530315890763149,0.03373393747361472,-0.04061639533438122,0.18630804382647226,0.19068397616057162,102.29843595773785,0.015984485207049832,0.0021274489864749513,0.08382710245977658,0.011156936357795811,0.3289684184096353,0.2512556222497192,0.41394396725043653,37.371441028718884,0.020012714006546202,0.00499147849318897,0.04834643234319318,0.012058343370345873,-0.18933224274404553,0.28061886699047556,0.3385168336338806,124.00735650195463,0.02781536372663601,0.005042481045556927,0.0821683324520264,0.01489580589369027,0.21827022609518704,0.029765605240551093,0.1363704329859923,-1.0,97.90084233516498,0.41535153984254325,0.3367882911072876,0.8108511918240668,-1.0,43.93773297408893,1.9029234874270464,-46.9350560256199,-0.024612326319563883,-0.020413081912223935,0.03197593657761819,-0.04156183781301593,-0.0014060202649422149,0.04158561356263568,-0.01972051422874177,0.09171955619673075,0.09381564725764704,-0.07630699565526032,-0.02446909960402205,0.08013422752709025
B026_N2_m1_a1_1784815886.npz,B026,B_phase,inphase,N2,1205.3,1,1,1,-6.0,7.347880794884119e-16,-6.0,7.347880794884119e-16,6.0,6.0,180.0,180.0,0,0,1205.344109656087,0.03804184512669813,0.2247940271208802,0.22799021165362934,80.39485060582071,0.028129944668569096,0.00479530520588582,0.12338224726640934,0.021032943349212792,-0.0807912823217228,0.3853055341076046,0.3936846274788168,101.84227727831046,0.020638032453311996,0.004947836873169666,0.052422754186464846,0.012568021527423996,0.6747423780944954,0.46899079308074865,0.8217235793082274,34.80186789612773,0.006372292235678318,0.0042492262217429366,0.007754788101666583,0.00517111389856936,-0.32694310961768464,0.6190674010736907,0.7000973103780754,117.83951954566999,0.021664464001953158,0.007384489234132292,0.030944932484105157,0.010547804033334204,0.4490267824655278,0.07308947360363921,0.16277308271528404,-1.0,96.65009736767664,0.8357998061729798,0.6832309776283195,0.8174576885303989,-1.0,50.09838658407662,1.8613584730597776,-45.59298270969299,-0.04063551577574527,-0.011415920539821878,0.04220862926147175,-0.06625150396817575,0.017872035245026563,0.06861975970407269,-0.04326834708904248,0.17961133447622563,0.18474950969393247,-0.11933737386192361,-0.004073362557897808,0.11940687200822493
B026_N2_m1_a2_1784815895.npz,B026,B_phase,inphase,N2,1205.3,1,2,1,-6.0,7.347880794884119e-16,-6.0,7.347880794884119e-16,6.0,6.0,180.0,180.0,0,0,1205.2597299562194,0.03717169122033183,0.2240239736874936,0.22708693360674567,80.57890084717953,0.03301737570129024,0.007526630894040601,0.14539531260952063,0.03314427111457997,-0.08178230522694258,0.38370231632146223,0.39232105857153304,102.03197880625501,0.01694009939785872,0.005002853273183089,0.04317917437197672,0.012751936618948799,0.6739586820311361,0.46893100957667977,0.8210460381901554,34.829655621913574,0.010284457178269446,0.007156077372304515,0.012526042024317705,0.00871580525262477,-0.32813751970410737,0.617266991375675,0.6990656410377648,117.99499500349837,0.01901300296991093,0.006005344746208402,0.027197736312266865,0.008590530550598155,0.4474153206250711,0.07282732511610995,0.1627734271914627,-1.0,96.84261561354471,0.8346023702095747,0.6828237334392023,0.8181425764076614,-1.0,49.87713598524018,1.8653862121743523,-45.74924522526595,-0.04150566968211157,-0.012185973973208475,0.04325758404530089,-0.06724252687339553,0.0162688174588842,0.06918259782510205,-0.044052043152401854,0.17955155097215675,0.18487655871529002,-0.12053178394834635,-0.0058737722559135674,0.12067481983531272
B026_N2_m1_a3_1784815903.npz,B026,B_phase,inphase,N2,1205.2,1,3,1,-6.0,7.347880794884119e-16,-6.0,7.347880794884119e-16,6.0,6.0,180.0,180.0,0,0,1205.2231336047241,0.03771242419892257,0.22368658781574824,0.22684337439654684,80.43021625557385,0.02558524461278458,0.01068571426828893,0.11278815032992233,0.047106133457568575,-0.08151810953971106,0.3833395895235035,0.3919112693952248,102.00525735391415,0.023249601111131207,0.007876922661045647,0.05932363503353366,0.020098739883649852,0.6758489198492117,0.46954170690455344,0.8229466428537076,34.78939318938294,0.005425409282388324,0.009738163591648186,0.0065926622697855515,0.011833286733972747,-0.328354185753076,0.6168344620296629,0.6987855356609702,118.02732831238457,0.024964812496829605,0.008686056729093202,0.03572600064369647,0.012430218265575858,0.4468789426676433,0.07315442698044725,0.1637007699305588,-1.0,96.78893326919135,0.8360630086433082,0.6830381009954544,0.8169696469454263,-1.0,49.500141061630345,1.8708937226991076,-45.640823066190904,-0.04096493670352083,-0.01252335984495384,0.042836439872259116,-0.06697833118616402,0.015906090660925465,0.06884112556166591,-0.04216180533432623,0.18016224830003041,0.18502987202495558,-0.12074844999731499,-0.00630630160192569,0.12091301673785386
B027_N1_m1_a1_1784817201.npz,B027,B_phase,inphase,N1,1004.1,1,1,1,-1.102182119232618e-15,-6.0,-1.102182119232618e-15,-6.0,6.0,6.0,-90.00000000000001,-90.00000000000001,0,0,1004.1138276867079,0.020591396199759072,0.06689769257911465,0.06999504889536962,72.89141045270433,0.009622527535387013,0.0029977787874654687,0.1374744026505505,0.042828440507936855,0.007717473261859703,0.15180413251196245,0.15200017776718872,87.08968203891848,0.016839551940269412,0.002607337434633355,0.11078639635581042,0.017153515692770353,0.262442643476932,0.13667780368331772,0.2959002587610487,27.51010098017781,0.018447712879747398,0.005568549364666613,0.0623443621069783,0.018819008094087,-0.09082561844364395,0.23122461523459736,0.24842325908831078,111.44502653796823,0.02887677325439182,0.0028283446572764516,0.11624021583311793,0.011385184574327708,0.16660741346134836,0.015663035811791903,0.09401163781601836,-1.0,84.66066784914292,0.29951884273306195,0.2440482362951244,0.8148009456374194,-1.0,40.24684536353923,1.797752191876792,-45.38130947252654,-0.014964088738927097,-0.06327763862680616,0.06502294596502957,0.0067720307832249875,-0.03590993157945202,0.0365429006370577,-0.08624628916144506,-0.02285826236967073,0.08922400211086869,0.02219962864514126,-0.07386335135990024,0.07712728561344716
B027_N1_m1_a2_1784817209.npz,B027,B_phase,inphase,N1,1004.0,1,2,1,-1.102182119232618e-15,-6.0,-1.102182119232618e-15,-6.0,6.0,6.0,-90.00000000000001,-90.00000000000001,0,0,1003.9924252799423,0.02240790092221406,0.06698671646059134,0.070635219302494,71.50426222348409,0.011467172751111126,0.00117401403329882,0.16234355700097955,0.0166208025527765,0.009819404448240199,0.1508155626817993,0.15113488892623653,86.27480451629836,0.017584300714502392,0.0007629580133959229,0.1163483881149683,0.005048192504169538,0.26282019220957575,0.13688648135723613,0.29633150728777274,27.512168035177787,0.019425478538171212,0.006228399815200753,0.06555319991440123,0.02101835161642884,-0.08802905204935108,0.2299020239765618,0.24617890777486798,110.95174895748652,0.029849085230760772,0.002528997345563821,0.12124956398806486,0.010273005792505195,0.16601906748597475,0.016393842982797835,0.09874674777451561,-1.0,83.68925184130933,0.30027072425076934,0.2413584657777487,0.8038028561724838,-1.0,40.28251249158199,1.8086520349605995,-43.99209418830631,-0.013147584016472109,-0.06318861474532947,0.0645419243507959,0.008873961969605484,-0.036898501409615175,0.037950581119574146,-0.08586874042880133,-0.022649584695752317,0.08880565449181103,0.024996195039434135,-0.07518594261793582,0.07923216350571886
B027_N1_m1_a3_1784817218.npz,B027,B_phase,inphase,N1,1004.0,1,3,1,-1.102182119232618e-15,-6.0,-1.102182119232618e-15,-6.0,6.0,6.0,-90.00000000000001,-90.00000000000001,0,0,1003.9797549006928,0.023701970018724112,0.06861477072926153,0.07259318249668918,70.94327605969109,0.01490533427653658,0.01237584931460889,0.2053269158879538,0.17048225313958823,0.010413996819749305,0.15128086661864515,0.15163888661768146,86.06203850945089,0.02287179262698685,0.010496733843508287,0.15083065523062172,0.06922191317569554,0.26389230986579637,0.13814976383532201,0.29786659506238816,27.632422070511893,0.021280143303935763,0.012628404320410349,0.07144185906270771,0.042396175099008095,-0.08794676664158224,0.23048133018592454,0.24669065107332724,110.88578915289736,0.03601680576485525,0.00915981544351158,0.1459998812608001,0.0371307765562177,0.16724054330346516,0.017167491232252433,0.10265149163681728,-1.0,83.31070566119416,0.30196328409765133,0.2416587694208591,0.8002918968874028,-1.0,40.46600929314927,1.8055626831451148,-43.31085398917918,-0.011853514919962057,-0.06156056047665928,0.06269137438402661,0.00946855434111459,-0.036433197472769324,0.03764347751470957,-0.08479662277258071,-0.021386302217666436,0.08745193626318812,0.02507848044720297,-0.07460663640857307,0.0787088329080146
B027_N2_m1_a1_1784817237.npz,B027,B_phase,inphase,N2,1207.7,1,1,1,-1.102182119232618e-15,-6.0,-1.102182119232618e-15,-6.0,6.0,6.0,-90.00000000000001,-90.00000000000001,0,0,1207.7425407628348,0.05571736428839272,0.14561755329539194,0.15591310564215496,69.06174610167511,0.023333096936577875,0.0038086930643213388,0.14965449402394043,0.024428306065962708,0.0057129517459617585,0.3050245624692223,0.3050780580887328,88.9270052412605,0.011603918376488808,0.002068432756301702,0.03803589956349394,0.0067800115460945175,0.5570122494629333,0.2434333925030201,0.607883592998928,23.60697227360381,0.011115662148816999,0.00751328665439784,0.018285840047070658,0.012359745748905398,-0.15206224525078632,0.5054603641508191,0.5278381439022657,106.74334171655978,0.015822397073013188,0.00048117712932234456,0.029975850089270655,0.000911599767620127,0.3392815656405057,0.04763966052252264,0.14041334793002114,-1.0,84.96979714841193,0.6193030283170108,0.5143921927020813,0.8305985425260549,-1.0,40.492746269114996,1.825336508182731,-45.454773828071296,-0.02295999661405068,-0.09059239436531014,0.09345663893676624,0.020252730099508794,-0.06240893639335571,0.06561286777937289,-0.16099847572060466,-0.045946066101502925,0.16742625294308477,0.0555434905049747,-0.11768039948076947,0.13012976507866947
B027_N2_m1_a2_1784817245.npz,B027,B_phase,inphase,N2,1207.7,1,2,1,-1.102182119232618e-15,-6.0,-1.102182119232618e-15,-6.0,6.0,6.0,-90.00000000000001,-90.00000000000001,0,0,1207.7350447820054,0.056580695237959,0.14812471353750956,0.1585632549936462,69.0941373144063,0.023111525717921355,0.009128006530640952,0.14575587338218718,0.0575669724426805,0.0065182024065697786,0.3070805805882971,0.3071497516473986,88.78400186352364,0.01372869481097939,0.006463920772192559,0.044697072803560785,0.02104485104586053,0.5582920086575125,0.24473650162623195,0.6095784790813129,23.671034170007957,0.011794941095340463,0.008202048212666086,0.019349339748864578,0.013455278514798089,-0.15114127449831255,0.5085757748023321,0.5305591423892031,106.55117846829502,0.018747424439526657,0.007090607802862062,0.03533522079198115,0.013364406031968052,0.34232367758227034,0.047935118001195404,0.14002863704826612,-1.0,84.79346120299044,0.6219641182433406,0.515984070829359,0.8296042419403407,-1.0,41.19082521737532,1.81688898248607,-45.42310314439834,-0.0220966656644844,-0.08808523412319252,0.09081448730255347,0.021057980760116814,-0.06035291827428091,0.06392114906598191,-0.15971871652602543,-0.04464295697829107,0.16584047158786788,0.05646446125744847,-0.11456498882925648,0.1277238116035595
B027_N2_m1_a3_1784817254.npz,B027,B_phase,inphase,N2,1207.8,1,3,1,-1.102182119232618e-15,-6.0,-1.102182119232618e-15,-6.0,6.0,6.0,-90.00000000000001,-90.00000000000001,0,0,1207.8315105221081,0.05619912908150716,0.14746324351179435,0.1578092212024971,69.13785534978143,0.02154402238757746,0.008569489734994626,0.1365194139063184,0.05430284535780363,0.006492284244228097,0.3063457679387962,0.3064145546293756,88.78593128607592,0.016532202819668586,0.0062807004715980455,0.05395371260893644,0.020497396016957745,0.5581649828590192,0.24465912306565174,0.6094310745189014,23.6691661408736,0.012154370751883995,0.01034478183500791,0.0199437988315232,0.016974490254167484,-0.1509825583438117,0.5077447030668389,0.5297172985814934,106.56033002059043,0.022030975310887012,0.005156986886807434,0.04159006203853034,0.009735356765990277,0.3413575483850082,0.04763038679072465,0.13953225002953087,-1.0,84.81862709658702,0.6216757821332974,0.5152920268301178,0.8288758250512496,-1.0,41.03648490378674,1.8211865683782262,-45.46868920890785,-0.022478231820936237,-0.08874670414890773,0.09154915839640203,0.021032062597775132,-0.061087730923781836,0.06460695416542327,-0.15984574232451876,-0.04472033553887128,0.16598364301938212,0.05662317741194933,-0.1153960605647496,0.12853962429573398
B028_N1_m1_a1_1784818149.npz,B028,B_phase,inphase,N1,1005.3,1,1,1,7.347880794884119e-16,12.0,7.347880794884119e-16,12.0,12.0,12.0,90.0,90.0,1,1,1005.3013809551367,0.05207869030415886,0.12690536539846076,0.13717566019784025,67.68801762216029,0.021119682707419214,0.006533362218984399,0.15396086067280126,0.04762770749243504,0.007161660483236049,0.29075255993237786,0.29084074764053974,88.58900652130154,0.023019519707248942,0.004576109481147466,0.07914819327757874,0.015734072746928982,0.536006875637558,0.21216801174240463,0.5764708456960003,21.595183238207877,0.020714270726915434,0.009921091560340763,0.0359329025597229,0.017210049102071353,-0.13409627507502914,0.47277973942285834,0.49142903149665845,105.8351244719946,0.03341393250745502,0.00398182166866391,0.067993403657273,0.00810253650773781,0.3184459100326993,0.04469568907923291,0.14035567005600222,-1.0,84.9647960259955,0.5835114330310505,0.4830481719841772,0.8278298326992211,-1.0,34.97104266263039,1.832372200890045,-46.09283438395241,0.016523205365472693,-0.003269965807460057,0.016843663257484803,0.006216218004601333,0.10303849584096339,0.10322583490313343,0.18731794299918092,0.052631945689416176,0.19457166668479264,-0.021071027986243926,0.16769177282836073,0.16901041061045802
B028_N1_m1_a2_1784818157.npz,B028,B_phase,inphase,N1,1005.5,1,2,1,7.347880794884119e-16,12.0,7.347880794884119e-16,12.0,12.0,12.0,90.0,90.0,1,1,1005.5298011164616,0.05460638098447404,0.12803484371902324,0.13919331180188305,66.90193394445471,0.022754790855998287,0.00362204574028499,0.16347617972037112,0.026021693811268235,0.00898584102523603,0.29227292611626565,0.2924110269457958,88.23901362882192,0.014907077099283076,0.0019921093699069997,0.05097987327969817,0.006812702621766302,0.5379697776502568,0.2131420832931179,0.5786544991059839,21.61332882104421,0.018774788423180304,0.0074028457765091486,0.03244559309948715,0.012793205251054783,-0.13219119009332164,0.4754313877623897,0.4934668329360753,105.53830941158958,0.024074205306630875,0.0007744724171058356,0.04878586299993438,0.0015694518160375781,0.32053761979539397,0.046201959111866336,0.14413895985550162,-1.0,84.48885190174485,0.5864593753623719,0.4841652048558778,0.8255733051530009,-1.0,35.564807089729236,1.8296116871920416,-45.28860512341049,0.01905089604578787,-0.0021404874868975743,0.019170767507561637,0.008040398546601315,0.10455886202485118,0.10486755283079727,0.1892808450118797,0.05360601724012945,0.19672529926971843,-0.01916594300453643,0.17034342116789208,0.17141824438033135
B028_N1_m1_a3_1784818166.npz,B028,B_phase,inphase,N1,1005.6,1,3,1,7.347880794884119e-16,12.0,7.347880794884119e-16,12.0,12.0,12.0,90.0,90.0,1,1,1005.5790469051555,0.05362853357575274,0.12464699300149945,0.13569411364462902,66.72053148055853,0.01960585784460279,0.013186344874035869,0.14448569151605803,0.09717698520489805,0.007311098658478593,0.28788680734873134,0.28797962776738145,88.5452439420622,0.021322281744324167,0.010570760500396714,0.0740409379289408,0.03670662602889172,0.5378308773739671,0.21190311170210163,0.5780700488746018,21.504232387242233,0.018413948216851366,0.010306290584115694,0.03185418143129886,0.017828791863858343,-0.13543147483700346,0.4682929353166675,0.4874832896049119,106.12999990562247,0.031213403448248994,0.011427709344246167,0.06402968904543654,0.023442258612614036,0.31498888970760486,0.04612112149125844,0.14642142309867295,-1.0,84.78438388428279,0.5838754423818147,0.4805147311304316,0.8229747241470857,-1.0,33.3822704404297,1.8536382122042763,-45.21629909331631,0.018073048637066574,-0.0055283382044213625,0.018899672228381074,0.0063656561798438776,0.10017274325731687,0.1003747979838381,0.18914194473558998,0.05236704564911318,0.19625743993127312,-0.022406227748218252,0.16320496872216989,0.16473585176733532
B028_N2_m1_a1_1784818189.npz,B028,B_phase,inphase,N2,1204.6,1,1,1,7.347880794884119e-16,12.0,7.347880794884119e-16,12.0,12.0,12.0,90.0,90.0,1,1,1204.6312474830322,0.1211760950154466,0.2622406010240725,0.2888836769854941,65.19929317525292,0.05152812536473283,0.00755149137122234,0.17836980580706274,0.026140249425035973,0.015127188935491337,0.5718512337557934,0.5720512786395229,88.48470730018826,0.021408294881426513,0.004353082125181942,0.037423733991716,0.007609601250319081,1.0958638295299887,0.4033925890252724,1.1677513064658265,20.208896649531592,0.007699182044124377,0.00774611553991273,0.006593169283129112,0.006633360628262688,-0.21884081048640674,0.9670318760758507,0.991484719842483,102.75134352657322,0.019282853301177422,0.005812125231927734,0.019448462407207733,0.005862042163242925,0.6324775930201245,0.10328861771387016,0.16330794774983223,-1.0,84.00727944647902,1.1898833807591938,0.9648122115867125,0.8108460267519018,-1.0,35.93340450297946,1.8813051938763836,-44.99039652572134,0.0424987341130032,0.026030653363370404,0.049837107818689566,0.029666967289038372,0.20441773489321535,0.20655928758349684,0.3778531043464508,0.1140131304207494,0.3946795692363473,-0.011235074730645722,0.3438911124442622,0.34407459092812326
B028_N2_m1_a2_1784818197.npz,B028,B_phase,inphase,N2,1204.5,1,2,1,7.347880794884119e-16,12.0,7.347880794884119e-16,12.0,12.0,12.0,90.0,90.0,1,1,1204.5322122650548,0.12155353839972188,0.26505884725320733,0.2916015349834286,65.36424742980117,0.051967082349355244,0.0016343254292820592,0.17821265019166815,0.005604653039206176,0.015390497712410467,0.5737055215198915,0.573911920805141,88.46332467232766,0.02088484418041204,0.00472968806290333,0.036390329984978695,0.008241139261000278,1.0963679549641403,0.4051712784393826,1.1688397912222424,20.282182827294793,0.007672872374143778,0.0032126845926023708,0.006564520160731647,0.002748609875133446,-0.21848913634812578,0.9690155934194591,0.9933421983346002,102.70630439135846,0.01870712951806112,0.005840420492983607,0.018832512652160335,0.005879565473786812,0.6353966717692183,0.10333159028844102,0.16262532505988947,-1.0,83.97191239129332,1.1917369025056408,0.9657527301245039,0.8103741086593841,-1.0,36.25039806044385,1.875579390725059,-45.082064602506364,0.042876177497278484,0.02884889959250525,0.05167809598346846,0.029930276065957502,0.20627202265731348,0.20843216823831123,0.3783572297806024,0.11579181983485959,0.39567908570951804,-0.010883400592364756,0.34587482978787054,0.34604601758905174
B028_N2_m1_a3_1784818206.npz,B028,B_phase,inphase,N2,1204.7,1,3,1,7.347880794884119e-16,12.0,7.347880794884119e-16,12.0,12.0,12.0,90.0,90.0,1,1,1204.6845511665679,0.12374456678017481,0.2643629992121832,0.29189126941392735,64.91637325215562,0.04745305406932861,0.010706630788810921,0.16257099489343077,0.03668020222156074,0.01774711380306171,0.5733843508019496,0.5736589350763326,88.22717484946094,0.027054032350746167,0.007044025973376653,0.04716048281745369,0.012279118379703014,1.0994522074423436,0.4055089762137477,1.1718501125313614,20.245396471948972,0.008162761957730497,0.010215917886154662,0.006965704803405088,0.00871776840477221,-0.21591089493215804,0.9691022115718175,0.9928628359566054,102.56006421343247,0.025571892685031745,0.008672758470513877,0.025755715451262397,0.008735102328770148,0.6351386935342694,0.10432606063955152,0.16425713265715644,-1.0,83.68849567390677,1.1949817165712178,0.964897919121014,0.8074583114874867,-1.0,36.10606937766741,1.881450034041646,-44.670976780206644,0.045067205877731414,0.028153051551481123,0.053138002947854396,0.032286892156608744,0.20595085193937157,0.20846629660375662,0.3814414822588057,0.11612951760922469,0.3987275626890446,-0.008305159176397015,0.345961447940229,0.3460611205117458
B029_N1_m1_a1_1784819114.npz,B029,B_phase,inphase,N1,1003.2,1,1,1,-12.0,1.4695761589768238e-15,-12.0,1.4695761589768238e-15,12.0,12.0,180.0,180.0,1,1,1003.2234378924952,-0.010820966802010074,0.08942695584252858,0.09007926372807318,96.89944183095962,0.01912168310730698,0.004461417498242316,0.21227619227695477,0.049527686102211296,-0.08652507368332736,0.19787202150039584,0.21596278676790207,113.61869870688172,0.018804133666727448,0.0064529069883561005,0.08707117530825571,0.02987971717225117,0.2967903942005321,0.34275687221428375,0.4533947634675836,49.110977102078316,0.02036321411347839,0.00874712212503413,0.044912768638392754,0.01929250805222307,-0.27020326632775665,0.28012547625143125,0.38920442903348335,133.96709163107997,0.031488911114738706,0.00468094739520829,0.08090583961990244,0.012026963328327353,0.23275752932257193,0.024044366616780832,0.10330220760961266,-1.0,111.22602324627402,0.45809911969857614,0.3836562206591932,0.8374960879899409,-1.0,61.89957255748417,1.968138779578253,-47.78846472888131,-0.04637645174069624,-0.040748375363392236,0.06173496068527977,-0.08747051616196208,0.010157957408981372,0.08805836301205439,-0.05189853843784498,0.1832208061612953,0.1904293099876682,-0.15717801923897146,-0.024962490343066357,0.15914790496897585
B029_N1_m1_a2_1784819122.npz,B029,B_phase,inphase,N1,1003.3,1,2,1,-12.0,1.4695761589768238e-15,-12.0,1.4695761589768238e-15,12.0,12.0,180.0,180.0,1,1,1003.2715510957244,-0.009041978909222582,0.08751759392031322,0.08798344519394356,95.89864964953156,0.01668900326039891,0.0026937602190591154,0.18968344810334523,0.030616671274024437,-0.08507438368965761,0.1973178024120727,0.21487662950843409,113.32348889897305,0.016985958369297272,0.0038959246188193463,0.07904981760071102,0.018130983475177918,0.2983815740092923,0.3413310638192343,0.4533634952620612,48.841001167545905,0.01917142836598465,0.007955941172096413,0.042287101997267866,0.0175487026530391,-0.26883968675812214,0.2804029615910183,0.3884592617575482,133.79392288917586,0.028896337563005026,0.001552409677916894,0.07438704751758576,0.0039963255629255935,0.23089359843750698,0.02451935434875449,0.10619330511837828,-1.0,110.91654086094007,0.4578493887996727,0.3831618379447755,0.8368731013255192,-1.0,61.29162504983886,1.9829453562074089,-47.057648481985666,-0.04459746384790875,-0.042657737285607594,0.06171398813877972,-0.08601982616829233,0.009603738320658223,0.08655427363079717,-0.05030735862908475,0.18179499776624583,0.1886272820804686,-0.15581443966933695,-0.02468500500347931,0.15775769103752516
B029_N1_m1_a3_1784819131.npz,B029,B_phase,inphase,N1,1003.2,1,3,1,-12.0,1.4695761589768238e-15,-12.0,1.4695761589768238e-15,12.0,12.0,180.0,180.0,1,1,1003.1754923636543,-0.010475727668632678,0.08984972945552261,0.09045835922355636,96.65018424772181,0.014018412524437626,0.0048625069563715305,0.15497089096865993,0.053754091917082664,-0.08548509501365491,0.19900076294521007,0.21658486817473951,113.24699091723308,0.018616771086945802,0.006624747669275874,0.08595600996430595,0.03058730614518768,0.29649056948494024,0.3434386506313578,0.45371440856665773,49.19595840571675,0.01707958288222079,0.00608300633711902,0.03764390673899335,0.013407126205967365,-0.2682167156308644,0.2808644900281656,0.38836203251938717,133.68045753307467,0.029823735465158707,0.006509922430064803,0.07679364347664416,0.016762509939072957,0.23348936427312733,0.023967408016265082,0.10264882124664523,-1.0,110.86512699236073,0.4589674592505589,0.38213963965109415,0.832607262125041,-1.0,62.45853871753174,1.9656889326816425,-47.45422584200506,-0.04603121260731885,-0.040325601750398204,0.06119662319631622,-0.08643053749228963,0.011286698853795601,0.08716436991238079,-0.052198363153436844,0.18390258457836936,0.19116702050955955,-0.15519146854207921,-0.024223476566332003,0.15707058516860117
B029_N2_m1_a1_1784819071.npz,B029,B_phase,inphase,N2,1205.2,1,1,1,-12.0,1.4695761589768238e-15,-12.0,1.4695761589768238e-15,12.0,12.0,180.0,180.0,1,1,1205.2191791279897,-0.004975263970564938,0.19835157226732858,0.19841395987303434,91.43685206863711,0.0370990079124153,0.0071370412716181405,0.18697781111850728,0.03597045931740465,-0.170369355291976,0.39678428718919956,0.43181418200754446,113.23748854691482,0.021323096903312192,0.006400613397792616,0.049380260750536545,0.014822610429411017,0.614599150812581,0.6582972011915726,0.9006038647908433,46.96617029283585,0.010711923638230827,0.007240333342150577,0.011894156861872417,0.008039420687842679,-0.4851775640817096,0.5995483758039017,0.77126877521222,128.9811135567783,0.02514928040609182,0.0075371022082019,0.03260767350418383,0.00977234195190647,0.4703782387144921,0.06764539747237147,0.14381064408345334,-1.0,109.63849258747983,0.9208060995977648,0.7470334476026578,0.8112820363907058,-1.0,64.15713956973853,1.9575865204016618,-44.47068177580127,-0.08365262487300834,-0.0378583753933735,0.09182057631909006,-0.15582957693842897,0.029350788326621524,0.15856962453195092,-0.10341157437095694,0.3689177425870496,0.38313738333580105,-0.27757182832594857,-0.0235923878276868,0.27857264877159393
B029_N2_m1_a2_1784819079.npz,B029,B_phase,inphase,N2,1205.4,1,2,1,-12.0,1.4695761589768238e-15,-12.0,1.4695761589768238e-15,12.0,12.0,180.0,180.0,1,1,1205.3555336196011,-0.004978863351859698,0.20010055883728123,0.2001624908100135,91.425328395709,0.039426053255261294,0.003502943988465204,0.19697023700950533,0.01750050158893188,-0.16928794315870266,0.394327568737825,0.42913009585158235,113.23423027845729,0.02038771879749451,0.0057473249694705774,0.04750941263403195,0.013392966433792912,0.6148036927216991,0.6590613158138885,0.9013020573517913,46.98981482109067,0.012928040559468732,0.0102476190867272,0.01434373798885353,0.011369794402596604,-0.4839509764729217,0.5960930023114734,0.767812096175751,129.07216452030423,0.02527982583647933,0.0036187394819436427,0.03292449541025832,0.004713053493123556,0.46859367116587,0.06810017060293977,0.14532883133804442,-1.0,109.54027784992736,0.9206320752596163,0.7445249462734908,0.8087106307517433,-1.0,63.624570799557254,1.9646703144092112,-44.43551357461834,-0.0836562242543031,-0.03610938882342085,0.09111669340843774,-0.15474816480515563,0.02689406987524695,0.15706777360432111,-0.10320703246183882,0.36968185720936547,0.38381814326493835,-0.27634524071716066,-0.027047761320115105,0.27766575852894676
B029_N2_m1_a3_1784819088.npz,B029,B_phase,inphase,N2,1205.4,1,3,1,-12.0,1.4695761589768238e-15,-12.0,1.4695761589768238e-15,12.0,12.0,180.0,180.0,1,1,1205.394746361442,-0.0049166394183656655,0.20028937775637018,0.20034971471206087,91.40619601527754,0.04151265420359942,0.004447741548389324,0.20720096488912243,0.022199889601946982,-0.16874775597282782,0.39348421443665155,0.4281420700616722,113.21232562655996,0.02145111440405821,0.002928495079907693,0.05010279508614573,0.0068400077560372766,0.615748023932631,0.6597690792980597,0.9024637759903438,46.976625781731485,0.014270384002056583,0.005366942986895122,0.015812694516626532,0.005946989928770888,-0.4833776642071936,0.5954639585768375,0.7669623799238136,129.068533337961,0.027421749080971874,0.004561135557305091,0.035753708133240934,0.00594701340860835,0.46776644584133964,0.06811895835124815,0.14562600408143261,-1.0,109.49829522944083,0.921516228508321,0.74396236449766,0.8073242135973324,-1.0,63.39206493017051,1.970034911013877,-44.42957023354606,-0.08359400032080906,-0.0359205699043319,0.09098485715704245,-0.1542079776192808,0.026050715574073513,0.15639290311056278,-0.10226270125090697,0.3703896206935367,0.3842474868943637,-0.27577192845143256,-0.027676805054751008,0.2771572875820889
B030_N1_m1_a1_1784819599.npz,B030,B_phase,inphase,N1,1003.8,1,1,1,-2.204364238465236e-15,-12.0,-2.204364238465236e-15,-12.0,12.0,12.0,-90.00000000000001,-90.00000000000001,1,1,1003.7870989353981,0.006341214438738325,0.028358519829074613,0.029058848006314385,77.39550838273414,0.013492694543740982,0.006883455305654084,0.46432310533470106,0.23687984135359852,0.004251771845300817,0.10695406057938438,0.10703853809840227,87.72350506550771,0.017045037782197226,0.007003016617196854,0.1592420644471755,0.06542518929732455,0.16411056628021348,0.10785323040856948,0.19637870881125663,33.31286037603154,0.022383568135735905,0.007934894078907155,0.11398164429958231,0.040406081325921814,-0.08265384494542327,0.14830589021755747,0.1697830826598583,119.13180006755331,0.03181588432769348,0.006104275966976583,0.18739136920627772,0.03595338164053616,0.11079862197529536,0.005032956792263697,0.04542436270900454,-1.0,87.02688613105347,0.19783245402100874,0.1680869196811164,0.8496427975526526,-1.0,44.639460355387214,1.7855136687992312,-44.082648006702584,-0.029214270499947844,-0.1018168113768462,0.10592514658848673,0.0033063293666661018,-0.0807600035120301,0.08082765604138223,-0.1845783663581636,-0.05168283564441897,0.1916775647479289,0.03037140214336194,-0.15678207637694014,0.15969671737771726
B030_N1_m1_a2_1784819607.npz,B030,B_phase,inphase,N1,1004.1,1,2,1,-2.204364238465236e-15,-12.0,-2.204364238465236e-15,-12.0,12.0,12.0,-90.00000000000001,-90.00000000000001,1,1,1004.0965520573185,0.005491506243030967,0.028249117858084455,0.028777930790402462,78.99915183515074,0.013417456669476616,0.00757502857759193,0.46624118902778733,0.26322353169735985,0.004043757900231815,0.10814289020605507,0.10821846737075225,87.85855208093518,0.017949423899425488,0.005609840697909274,0.16586285442327936,0.05183810891250362,0.16380566139089303,0.1083707635152038,0.19640905551571733,33.4878763450924,0.021669116292927993,0.0093814434338844,0.11032646247409889,0.047764821276958205,-0.08251422480478088,0.15016668097585906,0.1713436003194731,118.7881010619494,0.032916550001137385,0.0037452478714987206,0.19210842972695746,0.021858113547956512,0.11189742148634463,0.004286379049862975,0.03830632549818015,-1.0,87.28098044696152,0.1983390405770033,0.16910579955166916,0.8526097487398876,-1.0,46.74359596137955,1.7725076944798728,-45.511275490058324,-0.0300639786956552,-0.10192621334783636,0.10626756693573756,0.0030983154215970996,-0.0795711738853594,0.07963147161735622,-0.18488327124748405,-0.051165302537784646,0.19183251072473037,0.030511022284004333,-0.15492128561863855,0.1578972045938331
B030_N1_m1_a3_1784819616.npz,B030,B_phase,inphase,N1,1004.1,1,3,1,-2.204364238465236e-15,-12.0,-2.204364238465236e-15,-12.0,12.0,12.0,-90.00000000000001,-90.00000000000001,1,1,1004.0721083523246,0.008023215405650912,0.026778819038666274,0.02795491252984186,73.32123191601896,0.01077674771199656,0.0071314668261221155,0.3855046121318529,0.25510603256258724,0.0062934669815147,0.10727456891566074,0.10745901945713195,86.6424823715875,0.017793377470543374,0.0054217754043189865,0.1655829130065866,0.050454353964041763,0.16524853567528164,0.10771670242815512,0.19725609375839456,33.098184115287395,0.017862769794533332,0.008819053574968982,0.09055623810746355,0.044708649588138125,-0.0797618754077355,0.149004189354348,0.1690094826147501,118.1601231823967,0.031960661020982876,0.00349515815723319,0.1891057266522485,0.020680248842606386,0.1108599864169712,0.006243509339172414,0.05631887158716641,-1.0,85.8229137199327,0.1991297342298001,0.166797843763327,0.8376340399813852,-1.0,45.32956240343956,1.7962273013531234,-40.223047800731564,-0.027532269533035256,-0.10339651216725454,0.10699936725977831,0.005348024502879985,-0.08043949517575373,0.080617081007771,-0.18344039696309544,-0.05181936362483333,0.1906190590797802,0.03326337168104972,-0.1560837772401496,0.15958883862333326
B030_N2_m1_a1_1784819560.npz,B030,B_phase,inphase,N2,1202.6,1,1,1,-2.204364238465236e-15,-12.0,-2.204364238465236e-15,-12.0,12.0,12.0,-90.00000000000001,-90.00000000000001,1,1,1202.6451046213174,0.029344980895565646,0.07513630375906827,0.08066344925885632,68.66653995468415,0.01331111919615986,0.010883390002831802,0.16502045620989095,0.1349234393375123,0.009263621327692484,0.20620430954731772,0.20641228634940534,87.42774643176841,0.013400536828358638,0.008235067456310786,0.06492121697482105,0.0398962077401286,0.3561392260373023,0.18031533194240168,0.39918512905160586,26.85335506771445,0.01539962561224759,0.013065553886653978,0.038577653553463806,0.03273056267826272,-0.11410382867113994,0.3214796964428396,0.3411288304180594,109.54146504093275,0.021981940603177492,0.007518880577262256,0.06443882381984026,0.022041175962898635,0.22027624299324233,0.0243105075041031,0.11036372862437509,-1.0,85.0563855329388,0.406775578558123,0.33204107409633016,0.8162758326674858,-1.0,42.92696628885654,1.8466611425300283,-41.81318488696971,-0.04933238000687776,-0.1610736439016338,0.16845890441556757,0.02380339968123952,-0.1612291893152603,0.16297684904194487,-0.3618714991462356,-0.10906412666212134,0.37794968662365,0.09350190708462108,-0.30166106718874897,0.3158195783765092
B030_N2_m1_a2_1784819569.npz,B030,B_phase,inphase,N2,1206.3,1,2,1,-2.204364238465236e-15,-12.0,-2.204364238465236e-15,-12.0,12.0,12.0,-90.00000000000001,-90.00000000000001,1,1,1206.296821033477,0.02919954080946473,0.0747417838107502,0.08024305222694683,68.6607919494552,0.007169925755199266,0.008207267448293467,0.08935260506942053,0.10228010052610315,0.009102660804467255,0.20479592406732594,0.20499811937749848,87.45502257874098,0.016398028052089154,0.006568807021188697,0.07999111456184937,0.032043255036366534,0.35683655033129025,0.1798610963839471,0.39960272477145464,26.750085570350045,0.010603600317517033,0.00890499384450255,0.02653535539223754,0.022284617427460223,-0.11419019600070629,0.32041054054797047,0.3401504304817537,109.61541356214929,0.02366896679823025,0.00598941101181797,0.06958382138369776,0.017608124156524487,0.21880710247961938,0.024220410473007714,0.1106929811625457,-1.0,85.0729275224671,0.4067128978070069,0.33161615123380284,0.8153568598927519,-1.0,42.22688911473045,1.8587737472776502,-41.910706379105164,-0.04947782009297867,-0.16146816384995188,0.16887872162658052,0.02364243915801429,-0.1626375747952521,0.16434702815877636,-0.3611741748522477,-0.10951836222057593,0.3774136407758459,0.09341553975505473,-0.3027302230836181,0.316815484211213
B030_N2_m1_a3_1784819577.npz,B030,B_phase,inphase,N2,1206.6,1,3,1,-2.204364238465236e-15,-12.0,-2.204364238465236e-15,-12.0,12.0,12.0,-90.00000000000001,-90.00000000000001,1,1,1206.6030099598079,0.03305963826459704,0.07995108439997745,0.08651656245435509,67.5349882763873,0.010584321363414096,0.012590684949381478,0.12233867207794154,0.145529186460964,0.012504257181364109,0.20791877513957668,0.20829443944378243,86.55837101599424,0.017849415474719615,0.010175599210829306,0.08569319239814406,0.048851996423916286,0.3606553381810499,0.18343704131473748,0.4046250376395314,26.958865046711214,0.013546706685678584,0.012235863792768888,0.0334796550522584,0.030240006560517053,-0.11057055361587131,0.3249193874523695,0.3432177962596684,108.79351624358468,0.02595596652910223,0.00956357078648115,0.07562535163376177,0.02786443736514652,0.22401818216968833,0.02622104382945499,0.11704873048917604,-1.0,83.88449163731374,0.4135578275612778,0.3324000601939353,0.8037571484357477,-1.0,43.54362568379625,1.8460904537115554,-40.576123229676085,-0.04561772263784636,-0.15625886326072463,0.16278147611505836,0.027044035534911144,-0.15951472372300135,0.16179099771754604,-0.35735538700248803,-0.10594241728978554,0.3727286793378007,0.09703518213988971,-0.29822137617921907,0.31361093058621037
B032_N1_m1_a1_1784821121.npz,B032,B_phase,inphase,N1,1004.6,1,1,1,-24.0,2.9391523179536475e-15,-24.0,2.9391523179536475e-15,24.0,24.0,180.0,180.0,1,1,1004.5621128134624,-0.051323210278750135,0.10108314186348327,0.11336610376258809,116.9183918006722,0.0285778050394195,0.00913723771479768,0.25208421292547284,0.08059938033976129,-0.19050611700019238,0.19609113323276195,0.27339406201854455,134.1723283091339,0.021938911856477034,0.01231434674846665,0.08024648265765516,0.045042480650627145,0.24928661901715599,0.5295489459712085,0.585291298927485,64.79116012338277,0.018875290821111074,0.014593035095839063,0.032249395908838956,0.024932943856469453,-0.45691023528428826,0.24529633972725928,0.5185916094492222,151.77047553166983,0.03593906322563273,0.011131833658606118,0.06930128172301579,0.02146551054003524,0.2943136974037003,0.03123514286621426,0.10612874338420633,-1.0,131.73397393314443,0.5881245146529553,0.5153762870520752,0.8763047181534204,-1.0,75.11390789204621,1.9982913464141105,-52.12723167728943,-0.0868786952174363,-0.02909218934243754,0.09162021154428987,-0.19145155947882708,0.008377069141347476,0.19163474349468518,-0.0994023136212211,0.3700128799182201,0.383132289501455,-0.34388498819550306,-0.05979162686723832,0.34904430055460345
B032_N1_m1_a2_1784821129.npz,B032,B_phase,inphase,N1,1004.7,1,2,1,-24.0,2.9391523179536475e-15,-24.0,2.9391523179536475e-15,24.0,24.0,180.0,180.0,1,1,1004.7484490220039,-0.05123968515665486,0.10341237498164918,0.11541067816410376,116.35790524926219,0.03243774448241484,0.005612561856212152,0.2810636329187083,0.0486312180596633,-0.1906076854900612,0.1971852232313176,0.27425043669730526,134.02827254024268,0.01831462771705104,0.0014509635820196933,0.06678066929485038,0.005290651856358376,0.2504969823933949,0.5303115214735455,0.5864972702372822,64.7159088821293,0.024309970792615997,0.00625082490849418,0.04144941848200042,0.010657892586550748,-0.4577058733490889,0.24786126340313908,0.5205092433320013,151.56314503191888,0.03396880338125397,0.001195244563798736,0.0652607111524191,0.002296298440633766,0.295766391449296,0.03248335499948807,0.10982774222694863,-1.0,131.47091821044486,0.5896212588515934,0.5169677857469441,0.8767794206637721,-1.0,75.5772441250044,1.9935370478111734,-51.64199636713289,-0.08679517009534103,-0.026762956224271633,0.09082762452988331,-0.19155312796869592,0.009471159139903124,0.1917871311898819,-0.09819195024498217,0.3707754554205571,0.38355716319113975,-0.3446806262603037,-0.05722670319135853,0.3493989548887446
B032_N1_m1_a3_1784821138.npz,B032,B_phase,inphase,N1,1004.8,1,3,1,-24.0,2.9391523179536475e-15,-24.0,2.9391523179536475e-15,24.0,24.0,180.0,180.0,1,1,1004.8163930112971,-0.05376397908050243,0.10240631881638163,0.11566165994006442,117.69976303256294,0.024568644424696282,0.007150232215385144,0.21241822430551052,0.06182024552553004,-0.1923563763530294,0.19597534507125475,0.27460391730539035,134.4660605356981,0.018630475061341505,0.001046237357789888,0.06784489909742375,0.0038099870098588385,0.24857754644725893,0.5293364253050097,0.5847972706437892,64.8451470464841,0.01860881159561894,0.0044652246085731505,0.03182096177557899,0.0076355086330301995,-0.4593598701029647,0.24678560180958087,0.5214543350299522,151.75361603505567,0.031513831352008116,0.003887166767087589,0.060434498737455065,0.00745447205240764,0.2963598603857555,0.030915435169058425,0.1043172146484935,-1.0,132.0261586907804,0.5879249264094134,0.5179254311003089,0.8809380378943842,-1.0,75.96050728990255,1.9838210398808513,-52.85461598607884,-0.0893194640191886,-0.02776901238953919,0.09353654206653947,-0.1933018188316641,0.008261280979840274,0.19347827249346983,-0.10011138619111815,0.36980035925202126,0.3831117269779551,-0.3463346230141795,-0.05830236478491674,0.35120768334119246
B032_N2_m1_a1_1784821163.npz,B032,B_phase,inphase,N2,1206.7,1,1,1,-24.0,2.9391523179536475e-15,-24.0,2.9391523179536475e-15,24.0,24.0,180.0,180.0,1,1,1206.7343651986998,-0.08470213479497342,0.24004048518951682,0.25454643224536555,109.43620645836742,0.05456147207102889,0.009514003672242548,0.21434781697680727,0.03737629943707752,-0.36032983027322374,0.39793373675188864,0.5368322321079945,132.1609061169808,0.02113319253186044,0.006076579983813132,0.0393664747902266,0.01131932775338778,0.5143251622950833,1.0386163225904363,1.1589884546970886,63.65528224850303,0.016131139432200032,0.006208601363244406,0.013918291736923334,0.0053569139002916785,-0.8245952290277749,0.5458428333135212,0.9888891193734013,146.49733507294957,0.02798680666374955,0.008144935563137284,0.0283012585692955,0.008236449773356018,0.5872848334568583,0.08988468162287849,0.1530512563959842,-1.0,128.2212537462779,1.1800221175553607,0.9636927573746771,0.8166734699610115,-1.0,79.3687599998353,2.009284167291619,-45.780924209864395,-0.16337949569741683,0.003830537528814737,0.16342439423813662,-0.3457900519196767,0.03050023788931061,0.3471325748441325,-0.20368556288845463,0.7492368639859133,0.7764300914342723,-0.6169894932720139,-0.07729793031806731,0.6218126766474878
B032_N2_m1_a2_1784821171.npz,B032,B_phase,inphase,N2,1207.0,1,2,1,-24.0,2.9391523179536475e-15,-24.0,2.9391523179536475e-15,24.0,24.0,180.0,180.0,1,1,1207.0179195933547,-0.08534761580256588,0.2403041719030642,0.2550104126446601,109.55325435845717,0.051764862085522355,0.0007833451387593335,0.20299117023763735,0.0030718162863838517,-0.3608304643498644,0.3960657042160021,0.5357860263753212,132.33467526202963,0.02137932786249297,0.006799742286467447,0.039902735065950795,0.012691152720926297,0.5150687730890084,1.0400691611695296,1.1606203948868492,63.654213345544164,0.015193692209533035,0.010370194549436669,0.013091009150338334,0.008935044218697947,-0.8259700303595028,0.543856586584323,0.98894210033916,146.63725801821963,0.02600284530319938,0.004101228429421027,0.026293597263461272,0.004147086495776144,0.5864804487424207,0.09020897881666337,0.15381412800733057,-1.0,128.36090296090157,1.1807926394147599,0.9647667705484364,0.8170501223877945,-1.0,79.04218288859529,2.013353798829461,-45.89904101291302,-0.16402497670500926,0.00409422424236211,0.16407606667404473,-0.34629068599631735,0.02863220535342409,0.3474723620537333,-0.20294195209452948,0.7506897025650066,0.7776377469343141,-0.6183642946037418,-0.07928417704726554,0.6234263240919854
B032_N2_m1_a3_1784821180.npz,B032,B_phase,inphase,N2,1206.9,1,3,1,-24.0,2.9391523179536475e-15,-24.0,2.9391523179536475e-15,24.0,24.0,180.0,180.0,1,1,1206.937156616508,-0.08461618441223583,0.24300109270425746,0.2573119307765356,109.19879102984922,0.05518348510459402,0.008557699874544739,0.21446143184288846,0.03325807648607144,-0.35990165583129746,0.3990518035005799,0.5373746772477981,132.0470497941266,0.02448770463061668,0.007001771543444998,0.045569145081476796,0.01302958966973483,0.5175294414172442,1.041561488927717,1.1630507546753786,63.57820945467568,0.013404568244101415,0.007354676698811076,0.01152535105644877,0.006323607692309056,-0.8256930778435212,0.5494389972849298,0.9917924533571408,146.35910814358948,0.03206448356313197,0.00841428298679731,0.032329832168611655,0.008483915115824497,0.5887831782589724,0.0911884996388623,0.15487619722510762,-1.0,128.0219503134449,1.1844048272372099,0.9661907336050884,0.8157605502663001,-1.0,79.33222515029611,2.011614582365424,-45.62058157517353,-0.1632935453146792,0.00679114504355538,0.16343470131046162,-0.34536187747775043,0.03161830463800186,0.34680620467797024,-0.2004812837662937,0.7521820303231939,0.7784411036691878,-0.6180873420877602,-0.0737017663466587,0.6224659932974085
B033_N1_m1_a1_1784821619.npz,B033,B_phase,inphase,N1,1002.9,1,1,1,-4.408728476930472e-15,-24.0,-4.408728476930472e-15,-24.0,24.0,24.0,-90.00000000000001,-90.00000000000001,1,1,1002.8994344492678,-0.012447105516881832,-0.020106460999255754,0.023647414439278196,-121.75999245374183,0.018023120347827472,0.009369266419889413,0.7621602942726453,0.39620680070321446,0.004888021233140943,0.020692691521471962,0.021262178486186084,76.70924090131601,0.015452496236670407,0.0031295027496604983,0.7267597836557437,0.1471863643555489,-0.013229037407951838,0.059527753069519185,0.060980003412976616,102.52940191093064,0.024138084947080266,0.008592487724033558,0.3958360707789605,0.14090664550873191,-0.05433915963236402,-0.008860796597636167,0.055056861387988876,-170.7385962674175,0.03376057919268398,0.004760040337877577,0.6131947652222896,0.08645680516245374,0.03139326268736934,0.005073805424259092,0.16162083803734328,1.0,66.46151868164426,0.06138617853996331,0.05460362521300767,0.8895100902471051,-1.0,115.53631327400421,1.9553933960696994,-135.7106056353275,-0.048002590455568,-0.15028179220517657,0.15776205424259934,0.003942578754506228,-0.1670213725699425,0.16706789883871476,-0.3619179700463289,-0.10000831298346927,0.3754813972865433,0.05868608745642119,-0.3139487631921338,0.31938672917141253
B033_N1_m1_a2_1784821627.npz,B033,B_phase,inphase,N1,1003.2,1,2,1,-4.408728476930472e-15,-24.0,-4.408728476930472e-15,-24.0,24.0,24.0,-90.00000000000001,-90.00000000000001,1,1,1003.1637964815519,-0.013666604881253357,-0.018033110688298548,0.02262673573621978,-127.15709642274348,0.015436245982334947,0.0004038793793916166,0.6822126780587866,0.017849652910609907,0.0030910956059487515,0.020158213658510005,0.02039383362556572,81.28207229983119,0.015042931255725523,0.0042963960273171104,0.7376215542362617,0.21067132870649422,-0.014557407174475845,0.06060846656114183,0.06233220935067622,103.50590064607623,0.019294165778647048,0.0031255897667379355,0.3095376528385117,0.050144055525989904,-0.05708009812414366,-0.010183702568363207,0.057981422885806766,-169.884250836429,0.032578521561305494,0.0051910177091095515,0.5618786145601882,0.08952898102092381,0.02953864774468327,0.007439483143303591,0.25185591458372164,1.0,65.45792278935521,0.06294027164640531,0.057320780939167176,0.9107170884357142,-1.0,121.48911027912641,2.1307770142502234,-129.33700293118028,-0.04922208981993953,-0.14820844189421936,0.15616835907108198,0.0021456531273140365,-0.16755585043290447,0.16756958805713107,-0.3632463398128529,-0.09892759949184662,0.3764765242729669,0.05594514896464155,-0.3152716691628608,0.32019694731432446
B033_N1_m1_a3_1784821636.npz,B033,B_phase,inphase,N1,1003.2,1,3,1,-4.408728476930472e-15,-24.0,-4.408728476930472e-15,-24.0,24.0,24.0,-90.00000000000001,-90.00000000000001,1,1,1003.1742565358653,-0.01417214376625956,-0.01804825150465278,0.02294752799991169,-128.14029264839618,0.01986528929608995,0.006379855262109698,0.8656831923755097,0.2780192821699248,0.00353142556399369,0.020082796270710038,0.02039092132702378,80.02687834768294,0.018823855071657448,0.0023769714463771907,0.9231488253897816,0.11657008568941053,-0.015181217693873261,0.059334274348374794,0.06124561603181878,104.3517631594521,0.020137858068528743,0.007342969655094474,0.3288048904278565,0.11989380025632528,-0.05564909530044737,-0.009547567942764013,0.05646218080609328,-170.2646970719958,0.03708263503877145,0.0005823576354279568,0.6567694430033345,0.010314118709440816,0.029789260604854803,0.007414760042486196,0.24890715284412937,1.0,64.14211362107893,0.06217217728885663,0.05544027160521425,0.8917215710113314,-1.0,124.4736001199206,2.0870668162446546,-127.50794419215174,-0.04972762870494573,-0.1482235827105736,0.15634278853907907,0.0025859830853589747,-0.16763126782070442,0.1676512131172766,-0.36387015033225034,-0.10020179170461366,0.37741473919764873,0.05737615178833784,-0.3146355345372616,0.3198242367107076
B033_N2_m1_a1_1784821654.npz,B033,B_phase,inphase,N2,1205.0,1,1,1,-4.408728476930472e-15,-24.0,-4.408728476930472e-15,-24.0,24.0,24.0,-90.00000000000001,-90.00000000000001,1,1,1205.0240966222593,-0.014503988649091281,-0.010603981133070123,0.01796691689198444,-143.82916614706295,0.012672771197015025,0.0024743365077923934,0.7053392228172833,0.1377162549739553,0.0021650496211871317,0.031304746827857124,0.03137952539186075,86.04369934376315,0.006505487193683375,0.00236341267165934,0.20731630298560136,0.07531703052055606,-0.0027098564455811935,0.07770105971734043,0.07774829903704235,91.99740434997653,0.02062223143772415,0.005947538617919987,0.2652435062006811,0.0764973471006272,-0.07024246433718567,0.0098117792711232,0.07092443026648887,172.0481230880735,0.018545384118008636,0.0024924305147995913,0.2614809036650261,0.03514205902584799,0.033841009828489116,0.012738554478825777,0.3764235920673325,1.0,76.6011198769378,0.08134429582164,0.06676959149988058,0.8208269654983956,-1.0,118.23562194057672,2.4037195176474953,-124.17342950296052,-0.09318134955153468,-0.2468139287937722,0.2638178905056716,0.016704827974734167,-0.3361287520347209,0.3365435918600804,-0.7207205816291191,-0.2116783988871826,0.7511630324631644,0.13736327141857535,-0.6133289843604653,0.6285229601147863
B033_N2_m1_a2_1784821662.npz,B033,B_phase,inphase,N2,1205.3,1,2,1,-4.408728476930472e-15,-24.0,-4.408728476930472e-15,-24.0,24.0,24.0,-90.00000000000001,-90.00000000000001,1,1,1205.3152767973627,-0.013036781170206178,-0.009957721123374258,0.01640469058686375,-142.62677694174846,0.011761900063978953,0.0065001874848978425,0.7169839627086555,0.39623956638980706,0.0034425107373431685,0.031909723058326164,0.03209487974484085,83.84258445592653,0.010862192714253935,0.0049042749405668815,0.3384400502700123,0.15280552473031866,-0.0014479240186924258,0.07816912042689284,0.07818252920108162,91.06116646786987,0.011111872769097834,0.008941926552107982,0.1421273126188927,0.1143724390024501,-0.06867541635380203,0.010497928630469167,0.06947315536880763,171.30887523286106,0.01931245292912056,0.002550865859622376,0.27798439305941686,0.036717288081716745,0.03428130926431143,0.011134945631262279,0.32481097922518143,1.0,76.43610155828411,0.08119102026048043,0.06593212736017794,0.8120618160561565,-1.0,113.99909030210512,2.3683757126803897,-126.31205659038164,-0.09171414207264958,-0.24616766878407634,0.26269755425338254,0.017982289090890204,-0.33552377580425186,0.33600530777190146,-0.7194586492022303,-0.21121033817763019,0.7498203483935381,0.138930319401959,-0.6126428350011194,0.6281981191688966
B033_N2_m1_a3_1784821671.npz,B033,B_phase,inphase,N2,1205.3,1,3,1,-4.408728476930472e-15,-24.0,-4.408728476930472e-15,-24.0,24.0,24.0,-90.00000000000001,-90.00000000000001,1,1,1205.3286316753463,-0.012755146693746961,-0.010320534714803098,0.016407534975689062,-141.02274027954647,0.014340034286692536,0.001979290387380444,0.8739907797204194,0.12063301344858601,0.0038615890041514556,0.03109981682418758,0.03133864189997716,82.92194882950959,0.010442384265755292,0.005108822965221748,0.33321112954045723,0.16301992222660647,-0.0002719309852086682,0.07794281624214566,0.07794329060424382,90.19989570953662,0.016787154406147493,0.004310192138338275,0.2153765163878451,0.05529907840590445,-0.06864045498552118,0.009559737719461947,0.06930296274968527,172.07126693745235,0.022176118813218102,0.0062889716937729965,0.3199880341813931,0.09074607266774547,0.03375776732620604,0.010570280283095621,0.3131214271652956,1.0,75.33546927460502,0.08020610079935812,0.06667112261440535,0.8312475229432784,-1.0,111.47952490532613,2.375930257007678,-128.77736401091693,-0.09143250759619036,-0.24653048237550518,0.2629395029006229,0.01840136735769849,-0.3363336820383904,0.3368366903918486,-0.7182826561687465,-0.21143664236237736,0.748755920101007,0.13896528077023984,-0.6135810259121266,0.6291208346724255
B034_N1_m1_a1_1784824846.npz,B034,B_phase,inphase,N1,1002.2,1,1,1,1.83697019872103e-15,30.0,1.83697019872103e-15,30.0,30.0,30.0,90.0,90.0,1,1,1002.2167315227814,0.0885240528180078,0.2471162004844234,0.26249366557915865,70.29103135206627,0.033666317867964916,0.016305325673318355,0.12825573445242763,0.062117025328374084,-0.014095221588353107,0.42396572128679416,0.42419996239728314,91.90416186481194,0.020871403810554683,0.011730078409565371,0.049201804952089166,0.027652238211609278,0.8008790161635946,0.29181743893681666,0.8523875973985133,20.02029567146481,0.014553347576984817,0.014641303757023562,0.01707362662408701,0.01717681463422135,-0.20824711549635022,0.716570212223524,0.7462169457728876,106.20473543306822,0.026101480324412348,0.013273388717666527,0.03497840738175407,0.01778757343002809,0.4918275738067256,0.08339166751198512,0.16955468126062348,-1.0,86.11050659142713,0.8582159857714512,0.7395063678723549,0.8616786218536956,-1.0,31.493615426358712,1.7449529702633264,-50.27073568060146,0.05296856787932164,0.11694086927850258,0.12837770869897208,-0.015040664066987822,0.2362516571953797,0.23672994551416426,0.4521900835252175,0.1322813728838282,0.4711414153421174,-0.09522186840756501,0.4114822456290264,0.42235629827307425
B034_N1_m1_a2_1784824854.npz,B034,B_phase,inphase,N1,1002.1,1,2,1,1.83697019872103e-15,30.0,1.83697019872103e-15,30.0,30.0,30.0,90.0,90.0,1,1,1002.092169979999,0.09082981300309838,0.24540842970140792,0.2616779553166233,69.6896339790312,0.027555832972158707,0.007189289923003112,0.10530437284568694,0.027473808079493223,-0.010999660159590113,0.4248808734418293,0.4250232336476657,91.48298828801455,0.02818951332882471,0.004100815920554713,0.06632464085997039,0.009648451180798726,0.8030701717907558,0.2906766256531039,0.854057727276739,19.898062274832952,0.01456123490671214,0.008924417427640014,0.01704947387238367,0.01044943115976076,-0.20494467931552235,0.718320569439939,0.7469851150192087,105.92402499829177,0.03425412725380763,0.0044751821698614325,0.04585650579252411,0.005990992430614034,0.4920132317290019,0.08392306740456038,0.17057075296459653,-1.0,85.68917221428457,0.8603175580577517,0.7397668976636603,0.859876554575678,-1.0,31.687063304798844,1.7485658973732838,-49.79157170419825,0.05527432806441221,0.1152330984954871,0.12780421875604459,-0.011945102638224828,0.23716680935041481,0.23746743131320922,0.4543812391523787,0.13114055960011547,0.4729272215318998,-0.09191943222673714,0.41323260284544144,0.4233324533688671
B034_N1_m1_a3_1784824863.npz,B034,B_phase,inphase,N1,1002.3,1,3,1,1.83697019872103e-15,30.0,1.83697019872103e-15,30.0,30.0,30.0,90.0,90.0,1,1,1002.2548335737705,0.08856861416847157,0.2457792959147183,0.2612505726616848,70.18295094782134,0.03615646178157334,0.007943300173040062,0.1383976364652619,0.03040491009115033,-0.012675706089402577,0.4257551451355636,0.4259437957457178,91.70532288162592,0.02456875729412037,0.005617282386237269,0.057680749290189355,0.013187848824990762,0.8023272237924364,0.2925241709798424,0.8539902602757964,20.03158233189803,0.018429574456639754,0.009270901444114556,0.021580544081015535,0.010855980302539417,-0.20752424727064933,0.7183910550707167,0.7477646830459881,106.11261243941917,0.030919451410314363,0.006129537920497354,0.04134917322434282,0.00819714819310393,0.49276401095812056,0.08284689707401988,0.16812692329728793,-1.0,86.01166062176652,0.8601403354545835,0.7406821107471585,0.861117750460695,-1.0,31.78143606940399,1.7455421181878596,-50.1513686159233,0.053013129229785405,0.1156039647087975,0.12717967025875962,-0.013621148568037292,0.23804108104414914,0.23843047614132662,0.4536382911540593,0.13298810492685395,0.47272987556659773,-0.09449900018186412,0.41330308847621905,0.4239687535412879
B034_N2_m1_a1_1784824893.npz,B034,B_phase,inphase,N2,1206.7,1,1,1,1.83697019872103e-15,30.0,1.83697019872103e-15,30.0,30.0,30.0,90.0,90.0,1,1,1206.7268112095887,0.19838182731653933,0.47003928153543,0.5101884706613747,67.11764259136447,0.07720095148155141,0.008542944099169067,0.15131849487204832,0.016744682779864777,-0.009751217633982012,0.8743388358502777,0.874393210244318,90.63897476596506,0.036523452245478,0.006156962944047882,0.04177005472774979,0.0070414121151827535,1.6631421991462363,0.5872363918393729,1.763771117373653,19.447540721044685,0.006274645074106625,0.004992140622318853,0.0035575166257682564,0.0028303789381427277,-0.34093913019738703,1.498304784162703,1.5366055826869154,102.81936694611744,0.022485199718187767,0.003742612974157765,0.014633032686807011,0.0024356367153198907,0.9964603430823213,0.1786688175967462,0.17930349043703556,-1.0,84.92233823449838,1.795625482188407,1.4992579494342364,0.8349502523249032,-1.0,36.284461141944405,1.8020039579638982,-47.6701018703198,0.11970446641409593,0.23382933387472793,0.2626886306252755,0.004788560719565025,0.5069053369876997,0.5069279544278242,0.9451314739626984,0.2978569332348499,0.9909552238880285,-0.133333394441626,0.8751640205311145,0.8852625920626667
B034_N2_m1_a2_1784824901.npz,B034,B_phase,inphase,N2,1206.6,1,2,1,1.83697019872103e-15,30.0,1.83697019872103e-15,30.0,30.0,30.0,90.0,90.0,1,1,1206.6051764771653,0.19976252128988567,0.4670218623589501,0.5079512622617589,66.84181318570813,0.0819632243436763,0.011707312131302265,0.16136041079752012,0.023048101266985768,-0.00810166002837398,0.8709836690048811,0.8710213479406917,90.53293483709092,0.031120732519390445,0.0026716513861362976,0.03572901237491767,0.003067262808716155,1.6643942931124538,0.5857062405848582,1.764443301215812,19.387150808589197,0.00860395499955108,0.008006715164851642,0.0048763000735826505,0.004537813801857228,-0.3387477857425046,1.4932417800671212,1.5311829009244695,102.78144794830263,0.01705700899678154,0.0022655263148995118,0.011139759323646557,0.0014795922247640525,0.9922674860337584,0.1791588947330806,0.18055503909455456,-1.0,84.78378665557456,1.7953242595839745,1.4948551910596828,0.8326379945459443,-1.0,35.797377477580156,1.8093148116342643,-47.45466237711895,0.12108516038744227,0.23081191469824802,0.2606448849157105,0.0064381183251730565,0.5035501701423031,0.5035913255983578,0.9463835679289159,0.2963267819803352,0.9916911915332747,-0.13114204998674356,0.8701010164355326,0.8799284153139235
B034_N2_m1_a3_1784824910.npz,B034,B_phase,inphase,N2,1206.6,1,3,1,1.83697019872103e-15,30.0,1.83697019872103e-15,30.0,30.0,30.0,90.0,90.0,1,1,1206.6113012590436,0.20049213608834926,0.46688646846317267,0.5081142303333792,66.76016576524664,0.08170221287111484,0.011618676313075739,0.16079497088186084,0.0228662682906019,-0.006033899251241426,0.8708777422737406,0.8708986450374016,90.39696895728774,0.036090031350383404,0.003956447129532629,0.041439990240004894,0.004542947852861472,1.6666041196219512,0.5867382980931253,1.7668704315795418,19.394933030156142,0.002831855786572121,0.009601359724066064,0.0016027523784188898,0.005434105157038973,-0.3362975052564457,1.4933448530168525,1.5307432384543247,102.69115287474423,0.024384972390879063,0.005826886698496582,0.01593015195383251,0.0038065735337693266,0.9923085906823984,0.17879648165771245,0.18018233776929846,-1.0,84.65555555677346,1.7982663456772925,1.493734961118654,0.830652792179158,-1.0,35.80358754677681,1.8122047542092192,-47.3652327350905,0.12181477518590586,0.23067652080247059,0.26086490124799355,0.008505879102305611,0.5034442434111626,0.5035160932911091,0.9485933944384133,0.29735883948860226,0.994108498803928,-0.12869176950068467,0.870204089385264,0.879668533437484
B035_N1_m1_a1_1784825969.npz,B035,B_phase,inphase,N1,1004.8,1,1,1,-30.0,3.67394039744206e-15,-30.0,3.67394039744206e-15,30.0,30.0,180.0,180.0,1,1,1004.7626242193448,-0.07858970777186933,0.15156175881373135,0.1707258296286168,117.40820977184919,0.02577960969705192,0.0047085212746761545,0.15100005519452334,0.02757943121388657,-0.2263474182732402,0.20200807515786923,0.303381634559425,138.25207396860816,0.021374190719388224,0.007594338617882643,0.07045314641549782,0.025032295145061254,0.22076302358764055,0.6325130862536089,0.6699321733322131,70.75972423785099,0.018489639492552865,0.011556140556574277,0.02759927083451779,0.01724971723494715,-0.5195306897422818,0.25018899827428254,0.5766339154451289,154.2860540770876,0.034173273132625276,0.005776679268551398,0.059263377018407656,0.010017931852121683,0.34397233153341517,0.05357947582605049,0.15576681876473986,-1.0,133.41880088031064,0.6806700209007106,0.5639185330827747,0.8284756427740977,-1.0,86.18181512917823,1.9788510833598456,-46.64848553399821,-0.1141451927105555,0.021386427607810538,0.1161314096390549,-0.2272928607518749,0.014294011066454754,0.22774187867219137,-0.12792590905073653,0.4729770202006205,0.48997173371972746,-0.4065054426534966,-0.05489896832021507,0.4101957723204119
B035_N1_m1_a2_1784825978.npz,B035,B_phase,inphase,N1,1004.7,1,2,1,-30.0,3.67394039744206e-15,-30.0,3.67394039744206e-15,30.0,30.0,180.0,180.0,1,1,1004.7427627256092,-0.07703691074923735,0.1545427510946379,0.172679319936364,116.4954678723034,0.031891135613514074,0.003626195647767397,0.18468416267371585,0.02099959421373519,-0.2249661350632177,0.20432230316283984,0.30390354636800365,137.75314649183574,0.026512994628160497,0.0024231507322163117,0.08724147824209763,0.007973420386750156,0.22329488108001727,0.6350460307297257,0.6731597619154897,70.62730624899369,0.020621153009663697,0.0069262538860244815,0.030633371416891868,0.01028916800718404,-0.5185808492632651,0.25299049082789826,0.5770011140994011,153.9944923339631,0.04124270895123913,0.0007445533328132188,0.07147769379199875,0.0012903845670650701,0.34516216364312136,0.05512344163723465,0.1597030249648952,-1.0,132.75553241143777,0.6841354989785254,0.5639441193695284,0.8243164113125933,-1.0,85.93521587596416,1.982069795129352,-45.8681616233097,-0.11259239568792352,0.024367419888717073,0.11519903957403023,-0.2259115775418524,0.016608239071425362,0.22652124507979823,-0.1253940515583598,0.47550996467673723,0.4917655891510634,-0.4055556021744799,-0.052097475766599344,0.4088881184827415
B035_N1_m1_a3_1784825986.npz,B035,B_phase,inphase,N1,1004.8,1,3,1,-30.0,3.67394039744206e-15,-30.0,3.67394039744206e-15,30.0,30.0,180.0,180.0,1,1,1004.8308864409362,-0.07729371452291925,0.15249869762177465,0.170968333562353,116.8780961348052,0.029493511715766783,0.006732525351325883,0.17250862251055604,0.039378785597570895,-0.22438382930636558,0.20071306831840108,0.3010545443071327,138.1871217812023,0.021483762218377264,0.003040241812898181,0.07136169383465528,0.010098641161172968,0.22242475620418645,0.6331408224383511,0.6710738209842517,70.64343264058766,0.021097409673093585,0.004605065580305502,0.03143828445304333,0.0068622339842602355,-0.5175013115141853,0.2488235049140115,0.574213152075599,154.3209543274276,0.035693036784545905,0.0043883024099032235,0.06215990813781758,0.007642288223529708,0.34186326431132164,0.054713053684388585,0.16004367651086232,-1.0,133.18266429785353,0.6810089766537923,0.5623945153928451,0.8258254071131755,-1.0,85.29386245717286,1.9920507634117244,-46.23466349421756,-0.11284919946160542,0.022323366415853835,0.1150359704929796,-0.22532927178500028,0.012999004226986605,0.22570390965610618,-0.12626417643419063,0.4736047563853627,0.49014702643333785,-0.40447606442540013,-0.0562644616804861,0.40837063599291185
B035_N2_m1_a1_1784826013.npz,B035,B_phase,inphase,N2,1205.2,1,1,1,-30.0,3.67394039744206e-15,-30.0,3.67394039744206e-15,30.0,30.0,180.0,180.0,1,1,1205.1950280184392,-0.1492188485389675,0.2997075232326421,0.3347997375171313,116.46786667863167,0.05205027258161924,0.008997433101991349,0.15546688586921573,0.026874074539950797,-0.4740479894201528,0.39430123789098437,0.6165995154682268,140.24716467595957,0.026476519499747924,0.011745257769093237,0.042939572340796386,0.019048438207373952,0.44859355349983543,1.2383232565376725,1.3170727633368158,70.08663263111283,0.016534506332470552,0.015057836620100112,0.012553980913385705,0.011432805414600592,-1.0287499518118748,0.5158590270265608,1.1508418653827837,153.36886412165867,0.0263595901076839,0.009953353098583004,0.02290461522175889,0.0086487582681678,0.6912193389956691,0.12042280562909286,0.17421793464874016,-1.0,135.10448551590167,1.3418989828484427,1.1217953391201605,0.8359759962996103,-1.0,87.37450380024444,1.9413504616323394,-46.38123404751883,-0.2278962094414109,0.06349757557194002,0.23657688894158208,-0.4595082110666058,0.026867739028406334,0.46029302779656667,-0.2694171716837025,0.9489437979331494,0.9864481456386015,-0.8211442160561138,-0.10728173660502771,0.8281226929455563
B035_N2_m1_a2_1784826022.npz,B035,B_phase,inphase,N2,1205.3,1,2,1,-30.0,3.67394039744206e-15,-30.0,3.67394039744206e-15,30.0,30.0,180.0,180.0,1,1,1205.2872398034172,-0.14987149041908812,0.29547442381124794,0.33131042658966803,116.89518195667691,0.05390556478946963,0.003646331474090313,0.1627041000319387,0.01100578545512043,-0.4695655048478189,0.3854498072846221,0.6075058166624738,140.61863126703162,0.03185672498013593,0.005810884044955198,0.05243855137906492,0.009565149642318053,0.4484338066805247,1.2367928051798178,1.3155794624113546,70.07047167965871,0.011808547848249997,0.009283101931214663,0.008975928999838482,0.007056283711057225,-1.0200250243894033,0.5011852006837019,1.1365023782487063,153.83299111948426,0.03447275569979119,0.002943108236382609,0.030332321655949367,0.0025896190740205866,0.6817036515126289,0.11878572119625841,0.1742483276020091,-1.0,135.4499152099105,1.3357818116850788,1.1126877051782513,0.8329861175266371,-1.0,85.42851959372777,1.9594758055367887,-46.8247102770182,-0.22854885132153152,0.059264476150545864,0.23610772027570412,-0.45502572649427186,0.018016308422044047,0.45538225606713983,-0.26957691850301324,0.9474133465752947,0.9850196770920772,-0.8124192886336423,-0.12195556294788668,0.8215219168579311
B035_N2_m1_a3_1784826030.npz,B035,B_phase,inphase,N2,1205.0,1,3,1,-30.0,3.67394039744206e-15,-30.0,3.67394039744206e-15,30.0,30.0,180.0,180.0,1,1,1205.0483124775174,-0.14672799659804708,0.2941423090710807,0.32870777747315877,116.51155142641713,0.06349693302487829,0.008930547866030229,0.19317137401795503,0.027168653977953015,-0.4664428997805232,0.38335432398852837,0.6037627981884647,140.58432140410304,0.027601546750182955,0.0010713671706448758,0.045715878542034856,0.0017744835784175763,0.450327270231057,1.2357964978161158,1.3152899430651526,69.97813580681202,0.01804030677748449,0.0058550265357572955,0.013715840277348542,0.004451510153048641,-1.015889853780372,0.4980874407247049,1.1314253371838514,153.8814393997713,0.03635901716784042,0.0031423706608565507,0.03213558683274586,0.0027773557455218366,0.6769628837022066,0.1195808242875967,0.17664310284432055,-1.0,135.36250300944974,1.3341530189064446,1.1091197636381493,0.8313287515904686,-1.0,84.70625084575052,1.9707919754923129,-46.53341561960511,-0.22540535750049048,0.05793236141037861,0.23273103292966035,-0.4519031214269762,0.015920825125950333,0.45218348469192843,-0.2676834549524809,0.9464170392115927,0.9835444291771136,-0.808284118024611,-0.12505332290688365,0.8179006963078566
B036_N1_m1_a1_1784825368.npz,B036,B_phase,inphase,N1,1004.8,1,1,1,-5.510910596163089e-15,-30.0,-5.510910596163089e-15,-30.0,30.0,30.0,-90.00000000000001,-90.00000000000001,1,1,1004.8165383374348,-0.030060235398665414,-0.01521922027632397,0.033693358663725526,-153.1473264982198,0.007912597980573597,0.006009640541686839,0.2348414730494751,0.17836276287162947,-0.00018103415122891486,-0.03060467026249558,0.030605205688575148,-90.3389146737547,0.013579941234885092,0.006899452749763473,0.44371344447309014,0.225433961136194,-0.11361872150451058,0.03449944708351216,0.11874100271341653,163.10949226001145,0.023225897187673525,0.00853204408533623,0.19560132268488276,0.0718542364504742,-0.04643717975448408,-0.09706646563286342,0.10760255765550428,-115.56673230900611,0.030147733241833247,0.00559312158360303,0.28017673463072257,0.05197944830930253,0.0389554487504854,0.023545573807634113,0.6044231182766371,-1.0,52.97353362856947,0.1230523357681901,0.1026443315599372,0.8341518340074573,-1.0,7.392485049534037,3.1587965153823783,-43.74318124176875,-0.06561572033735158,-0.14539455148224478,0.15951488443437703,-0.00112647662986363,-0.21831873435391005,0.2183216405203359,-0.46230765414288766,-0.1250366189694763,0.4789180756271555,0.06658806733430113,-0.402154432227361,0.4076299278407175
B036_N1_m1_a2_1784825377.npz,B036,B_phase,inphase,N1,1004.6,1,2,1,-5.510910596163089e-15,-30.0,-5.510910596163089e-15,-30.0,30.0,30.0,-90.00000000000001,-90.00000000000001,1,1,1004.5555236661502,-0.02955100246313539,-0.017160325092717837,0.03417218904114858,-149.85618066621188,0.01135358333420182,0.0009054409710635811,0.3322462988990947,0.026496428717905387,0.0007290221675123054,-0.03387804645451502,0.03388588946589719,-88.76724155911953,0.019080302476453266,0.0011339714335707066,0.5630751553874869,0.033464413991904716,-0.11372310198882996,0.033135671601073224,0.11845217034067375,163.75538207996053,0.021114064053130828,0.00523424651138461,0.17824970190420178,0.044188692333206575,-0.04531619285062116,-0.1003922961616836,0.11014613231107973,-114.29399467378269,0.03575921295001961,0.0018882264606340277,0.32465246123238184,0.01714292114498594,0.041447505684483105,0.024456007059488236,0.5900477400415424,-1.0,60.2519119086093,0.12304643090513429,0.10498887066262733,0.853245964879478,-1.0,11.147749709656262,2.968729453632713,-46.38843725382759,-0.06510648740182157,-0.14733565629863865,0.16107963967787528,-0.00021642031112240978,-0.22159211054592948,0.22159221623051314,-0.46241203462720704,-0.12640039445191523,0.4793766259275405,0.06770905423816405,-0.4054802627561812,0.4110945870607498
B036_N1_m1_a3_1784825385.npz,B036,B_phase,inphase,N1,1004.8,1,3,1,-5.510910596163089e-15,-30.0,-5.510910596163089e-15,-30.0,30.0,30.0,-90.00000000000001,-90.00000000000001,1,1,1004.7581877218777,-0.03126267475922628,-0.011697859161927088,0.03337955575009119,-159.48516968399653,0.0036563242991020945,0.00353039692036124,0.10953783586805543,0.10576524585266822,-0.0008761963204137468,-0.031216961987463765,0.031229256086539498,-91.60775331453875,0.014390710918268717,0.0047615115654849206,0.4608086365679211,0.1524695802003826,-0.11540468541284549,0.03571770157442061,0.1208056108837549,162.80272570616026,0.018899959357886086,0.007563586195216909,0.1564493504864816,0.06260956043254451,-0.047938088951474056,-0.09705266761107156,0.10824638868223077,-116.28655832277012,0.02883108518485891,0.0027824670406397596,0.2663468549467802,0.025704941056352456,0.03799201131075097,0.02541787273466999,0.6690320374661829,-1.0,49.80900959382171,0.1251912309799217,0.1031427746838026,0.8238817837037223,-1.0,6.0834810145473375,3.295198823666783,-37.71210460984321,-0.06681815969791245,-0.1418731903678479,0.156820498056113,-0.001821638799048462,-0.21893102607887824,0.21893860451703046,-0.46409361805122257,-0.12381836447856784,0.48032684049303503,0.06508715813731115,-0.40214063420556917,0.4073738182967196
B036_N2_m1_a1_1784825412.npz,B036,B_phase,inphase,N2,1204.2,1,1,1,-5.510910596163089e-15,-30.0,-5.510910596163089e-15,-30.0,30.0,30.0,-90.00000000000001,-90.00000000000001,1,1,1204.1935423539496,-0.042668217300969855,-0.03383948502686632,0.05445812624876376,-141.58262492506526,0.002773170596657841,0.0022813459251444126,0.05092298960103854,0.04189174476410122,0.002618789095485047,-0.06765728766892005,0.06770795101789473,-87.78337704708265,0.004538059619380538,0.0006504874751475525,0.06702402821466509,0.009607253880354957,-0.19841045258112944,0.02318828820633395,0.19976086804824567,173.33406482543575,0.018570910680364865,0.005326684723319404,0.09296570875873282,0.026665306250235752,-0.03927039875473248,-0.16126999533916048,0.1659824557447218,-103.68558294083824,0.014468682601305651,0.003159911949676888,0.08716995140473303,0.019037626208740874,0.07809164438495114,0.03810182702735204,0.48791170076442336,-1.0,73.48025667247107,0.20276798283914207,0.16229517908361465,0.8003984495538681,-1.0,6.7808933942825425,2.5965387774343887,-45.08331024949899,-0.12134557820341325,-0.2700494326875684,0.2960598680071283,0.017158567449032082,-0.4350907865314981,0.4354289941672472,-0.9164211777646674,-0.26619117039818907,0.954298440873471,0.16833533700102854,-0.784410758970749,0.8022699199598077
B036_N2_m1_a2_1784825420.npz,B036,B_phase,inphase,N2,1204.3,1,2,1,-5.510910596163089e-15,-30.0,-5.510910596163089e-15,-30.0,30.0,30.0,-90.00000000000001,-90.00000000000001,1,1,1204.2902174316657,-0.042193976052907464,-0.032098486787580816,0.053015511590531965,-142.7384364206162,0.004782782624209184,0.004853809092655242,0.09021477829261088,0.09155450823796413,0.0031576209780316833,-0.06631588483471551,0.06639101710059996,-87.27392890837805,0.0036868437097558973,0.00648703880821628,0.05553226732721015,0.097709586198788,-0.19848189107917236,0.024356728832704955,0.19997077617940667,173.0039196826028,0.020501116626585776,0.009549061358952959,0.10252056334568059,0.047752284315713614,-0.038760019325220274,-0.15962075440789397,0.16425932039259342,-103.64871720466671,0.01432109747407502,0.003610999507661789,0.08718590482321739,0.021983528843484805,0.07588460277740239,0.03820914396023338,0.5035164257539165,-1.0,73.9052153079596,0.2025334121556648,0.16108895872223708,0.7953697960632096,-1.0,5.170279067163995,2.6689658342123797,-44.25764389678102,-0.12087133695535086,-0.2683084344482829,0.29427758340291993,0.01769739933157872,-0.43374938369729354,0.43411026917234213,-0.9164926162627103,-0.26502272977181807,0.9540418035703538,0.16884571643054075,-0.7827615180394825,0.800764928103384
B036_N2_m1_a3_1784825429.npz,B036,B_phase,inphase,N2,1204.3,1,3,1,-5.510910596163089e-15,-30.0,-5.510910596163089e-15,-30.0,30.0,30.0,-90.00000000000001,-90.00000000000001,1,1,1204.2808485532832,-0.04080576503696453,-0.034078532457141264,0.05316443204515955,-140.13338787799128,0.007793157387310219,0.009093657450360677,0.14658592385018737,0.17104776822662635,0.004468427718697321,-0.06735217082956552,0.06750023527168034,-86.20431823850153,0.010873196986607136,0.009909688154940583,0.16108383834284168,0.14680968318192195,-0.19726684296148023,0.02296374091130826,0.19859894442980053,173.36011026663132,0.019097641876034143,0.013057448318990661,0.0961618498570855,0.06574782336572853,-0.03695054127971653,-0.16063391860737808,0.1648289971698724,-102.95437024809081,0.022036525238549248,0.007315494903428967,0.13369325553706096,0.04438232974195453,0.07729466611777448,0.03752696611982313,0.48550524899923886,-1.0,75.74653072809126,0.20104667123577089,0.16183440617394265,0.8049593916636235,-1.0,5.696935652557858,2.6010419778440403,-46.506501855377394,-0.11948312593940794,-0.27028848011784334,0.2955200160203471,0.019008206072244356,-0.43478566969214355,0.43520097709877753,-0.9152775681450181,-0.26641571769321476,0.9532630074556806,0.1706551944760445,-0.7837746822389666,0.8021383595867048
B037_N1_m1_a1_1784816304.npz,B037,B_phase,antiphase,N1,1005.4,1,1,1,3.6739403974420594e-16,6.0,-1.102182119232618e-15,-6.0,6.0,6.0,90.0,-90.00000000000001,0,0,1005.3545657318282,0.037201386118295335,0.09794282427264145,0.10476993822477906,69.20184179829661,0.011592155873599382,0.007735512687271408,0.11064391246207425,0.07383332297739092,0.012583526848871956,0.19741993849743178,0.19782056835497674,86.35290659380567,0.01818562746988608,0.006256895673669163,0.09192991214772521,0.03162914617878133,0.3490591746257904,0.1595041641541739,0.3837758274995439,24.55824457244228,0.016371602180724976,0.00802694719052222,0.042659284424953606,0.020915718540224528,-0.0973807396155138,0.30246920766377317,0.317758760749118,107.84609642015279,0.029069135368748195,0.005891369172155447,0.09148177472815398,0.018540383145586644,0.22215497168156567,0.027511557154636032,0.12383948442113092,-1.0,82.6962552870687,0.38899742051326636,0.3113447006772396,0.8003772885342861,-1.0,37.32499310196783,1.7510182984824247,-44.643597225854336,0.001645901179609166,-0.032232506933279365,0.03227450222539367,0.011638084370237242,0.009705874406017306,0.01515417453357794,0.00037024198741331116,-3.190189881455141e-05,0.0003716138592567994,0.01564450747327141,-0.0026187589307244408,0.01586217237387408
B037_N1_m1_a2_1784816312.npz,B037,B_phase,antiphase,N1,1005.3,1,2,1,3.6739403974420594e-16,6.0,-1.102182119232618e-15,-6.0,6.0,6.0,90.0,-90.00000000000001,0,0,1005.3391804509141,0.03774801533215076,0.09902187517793193,0.10597284758498386,69.13271066032493,0.014566678760646497,0.006292788830171043,0.13745670794554138,0.059381143128428286,0.013066525253473932,0.19685627365012537,0.19728944867278816,86.20250772894548,0.018390514642631375,0.0055421996080662434,0.09321590569768748,0.028091718261416942,0.34992851867768404,0.15967599846919756,0.3846380021150971,24.527703987139002,0.019650376044617068,0.01050736199586942,0.05108797346221914,0.027317534767990113,-0.09675623983529485,0.3017381388794884,0.3168717002219077,107.77912061143522,0.029794851076873616,0.004113035220388547,0.09402812259980317,0.012980127974534036,0.22224043180274916,0.027614515295593015,0.12425513697751651,-1.0,82.47908029534355,0.3897794786980352,0.3105254016316602,0.7966694467058547,-1.0,37.015581379285614,1.753863937071479,-44.605006673185926,0.0021925303934645923,-0.031153456027988885,0.031230514117031486,0.012121082774839217,0.009142209558710895,0.015182247634981088,0.0012395860393069613,0.00013993241620910424,0.00124745926985647,0.016269007253490356,-0.0033498277150091904,0.016610296286772415
B037_N1_m1_a3_1784816321.npz,B037,B_phase,antiphase,N1,1005.3,1,3,1,3.6739403974420594e-16,6.0,-1.102182119232618e-15,-6.0,6.0,6.0,90.0,-90.00000000000001,0,0,1005.339624039705,0.03656126585114375,0.1010582745175489,0.10746860476019163,70.11068723170501,0.009893705800085544,0.0018065152388344818,0.0920613589630444,0.01680970217176997,0.011901901780392965,0.1991867838069779,0.1995420509801327,86.5805015528731,0.02109950741055662,0.0014231223076364267,0.10573965390712248,0.007131941867121127,0.349522683967159,0.1605773845105557,0.3846442551551464,24.674952108475914,0.015809751168948786,0.006618931052653684,0.04110226776316188,0.017207929051179866,-0.09813255841726282,0.30552816496857593,0.32090101061009896,107.80649332671409,0.03230427860481536,0.0011523740645195753,0.10066742558210792,0.003591057760549506,0.22502568942730583,0.027017960993122106,0.12006611805915703,-1.0,82.96595235551062,0.39033747959435117,0.3139511325960932,0.8043069113485063,-1.0,38.19267686112006,1.7346351902654609,-45.43573512322911,0.0010057809124575795,-0.029117056688371917,0.02913442268928162,0.01095645930175825,0.011472719715563434,0.015864025280582568,0.0008337513287819398,0.0010413184575672474,0.001333973541085385,0.014892688671522394,0.0004401983740783266,0.014899192947117394
B037_N2_m1_a1_1784815598.npz,B037,B_phase,antiphase,N2,1206.5,1,1,1,3.6739403974420594e-16,6.0,-1.102182119232618e-15,-6.0,6.0,6.0,90.0,-90.00000000000001,0,0,1206.4974772184692,0.08265518888067701,0.2042017935795037,0.2202958300785256,67.9632711304447,0.029139227351487614,0.01173626089399727,0.13227316804453712,0.05327500248104478,0.005762728963479874,0.3923772316768526,0.39241954714756117,89.15857423766722,0.021890888563676342,0.008348854769683745,0.05578439892405444,0.021275328485469997,0.7182842429943843,0.2962521168627539,0.7769797748202192,22.41341160185794,0.012343662901198123,0.013397571473697932,0.01588672356890403,0.017243140565400068,-0.17791297096919395,0.6417929335464574,0.6659963924746535,105.49403428184095,0.02502794549014191,0.007599187564102935,0.03757970129109134,0.01141025334366529,0.44449864954804486,0.07031574705176682,0.15819113764071527,-1.0,84.26914939249166,0.7906349760111179,0.6497269426280784,0.8217786492396991,-1.0,38.1712877837143,1.7787117617005492,-45.54985952858675,0.0039778279782336085,-0.03200815408119839,0.03225438021587387,0.02030250731702691,0.02494373281427459,0.0321618035885404,0.00027351781084639093,0.006872658258230857,0.006878098830874633,0.029692764786567072,0.018652169914868844,0.035065135436834344
B037_N2_m1_a2_1784815606.npz,B037,B_phase,antiphase,N2,1206.9,1,2,1,3.6739403974420594e-16,6.0,-1.102182119232618e-15,-6.0,6.0,6.0,90.0,-90.00000000000001,0,0,1206.9300085282393,0.08213564003790927,0.20790968611227406,0.22354574687016823,68.44328302524244,0.03028157638145424,0.001362875596632282,0.13546031094495076,0.006096629507444031,0.005234557981269761,0.3928707534016702,0.3929056241333983,89.23664377778425,0.02135114284177922,0.0006678966884464911,0.054341657462582245,0.0016998908832613923,0.7189407265178451,0.29718818014214454,0.7779438171630434,22.45870959101084,0.011838621761752155,0.005356088477270706,0.015217836430559338,0.006884929681429891,-0.17859241628611922,0.6438809532320415,0.6681900426449926,105.50234869172381,0.02441583405625894,0.0027477331452431027,0.036540254266002284,0.00411220307080057,0.4466247012908402,0.06981336989620504,0.15631327531690384,-1.0,84.3296513326957,0.7919191302023557,0.6515662721256127,0.8227686985653708,-1.0,38.45746503906366,1.7731198653221403,-45.984573434231606,0.0034582791354658693,-0.02830026154842802,0.02851077863349635,0.019774336334816796,0.02543725453909218,0.032219222460652605,0.0009300013343072067,0.007808721537621521,0.00786390707815952,0.029013319469641807,0.020740189600452985,0.03566410199781055
B037_N2_m1_a3_1784815615.npz,B037,B_phase,antiphase,N2,1207.0,1,3,1,3.6739403974420594e-16,6.0,-1.102182119232618e-15,-6.0,6.0,6.0,90.0,-90.00000000000001,0,0,1206.9882612606757,0.0853569498236266,0.20824549465948378,0.2250599807366165,67.71195409471719,0.027577917823289753,0.007758509645231601,0.12253585792119868,0.03447307522127285,0.006455216253885232,0.3903852282881178,0.3904385947654897,89.05267177947847,0.019392808144394504,0.004862954546921449,0.04966929090614739,0.012455107184888575,0.7214596347463604,0.2973442456203005,0.7803317275184044,22.398645191001968,0.008140998933636685,0.009250180524270527,0.01043274116192421,0.011854164322765356,-0.17825965453928,0.6393261890209794,0.6637126489713395,105.57976016615665,0.021024239275405754,0.0048918072371959545,0.03167671929710899,0.007370369157160952,0.44489083781950517,0.07187790784291942,0.16156302115639593,-1.0,83.92201931408974,0.7930834912878388,0.6484216693040896,0.8175957215439678,-1.0,37.33528843531305,1.782647390930531,-45.31330890371521,0.006679588921183199,-0.027964453001218303,0.028751131104938127,0.020994994607432267,0.022951729425539746,0.03110581428269154,0.003448909562822511,0.007964787015777464,0.008679447527304134,0.029346081216481024,0.01618542538939083,0.03351358646578784
B038_N1_m1_a1_1784816651.npz,B038,B_phase,antiphase,N1,1003.9,1,1,1,-6.0,7.347880794884119e-16,6.0,0.0,6.0,6.0,180.0,0.0,0,0,1003.8634048442743,0.023098785871668633,0.09193216103270924,0.09478964152737988,75.89588276949755,0.013185985255992677,0.007512434394065399,0.13910787131929306,0.07925374833172505,-0.011546971019252672,0.19520204788257256,0.19554327407832162,93.38532638113494,0.018948177535462084,0.006694349308827227,0.09690017529251713,0.03423461809351682,0.3411337829880602,0.20325409929394378,0.39709506012482365,30.78730280790029,0.01800055196219033,0.009611809247090064,0.04533058647602416,0.024205310547224308,-0.13258558875143933,0.30191381127451,0.32974366981470055,113.708701628388,0.03044005629763693,0.005604571249535344,0.09231430072559912,0.016996751606133433,0.21576777489899102,0.02581696134902657,0.11965160859221197,-1.0,90.16290282117653,0.4031433197961203,0.3223210174068185,0.7995196784355111,-1.0,44.27337870749758,1.8684130194365065,-45.10857996159726,-0.012456699067017536,-0.03824317017321158,0.04022075852769879,-0.012492413497887387,0.007487983791158087,0.014564693483175167,-0.007555149650316895,0.04371803324095533,0.0443660536524938,-0.01956034166265412,-0.003174155319987604,0.01981621124118251
B038_N1_m1_a2_1784816659.npz,B038,B_phase,antiphase,N1,1004.0,1,2,1,-6.0,7.347880794884119e-16,6.0,0.0,6.0,6.0,180.0,0.0,0,0,1004.0013884339616,0.023646353092025025,0.09390947335990896,0.09684079306412237,75.86676193306873,0.0190608544127956,0.0021383188565344932,0.19682670711065536,0.02208076564509981,-0.011637324736747723,0.19512306146759872,0.19546978396549383,93.4131316626855,0.017232340758357962,0.0024453331222095507,0.0881585911068484,0.012510031333749384,0.34149642678170333,0.20359692112924643,0.3975820868675799,30.802994859119643,0.022075137275292235,0.007502037190661613,0.05552347050948666,0.01886915290818992,-0.1333757494037895,0.30185904533834207,0.3300120812661223,113.83813215420005,0.029553443143025868,0.00027336776433334363,0.08955260980034825,0.0008283568385876741,0.21654572870898695,0.026353804710113976,0.12170087522497625,-1.0,90.06212819757434,0.403449029460179,0.32281321256605533,0.8001338186337549,-1.0,44.10058237419619,1.8631123867715214,-45.063767073949094,-0.011909131846661144,-0.036265857846011856,0.038171191580147174,-0.012582767215382437,0.007408997376184251,0.014602029753318825,-0.007192505856673748,0.04406085507625798,0.04464404876967696,-0.02035050231500428,-0.003228921256155537,0.020605069205208888
B038_N1_m1_a3_1784816668.npz,B038,B_phase,antiphase,N1,1004.1,1,3,1,-6.0,7.347880794884119e-16,6.0,0.0,6.0,6.0,180.0,0.0,0,0,1004.073054779178,0.024020831589947732,0.09678443370504425,0.09972074487226185,76.06145716685488,0.011685944715487345,0.0040835451670369225,0.11718669701531569,0.040949806103712676,-0.010758828279345684,0.1956616336763255,0.19595720777463901,93.14734825348036,0.020767855265739196,0.003722290449543944,0.10598158394675286,0.018995425030881086,0.3418758954931512,0.20457768220046846,0.3984107879736189,30.896196803736157,0.016638142794031453,0.005067436223922573,0.04176127578938239,0.012719124021958255,-0.13161199232286025,0.30313576670075104,0.3304739166355566,113.4689657285272,0.03200804520340591,0.005054309912308283,0.09685498186746178,0.01529412657968443,0.21829276183864435,0.02630065332969264,0.12048339628014473,-1.0,89.73187643559211,0.40498991319223715,0.3223776291288664,0.7960139712809167,-1.0,44.78187194096894,1.8552603841789033,-45.165260363118705,-0.011534653348738436,-0.033390897500876565,0.03532704719884762,-0.011704270757980398,0.007947569584911024,0.014147572805365513,-0.006813037145225853,0.04504161614748001,0.04555397524167522,-0.01858674523407504,-0.0019521998937465646,0.018688985601726896
B038_N2_m1_a1_1784816696.npz,B038,B_phase,antiphase,N2,1210.1,1,1,1,-6.0,7.347880794884119e-16,6.0,0.0,6.0,6.0,180.0,0.0,0,0,1210.0685674860586,0.05520448042278746,0.2067591833602857,0.2140020900892376,75.05081097025393,0.035971074034911205,0.006145090606154694,0.16808748933205037,0.028715096210472652,-0.043696182228403546,0.40225042118385246,0.4046168035115751,96.19969064451936,0.018714062019426745,0.004876003405896182,0.04625132188532892,0.012050916728070816,0.7220909069843136,0.39147344280215723,0.821380992212994,28.463835905918774,0.013025935049241407,0.010691580965604732,0.01585857862883638,0.013016591651091284,-0.2602824614598442,0.66307198046668,0.7123281624529529,111.43200711166516,0.02293330275270185,0.0040794476030157675,0.0321948561934283,0.005726921688688958,0.4524874160937641,0.06904194756288051,0.15258313293860462,-1.0,91.76681826011992,0.8373460906514698,0.6934909299068759,0.8282010719932159,-1.0,45.488332193244055,1.8505400611581995,-46.58697506433515,-0.02347288047965594,-0.029450764300416377,0.0376606377520468,-0.02915640387485651,0.034816922321274424,0.045412707107586145,0.0040801818007756285,0.10209398419763421,0.10217548381521942,-0.05267672570408316,0.03993121683509149,0.06610097963596538
B038_N2_m1_a2_1784816704.npz,B038,B_phase,antiphase,N2,1210.1,1,2,1,-6.0,7.347880794884119e-16,6.0,0.0,6.0,6.0,180.0,0.0,0,0,1210.1425700937807,0.06017924577933738,0.20939638373895264,0.21787241024397883,73.96567121269258,0.033904611779766315,0.0010337354567005388,0.15561682060522994,0.004744682704629451,-0.039345728444958705,0.4039158585326334,0.40582768156080573,95.5636689723823,0.01722539828085173,0.0006152267544588847,0.042445104322610935,0.0015159802606188272,0.7263780911437343,0.3939639566466486,0.8263369351725104,28.473970685451718,0.009370472657649809,0.005989209803272053,0.011339772263348704,0.00724790282068381,-0.25493789457067545,0.6644375328778584,0.7116674540717343,110.99129792809549,0.019898937054110145,0.0031025887470002276,0.02796100473649647,0.0043596046569912335,0.45502584238259247,0.07152605840217588,0.1571912004550188,-1.0,90.933958059923,0.8434724817066176,0.6912723545889284,0.8195553139922964,-1.0,45.49873583690211,1.8536803916235893,-45.49170052724088,-0.01849811512310602,-0.02681356392174944,0.032575258606700686,-0.02480595009141167,0.036482359670055364,0.04411686442884273,0.008367365960196382,0.1045844980421256,0.10491868300658004,-0.04733215881491443,0.041296769246269904,0.0628152561744354
B038_N2_m1_a3_1784816713.npz,B038,B_phase,antiphase,N2,1210.2,1,3,1,-6.0,7.347880794884119e-16,6.0,0.0,6.0,6.0,180.0,0.0,0,0,1210.234542463623,0.05633786308872413,0.20754489426383477,0.21505542995328014,74.81307025192996,0.031127575370257208,0.005068987415204579,0.14474210382420727,0.02357060882538885,-0.04249278873889592,0.40289860811531836,0.4051332194674602,96.02059656668234,0.02097504303992207,0.003800790064550084,0.0517731996094849,0.009381580877386823,0.7238343777951777,0.3909956980853949,0.8226869650112473,28.37671460202502,0.009246929927679028,0.009519178569894442,0.011239913017890846,0.01157083918275562,-0.25870945265722883,0.6641845962916604,0.7127915255145215,111.28162909449239,0.023968785409942378,0.002000233823381679,0.033626641945049426,0.0028061975371239576,0.4533751760415042,0.06951771873266982,0.15333375624938456,-1.0,91.55011405644204,0.8388320834696852,0.6937192061537889,0.8270060478425411,-1.0,45.40604677621615,1.8501941169202754,-46.436355649904954,-0.022339497813719272,-0.028665053396867313,0.03634196539559222,-0.027953010385348885,0.03546510925274032,0.04515689054742621,0.005823652611639751,0.1016162394808719,0.10178298018811871,-0.05110371690146781,0.04104383266007183,0.06554529792878622
B039_N1_m1_a1_1784817345.npz,B039,B_phase,antiphase,N1,1004.1,1,1,1,-1.102182119232618e-15,-6.0,3.6739403974420594e-16,6.0,6.0,6.0,-90.00000000000001,90.0,0,0,1004.1151430619559,0.03237995412122259,0.08629036503964327,0.09216554957014779,69.43169196926291,0.009163149578141743,0.004139632667151722,0.09942054944475334,0.044915184539761475,0.010400174578112625,0.1932456426293625,0.19352530073995625,86.91940378772483,0.018997390808323567,0.0033387721570069407,0.0981648949035906,0.01725238066671869,0.36146969932174244,0.16685608107143124,0.39812221153593896,24.77826514661292,0.015951272682798317,0.00579753575708841,0.04006627166381642,0.014562201226406729,-0.10174640933726553,0.31729222941869795,0.3332066785983049,107.77953799265465,0.030295101871026308,0.00365380155228318,0.09091985190233347,0.010965571181386783,0.21286740924895872,0.025179289777398334,0.11828626028867546,-1.0,83.79102339363129,0.40432922597410065,0.3256468378534722,0.8054001960133635,-1.0,38.716336949538665,1.8994416637129174,-44.653426822649976,-0.003175530817463579,-0.043884966166277545,0.04399970740116331,0.00945473209947791,0.005531578537948029,0.010954009320535802,0.012780766683365363,0.007320015018442788,0.014728564657998757,0.01127883775151968,0.01220426282420034,0.016617948492737122
B039_N1_m1_a2_1784817354.npz,B039,B_phase,antiphase,N1,1004.1,1,2,1,-1.102182119232618e-15,-6.0,3.6739403974420594e-16,6.0,6.0,6.0,-90.00000000000001,90.0,0,0,1004.0618989160961,0.03199492730233679,0.08718418010716555,0.09286956785750916,69.84782856038139,0.010694122294463877,0.007677869514631422,0.11515206263123773,0.08267368624361066,0.010183268835711828,0.1942818546368339,0.19454854922437287,86.99959170330877,0.019286521203418658,0.006207891235653205,0.09913474698377478,0.03190921371761885,0.3609329241415371,0.16858366409664194,0.39836293443242177,25.036222032511336,0.01728100922188371,0.010503137066133778,0.04338006307365239,0.026365748814202315,-0.10215554729850834,0.3175686889971294,0.3335950060705545,107.83195317946371,0.030975779396516242,0.004370717196542942,0.09285444575859432,0.013101866385909107,0.2141372667300841,0.024882235364161925,0.11619759486108275,-1.0,83.91533020367626,0.4049262980900974,0.3255969114102172,0.8040893193303311,-1.0,39.308382212498586,1.8909660344198713,-44.811606527870055,-0.003560557636349382,-0.04299115109875526,0.043138343077565824,0.009237826357077114,0.006567790545419422,0.0113346066738996,0.012243991503160023,0.009047598043653488,0.015224137357793946,0.010869699790276868,0.012480722402631816,0.016550492597572457
B039_N1_m1_a3_1784817362.npz,B039,B_phase,antiphase,N1,1004.0,1,3,1,-1.102182119232618e-15,-6.0,3.6739403974420594e-16,6.0,6.0,6.0,-90.00000000000001,90.0,0,0,1004.0004778163998,0.03255300011766386,0.08723107972875949,0.0931072450849332,69.5353705373932,0.01367384068862842,0.0016925066376857847,0.14686118868789458,0.018178033687301844,0.010445979682027429,0.19443320810029968,0.1947136125279683,86.9247244258553,0.017708119474051258,0.0013452471893676025,0.09094443497887288,0.006908850243710484,0.36154057434146625,0.16841748104590382,0.3988433712837718,24.977650965399405,0.019303866446567508,0.004941145299080631,0.048399617083852854,0.01238868602272713,-0.10226282179403728,0.31841115841758405,0.3344298888049733,107.80524974296732,0.029608248662564823,0.0031110769050094475,0.08853350030514533,0.009302628171561867,0.21434406266963402,0.02527791109394921,0.11793147325433388,-1.0,83.79164685621832,0.4054102632080107,0.3264382082856156,0.8052045986761919,-1.0,39.30230690827075,1.891399547804899,-44.5577195719938,-0.0030024848210223054,-0.04294425147716133,0.04304908419506903,0.009500537203392714,0.006719144008885208,0.01163645579053979,0.012851641703089167,0.008881414992915365,0.015621914951149955,0.010762425294747927,0.013323191823086444,0.017127090779808098
B039_N2_m1_a1_1784817307.npz,B039,B_phase,antiphase,N2,1207.2,1,1,1,-1.102182119232618e-15,-6.0,3.6739403974420594e-16,6.0,6.0,6.0,-90.00000000000001,90.0,0,0,1207.2416238971127,0.07425512148681729,0.183736204912133,0.19817370174302976,67.99440382674481,0.03245396399054733,0.007216884534532966,0.1637652408220649,0.03641696386078029,0.004140800468274808,0.3962200561685824,0.39624169283248406,89.40123739284954,0.015716839118273214,0.00587936470564479,0.03966477885232965,0.014837824519718983,0.7483904321569306,0.30676581155475213,0.8088222932652653,22.288761531756343,0.010979641547553362,0.004012824908587905,0.013574850296506881,0.004961318378587074,-0.18515417322353195,0.6799762256960733,0.7047338046198486,105.23206711288039,0.018842061754602332,0.008376463204598575,0.026736423925011264,0.011885996030965271,0.43818041273732117,0.06540811184126066,0.14927210331620022,-1.0,85.31425105061813,0.8251176273937426,0.6855830645669208,0.8308913078641131,-1.0,39.8214362281994,1.8830545670428704,-45.70564229498848,-0.004422239415626111,-0.052473742748569085,0.052659755786483894,0.018680578821821843,0.02878655730600438,0.034316612691962664,0.03037970697339265,0.01738635295022911,0.03500302650770562,0.022451562532229075,0.056835462064484754,0.061109266140431426
B039_N2_m1_a2_1784817316.npz,B039,B_phase,antiphase,N2,1207.7,1,2,1,-1.102182119232618e-15,-6.0,3.6739403974420594e-16,6.0,6.0,6.0,-90.00000000000001,90.0,0,0,1207.6899226812047,0.07465141923440713,0.18419648282648154,0.19874903441113248,67.93819990250782,0.029948368800909925,0.009755596635572756,0.1506843486794441,0.04908500141637075,0.004308893002767267,0.3955868027548841,0.39561026916997605,89.37593565129896,0.018850998115294015,0.006686101515550148,0.047650426655619964,0.01690072790470823,0.7514995155982536,0.30697750525874357,0.8117799644480589,22.219358380949334,0.010343278429504055,0.010314715940239765,0.012741480305610403,0.012706295291794855,-0.18555865814360467,0.6804744700234382,0.7053208631294939,105.2531368325152,0.022070418109280635,0.007082238992088242,0.0312913161413582,0.010041159084199629,0.43783638248577783,0.06563509673845266,0.14990781799770758,-1.0,85.25288016364817,0.8274893903207275,0.6868227861331163,0.8300079664669898,-1.0,39.32754188142065,1.8899511859264158,-45.71884152155849,-0.00402594166803627,-0.052013464834220535,0.052169039960259254,0.018848671356314302,0.02815330389230608,0.03388039155545402,0.03348879041471564,0.017598046654220545,0.03783107624010812,0.02204707761215635,0.05733370639184965,0.06142660270488078
B039_N2_m1_a3_1784817324.npz,B039,B_phase,antiphase,N2,1207.8,1,3,1,-1.102182119232618e-15,-6.0,3.6739403974420594e-16,6.0,6.0,6.0,-90.00000000000001,90.0,0,0,1207.8287914383113,0.0774372218997218,0.1839330792742313,0.19956928868652965,67.1685380672528,0.028783772828511155,0.007094200922681975,0.14422947046588325,0.035547558291020825,0.006927115819428564,0.3945481045336052,0.39460890983939584,88.9941562954051,0.021279926031203662,0.005194432247790601,0.05392662329865918,0.013163494584814908,0.7548691760163995,0.3068509714380543,0.8148527422621559,22.121523968847296,0.01053555758924627,0.0068867326933662746,0.012929400666920445,0.008451505819625336,-0.18270574854605232,0.6798812956644569,0.7040028172856654,105.0418301017995,0.02498963748961944,0.006977253058537257,0.03549650211055806,0.009910831160361785,0.43710101228775516,0.06698356342046591,0.15324504299333183,-1.0,84.75735182275851,0.8305042086491394,0.6854689764930109,0.8253648438554739,-1.0,38.85348332076101,1.9000281063233881,-45.0470140984055,-0.001240139002721602,-0.052276868386470776,0.0522915759280829,0.0214668941729756,0.027114605671027192,0.03458365778990177,0.036858450832861545,0.017471512833531266,0.04078969426816925,0.024899987209708707,0.05674053203286833,0.061963677573370464
B040_N1_m1_a1_1784818381.npz,B040,B_phase,antiphase,N1,1003.9,1,1,1,7.347880794884119e-16,12.0,-2.204364238465236e-15,-12.0,12.0,12.0,90.0,-90.00000000000001,1,1,1003.8813862190921,0.033662300381850765,0.07730484326456927,0.08431600832082584,66.46934108064161,0.009362616218638074,0.005497254686426747,0.11104197654866367,0.06519823217329584,0.009060708299246684,0.2032626101261975,0.2034644566262093,87.44765207439295,0.02045010254233635,0.003396721062238726,0.10050945939863026,0.016694419843948198,0.33706198121331477,0.15384784228568593,0.3705130736632734,24.533750296807213,0.015959039004855624,0.008260440768833562,0.04307280940742022,0.022294599991202327,-0.10302314573559818,0.2917634986390012,0.3094183376843214,109.44838029462413,0.031616122219502725,0.0018838824455808198,0.10217921295847214,0.006088464115216136,0.21844088922900495,0.02811676158802373,0.1287156524919069,-1.0,84.54101229940422,0.37367448836396605,0.305592902726263,0.8178051010766614,-1.0,35.25502639471477,1.7106435048990312,-41.935590783834414,-0.0018931845568354033,-0.052870487941351546,0.052904372625737085,0.008115265820611969,0.015548546034783034,0.017538951597372062,-0.011626951425062315,-0.005688223767302519,0.012943797320248177,0.010002101353187035,-0.01332446795549641,0.016660836646953735
B040_N1_m1_a2_1784818390.npz,B040,B_phase,antiphase,N1,1004.1,1,2,1,7.347880794884119e-16,12.0,-2.204364238465236e-15,-12.0,12.0,12.0,90.0,-90.00000000000001,1,1,1004.078290424207,0.031249667708510318,0.0801574740464841,0.08603349567119242,68.70150496704808,0.019030294986980736,0.0015484639179615986,0.22119634728910437,0.01799838430231411,0.006356507292072183,0.20494764056266523,0.20504619127688664,88.2235251603406,0.019241310630292344,0.0022791254391721664,0.09383890776254217,0.011115180559947691,0.33586951365848194,0.15482657731457383,0.36983726049186944,24.748397627294207,0.023256956115309473,0.004587761343319812,0.06288429695909657,0.012404811070734907,-0.10685108786750253,0.29478049677443285,0.3135485548635971,109.924405205515,0.031695607322367966,0.0034467497367623393,0.10108675938932805,0.010992714472123072,0.22075461730470852,0.026703967368433376,0.12096674440822128,-1.0,85.43754109156342,0.3729752812155785,0.3098091914507077,0.8306426914968635,-1.0,35.97825197802062,1.6895469085512225,-43.95310733975387,-0.004305817230175851,-0.05001785715943671,0.050202849489262,0.005411064813437468,0.01723357647125076,0.018063105502810664,-0.012819418979895136,-0.004709488738414619,0.013657114891489703,0.006174159221282685,-0.010307469820064752,0.012015164425895123
B040_N1_m1_a3_1784818398.npz,B040,B_phase,antiphase,N1,1004.0,1,3,1,7.347880794884119e-16,12.0,-2.204364238465236e-15,-12.0,12.0,12.0,90.0,-90.00000000000001,1,1,1004.0499795401597,0.029198528460785255,0.07731837395755159,0.08264795832756595,69.31144626607781,0.012184968592261638,0.01525305069892641,0.14743217907413847,0.18455447669345498,0.00422608847155595,0.20159945725112577,0.20164374770301682,88.79909609986619,0.012250162909516438,0.012104101162457805,0.060751513741743264,0.06002715829446327,0.33390569270108383,0.15227135359027144,0.3669871615498342,24.51445714959536,0.018496316087174038,0.01550280882781104,0.050400444552506155,0.04224346367415328,-0.10867069516135164,0.29115206172916064,0.3107713677866614,110.46777587009835,0.02303276353703564,0.01165473621788015,0.07411481855962737,0.03750260617921823,0.21640438204943793,0.02569103799448147,0.11871773460027399,-1.0,86.12942040796322,0.36920175709658304,0.30813711612720757,0.8346036014303123,-1.0,34.11049550138567,1.7060733872396276,-44.79698911648245,-0.006356956477900914,-0.052856957248369224,0.05323785143314724,0.003280645992921235,0.013885393159711296,0.014267683110113828,-0.014783239937293247,-0.00726471246271701,0.016471801061497128,0.0043545519274335726,-0.013935904865336968,0.014600396121490609
B040_N2_m1_a1_1784818418.npz,B040,B_phase,antiphase,N2,1207.7,1,1,1,7.347880794884119e-16,12.0,-2.204364238465236e-15,-12.0,12.0,12.0,90.0,-90.00000000000001,1,1,1207.6709328427955,0.07984998793481833,0.17815449510507358,0.19523074732053433,65.85777125388135,0.03183045929848034,0.0047610496586289325,0.16304019594936223,0.02438678191817876,0.01692054937850504,0.4006824912808633,0.4010396037928293,87.58187490231137,0.019356467376374177,0.003104113931327915,0.04826572536305771,0.00774016805814383,0.7116300355266498,0.28339732686820174,0.7659839112799324,21.714271067725026,0.013916454121920278,0.0055313318321819896,0.018168076270252687,0.007221211504219883,-0.15727436005846684,0.6301494645955268,0.6494794623864786,104.0137343458138,0.02297297698574041,0.004893528273504274,0.03537136786639472,0.00753453889907967,0.44117207896198074,0.06568869959138846,0.14889586790248657,-1.0,83.62374149770137,0.7812218982232366,0.6310683561532899,0.8077965525397499,-1.0,37.65864043057493,1.7707872630138968,-44.14350018615633,0.0011726270323749316,-0.058055452555628495,0.05806729394070201,0.031460327732052075,0.03324899241828527,0.04577387593201297,-0.006380689656888094,-0.005982131736321283,0.00874637642731097,0.05033137569729418,0.007008700963938241,0.05081701751169665
B040_N2_m1_a2_1784818427.npz,B040,B_phase,antiphase,N2,1207.7,1,2,1,7.347880794884119e-16,12.0,-2.204364238465236e-15,-12.0,12.0,12.0,90.0,-90.00000000000001,1,1,1207.6619441310127,0.08131135998875463,0.17877901089906745,0.19640130346122892,65.5432514014754,0.03216010229698151,0.007358014886159368,0.16374688828544437,0.03746418560614031,0.017746402192092503,0.3996818299490844,0.40007561783019513,87.45766140758457,0.01903818280687605,0.0041710928213593524,0.047586461054861036,0.010425761119813349,0.7129656629042369,0.2829966548417018,0.7670770125170426,21.64955696428208,0.013959307256007487,0.009058800550189863,0.01819805186209689,0.011809505958814791,-0.15640499611980896,0.6295814634964347,0.6487182300425587,103.95138413998976,0.022693790402466354,0.003809228095519679,0.03498250758419036,0.005871930090926807,0.4406876505311811,0.066545973978819,0.15100485320749987,-1.0,83.41185152942904,0.7821051003015171,0.6305189110597518,0.8061818172732464,-1.0,37.375189847028224,1.7747379563707082,-43.89369443719332,0.002633999086311234,-0.05743093676163463,0.057491307590848584,0.03228618054563954,0.03224833108650638,0.04563279864407361,-0.005045062279301016,-0.006382803762821243,0.008135898062089458,0.051200739635952064,0.006440699864846189,0.05160424744163587
B040_N2_m1_a3_1784818435.npz,B040,B_phase,antiphase,N2,1207.8,1,3,1,7.347880794884119e-16,12.0,-2.204364238465236e-15,-12.0,12.0,12.0,90.0,-90.00000000000001,1,1,1207.8000425431896,0.08240849603678362,0.17784076828851625,0.196006375111868,65.13776706160544,0.03127230912158027,0.006849936875202481,0.1595474081071701,0.03494752082065174,0.018240680609369536,0.3986061810359989,0.39902332010697883,87.379906633234,0.016949337149899716,0.0036745329151809834,0.04247705909858995,0.00920881745506963,0.714144890327991,0.281465992872472,0.7676105975853023,21.51089218297744,0.011759025513163308,0.0077380864043237255,0.015318998396001903,0.010080744623205668,-0.15613863455569055,0.6284449260635765,0.6475510005366139,103.95275677735906,0.019791034631435486,0.0042056600937056005,0.030562897154100623,0.006494716385613559,0.43943070601781964,0.06737034720388047,0.15331278920947433,-1.0,83.2758898963604,0.7819668189892872,0.6301398430674017,0.8058396184660036,-1.0,36.844113700361696,1.7794997215273736,-43.626874878628,0.003731135134340216,-0.05836917937218583,0.058488310541279204,0.03278045896291657,0.03117268217342084,0.04523598792670021,-0.0038658348555469235,-0.00791346573205104,0.00880724809589849,0.051467101200070475,0.005304162431987947,0.05173970085962237
B041_N1_m1_a1_1784819198.npz,B041,B_phase,antiphase,N1,1003.2,1,1,1,-12.0,1.4695761589768238e-15,12.0,0.0,12.0,12.0,180.0,0.0,1,1,1003.1536172519443,0.023613187549706986,0.07167580455086536,0.0754652475267357,71.76582562731006,0.014389436404191549,0.003132499193499537,0.1906763295130475,0.041509162113193374,-0.003043169054375655,0.20022085675744167,0.20024398207830738,90.87077501016338,0.01624735480470483,0.003647827701445473,0.0811377931864696,0.01821691550270387,0.3509541970161745,0.1459028660229742,0.3800743278846728,22.574215946351742,0.021014030079168824,0.0050933859974744014,0.05528926459233305,0.013401026125131776,-0.09857720756540711,0.3116019825940475,0.32682298176219865,107.5550881846349,0.028568210051646725,0.0036868554967681676,0.08741187629342843,0.011280894253179477,0.21272533786489783,0.023250517695613454,0.10929829953016641,-1.0,88.61139861649276,0.3838862397059123,0.32233695272086793,0.8396678999690219,-1.0,35.254816140812565,1.8046098483562827,-49.19160968095832,-0.011942297388979183,-0.05849952665505545,0.05970605568778063,-0.003988611533010371,0.012506792666027194,0.013127409674122879,0.0022652643777973935,-0.013633200030014253,0.013820114534970339,0.0144480395233781,0.006514015999549871,0.015848604055609675
B041_N1_m1_a2_1784819207.npz,B041,B_phase,antiphase,N1,1003.2,1,2,1,-12.0,1.4695761589768238e-15,12.0,0.0,12.0,12.0,180.0,0.0,1,1,1003.210345295338,0.026253281577348016,0.07191701743476064,0.0765590764722981,69.94540792117932,0.012392752893940333,0.006682669900608024,0.161871765765415,0.08728775487549228,0.0006943159599342719,0.2013839936254581,0.20138519052599368,89.80246088175355,0.0163420508135339,0.004856026932632897,0.08114822530321344,0.024113128278944167,0.3528750463829251,0.14546222024975797,0.3816805678571292,22.402445671483186,0.019419131933217423,0.009521190497637852,0.05087796856476696,0.024945442077632378,-0.09264653663675881,0.313955248466703,0.3273396993805907,106.4410517570886,0.028376520773029934,0.003305880485923677,0.08668829606285296,0.010099234807691327,0.21405301600569165,0.024466170365405784,0.11429958251443292,-1.0,87.42713061609956,0.3868367201774521,0.321229959052184,0.8304019300567625,-1.0,36.631977555311174,1.8072005122654573,-47.54296224969613,-0.009302203361338152,-0.05825831377116017,0.05899628895815941,-0.00025112651870044334,0.01366992953404364,0.013672236027589385,0.004186113744548026,-0.014073845803230484,0.01468321095589797,0.020378710452026397,0.008867281872205368,0.022224322880319027
B041_N1_m1_a3_1784819215.npz,B041,B_phase,antiphase,N1,1003.3,1,3,1,-12.0,1.4695761589768238e-15,12.0,0.0,12.0,12.0,180.0,0.0,1,1,1003.2756405140875,0.027542901278186326,0.07176951547954219,0.0768731081912795,69.0047556331997,0.013053769211576317,0.004504706752107229,0.1698093067746822,0.05859925347233772,0.0016141688393609133,0.20098303854402882,0.20098952043186863,89.53984637635975,0.018643174072547276,0.003977142524642143,0.09275694589692268,0.019787810409699014,0.35400418720785487,0.1448680676453613,0.38249930925950043,22.25570237408318,0.019825176552541603,0.0049590408732617585,0.0518306205334649,0.012964836153200418,-0.09206990510722007,0.3139628750100374,0.327184281882582,106.34382415278142,0.03113709019265415,0.006552769648939771,0.09516682773846835,0.020027764204428963,0.21368897230009098,0.025363067711766468,0.11869151430120696,-1.0,87.066226815347,0.38750467565336594,0.321240411906403,0.8289975117455403,-1.0,36.17712159206543,1.8134051162414662,-46.74905325911652,-0.008012583660499843,-0.058405815726378624,0.0589528693752917,0.0006687263607261981,0.013268974452614352,0.013285814915527857,0.00531525456947779,-0.014667998407627142,0.015601349570614296,0.020955341981565137,0.008874908415539784,0.02275720450645389
B041_N2_m1_a1_1784819239.npz,B041,B_phase,antiphase,N2,1205.2,1,1,1,-12.0,1.4695761589768238e-15,12.0,0.0,12.0,12.0,180.0,0.0,1,1,1205.192812056148,0.07187060546644759,0.164059837691457,0.179111736838938,66.342948873767,0.03007048427093581,0.0040241972476704295,0.16788673261527234,0.022467524008709123,0.006227324985035976,0.3888362501310512,0.3888861131391126,89.08246996320267,0.014617540860321802,0.004571501720800506,0.037588230503599405,0.011755374044856123,0.7350846285121448,0.26753138395382614,0.7822547235236663,19.998792736678492,0.011302708922947116,0.001782144167867753,0.014448885488391894,0.002278214645787097,-0.14167361275950835,0.6470066975001769,0.6623360772013076,102.35099416410746,0.017507276823403986,0.006846421331900348,0.026432618463697093,0.01033677851405862,0.42340254202405087,0.06359017749212131,0.1501884641224217,-1.0,85.33214204762456,0.7975065149452337,0.6438904334259142,0.8073795277649003,-1.0,35.753825060350216,1.8835657224276474,-46.344156137088504,-0.006806755435995807,-0.07215010996924509,0.07247047873541074,0.02076710333858301,0.021402751268473186,0.029821977515508864,0.01707390332860692,-0.02184807465069688,0.02772826249185185,0.06593212299625267,0.023865933868588374,0.07011866828607646
B041_N2_m1_a2_1784819248.npz,B041,B_phase,antiphase,N2,1205.2,1,2,1,-12.0,1.4695761589768238e-15,12.0,0.0,12.0,12.0,180.0,0.0,1,1,1205.2140228871237,0.07048209576113364,0.16456032389674713,0.1790190660904138,66.81428184941554,0.027189405673098473,0.00652663926262037,0.1518799436668183,0.036457788576129,0.0052374587889270074,0.38860547200967344,0.3886407645248074,89.2278386745159,0.016930331654033456,0.004198332972563611,0.04356293317489286,0.0108026057886566,0.7343789124359761,0.26813180606493325,0.7817973218515717,20.05783088513216,0.01072126751631685,0.0093076980922437,0.013713615046576404,0.011905512889452971,-0.1423946363852846,0.6458353992546586,0.6613468041819827,102.43371991897692,0.01983341381992776,0.003064089656307656,0.029989430196853576,0.004633105712361636,0.42327482879353445,0.0626728743884849,0.1480666227356873,-1.0,85.52397680363032,0.7968791600992847,0.6430942792899578,0.80701605900929,-1.0,35.70569416808868,1.8826518986981564,-46.756450964283374,-0.008195265141309763,-0.07164962376395495,0.0721167869240766,0.019777237142474043,0.021171973147095402,0.028972254933487377,0.01636818725243816,-0.021247652539589768,0.02682126567434905,0.06521109937047642,0.02269463562307006,0.06904733135444173
B041_N2_m1_a3_1784819256.npz,B041,B_phase,antiphase,N2,1205.4,1,3,1,-12.0,1.4695761589768238e-15,12.0,0.0,12.0,12.0,180.0,0.0,1,1,1205.4372832041884,0.07175776459666831,0.16632482694412215,0.1811439340356255,66.66311250014023,0.030107365920813492,0.0025069696412647587,0.16620686793128986,0.013839655490598509,0.006331893860925197,0.3896651594013897,0.38971660130301927,89.06904977420373,0.016864869420932675,0.0010684861280171967,0.0432747010636573,0.0027417003136245887,0.7366916838577349,0.26938706163522586,0.7844004245547077,20.086019522553894,0.01306238344893318,0.004686063684497819,0.016652698086374058,0.005974070816137086,-0.1416068286677828,0.6473055262928871,0.6626137172551277,102.33982596756522,0.02049228132012372,0.002960896942168371,0.030926436906577846,0.004468511389160284,0.4250704050869269,0.06330327707406136,0.1489242165921098,-1.0,85.30841435538314,0.7998369998107124,0.6438957509333809,0.8050337144765294,-1.0,35.78271703025534,1.881657697733969,-46.57709297758635,-0.006919596305775086,-0.06988512071657993,0.0702268532016482,0.020871672214472232,0.02223166053881165,0.03049382611843465,0.018680958674196946,-0.019992396969297166,0.02736191063440228,0.06599890708797823,0.024164762661298522,0.07028365024160647
B042_N1_m1_a1_1784819824.npz,B042,B_phase,antiphase,N1,1005.7,1,1,1,-2.204364238465236e-15,-12.0,7.347880794884119e-16,12.0,12.0,12.0,-90.00000000000001,90.0,1,1,1005.6784748621557,0.02694613038421748,0.06866261949859476,0.0737607569042784,68.57284723414979,0.010207436510296874,0.0013650557114531377,0.1383857343484609,0.018506530691172442,0.00495865189719949,0.1942381983928717,0.1943014820930252,88.53762991688772,0.020358433515152537,0.002817789952925313,0.10477755133852033,0.014502153676708691,0.36589335511425625,0.16666055680065828,0.40206179687937604,24.488763512503873,0.017019215513421806,0.00334517964160328,0.04232984990247109,0.008320063402111489,-0.11221193670024737,0.3260289735851576,0.34479908694051337,108.99232608810074,0.03301479442548999,0.004494435582304681,0.09575081743527321,0.01303494049878411,0.20647522391226916,0.023700150063165254,0.11478447444733317,-1.0,86.15696675226482,0.40674448043491407,0.3392624743478362,0.8340923864168425,-1.0,37.87090593776123,1.969943282917755,-44.084083721645925,-0.00860935455446869,-0.06151271170732606,0.06211227485314927,0.004013209418564774,0.006524134301457235,0.007659646089781687,0.017204422475879166,0.007124490747669826,0.018621238442761243,0.0008133103885378384,0.020941006990659983,0.020956794782861568
B042_N1_m1_a2_1784819832.npz,B042,B_phase,antiphase,N1,1005.7,1,2,1,-2.204364238465236e-15,-12.0,7.347880794884119e-16,12.0,12.0,12.0,-90.00000000000001,90.0,1,1,1005.6600662681474,0.02917997207242699,0.06766134802502832,0.07368533630724382,66.67115368713709,0.010150263801459503,0.0030783728009042017,0.13775147553288233,0.04177727829141461,0.006796475605584135,0.19397376912433162,0.19409280045626837,87.99328470314923,0.01562778934407049,0.0043340381701862446,0.0805170995901604,0.022329721452819987,0.3673834514244674,0.16556077036275985,0.40296522066260815,24.258633027290916,0.017711623159042147,0.002377701495017719,0.043953230330693004,0.00590051293039134,-0.11038035308117616,0.32658131573972904,0.34473058775893056,108.6746027181478,0.027841876070637015,0.00619002248413779,0.08076415919931881,0.01795611617866199,0.20606966973575935,0.025235593725202857,0.12246146537509452,-1.0,85.47082652742021,0.407720416783969,0.33909321570593065,0.8316807345107751,-1.0,37.60193017243455,1.9785561713510966,-42.412520659846166,-0.006375512866259179,-0.06251398318089249,0.0628382467725568,0.005851033126949419,0.0062597050329171455,0.008568459356954886,0.018694518786090297,0.006024704309771395,0.019641336376725008,0.002644894007609047,0.021493349145231433,0.021655473252513026
B042_N1_m1_a3_1784819841.npz,B042,B_phase,antiphase,N1,1005.7,1,3,1,-2.204364238465236e-15,-12.0,7.347880794884119e-16,12.0,12.0,12.0,-90.00000000000001,90.0,1,1,1005.7023988829083,0.028586040724136442,0.06884906476508551,0.07454767228632243,67.45183966163479,0.010542460018321721,0.0065299067633132635,0.14141903690607907,0.0875937043108901,0.006585199467871894,0.19638902825127402,0.1964994027204952,88.07951173486157,0.01757837194527897,0.005084527814884151,0.08945763550377202,0.025875538268767605,0.36685939949123725,0.1676270159382569,0.4033418345119136,24.55681801573049,0.01821160560325324,0.008509276445973908,0.04515178948717585,0.021096934951642287,-0.11060131718748706,0.3295183915533174,0.34758455336146993,108.55408813982659,0.0302777745280594,0.004202512377155116,0.08710909111249279,0.012090618919951605,0.2087054390094245,0.024726715121578355,0.1184766206330721,-1.0,85.63202464290003,0.4090328255742975,0.3408691901677749,0.8333541194137212,-1.0,39.28066200018616,1.9598570478837727,-42.89502164590431,-0.006969444214549727,-0.0613262664408353,0.06172101836677715,0.005639756989237178,0.00867496415985955,0.010347070216853528,0.018170466852860168,0.008090949885268456,0.019890433270716244,0.0024239299012981524,0.024430424958819807,0.024550378812452835
B042_N2_m1_a1_1784819781.npz,B042,B_phase,antiphase,N2,1205.0,1,1,1,-2.204364238465236e-15,-12.0,7.347880794884119e-16,12.0,12.0,12.0,-90.00000000000001,90.0,1,1,1204.9638606403769,0.07143819458654493,0.15103195855936102,0.16707503748933172,64.6858265234572,0.02672362599569839,0.010441386123034467,0.15994984288065642,0.0624951894665963,0.014123416054377225,0.38105934670945496,0.3813209889262347,87.87738601858528,0.016409343160965265,0.009001116618835474,0.043032887350818234,0.023605090934495372,0.7454145279343949,0.3013893960644374,0.8040387966483602,22.01469273512973,0.010398696294551112,0.004143841392605615,0.01293307777920435,0.005153782889431753,-0.1665229011061502,0.6619312463524818,0.6825561160011377,104.12094488541366,0.02045160152548253,0.011285697327520005,0.029963252904832864,0.016534460776117626,0.4118355172171942,0.060920206058330095,0.14792363337182,-1.0,84.37893015173348,0.8208534104247946,0.6622393197328933,0.8067692858706429,-1.0,38.31653481470566,1.9931583753906592,-42.67113378832747,-0.007239166315898465,-0.08517798910134106,0.08548505925772885,0.02866319440792426,0.013625847846876926,0.03173708309238108,0.027403802750856965,0.012009937459914355,0.029920010076852077,0.04108283464961082,0.03879048272089325,0.056502219890612985
B042_N2_m1_a2_1784819789.npz,B042,B_phase,antiphase,N2,1205.1,1,2,1,-2.204364238465236e-15,-12.0,7.347880794884119e-16,12.0,12.0,12.0,-90.00000000000001,90.0,1,1,1205.1165769813242,0.0701746932468009,0.1551527934794314,0.1702846936655015,65.66304104332613,0.026465772493250658,0.005895746300031792,0.15542073643588109,0.034622878739841954,0.011686288886459395,0.38045657398512756,0.3806360125322335,88.24062819685058,0.014590731682390204,0.002631821129394332,0.03833250455027456,0.00691427254054544,0.7449738465637934,0.3019868502643531,0.8038545202937154,22.06594606393517,0.009017248291693281,0.008005035074919955,0.011217512701674582,0.009958313193281595,-0.16969076083068008,0.6626083484656422,0.6839917965645941,104.36445090130489,0.01744868835943083,0.0020173066565420837,0.025510084254033928,0.002949314109722039,0.4126051984350794,0.060312529026240236,0.14617491310093125,-1.0,84.69640451285511,0.820174933878795,0.6643342121261063,0.80999087473244,-1.0,38.310065113900436,1.9877959293521696,-43.59709497939096,-0.008502667655642504,-0.08105715418127069,0.08150188710225424,0.02622606724000643,0.013023075122549521,0.02928151445067189,0.026963121380255473,0.012607391659830103,0.029765017033940085,0.037914974925080946,0.03946758483405366,0.05472874542873005
B042_N2_m1_a3_1784819798.npz,B042,B_phase,antiphase,N2,1205.2,1,3,1,-2.204364238465236e-15,-12.0,7.347880794884119e-16,12.0,12.0,12.0,-90.00000000000001,90.0,1,1,1205.1846189626563,0.07143592530288198,0.15671079990841796,0.17222475499130532,65.49433924491345,0.027036974948136974,0.01091905304063683,0.156986578088045,0.06340002075304489,0.012250620891198077,0.37962313820626264,0.37982075347957367,88.15167911858939,0.017546366843532935,0.0072351808886649575,0.046196440512502324,0.0190489351157955,0.7465276870906703,0.30259308960399356,0.805522293589095,22.064388119971657,0.011339136957966083,0.010532464643026308,0.014076751255937667,0.01307532358427689,-0.17015012027370957,0.6622207773079405,0.6837305180606543,104.4097986723881,0.02179710461317584,0.007522814567349471,0.03187967194297769,0.01100260171022835,0.41254602493433046,0.06108148914760472,0.1480598174647974,-1.0,84.51260308084113,0.8214765204405641,0.6644771727918051,0.8088815154880397,-1.0,38.03582941863849,1.9912360580163817,-43.429951124941795,-0.007241435599561419,-0.07949914775228412,0.07982827120063478,0.026790399244745113,0.01218963934368461,0.029433192131026888,0.028516961907132377,0.013213630999470538,0.031429558708372086,0.03745561548205145,0.03908001367635194,0.054131050239979155
B043_N1_m1_a1_1784820904.npz,B043,B_phase,antiphase,N1,1004.6,1,1,1,1.4695761589768238e-15,24.0,-4.408728476930472e-15,-24.0,24.0,24.0,90.0,-90.00000000000001,1,1,1004.6457454435513,0.031140663547911885,0.07262201595643847,0.07901707491284053,66.79011773597429,0.014082310922366722,0.006539788104897395,0.178218580451126,0.08276423940156076,0.004992703768406992,0.22260689510290366,0.22266287709960594,88.71516602015384,0.014573891434247869,0.00441684801725525,0.06545272217841858,0.01983648138741789,0.3277923726526426,0.1515027649888504,0.3611106857578653,24.80596656137368,0.019836982772140507,0.008063072603953492,0.054933247767255916,0.022328535050220047,-0.10801934116755096,0.29571523237825836,0.3148264231712439,110.06631988885673,0.02767825355026374,0.0054062011338256504,0.0879159165595471,0.01717200570196438,0.2346024146821577,0.028002892553387893,0.11936318980913543,-1.0,86.42875424760194,0.3646982220906593,0.31066350107347185,0.8518371690779587,-1.0,38.09140365475083,1.5545373758610157,-41.98415117460061,-0.004414821390774284,-0.057553315249482345,0.05772239378368447,0.004047261289772276,0.034892831011489184,0.0351267701325361,-0.020896559985734475,-0.008033301064138049,0.022387499753757246,0.005005905921234247,-0.009372734216239242,0.010625781890313293
B043_N1_m1_a2_1784820913.npz,B043,B_phase,antiphase,N1,1005.0,1,2,1,1.4695761589768238e-15,24.0,-4.408728476930472e-15,-24.0,24.0,24.0,90.0,-90.00000000000001,1,1,1005.0259276544492,0.0305123427539182,0.07329294916023088,0.07939055017404006,67.39771292461417,0.013512971872171924,0.008709887435016115,0.17020882009947996,0.10970937241173273,0.0047811696712208585,0.22108284387755867,0.22113453696881902,88.76110627132041,0.019194677364940262,0.005488147912468929,0.08680090241917661,0.02481814006847236,0.3265228198300051,0.1499226866932385,0.3592964846127177,24.662182755283673,0.018668482659149548,0.01069440687937781,0.05195843393589595,0.029764852530926405,-0.10807840234631572,0.29460418610849914,0.3138033899217523,110.14605191182561,0.03219332175379949,0.004577459621509869,0.1025907392581928,0.01458703050547437,0.23334999743818174,0.027406597617203987,0.11744845904472077,-1.0,86.47730098397795,0.36260397582998377,0.3099756249993357,0.8548599730320545,-1.0,37.61029301763913,1.55390606304182,-42.7355301693305,-0.005043142184767969,-0.05688238204568993,0.05710550472842014,0.0038357271925861434,0.03336877978614419,0.03358851392235343,-0.022166112808371996,-0.009613379359749957,0.024160993765736116,0.0049468447424694945,-0.010483780485998462,0.011592278731323718
B043_N1_m1_a3_1784820921.npz,B043,B_phase,antiphase,N1,1004.8,1,3,1,1.4695761589768238e-15,24.0,-4.408728476930472e-15,-24.0,24.0,24.0,90.0,-90.00000000000001,1,1,1004.7850458703228,0.03086349980617772,0.07406453548015834,0.08023784042568423,67.37797523683963,0.014602372193663808,0.005421769285721378,0.1819885993465693,0.06757122645571431,0.006104449729398248,0.2185909151173525,0.21867613605133132,88.40035289455172,0.017627222336809308,0.003371558704492517,0.08060880649853604,0.015418045907401109,0.32598695845592707,0.148431859874809,0.3581892155121944,24.48122954582896,0.020235563645649768,0.008235405485290836,0.056494061711807333,0.02299177398044935,-0.10518497483838835,0.2918274393669652,0.3102049859354813,109.82096380997727,0.03047043792985005,0.002428307337555207,0.09822678329286273,0.007828073202086649,0.2313375428107052,0.027208542791245932,0.11761403903865987,-1.0,86.05731087875428,0.36147743855425846,0.3063669512606177,0.8475410041797987,-1.0,37.0071185803326,1.5625541542560684,-42.896745691010665,-0.004691985132508448,-0.05611079572576247,0.056306625910827975,0.0051590072507635325,0.03087685102593804,0.03130487637879124,-0.022701974182450013,-0.011104206178179449,0.025272178905431673,0.007840272250396865,-0.013260527227532404,0.015404916465611599
B043_N2_m1_a1_1784820945.npz,B043,B_phase,antiphase,N2,1209.2,1,1,1,1.4695761589768238e-15,24.0,-4.408728476930472e-15,-24.0,24.0,24.0,90.0,-90.00000000000001,1,1,1209.1984403557815,0.08228886703512005,0.1715603153152031,0.190274536995825,64.37530515084333,0.035355359503912935,0.006534010980145581,0.18581235336123142,0.03433991265099728,0.020278673370696026,0.42172796044732846,0.4222152261782358,87.24706856363207,0.010394875586206104,0.0020198239668324587,0.02461985011838006,0.004783872872409867,0.7055939917942542,0.27639611561249855,0.7577979242395876,21.391331071023124,0.01154311828387712,0.008295237097143821,0.015232449066761515,0.010946502796860625,-0.15095686405011444,0.6248874194539213,0.6428625528024057,103.5810015736377,0.012742429569498425,0.0018965350088971124,0.019821390301785115,0.0029501407425733873,0.458064929073723,0.06816610153441052,0.1488131860962435,-1.0,83.6168158467626,0.7732948845294769,0.6241353838214883,0.8071117452189703,-1.0,37.52510882471571,1.6881774513783383,-42.9839740798202,0.003611506132676648,-0.06464963234549898,0.06475042809861992,0.03481845172424306,0.05429446158475043,0.06449971425712973,-0.01241673338928373,-0.012983342992024471,0.017965034464456346,0.056648871705646586,0.0017466558223327988,0.05667579264628326
B043_N2_m1_a2_1784820954.npz,B043,B_phase,antiphase,N2,1209.3,1,2,1,1.4695761589768238e-15,24.0,-4.408728476930472e-15,-24.0,24.0,24.0,90.0,-90.00000000000001,1,1,1209.3185831046394,0.08429664739292174,0.1715540025607844,0.19114575735891237,63.83184049357346,0.030945614760057326,0.006878495643638024,0.16189537862433992,0.035985604591381774,0.02241912927693568,0.4203876773075507,0.42098505506677236,86.94732771113806,0.019506990308468565,0.003462826142233797,0.04633653872908758,0.008225532238156433,0.7081108248905275,0.2756575134542013,0.7598736770351349,21.27025844389177,0.013017887393689543,0.00952892867225883,0.0171316467290755,0.012540148396031663,-0.1486579223669373,0.6238918346271691,0.6413580896791661,103.40225270042387,0.023363834058639312,0.0028192817816822644,0.036428688488714424,0.004395799830158198,0.4571539680576554,0.06910402763244472,0.15116138644941052,-1.0,83.2356580558965,0.7751702687904668,0.6227834765238406,0.8034150709825311,-1.0,37.05970561529356,1.6956437501439423,-42.561582049681704,0.00561928649047834,-0.06465594509991768,0.06489967347703408,0.036958907630482714,0.05295417844497269,0.06457635688098674,-0.009899900293010466,-0.013721945150321713,0.016920396110020188,0.05894781338882371,0.0007510709955805828,0.05895259800012198
B043_N2_m1_a3_1784820962.npz,B043,B_phase,antiphase,N2,1209.4,1,3,1,1.4695761589768238e-15,24.0,-4.408728476930472e-15,-24.0,24.0,24.0,90.0,-90.00000000000001,1,1,1209.3546395086416,0.08132269440240976,0.1692481942501441,0.18777202103029683,64.33600766376776,0.029140633073947854,0.011960162916346924,0.15519156109655996,0.06369512801066972,0.01968273907292778,0.41952910795534665,0.4199905744647394,87.31386568173113,0.016044772779724215,0.007337699096797047,0.03820269728712987,0.017471104217394975,0.7055625874454909,0.27457068787672245,0.7571047664913176,21.263570613832062,0.008304587344340822,0.012256387652395909,0.010968874734242025,0.01618849622251911,-0.1518842849194102,0.6225677952017121,0.6408271963858913,103.71030358810555,0.018229403932183513,0.007630833468762484,0.02844667647533203,0.011907786548071803,0.4550531948135379,0.06765356170237036,0.1486717651330676,-1.0,83.71896289585231,0.7715195651603209,0.623397693007043,0.8080128115448395,-1.0,36.86199607283914,1.6954491781481897,-43.0724370499357,0.0026453334999663597,-0.06696175341055799,0.06701398517580058,0.034222517426474815,0.05209560909276861,0.06233083655584873,-0.012448137738046983,-0.014808770727800569,0.019345692637224247,0.05572145083635083,-0.0005729684298764193,0.05572439659726696
B044_N1_m1_a1_1784821375.npz,B044,B_phase,antiphase,N1,1004.0,1,1,1,-24.0,2.9391523179536475e-15,24.0,0.0,24.0,24.0,180.0,0.0,1,1,1004.0308905753519,0.022468298811700902,0.07036904985273462,0.07386898962804711,72.29211545453963,0.013696209359749632,0.004922571837739167,0.18541216589957737,0.06663921982046617,-0.00685961795940826,0.20557982754337917,0.20569423874118242,91.91108922928936,0.019962241628425755,0.0036520226733984524,0.09704813197779213,0.01775461819323807,0.36183166515257104,0.13861430286234622,0.3874739718550093,20.961365713608174,0.018178965953600693,0.005386694846515747,0.04691661188639314,0.013902081785590025,-0.0791530809450342,0.318775922877257,0.32845593194420775,103.9447061805562,0.033291595286513084,0.0052759033670238655,0.1013578749802213,0.01606274344261209,0.21729126622785933,0.023478779803828093,0.10805211001535336,-1.0,89.79019410480178,0.39400503918944635,0.32059227562085363,0.8136755719682706,-1.0,35.917195135868376,1.8132575967240152,-51.33074974093145,-0.013087186126985267,-0.05980628135318619,0.061221448284231414,-0.007805060438042975,0.017865763451964695,0.019496268159908476,0.013142732514193955,-0.020921763190642234,0.02470731861098981,0.033872166143751006,0.013687956282759373,0.03653332432818842
B044_N1_m1_a2_1784821383.npz,B044,B_phase,antiphase,N1,1004.1,1,2,1,-24.0,2.9391523179536475e-15,24.0,0.0,24.0,24.0,180.0,0.0,1,1,1004.0743979871395,0.02369790031330479,0.07022895304658738,0.07411947332030298,71.35366294543606,0.013447680623935919,0.006866156988721178,0.18143249029607308,0.09263634347547885,-0.006618858974059644,0.20406055536402257,0.20416787100225103,91.85778076238135,0.020572147041484225,0.004334333277763509,0.1007609421624297,0.021229262256036954,0.36306574307209816,0.13697956434770914,0.3880465627233193,20.67078103340575,0.01735876010113039,0.008232936222897887,0.04473370406712594,0.021216361678657737,-0.07967559234117805,0.31803381239417994,0.327862327571946,104.06457989523173,0.03388491618884292,0.0046610536586327855,0.10335105115547996,0.014216496579985895,0.21581231630755482,0.024561351852836213,0.11380885147367471,-1.0,89.60910137931691,0.3938044124012454,0.32092355079611534,0.8149313229866197,-1.0,34.741939134954364,1.8247541157013185,-50.682881912030325,-0.01185758462538138,-0.05994637815933343,0.06110786011283564,-0.007564301452694359,0.016346491272608094,0.018011841477003025,0.014376810433721077,-0.022556501705279314,0.026748615803951797,0.03334965474760716,0.012945845799682332,0.03577421411091723
B044_N1_m1_a3_1784821392.npz,B044,B_phase,antiphase,N1,1004.1,1,3,1,-24.0,2.9391523179536475e-15,24.0,0.0,24.0,24.0,180.0,0.0,1,1,1004.1452209683755,0.02352373105681887,0.07094819427578619,0.0747463189316253,71.65643632737743,0.014053049757490233,0.0035382611510094953,0.18800992421239307,0.047336928447889774,-0.006155649097517729,0.203008767990074,0.20310207260552382,91.73679533442217,0.02158723077550471,0.0011117905441613404,0.10628759469841864,0.005474048245291529,0.36228951300334744,0.13651002654789557,0.3871545926116721,20.64631744653053,0.018126874343545384,0.0060222566178914595,0.0468207653724702,0.015555172876205467,-0.07863202244352246,0.31725377757524453,0.32685310819896046,103.92035987307989,0.03524047140175273,0.0020621479361467377,0.10781745841713496,0.0063090969136248105,0.2150582642180718,0.024236482459253944,0.1126972848375538,-1.0,89.47382906186137,0.3930611568523873,0.3197257573194474,0.8134249638905919,-1.0,34.840333750503675,1.827696128216762,-51.0101188808469,-0.012031753881867297,-0.05922713693013462,0.06043688319573359,-0.007101091576152445,0.015294703898659529,0.016862783546039314,0.01360058036497036,-0.023026039505092882,0.026742742595966394,0.034393224645262746,0.012165810980746927,0.03648151392580592
B044_N2_m1_a1_1784821426.npz,B044,B_phase,antiphase,N2,1203.4,1,1,1,-24.0,2.9391523179536475e-15,24.0,0.0,24.0,24.0,180.0,0.0,1,1,1203.3583700237025,0.0623018630006842,0.16946681440729483,0.18055615004400302,69.81482628903926,0.025407112700917073,0.0038178327749888996,0.14071585318320728,0.02114485036404721,-0.014517397086366401,0.40157911932077406,0.40184144123349413,92.07038533333937,0.02226251050153797,0.0020450025901410642,0.055401230976080705,0.00508907837843632,0.7429582128746859,0.2596426670092381,0.7870204702608549,19.263061827178042,0.010543744488774083,0.008220951788744274,0.013397039705052906,0.010445664502245376,-0.1412121316727979,0.6666400231420881,0.6814321584622048,101.95998173457906,0.02594227294722759,0.0006781540420011074,0.03807022111455936,0.0009951893722355352,0.43601029308986294,0.06302453118442083,0.14454826453244143,-1.0,88.54392508223475,0.8031889048108891,0.6622979619361371,0.8245855464002895,-1.0,36.53808763219748,1.842132898099609,-50.55176446186121,-0.016375497901759198,-0.06674313325340725,0.06872265105489307,2.2381267180635392e-05,0.034145620458196024,0.03414562779326653,0.024947487691147963,-0.029736791595284917,0.03881564010139968,0.06639360408296313,0.0434992595104996,0.07937440545343977
B044_N2_m1_a2_1784821435.npz,B044,B_phase,antiphase,N2,1203.5,1,2,1,-24.0,2.9391523179536475e-15,24.0,0.0,24.0,24.0,180.0,0.0,1,1,1203.4901172761213,0.06302430577588723,0.16892119889668322,0.18029540913518943,69.53951261026859,0.03639057131976133,0.005220784258477834,0.20183859086769584,0.028956834139704443,-0.014469095593330011,0.401330804775984,0.40159154571458283,92.06477846685688,0.013528467341683533,0.004417622614951317,0.03368713182846339,0.011000287884772824,0.744383047589102,0.25829710889732904,0.7879235483235401,19.136512531824376,0.015330178508741474,0.009834498376542936,0.01945642891541876,0.01248153884658954,-0.14168701246995302,0.666894557351033,0.6817797005830335,101.99459096665197,0.018747865412936462,0.0031484465817393516,0.027498421259688374,0.004617982288189152,0.4355766288254861,0.06368048810803775,0.14619812885679723,-1.0,88.50599721664337,0.8034365546836207,0.6634280524125898,0.8257379484977955,-1.0,36.109688703297984,1.8445354996434344,-50.40300007844422,-0.015653055126556167,-0.06728874876401886,0.06908540978399313,7.068276021702548e-05,0.03389730591340595,0.033897379607273743,0.026372322405564086,-0.03108234970719398,0.040762873455919654,0.065918723285808,0.043753793719444434,0.07911809239658538
B044_N2_m1_a3_1784821443.npz,B044,B_phase,antiphase,N2,1203.4,1,3,1,-24.0,2.9391523179536475e-15,24.0,0.0,24.0,24.0,180.0,0.0,1,1,1203.3501265827404,0.06319583108432261,0.16755697973630712,0.17907834744823695,69.33551881026234,0.028036186764896266,0.01217144207763047,0.1565582169167615,0.06796713422402258,-0.013604630772361043,0.4016785894443412,0.4019089140544756,91.93983470899776,0.021228451246222465,0.009662236698814487,0.05281906049823298,0.02404086189913381,0.7435460534082279,0.25881886535342213,0.7873042223955008,19.19235308349171,0.011866589998007932,0.00960979717240904,0.015072432816252283,0.012205951522995358,-0.14098947468415562,0.6673559238132092,0.6820864762039313,101.92922244826389,0.025624666923983755,0.011756052508226951,0.03756806184839597,0.017235428231408167,0.4353879529430481,0.06353865086151483,0.14593571189101356,-1.0,88.41668490818502,0.803385857793407,0.6630694255654017,0.8253436616205808,-1.0,36.46695249374397,1.8452183905476496,-50.14316572677063,-0.015481529818120787,-0.06865296792439496,0.07037689798746011,0.0009351475811859942,0.03424509058176317,0.03425785647047641,0.025535328224689957,-0.030560593251100887,0.03982465125273391,0.0666162610716054,0.04421516018162064,0.07995440343750093
B045_N1_m1_a1_1784821848.npz,B045,B_phase,antiphase,N1,1006.4,1,1,1,-4.408728476930472e-15,-24.0,1.4695761589768238e-15,24.0,24.0,24.0,-90.00000000000001,90.0,1,1,1006.3839056365501,0.027708616437948027,0.07674038644410447,0.08158954796109497,70.14689247404682,0.011647323677405036,0.004905985571600547,0.14275509508839204,0.06013007418474618,0.006224312131641624,0.18987033793565855,0.18997233295749483,88.12240736700353,0.02299969475571489,0.0029665812062167063,0.1210686545648778,0.015615859215038755,0.37845129520699905,0.17577739420089378,0.417280571265799,24.913220571246637,0.01689281902088533,0.007537622300892824,0.040483118995072884,0.018063679020635534,-0.10903136466445462,0.3397100931349696,0.3567783427541013,107.7942486364614,0.03640140899026445,0.0033318915911708254,0.10202807914087157,0.009338828039422872,0.2054365994920166,0.023284012003215213,0.11333916186691965,-1.0,85.43107467990117,0.4248746774431526,0.3477001142965754,0.8183592309831103,-1.0,40.75013453561745,2.0681547421138244,-45.23367190280018,-0.007846868500738142,-0.053434944761816344,0.05400802409796381,0.005278869653006908,0.0021562738442440776,0.005702278641456274,0.02976236256862197,0.016241328147905326,0.03390544153486357,0.003993882424330589,0.034622126540471976,0.03485172510800334
B045_N1_m1_a2_1784821856.npz,B045,B_phase,antiphase,N1,1006.4,1,2,1,-4.408728476930472e-15,-24.0,1.4695761589768238e-15,24.0,24.0,24.0,-90.00000000000001,90.0,1,1,1006.3860497011608,0.029749623510595864,0.07710017205247854,0.08264064756246765,68.90055425499185,0.009991219461304377,0.005559451026865816,0.12089957854882567,0.06727259757570818,0.007641816226760356,0.18805913401888075,0.18821433325646303,87.67305604931931,0.018051809457306167,0.004222671148075191,0.09591091786143918,0.022435438762898732,0.37978682636866956,0.17492101977778174,0.41813322834150013,24.729703068092682,0.016570976723621674,0.007313441919265902,0.03963085351850519,0.01749069775744497,-0.10814541483791257,0.33896245755524246,0.3557962596520005,107.695197535939,0.031062941860381024,0.00359769244626669,0.087305419935452,0.010111664607676157,0.20408965467221002,0.024526001070231243,0.12017268150912717,-1.0,84.76372093061796,0.42537371876805374,0.3471074392851232,0.8160058413820171,-1.0,40.02794315886801,2.0842492945134814,-44.17085118689917,-0.005805861428090305,-0.05307515915344227,0.05339176477777648,0.006696373748125641,0.00034506992746627385,0.006705258729491937,0.03109789373029248,0.015384953724793288,0.03469547226331694,0.004879832250872643,0.03387449096074485,0.03422417129232264
B045_N1_m1_a3_1784821865.npz,B045,B_phase,antiphase,N1,1006.5,1,3,1,-4.408728476930472e-15,-24.0,1.4695761589768238e-15,24.0,24.0,24.0,-90.00000000000001,90.0,1,1,1006.5227442829258,0.029000244015856717,0.07841699776714872,0.08360765330872671,69.70455326205,0.00937411698781699,0.006608862638387173,0.11212032172703677,0.07904614442392632,0.00680234900007462,0.18814704315335457,0.18826997051911673,87.9294056543679,0.01586550128356158,0.005012835343735889,0.08426995149473726,0.026625782804947595,0.3793051017026644,0.17591242658436612,0.4181118773778958,24.88071670974372,0.016016776589184153,0.009466806948034394,0.03830739439795428,0.022641803450797814,-0.10923922765531491,0.3394020712365604,0.3565486990838656,107.84117980911662,0.02849888449351595,0.003915273752273384,0.07992985128467005,0.010981035023640494,0.2045894121095469,0.02406229298573398,0.11761260144219919,-1.0,85.04221698438322,0.4254551686632683,0.347753384283425,0.8173678683374009,-1.0,40.37052695621422,2.079556142599693,-44.82383655230626,-0.006555240922829452,-0.05175833343877209,0.05217179567463105,0.0058569065214399045,0.00043297906194009195,0.005872888971278429,0.030616169064287324,0.01637636053137767,0.0347208149735384,0.003786019433470303,0.034314104642062804,0.03452233654515654
B045_N2_m1_a1_1784821883.npz,B045,B_phase,antiphase,N2,1208.5,1,1,1,-4.408728476930472e-15,-24.0,1.4695761589768238e-15,24.0,24.0,24.0,-90.00000000000001,90.0,1,1,1208.467321880352,0.07006097676184991,0.17483308997839436,0.18834847972897953,68.16251096642667,0.028237660147973055,0.0018149973569956406,0.1499224213999768,0.00963637911815002,0.002432266747416839,0.3805668761077421,0.3805746485407772,89.63381804720608,0.018522190294158532,0.0021950395262469863,0.0486690071584575,0.005767697703100672,0.7702834224487727,0.321062268407043,0.8345163456122777,22.62688970896424,0.010618374290500273,0.0065575607545414775,0.012723985990603526,0.007857917689713135,-0.19014523765389008,0.7019067825187835,0.7272058462005961,105.15752707472222,0.02328276094971285,0.002702382612455332,0.03201674061252034,0.0037161178318001215,0.42001173411935866,0.06246884127469532,0.14873118106015334,-1.0,85.6070527140744,0.8530595659031568,0.7053617872152653,0.826861118975297,-1.0,40.7857909985017,2.0310374606361234,-45.535621257462424,-0.008616384140593486,-0.06137685768230772,0.06197871194702684,0.016972045100963874,0.013133377245164057,0.02146010048375694,0.05227269726523476,0.03168280980251997,0.06112475207610692,0.017460498101870947,0.07876601888719492,0.08067809321806872
B045_N2_m1_a2_1784821892.npz,B045,B_phase,antiphase,N2,1208.5,1,2,1,-4.408728476930472e-15,-24.0,1.4695761589768238e-15,24.0,24.0,24.0,-90.00000000000001,90.0,1,1,1208.4892175729478,0.06916633193623126,0.17700127560714418,0.1900353468175569,68.65606123656416,0.030937648895582655,0.0032756305239018462,0.16279944449115716,0.017236953960184098,0.0005507469823754774,0.38078563678782124,0.38078603507238173,89.91713065668087,0.013504173379535193,0.001042539903781832,0.03546394073240698,0.002737862756925056,0.7701971682880255,0.3214048176638181,0.8345685920620337,22.650874902734156,0.00967222406279288,0.006574048603057356,0.011589489653444736,0.007877181894437629,-0.19227657080227378,0.7019576986454403,0.7278151484869524,105.31842699396186,0.01712118049860536,0.002236988371374585,0.023524078241842605,0.003073566654974189,0.42098259365524765,0.06233051728900457,0.1480596068065666,-1.0,85.8697728483685,0.8526258394309588,0.706575405146643,0.82870512770081,-1.0,40.69035553714242,2.0253232610590874,-46.00518633383001,-0.009511028966212143,-0.0592086720535579,0.05996771229871867,0.015090525335922514,0.013352137925243202,0.020149529574876857,0.05218644310448761,0.0320253590592951,0.061229473840420164,0.01532916495348724,0.07881693501385179,0.0802937889450296
B045_N2_m1_a3_1784821900.npz,B045,B_phase,antiphase,N2,1208.6,1,3,1,-4.408728476930472e-15,-24.0,1.4695761589768238e-15,24.0,24.0,24.0,-90.00000000000001,90.0,1,1,1208.5584135635058,0.07174132154124878,0.17615517630145966,0.1902037416936985,67.84079641229884,0.03218101569131047,0.005379095104515515,0.16919233767301137,0.028280700771796254,0.003234552797827306,0.3801286309459158,0.3801423922645542,89.51247620884239,0.01804577723592443,0.00404825355393213,0.04747109925947368,0.010649308354735694,0.7728585589836807,0.3210576362216848,0.8368920826310804,22.558769151782485,0.013957795534417082,0.010526873589735291,0.016678130698208518,0.012578531698663182,-0.1896847843762166,0.7009025452835522,0.7261161721162901,105.1431775903695,0.023730948706221396,0.0030206354537902795,0.03268202750126987,0.004159989227325065,0.4202972066866115,0.06352920432630263,0.15115304911762656,-1.0,85.37703120509137,0.8547706127750684,0.704982448657791,0.8247621503610421,-1.0,40.20178100021352,2.0337289879073968,-45.28202726051637,-0.006936039361194621,-0.06005477135924242,0.060453984194847946,0.01777433115137434,0.012695132083337779,0.02184246383749115,0.0548478338001428,0.031678177617161796,0.06333870704168611,0.017920951379544414,0.07776178165196368,0.0798000951380114
B046_N1_m1_a1_1784825107.npz,B046,B_phase,antiphase,N1,1005.7,1,1,1,1.83697019872103e-15,30.0,-5.510910596163089e-15,-30.0,30.0,30.0,90.0,-90.00000000000001,1,1,1005.7333924352506,0.04037536377869107,0.12162960157009384,0.1281558815597685,71.6362368351011,0.014040081023106426,0.00876461789723276,0.10955471455719731,0.06839028993878188,0.006848483292195673,0.21696739273396665,0.2170754505539003,88.1920833990635,0.017053000959917828,0.007463751382346389,0.07855794340817703,0.034383212672375055,0.3202709389786699,0.14842255441588603,0.35299111747126943,24.864331954457093,0.016444902265048713,0.012217915302284747,0.04658729767155456,0.034612529034187905,-0.0990522664888942,0.2811492836171794,0.2980876904117983,109.40797249567714,0.02777712059310298,0.007415203001953673,0.0931843933398585,0.02487591148668305,0.2500817888841994,0.03169826619894148,0.12675159730890836,-1.0,84.00028796002731,0.35666880890319447,0.2936773075064401,0.8233893746120894,-1.0,36.98631150125567,1.4262086435584092,-46.771904880644,0.004819878840004899,-0.008545729635826976,0.009811255120573435,0.005903040813560957,0.029253328642552173,0.02984297450851255,-0.028417993659707208,-0.011113511637102419,0.03051380842423918,0.013972980599891008,-0.023938682977318215,0.027718310365775822
B046_N1_m1_a2_1784825115.npz,B046,B_phase,antiphase,N1,1005.6,1,2,1,1.83697019872103e-15,30.0,-5.510910596163089e-15,-30.0,30.0,30.0,90.0,-90.00000000000001,1,1,1005.5744312985802,0.04200331614030993,0.12092975141748036,0.12801673072171627,70.84601978123875,0.01833457233191807,0.009657830209552727,0.14322012621751684,0.07544193758975919,0.008368150703656763,0.21468723798146533,0.21485026436639412,87.76783600549577,0.0210688628693296,0.007689987079274726,0.09806300649181371,0.03579230913191075,0.3213754630250816,0.1475925893290021,0.3536463779814874,24.667086791458054,0.02182768708229693,0.010001571338125634,0.06172178888663625,0.028281277459171923,-0.09747479008275717,0.2792985574291301,0.29581923345798644,109.23891297299187,0.0333437148400793,0.007529273167869806,0.11271652099935187,0.025452277324419296,0.24800589583351867,0.03227994849437865,0.13015798832479178,-1.0,83.4268834293105,0.3570909191331597,0.2916519415600227,0.8167442125607941,-1.0,36.08967850458204,1.4398485081696106,-46.17893298978069,0.0064478312016237604,-0.009245579788440456,0.011271879738049531,0.007422708225022047,0.026973173890050856,0.027975859362970982,-0.027313469613295505,-0.011943476723986352,0.029810606477776003,0.015550457006028043,-0.025789409165367483,0.030114952070276767
B046_N1_m1_a3_1784825124.npz,B046,B_phase,antiphase,N1,1005.6,1,3,1,1.83697019872103e-15,30.0,-5.510910596163089e-15,-30.0,30.0,30.0,90.0,-90.00000000000001,1,1,1005.6425146108853,0.041936859789919664,0.12390191384388044,0.13080666826739282,71.30067390390789,0.012110238280056002,0.0047742746295951185,0.09258119972370563,0.0364987098351563,0.008077422790031319,0.21669365728198509,0.21684415109744448,87.86524410729609,0.02196754376307406,0.0033013454847594104,0.10130567807292336,0.015224507869137158,0.3212379690513685,0.1485879376983017,0.3539381414734535,24.82280063936425,0.016871913396800643,0.004376407395928281,0.047669102082534644,0.012364893418124382,-0.09793167842001593,0.28221756112904595,0.298726238298192,109.13717005150782,0.033424893326023455,0.004176661124414837,0.11189138763451484,0.013981567699606103,0.2511878619255426,0.03219360727942144,0.12816545764844445,-1.0,83.53195197987633,0.35790473801378486,0.2939621947542822,0.8213420039802886,-1.0,37.306842523699665,1.4248488572265303,-46.47787326454363,0.006381374851233496,-0.006273417362040373,0.008948614998439977,0.007131980311396603,0.028979593190570613,0.02984429534522662,-0.027450963587008603,-0.010948128354686754,0.029553627803130502,0.015093568668769278,-0.02287040546545166,0.027402030240714186
B046_N2_m1_a1_1784825156.npz,B046,B_phase,antiphase,N2,1206.7,1,1,1,1.83697019872103e-15,30.0,-5.510910596163089e-15,-30.0,30.0,30.0,90.0,-90.00000000000001,1,1,1206.670033596327,0.0914140804058852,0.23061105499732326,0.24806852437065066,68.37665588369197,0.04393306516727287,0.0020700719455752723,0.1771005220381383,0.00834475857357172,0.006522304260694334,0.4167252085514778,0.41677624679813724,89.1033179917056,0.010698860587990973,0.0018748671158095205,0.02567051426319143,0.004498498007535443,0.6846508925176165,0.2721563105613246,0.7367604101765518,21.67836869423709,0.01703044926760858,0.0063574966882714535,0.023115315416483262,0.008628987932112137,-0.166424428051534,0.6060598758951341,0.6284947600595454,105.35497604304933,0.013846955253678338,0.002448355346520961,0.02203193428751329,0.0038955859334276655,0.47896156765034703,0.07639534928577754,0.1595020445180017,-1.0,83.85374441842563,0.7474657355327429,0.6157244023346177,0.8237493346712021,-1.0,36.07202528410178,1.5605964779170134,-46.698287189454874,0.012736719503441796,-0.005598892663378818,0.013913001932199671,0.02106208261424137,0.04929170968889979,0.053603022005330125,-0.03335983266592146,-0.01722314804319841,0.037543511610079974,0.04118130770422701,-0.017080887736454442,0.044583145134631165
B046_N2_m1_a2_1784825165.npz,B046,B_phase,antiphase,N2,1206.6,1,2,1,1.83697019872103e-15,30.0,-5.510910596163089e-15,-30.0,30.0,30.0,90.0,-90.00000000000001,1,1,1206.595854515093,0.09252604701323722,0.22525613812999762,0.24351878190631693,67.66913823309106,0.02773050946724256,0.004959651256326613,0.11387421228934468,0.020366606704835685,0.008260122557893296,0.4119822185353848,0.4120650167315942,88.85139033169301,0.025972163996194668,0.002444658514511655,0.06302928649997992,0.005932700945841336,0.6862262841227063,0.26839869281624906,0.7368475902968866,21.361597200388402,0.013237325960671441,0.008133553407660088,0.017964808645622266,0.011038311741486406,-0.16449017911031194,0.6007733662966714,0.622884946579364,105.3121715791577,0.028913451998184486,0.0023045865252594405,0.04641860773320281,0.003699859079779198,0.472450098594565,0.07674555031486321,0.1624416008022103,-1.0,83.5535665518138,0.7461923802421243,0.6116591858789487,0.8197070917294514,-1.0,34.5786116517602,1.5794099365454306,-46.30754103270266,0.013848686110793818,-0.010953809530704461,0.017657067996421305,0.02279990091144033,0.04454871967280677,0.050044219506930256,-0.03178444106083167,-0.02098076578827396,0.03808468493517951,0.04311555664544908,-0.022367397334917105,0.04857212871992523
B046_N2_m1_a3_1784825173.npz,B046,B_phase,antiphase,N2,1207.0,1,3,1,1.83697019872103e-15,30.0,-5.510910596163089e-15,-30.0,30.0,30.0,90.0,-90.00000000000001,1,1,1206.9667711639604,0.09092828569493634,0.23059405179197362,0.24787410082793923,68.47959613742056,0.033460176762980666,0.005439924952787735,0.13498859562664398,0.02194632248636511,0.006651168808925523,0.4166756481180363,0.416728729248549,89.08549601710081,0.019640096216855182,0.0036853384562841045,0.047129211015210004,0.008843495054755544,0.685725263232704,0.2731734244031686,0.7381347142871109,21.720929622311065,0.01213334015492616,0.007576687371159302,0.01643783976024555,0.010264640348851297,-0.16662105767079288,0.6060687994399778,0.6285554601735234,105.3720445538993,0.022036665746883493,0.004192254813613116,0.03505922252397568,0.006669665732369541,0.4788964450017494,0.07591178174075658,0.15851398049212764,-1.0,83.86984848626648,0.7488212500238102,0.6157853184856253,0.8223395349237823,-1.0,36.01009895124418,1.5636391913936107,-46.758666515109496,0.012250924792492943,-0.00561589586872846,0.013476774268337348,0.021190947162472558,0.04924214925545828,0.053608259670871,-0.03228546195083393,-0.016206034201354413,0.03612459823879311,0.04098467808496814,-0.017071964191610722,0.04439815085212566
B048_N1_m1_a1_1784825518.npz,B048,B_phase,antiphase,N1,1003.1,1,1,1,-5.510910596163089e-15,-30.0,1.83697019872103e-15,30.0,30.0,30.0,-90.00000000000001,90.0,1,1,1003.1314943973128,0.02598780950976769,0.09719608712759403,0.1006103652514532,75.03069626130922,0.013848535950681216,0.00836382217484792,0.1376452209081031,0.08313082010928408,0.0013291814484606423,0.18187030316940628,0.1818751602013169,89.5812668148071,0.019094697507584343,0.00670655373801392,0.10498793505637878,0.03687448979063695,0.3775624310476249,0.17956953516190954,0.4180892336533635,25.43586483678608,0.01950776724950476,0.007291837891071739,0.0466593389144256,0.017440865021454678,-0.11724079644993235,0.34949875121988916,0.3686390937712337,108.54424012963108,0.03265567279909537,0.006962996184931612,0.08858439962246786,0.018888382438495895,0.20665463744591084,0.022245905609452055,0.10764774449000512,-1.0,86.23245522149483,0.426833439297209,0.35847817764969875,0.8398549519455205,-1.0,43.983559324342146,2.0654433143748205,-49.594831424523136,-0.009567675428918478,-0.03297924407832678,0.03433905871003139,0.00038373896982592714,-0.005843760922008195,0.005856346754637497,0.0288734984092478,0.020033469108921093,0.03514283419030017,-0.004215549361147139,0.04441078462539155,0.04461040963115204
B048_N1_m1_a2_1784825526.npz,B048,B_phase,antiphase,N1,1003.0,1,2,1,-5.510910596163089e-15,-30.0,1.83697019872103e-15,30.0,30.0,30.0,-90.00000000000001,90.0,1,1,1003.0392705663612,0.025745863668962626,0.09429043447353513,0.09774218909595198,74.72775080232047,0.013112967617426544,0.008036108459850195,0.13415872653060543,0.0822173979750062,0.001156657212498996,0.17973788678028563,0.1797416084276259,89.63129275074711,0.022053564620516383,0.006646987812068057,0.12269593453313504,0.036980796323209206,0.3772103151441123,0.1782982940665664,0.4172264415376479,25.298981316525328,0.019523900088217867,0.005852014134209002,0.046794493695712126,0.014025990569154649,-0.11798847527650935,0.3458392099887727,0.3654121501315109,108.83788065810053,0.03638366229913672,0.007720334891026222,0.09956883559028437,0.02112774544647104,0.2033888882798201,0.022215792889692026,0.10922815438731241,-1.0,86.29530625357117,0.42469067687522866,0.35670964657149695,0.8399281312132404,-1.0,42.40031273989185,2.0880721678902345,-49.42876948579516,-0.009809621269723543,-0.03588489673238568,0.03720153871749658,0.0002112147338642808,-0.007976177311128846,0.007978973377720215,0.028521382505735215,0.018762228013577936,0.03413928030981244,-0.004963228187724142,0.040751243394275105,0.04105237474523088
B048_N1_m1_a3_1784825535.npz,B048,B_phase,antiphase,N1,1003.0,1,3,1,-5.510910596163089e-15,-30.0,1.83697019872103e-15,30.0,30.0,30.0,-90.00000000000001,90.0,1,1,1003.0384377809028,0.025573013077010275,0.09505435306957799,0.0984342879047384,74.94193436011801,0.014768045850989123,0.006930922425697746,0.1500294883555329,0.07041166826345382,0.001588407580387835,0.18011952493036087,0.18012652858416034,89.49474277459225,0.01973723259865157,0.005931367452496899,0.10957426845335423,0.032928894478336614,0.3770477750102602,0.178198637269796,0.41703690360086854,25.29614583356032,0.020453375634887562,0.009220284649343817,0.049044522099326665,0.022109037760764283,-0.11650558209060857,0.3465868471344272,0.365644627014885,108.58013209195803,0.033809291487277016,0.005010316769287191,0.09246489347674915,0.01370269490951176,0.2041039111199789,0.0218281653058843,0.10694633525691234,-1.0,86.20892368691909,0.4250734188259968,0.35627006727682464,0.8381377227981016,-1.0,42.94052014126218,2.0826324027476617,-49.64578852655768,-0.009982471861675894,-0.03512097813634282,0.036512091828908154,0.0006429651017531198,-0.007594539161053598,0.007621707760787545,0.02835884237188313,0.01866257121680756,0.03394871875484741,-0.003480335001823362,0.04149888053992962,0.041644565285187764
B048_N2_m1_a1_1784825473.npz,B048,B_phase,antiphase,N2,1204.2,1,1,1,-5.510910596163089e-15,-30.0,1.83697019872103e-15,30.0,30.0,30.0,-90.00000000000001,90.0,1,1,1204.2023784504877,0.06461294310642446,0.18880966756860912,0.19955932196778664,71.10843550460514,0.02853919524767844,0.0034209724974812875,0.14301108545701166,0.01714263439937679,-0.008907102626937141,0.35464721750443934,0.3547590525424938,91.4387033062649,0.017233455419878807,0.001734335381810332,0.0485779159019897,0.00488876991124163,0.7564735621528036,0.3241646702469385,0.82300363527293,23.19614069951457,0.011457016949321575,0.007695029560983687,0.013920979760341061,0.009349933865640593,-0.20536162601940766,0.6787866959475353,0.7091718945620354,106.83278157699176,0.02151150315797122,0.0005125393191450665,0.03033327085142893,0.0007227293172152519,0.4024202594432882,0.06112154394881769,0.15188485796757298,-1.0,86.71867174407613,0.8358877243954744,0.6939390981304628,0.830182185810097,-1.0,38.534942522382146,2.0771511989775293,-47.91229480509057,-0.014064417796018941,-0.04740028009209296,0.049442839731854385,0.005632675726609896,-0.012786281358138696,0.01397197290330272,0.03846283696926567,0.03478521164241549,0.05185943286164966,0.0022441097363533613,0.05564593231594672,0.05569116457589767
B048_N2_m1_a2_1784825482.npz,B048,B_phase,antiphase,N2,1204.2,1,2,1,-5.510910596163089e-15,-30.0,1.83697019872103e-15,30.0,30.0,30.0,-90.00000000000001,90.0,1,1,1204.1508885779829,0.06693333344629575,0.18660160165205686,0.1982428532516265,70.26726962671918,0.022741897809726144,0.0052741564859330224,0.11471736527550991,0.02660452268228111,-0.006969199866124515,0.3511033655380923,0.3511725260309372,91.1371389407922,0.02243966988165829,0.0032816500029265857,0.06389927519467006,0.009344836966652347,0.7600839253842648,0.322416548207752,0.8256391488936038,22.985950676806212,0.010180908158493781,0.009262872781906168,0.012330941637320236,0.011219032908406612,-0.20381846988840768,0.6748727735485778,0.7049788856021163,106.80485238541294,0.026667664965916042,0.002125783045228009,0.03782760804692671,0.003015385408901142,0.3984316027884778,0.06224652443068493,0.15622888343957697,-1.0,86.27408188787143,0.8372207386245866,0.6911849739016741,0.8255707748438903,-1.0,37.22126091723731,2.1012909939000406,-47.281318949912986,-0.011744027456147652,-0.04960834600864522,0.05097950739860298,0.007570578487422522,-0.01633013332448574,0.017999636469376388,0.04207320020072691,0.033037089603228986,0.0534939572716604,0.00378726586735334,0.05173200991698923,0.05187045626174395
B048_N2_m1_a3_1784825490.npz,B048,B_phase,antiphase,N2,1204.1,1,3,1,-5.510910596163089e-15,-30.0,1.83697019872103e-15,30.0,30.0,30.0,-90.00000000000001,90.0,1,1,1204.1271015626962,0.06760043431088793,0.18537811864825782,0.19731919722264285,69.96498747239583,0.02848577137754943,0.00615346611786723,0.14436391277939287,0.031185339310518465,-0.006750594803871357,0.34843074903099497,0.34849613685162456,91.10992559956004,0.017542653974281255,0.004475421474960841,0.050338159076208644,0.012842097807432203,0.7604486987640895,0.3218224375703619,0.8257432438571486,22.938116397483945,0.011649851964028813,0.0064955083780348305,0.014108322472746996,0.007866256764867382,-0.20397650335465262,0.6707486658153217,0.7010778748568697,106.91465993920185,0.02199909131820947,0.0056848662129300185,0.03137895533032012,0.00810875141950618,0.395539502811161,0.06271303460201874,0.15855062302578482,-1.0,86.16446696269583,0.8364134251785291,0.6883129183523089,0.8229338478221954,-1.0,36.447726169416434,2.114614139002573,-47.026871074911895,-0.011076926591555472,-0.05083182901244426,0.05202473588078155,0.00778918354967568,-0.019002749831583066,0.02053718290156341,0.04243797358055157,0.032442978965838865,0.053418428335186494,0.0036292324011084065,0.04760790218373312,0.04774603311435575
C001_N1_m1_a1_1784817940.npz,C001,C_fine_phase,D1,N1,1006.2,1,1,1,8.485281374238571,8.485281374238571,0.0,0.0,12.000000000000002,0.0,45.0,,1,0,1006.1555152830263,0.05570267663304218,0.08825045651654423,0.10435962466137816,57.7403488774005,0.011107254388518128,0.008541168510840172,0.1064324869369595,0.0818436108653534,0.04589525978137224,0.23445471080013874,0.23890455476356315,78.92422259457175,0.014889782990015433,0.006498298542181686,0.062325236974872314,0.027200396194257837,0.4286469424432161,0.11661504130920614,0.44422659659847663,15.219198302938114,0.015106927172244022,0.006150344541946189,0.03400725505388578,0.013845061482226613,-0.05656747159830816,0.3744828378773971,0.37873113775835,98.58986835001606,0.024469254455767503,0.007605445420303101,0.06460850988011488,0.02008138402698689,0.2583607604136542,0.034871693746051965,0.1349728716164942,-1.0,75.70916928587252,0.45122831396110147,0.3703613809686717,0.8207848876269742,-1.0,30.058767910118565,1.7465048223215183,-42.52115057446238,0.020147191694356012,-0.041924874689376584,0.04651456170801846,0.044949817302737526,0.04674064670872427,0.06484731397906361,0.07995800980483903,-0.042921024743782316,0.09074964295801448,0.05645777549047705,0.0693948712828995,0.08946020664912027
C001_N1_m1_a2_1784817948.npz,C001,C_fine_phase,D1,N1,1006.5,1,2,1,8.485281374238571,8.485281374238571,0.0,0.0,12.000000000000002,0.0,45.0,,1,0,1006.4874827743197,0.05730470786337448,0.08870592308731445,0.10560573059299026,57.13722934783707,0.011673670749442613,0.0049730574165067045,0.11054012584254087,0.04709079127223801,0.04730893740965586,0.233001300201213,0.23775563390651025,78.52260241998648,0.01821665826524617,0.0021131750038363177,0.0766192496301025,0.008888012322211702,0.43006918363756974,0.11630341942145545,0.44551766304357526,15.132512230161934,0.017532147428311384,0.0076127559106383145,0.039352306053456285,0.017087439044798824,-0.05496244095991587,0.3731546064125214,0.37718063338824276,98.37892573137019,0.028958052872521817,0.0008706671154720053,0.0767750258341458,0.002308355833783764,0.2577174127370926,0.03552530028676522,0.13784594494205146,-1.0,75.18521296655663,0.45247881377780597,0.3688009508789182,0.8150678874879242,-1.0,29.590080152865067,1.7557168876260485,-42.00471711767514,0.02174922292468831,-0.04146940811860636,0.04682670720363885,0.04636349493102115,0.04528723610979854,0.06481132167054969,0.08138025099919266,-0.043232646631533006,0.09215100101170144,0.05806280612886934,0.0680666398180238,0.08946707166145124
C001_N1_m1_a3_1784817957.npz,C001,C_fine_phase,D1,N1,1006.6,1,3,1,8.485281374238571,8.485281374238571,0.0,0.0,12.000000000000002,0.0,45.0,,1,0,1006.5864684274406,0.057307334265445944,0.08933006029258561,0.1061319472754954,57.31887369892542,0.013630700897977948,0.007594540290169822,0.128431648037095,0.07155753272345085,0.047236908584512155,0.23315076673809132,0.23788780036643625,78.5467670020269,0.018400406043632418,0.004623811639285592,0.07734909488964506,0.019436943097389574,0.43000663920259075,0.11666323932508221,0.4455513675976413,15.179278512379073,0.018837327691364196,0.00988700884822886,0.04227868897122406,0.022190502750644457,-0.05521535439378761,0.37319850530367604,0.377260996820145,98.41595495500064,0.02954202140659832,0.0034738282969109346,0.07830658789432757,0.00920802395739585,0.25806939398771755,0.03542292594467855,0.1372612435644517,-1.0,75.205781543916,0.4525367479391669,0.36885277910638126,0.8150780699824294,-1.0,29.66272105980784,1.7535467532453877,-42.13959518654636,0.021751849326759776,-0.0408452709133352,0.046276118086090653,0.04629146610587744,0.045436702646676846,0.06486442616437867,0.08131770656421367,-0.04287282672790624,0.0919274097998232,0.0578098926949976,0.06811053870917844,0.08933660602833327
C001_N2_m1_a1_1784817982.npz,C001,C_fine_phase,D1,N2,1206.0,1,1,1,8.485281374238571,8.485281374238571,0.0,0.0,12.000000000000002,0.0,45.0,,1,0,1206.0345602222728,0.12420683606326804,0.1931199893522596,0.22961417293421676,57.252542553972184,0.027360141306257864,0.010343563974342957,0.11915702309062777,0.045047585008205625,0.08407354637908884,0.4561944271236475,0.4638768333722107,79.55794143311202,0.02390528430987096,0.005124069280961223,0.05153368866491673,0.01104618491876639,0.8866899190448585,0.20604310491622002,0.910314656379482,13.081848108409003,0.009237209312729679,0.011476852157285418,0.010147270779389685,0.012607566050766818,-0.07286416845178967,0.7695814226695084,0.7730231258909369,95.40865600258577,0.02511443160840018,0.004754064031419476,0.03248859027271001,0.006149963529150886,0.5115257071386945,0.07903060095907538,0.15449976385575304,-1.0,75.3902525785869,0.9284674066744946,0.7511230268901546,0.8089923474863411,-1.0,29.116213809006762,1.815094322175974,-44.170694445563186,0.045529475160824645,-0.04308995830844248,0.0626871407502644,0.09861332473263588,0.08876092826106946,0.13267663773472335,0.16867919386132058,-0.083336353688303,0.1881425477869557,0.13474156730397135,0.1464406590379198,0.1989978808404525
C001_N2_m1_a2_1784817990.npz,C001,C_fine_phase,D1,N2,1206.1,1,2,1,8.485281374238571,8.485281374238571,0.0,0.0,12.000000000000002,0.0,45.0,,1,0,1206.0757001077218,0.12353104835033463,0.19263618959824802,0.22884191366413817,57.32932558885985,0.03681739399711917,0.007947271181223443,0.16088571104659846,0.034728215010853845,0.0825127085176586,0.4554288356183452,0.4628431390650636,79.73078250688438,0.01554165350173951,0.002710804623821551,0.0335786623803767,0.005856853856140845,0.8868024204127816,0.2054021280860796,0.910279389567982,13.040947327236522,0.008450932703972448,0.009095776190519423,0.009283888881613868,0.00999229060303812,-0.07556333649937774,0.7683721402131845,0.7720787289381231,95.61652810121467,0.016095217026166658,0.0025000078437275365,0.020846600771275207,0.003238021914119972,0.5102292291938485,0.07911084947918226,0.15504962270424166,-1.0,75.55511299255136,0.927295054424306,0.7515570589058352,0.8104831955266121,-1.0,28.632562839960034,1.8174087280131184,-44.288378261623336,0.04485368744789123,-0.04357375806245406,0.06253419599993587,0.09705248687120564,0.08799533675576715,0.1310052079065806,0.16879169522924364,-0.08397733051844342,0.18852805737970613,0.13204239925638328,0.1452313765815959,0.19628384534945165
C001_N2_m1_a3_1784817999.npz,C001,C_fine_phase,D1,N2,1206.0,1,3,1,8.485281374238571,8.485281374238571,0.0,0.0,12.000000000000002,0.0,45.0,,1,0,1206.0461510756272,0.12266016666568069,0.19241701884150947,0.22818813647143527,57.483692591116615,0.03191704183297265,0.004415856995851457,0.13987160913147667,0.01935182548985949,0.08058813253451638,0.45445935892347483,0.4615492996620583,79.94441372523224,0.01887691360538125,0.0006084049299737791,0.040899019062974926,0.001318179727321105,0.8866204224541934,0.20528088028501756,0.9100747295268911,13.036096262203658,0.006528056177591956,0.00666829756156154,0.007173099049773213,0.0073271978060835755,-0.07903912597394258,0.7666292487201245,0.7706929274541887,95.88637110812273,0.019348707583477443,0.0012610617089524297,0.025105598993092566,0.0016362699903294355,0.508765748551358,0.07908852474170411,0.1554517476203892,-1.0,75.75935749655427,0.9258443808109064,0.7516753183870152,0.8118808451682299,-1.0,28.106100921557665,1.819785202614609,-44.447596328912965,0.04398280576323729,-0.04379292881919261,0.06206696236621807,0.09512791088806342,0.0870258600608968,0.12892951465535782,0.16860969727065545,-0.08409857831950546,0.18841921581692261,0.12856660978181844,0.14348848508853596,0.19266114944065235
C002_N1_m1_a1_1784818583.npz,C002,C_fine_phase,D1,N1,1009.7,1,1,1,-8.48528137423857,8.485281374238571,0.0,0.0,12.0,0.0,135.0,,1,0,1009.6974209072075,0.025329316969940074,0.10465644041699501,0.10767796812217308,76.3946940187674,0.014043594648494273,0.003756157484384037,0.1304221735737082,0.0348832500268044,-0.027021613611553807,0.23962926281478947,0.24114798609843613,96.43373735964141,0.02002493550801455,0.0035073964516095474,0.08304002795959661,0.014544581144367654,0.40429990580021347,0.24087155631240265,0.47061398244253266,30.785405612114793,0.01555182850590091,0.0024393825055343764,0.033045827548908335,0.005183404226269994,-0.16958846207182038,0.36440238761206867,0.40193201734281087,114.95669874794407,0.030818008653354132,0.005671129278422408,0.07667467960649978,0.014109672864367654,0.2619021255488474,0.03397311659602402,0.12971684183482385,-1.0,93.25612501201975,0.4765567414429752,0.3948677490260952,0.8285849610068838,-1.0,44.4323422809432,1.819598601745951,-45.60928840665261,-0.010226167968746095,-0.025518890788925802,0.02749160414421339,-0.027967056090188524,0.051915198723374995,0.05896900952906762,0.055610973161836386,0.0813354902594142,0.09852939821061402,-0.05656321498303517,0.05931442101757106,0.08196095308051712
C002_N1_m1_a2_1784818592.npz,C002,C_fine_phase,D1,N1,1009.8,1,2,1,-8.48528137423857,8.485281374238571,0.0,0.0,12.0,0.0,135.0,,1,0,1009.8168048625314,0.025370862498051493,0.10535726590001637,0.10836897222831722,76.46050625809717,0.014408557014193456,0.0020997733019059556,0.13295832485922982,0.019376148529692126,-0.02557105626678688,0.24135017799876007,0.24270102459328916,96.04792620707777,0.0174801901425822,0.0012198343555792238,0.07202355314269876,0.005026078310231217,0.4043336097941522,0.24172867647746932,0.4710821807718042,30.872865969370906,0.01631713402684242,0.006597795338962257,0.03463755304883112,0.014005614324347113,-0.16655259146358492,0.3664475550397296,0.402521522800746,114.44207853941931,0.028070805041218554,0.0010237682350631066,0.0697374014832842,0.0025433875633276057,0.26368437662686983,0.03343906403225422,0.12681473381175185,-1.0,92.93525715530282,0.4782100042408466,0.394026888933382,0.8239620364255984,-1.0,45.581806438087185,1.8135697319585382,-45.58764028872628,-0.010184622440634675,-0.02481806530590444,0.026826533502978298,-0.026516498745421595,0.0536361139073456,0.059832745389106934,0.055644677155775146,0.08219261042448087,0.09925701639763773,-0.05352734437479971,0.06135958844523198,0.08142589078411515
C002_N1_m1_a3_1784818600.npz,C002,C_fine_phase,D1,N1,1009.9,1,3,1,-8.48528137423857,8.485281374238571,0.0,0.0,12.0,0.0,135.0,,1,0,1009.8546136811232,0.02371339472858935,0.10115893672975307,0.10390118175385722,76.80709731594249,0.014154632450808325,0.009134287999550588,0.13623167910005846,0.0879132252912175,-0.027715025832655144,0.23907895998607953,0.24068001945514747,96.61244982265472,0.01718974915190688,0.00822005036821984,0.07142158784439653,0.03415343902177018,0.4028409347461528,0.2385141851610818,0.46815578094284915,30.6289398515578,0.01610748320189265,0.011082231368009163,0.03440624650506879,0.023672101935150607,-0.16942612487845304,0.3642141615930983,0.40169287683041216,114.94703368088027,0.027766701443924388,0.007426182100491742,0.06912420668999568,0.018487213811428746,0.26011782392117255,0.03257368590276713,0.12522665848780293,-1.0,93.64652310861187,0.47396938396725113,0.3948164454378846,0.8329998915397547,-1.0,44.397953198369045,1.822133434850221,-46.1781574643847,-0.011842090210096818,-0.029016394476167745,0.031339850812354686,-0.02866046831128986,0.05136489589466506,0.058819851870709684,0.05415200210777571,0.07897811910809335,0.09576002626426501,-0.05640087778966783,0.05912619499860067,0.08171270372749635
C002_N2_m1_a1_1784818523.npz,C002,C_fine_phase,D1,N2,1204.2,1,1,1,-8.48528137423857,8.485281374238571,0.0,0.0,12.0,0.0,135.0,,1,0,1204.207080136556,0.06272047938645434,0.21404477013266515,0.2230448882077599,73.66809374164234,0.03181427403054315,0.010145092113547435,0.1426361943830296,0.045484530916922755,-0.05252657253696581,0.4572237341940491,0.4602310114853535,96.55349836321405,0.023549355918767657,0.007697488814600576,0.05116855520614368,0.016725271923240536,0.8123302722251939,0.4468411351800875,0.9271178303012444,28.81401488318852,0.004876430676328406,0.011672360368214235,0.005259774450399609,0.0125899427092472,-0.28582996863161353,0.7332590089609528,0.7869990757239476,111.29621695214013,0.0233328968743302,0.008193218509612289,0.029647934278533492,0.010410709189303025,0.5052918919920463,0.07900449338829985,0.1563541680370827,-1.0,92.43930116727988,0.9449165903365377,0.7655374933728631,0.8101640940606327,-1.0,44.60377292931082,1.8700410699473713,-44.85407885845382,-0.015956881515989063,-0.022165177528036928,0.027311484078400183,-0.03798679418341878,0.08979023533147107,0.09749504035187828,0.09431954704165602,0.15746167657556448,0.18354933000185764,-0.0782242328758525,0.1101182453293642,0.1350742705456285
C002_N2_m1_a2_1784818531.npz,C002,C_fine_phase,D1,N2,1204.4,1,2,1,-8.48528137423857,8.485281374238571,0.0,0.0,12.0,0.0,135.0,,1,0,1204.4063693398311,0.0643410113589199,0.21984071531212396,0.22906266795712257,73.68677476422187,0.042500615591900534,0.00883019466805264,0.185541432704591,0.03854925268619299,-0.05155897109839164,0.45956035570524684,0.4624435620015244,96.40135659359271,0.01594331968835071,0.006163712586584493,0.03447624964081164,0.013328572593609108,0.8140048296289932,0.45045896293715326,0.9303317365057164,28.95953243202125,0.011436036881235064,0.008150960227675167,0.012292429068568913,0.008761348138342354,-0.2848266384586989,0.7361518548198875,0.789332482120458,111.15209623653443,0.017320525188783586,0.007848804704302138,0.02194325658847059,0.009943597764046345,0.509790148854779,0.08023564057770763,0.1573895469693823,-1.0,92.16089823953251,0.9493590127128793,0.7663422031057745,0.8072206539819771,-1.0,45.100609626299054,1.862254527368903,-44.7272423322006,-0.014336349543523502,-0.016369232348578122,0.02175965730235251,-0.0370191927448446,0.0921268568426688,0.09928634540151807,0.09599410444545531,0.16107950433263024,0.18751393229392538,-0.07722090270293785,0.113011091188299,0.13687430199210743
C002_N2_m1_a3_1784818540.npz,C002,C_fine_phase,D1,N2,1204.4,1,3,1,-8.48528137423857,8.485281374238571,0.0,0.0,12.0,0.0,135.0,,1,0,1204.42407048034,0.061025326505977806,0.21723388146381256,0.225642748013303,74.30888908030091,0.0391730333653469,0.004504741891539293,0.17360643632578618,0.01996404462896238,-0.05428429160342693,0.4569031829401526,0.4601166187997652,96.77550344556492,0.01912726775331981,0.004925347738798793,0.041570477943644255,0.010704563881319443,0.8120894652487307,0.4479027020738463,0.927419069295549,28.87864858811715,0.009795053719373099,0.008780956995848988,0.010561626392708582,0.009468165241112464,-0.28821671093706874,0.7336210219447012,0.7882059859596156,111.44830819059148,0.020499490056581252,0.00452642976084081,0.02600778276458251,0.005742699042471781,0.5064431914567848,0.07834057986631002,0.15468779359233398,-1.0,92.6462135380969,0.9449836615835528,0.767059766729903,0.8117174909082612,-1.0,44.64811186337381,1.8659223334907622,-45.43024049218377,-0.017652034396465593,-0.01897606619688952,0.02591689423219413,-0.0397445132498799,0.08946968407757455,0.0979002078772608,0.09407874006519279,0.15852324346932328,0.1843378096112907,-0.08061097518130772,0.1104802583131127,0.13676262938615036
C003_N1_m1_a1_1784819371.npz,C003,C_fine_phase,D1,N1,1003.9,1,1,1,-8.485281374238571,-8.48528137423857,0.0,0.0,12.0,0.0,-135.0,,1,0,1003.9221290639418,0.005238854156676933,0.057333702498169214,0.05757255452925036,84.77910918389104,0.016553590751976748,0.002975354210527591,0.2875257297045334,0.05168007976814595,-0.03030885120177146,0.1661923805483978,0.16893351891650926,100.33556430718289,0.016684193264147284,0.0046948369149694595,0.09876188793766255,0.02779103250249439,0.2729397005004218,0.2048328751278351,0.3412515008646779,36.88710390051008,0.021522320399516064,0.005708390473029364,0.06306879338254007,0.01672781059882578,-0.1537066774354946,0.24977482922484207,0.29328008456517846,121.60735087557731,0.03113558757924755,0.005200388150577592,0.10616332038164013,0.01773181482229783,0.17787098524643932,0.01466442825339817,0.08244418409827034,-1.0,98.77331185476471,0.3449956764103356,0.28886636720658304,0.8373043112082578,-1.0,50.0360230060471,1.9395837715316295,-47.89200528338097,-0.030316630782009236,-0.0728416287077516,0.07889867536765502,-0.03125429368040617,-0.021521683543016673,0.03794751290910686,-0.07574923213795526,0.04529680907484665,0.088259543857041,-0.04068143034670939,-0.05531313736965554,0.06866237645704197
C003_N1_m1_a2_1784819379.npz,C003,C_fine_phase,D1,N1,1004.2,1,2,1,-8.485281374238571,-8.48528137423857,0.0,0.0,12.0,0.0,-135.0,,1,0,1004.1695839375498,0.0036064044148842907,0.05447164787837849,0.05459090194702551,86.21214636369494,0.013768172943822378,0.004978228359406077,0.2522063650309878,0.0911915389168126,-0.03228530593609458,0.16573652881716766,0.16885182250645406,101.02311262497281,0.015268527883046383,0.006601073997445724,0.09042560309032359,0.039093886577347484,0.27183550699268644,0.2032405376530736,0.33941310965765786,36.78399540226894,0.01995648078851146,0.0041725021148936205,0.058797024100336485,0.012293285074056597,-0.15635487357928024,0.24964680565115926,0.2945681144723923,122.0590917150785,0.029360365708877026,0.008256323490235062,0.09967258595338824,0.028028571609059427,0.17695703051172826,0.013315926239360842,0.07524948966906572,-1.0,99.66731710913125,0.3426580531700036,0.2907870211495773,0.8486215877883032,-1.0,49.63141656680391,1.9363912932936174,-49.42815096142601,-0.03194908052380188,-0.07570368332754232,0.08216928511112401,-0.03323074841472929,-0.021977535274246812,0.03984086717095646,-0.07685342564569064,0.04370447160008514,0.08841114110405061,-0.04332962649049503,-0.05544116094333834,0.07036461368152996
C003_N1_m1_a3_1784819388.npz,C003,C_fine_phase,D1,N1,1003.8,1,3,1,-8.485281374238571,-8.48528137423857,0.0,0.0,12.0,0.0,-135.0,,1,0,1003.7619505908865,0.004534463616685264,0.05447769186351903,0.054666079711897846,85.24194007410199,0.01677646297938136,0.0031858929794030405,0.30688981298452306,0.05827915585301508,-0.0303636485512086,0.16545055880302706,0.16821366936600374,100.39925916937482,0.016662330568285918,0.0021567625042470447,0.09905455740360541,0.012821565051020343,0.2719686283502549,0.20390664852834295,0.33991889638674144,36.860482345776276,0.021779346698154026,0.006828995742841055,0.06407218583510184,0.02009007388359896,-0.15316504254196484,0.24808366093728118,0.29155622627706956,121.6908794167394,0.03128715869558069,0.0005863002725563145,0.10731089195072827,0.0020109338086957743,0.1763471705820434,0.013634304542237588,0.07731513070063345,-1.0,99.00082312231534,0.3434592563542303,0.287377153626215,0.8367139575059976,-1.0,49.63329213011801,1.947631227768636,-48.3814577283257,-0.031021021322000904,-0.07569763934240178,0.08180731242298801,-0.03130909102984331,-0.022263505288387414,0.03841774132924877,-0.07672030428812215,0.0443705824753545,0.08862704823734281,-0.040139795453179625,-0.057004305657216425,0.06971867785955536
C003_N2_m1_a1_1784819319.npz,C003,C_fine_phase,D1,N2,1205.2,1,1,1,-8.485281374238571,-8.48528137423857,0.0,0.0,12.0,0.0,-135.0,,1,0,1205.1720315156822,0.026705508960038416,0.13191099166898856,0.13458712394546019,78.55510200650768,0.020224515240734837,0.002591836276554816,0.15027080338629256,0.0192576838004587,-0.05564572822550902,0.3267588204390258,0.3314630806054435,99.6645290832805,0.017481133950595053,0.002262765511349437,0.052739309363396915,0.006826598929860657,0.5674919614512608,0.37824950249643086,0.6819969299422078,33.68458218750497,0.008594035306433273,0.005091158865861057,0.012601281514803194,0.007465075929729595,-0.252364070671698,0.5232701791430485,0.5809469033796358,115.74720166418444,0.022967852407303434,0.003912846093831005,0.039535200676152765,0.006735290387242235,0.3548685320291215,0.0452746365182288,0.12758143490309093,-1.0,96.84524185083,0.6966807598407323,0.5632539710154953,0.8084821678501075,-1.0,50.33914008484816,1.9632080530137306,-44.87051981900271,-0.05197185194240499,-0.10429895599171352,0.11653044930525522,-0.041105949871961985,-0.04067467842355221,0.05782844092430329,-0.15051876373227713,0.08887004389190784,0.17479640424460308,-0.044758334915937004,-0.09987058448854003,0.10944150122567671
C003_N2_m1_a2_1784819327.npz,C003,C_fine_phase,D1,N2,1205.3,1,2,1,-8.485281374238571,-8.48528137423857,0.0,0.0,12.0,0.0,-135.0,,1,0,1205.261105118151,0.026913494249729334,0.13343797311860056,0.13612504854996593,78.59683152909383,0.028746379960819423,0.009870648984841829,0.21117626966551864,0.07251162875595756,-0.05558400451858028,0.3236520817354535,0.32839039506358014,99.74491109585959,0.019463939557950925,0.009580676282644966,0.059270733403096285,0.029174654395083745,0.5674244230011771,0.3765076982399862,0.6809761542463814,33.56578780402858,0.016483072205852337,0.014110996034632724,0.02420506518924106,0.020721718296067206,-0.2526854032219285,0.5204298738448319,0.5785301777708542,115.89806090705542,0.02818850517876656,0.00832197241348585,0.048724347081392075,0.014384681617735831,0.35252996897278144,0.045748239187913514,0.12977120589553537,-1.0,96.81603721266809,0.6945733698445994,0.5621330119700184,0.809321284655338,-1.0,49.63043010310817,1.9702533996428169,-45.031043725065246,-0.05176386665271407,-0.10277197454210152,0.11507204978674154,-0.04104422616503325,-0.04378141712712452,0.060012007024808564,-0.1505863021823608,0.08712823963546318,0.17397575850368344,-0.04507966746616748,-0.10271088978675669,0.11216819201381253
C003_N2_m1_a3_1784819336.npz,C003,C_fine_phase,D1,N2,1205.2,1,3,1,-8.485281374238571,-8.48528137423857,0.0,0.0,12.0,0.0,-135.0,,1,0,1205.1879999886942,0.027499450277549475,0.13562838736297167,0.1383881469788786,78.53832221639001,0.021344138736483557,0.00685236842481886,0.15423386469464898,0.04951557322221171,-0.05600158060403171,0.32426147583243087,0.3290618205431557,99.79860991633056,0.019403942635807938,0.006440181737371999,0.05896746879896131,0.019571342937146925,0.5680963641437826,0.37700066981906266,0.681808612440036,33.569086768073426,0.011029779772523417,0.01097152411399196,0.016177237381983744,0.01609179455027328,-0.2543694010537188,0.521992598373658,0.5806720803941848,115.98018767838833,0.025566732541429275,0.004969378788037308,0.04402955369246183,0.008557977825735797,0.3539154452763615,0.04665638818273954,0.13182919481320468,-1.0,96.78030868565298,0.6953711810545685,0.5643597872859939,0.8115950195550401,-1.0,49.73753934534059,1.9647946715396243,-44.969235448316596,-0.05117791062489392,-0.10058156029773041,0.11285312936669327,-0.041461802250484674,-0.043172023030147166,0.05985736895632695,-0.1499143610397553,0.08762121121453964,0.17364271450498886,-0.04676366529795778,-0.10114816525793058,0.11143514583444962
C004_N1_m1_a1_1784819908.npz,C004,C_fine_phase,D1,N1,1005.6,1,1,1,8.485281374238568,-8.485281374238571,0.0,0.0,11.999999999999998,0.0,-45.000000000000014,,1,0,1005.6215151218681,0.035307158844324574,0.05121039114991821,0.06220208700185218,55.415561252953474,0.010208593857935579,0.007807896058864444,0.1641197964568552,0.12552466380480046,0.039779900660568995,0.1684296127749203,0.1730634997799199,76.71133221444744,0.017391968332038862,0.005884649012959582,0.1004947221924655,0.034002831448820395,0.3062862341064261,0.08607638859629263,0.31815153917100014,15.697089269330249,0.020491493683558192,0.007640795830908118,0.06440796652108736,0.024016215199893602,-0.04916475090868011,0.27036582653254426,0.27479965954953145,100.30634969317336,0.030470403374482223,0.005179366727860692,0.11088224572196045,0.0188477916470167,0.18265243479588011,0.02140473420991454,0.11718833222144018,-1.0,74.42912017678694,0.32190175749335964,0.27039695502742095,0.8399983806643206,-1.0,29.489332304719266,1.7623732081814023,-39.71847198362323,-0.00024832609436159503,-0.0789649400560026,0.07896533051850808,0.03883445818193428,-0.019284451316494172,0.04335902679791875,-0.042402698531951,-0.07345967745669582,0.08481929647688256,0.0638604961801051,-0.034722140061953344,0.07268968278133509
C004_N1_m1_a2_1784819917.npz,C004,C_fine_phase,D1,N1,1005.7,1,2,1,8.485281374238568,-8.485281374238571,0.0,0.0,11.999999999999998,0.0,-45.000000000000014,,1,0,1005.6520169375242,0.037468311987611844,0.049653365712234165,0.06220394786308896,52.96188228243887,0.007023847985502177,0.010409831339591162,0.11291643419420394,0.1673500106858688,0.04182336911114082,0.16517262140635203,0.17038541330188106,75.79078389578619,0.017509728030116797,0.007234014971979547,0.10276541689102144,0.04245677392091453,0.30763556624718325,0.08362582961243431,0.3187991860067917,15.207474441329557,0.017875151745296265,0.009915375839943324,0.05607025528890608,0.031102262098411024,-0.046070859793076846,0.26759804237313534,0.27153496350195433,99.76853048956815,0.030113452076186965,0.006249946566459321,0.11090082723719014,0.023017096899251938,0.17993966822625895,0.0228524833318081,0.1270008084213706,-1.0,73.2990675433445,0.32228391881612356,0.2673896652361922,0.8296711366127739,-1.0,27.93667766243663,1.791066539096197,-37.7544078411093,0.001912827048925675,-0.08052196549368665,0.08054468222226446,0.040877926632506105,-0.022541442685062446,0.04668106172846229,-0.041053366391193835,-0.07591023644055414,0.08630030642188032,0.06695438729570836,-0.03748992422136227,0.07673580908719996
C004_N1_m1_a3_1784819925.npz,C004,C_fine_phase,D1,N1,1005.7,1,3,1,8.485281374238568,-8.485281374238571,0.0,0.0,11.999999999999998,0.0,-45.000000000000014,,1,0,1005.74728667223,0.03604119840457236,0.050855365329701474,0.06233166262225926,54.67479878963913,0.010168270472746897,0.004114574763677127,0.1631317061822719,0.06601099009041628,0.04085902644228748,0.1653342625922427,0.17030818661688643,76.11863650578812,0.016728258398640446,0.0034068562589396377,0.09822345437962524,0.020004066314225206,0.30651868602596166,0.08284859634928682,0.3175178653243454,15.125001676157366,0.020331284072985716,0.005199226413703653,0.06403193739104177,0.0163745948858425,-0.04691174540495885,0.2688531877631206,0.2729152770134561,99.89779798869577,0.029682340243532446,0.003545418063805783,0.10876027376829095,0.012990910961832951,0.18007113496488902,0.021552284019195775,0.11968761136202159,-1.0,73.74587911037446,0.3209407683507989,0.26888169598888556,0.8377922735418548,-1.0,28.181777161337084,1.782299913938884,-39.54979711348176,0.00048571346588618947,-0.07931996587621934,0.07932145298830288,0.039913583963652764,-0.022379801499171764,0.04575969514721323,-0.04217024661241542,-0.07668746970370163,0.08751741374668295,0.06611350168382636,-0.03623477883137699,0.07539200423026382
C004_N2_m1_a1_1784819952.npz,C004,C_fine_phase,D1,N2,1206.8,1,1,1,8.485281374238568,-8.485281374238571,0.0,0.0,11.999999999999998,0.0,-45.000000000000014,,1,0,1206.7502182461153,0.09002021317320738,0.12239155493162157,0.1519319962954803,53.66514620445094,0.015028058336615285,0.008450990438379283,0.09891305783535172,0.055623506861211994,0.08130404691913992,0.3208066243264003,0.330948996458865,75.77860238432407,0.01778252974813199,0.0043852124010424955,0.05373193434155722,0.013250417580847844,0.6399133594241266,0.13511178973721893,0.6540216382471348,11.922364523294796,0.012102466435882041,0.010201900168303326,0.018504688114476253,0.015598719632038138,-0.04109558821592307,0.5547505759162592,0.5562706615041224,94.23669812268541,0.02326479149009425,0.0037302099992490767,0.041822790774526296,0.0067057464241648355,0.36034907521291903,0.052527266715998944,0.14576773004055088,-1.0,72.13957253778034,0.6672210741087748,0.5403678288081487,0.8098782394275129,-1.0,28.10955461231821,1.851596465772903,-41.742781681156146,0.011342852270763981,-0.11381839272908051,0.11438219625915381,0.09584382527268696,-0.046626874536177754,0.10658378991157055,-0.07809736575941129,-0.1542676688673041,0.17290954917618473,0.16651014753983795,-0.06839018771532934,0.18000790818593662
C004_N2_m1_a2_1784819961.npz,C004,C_fine_phase,D1,N2,1206.7,1,2,1,8.485281374238568,-8.485281374238571,0.0,0.0,11.999999999999998,0.0,-45.000000000000014,,1,0,1206.6971507261442,0.08902833905981268,0.12144455881011307,0.15058162577264192,53.75567537297115,0.01599571062315442,0.006149122153769005,0.10622617826763141,0.04083580664119908,0.08002261871267538,0.31874419129884485,0.3286357847106563,75.9068293178748,0.016183232710830078,0.005012157379993925,0.04924367175984327,0.015251404786629742,0.6390602314452363,0.1338923393341792,0.6529357839383731,11.833130430121527,0.009988309158162925,0.0030254995442660876,0.015297536762214986,0.00463368621951902,-0.04251263667852018,0.5524685690249422,0.554101835439865,94.40025744430905,0.020994678431714472,0.0067219174882642545,0.037889566662503794,0.012131195131176864,0.3577085172836437,0.05216245465330377,0.1458239100634602,-1.0,72.27430276281251,0.665203313670976,0.5393130199301684,0.8107491481873832,-1.0,27.481253458921678,1.8596239159256733,-41.92254494284961,0.010350978157369281,-0.11476538885058901,0.1152312337295806,0.09456239706622242,-0.048689307563733186,0.10636115649026065,-0.07895049373830165,-0.1554871192703438,0.17438298288683943,0.16509309907724085,-0.07067219460664631,0.17958365864812798
C004_N2_m1_a3_1784819969.npz,C004,C_fine_phase,D1,N2,1206.8,1,3,1,8.485281374238568,-8.485281374238571,0.0,0.0,11.999999999999998,0.0,-45.000000000000014,,1,0,1206.8144920356174,0.08970238600159705,0.12176050702588326,0.1512353765677187,53.620492244556495,0.019791168381012,0.007559882865953575,0.13086335241245692,0.049987529621209253,0.08083285479425076,0.31978887948142853,0.3298467490429094,75.81451105444943,0.013004708814671145,0.0030274550308353565,0.03942651807970185,0.009178368559398832,0.6404536859514509,0.1345425703903666,0.6544330577653046,11.863831535772947,0.011586548884904577,0.0068509514425241416,0.017704712112907646,0.010468528998088995,-0.04187141960003066,0.5539254937838953,0.5555057771464254,94.32278696702117,0.017897418574699873,0.0030665044946053396,0.03221824022539788,0.005520202706725482,0.35904968593752384,0.052481806446817464,0.14616864601839402,-1.0,72.17169533493416,0.667062434283539,0.540274933998256,0.8099315839581649,-1.0,27.682685241401174,1.8578555013681606,-41.756660708783556,0.011025025099153651,-0.11444944063481882,0.11497924003949533,0.0953726331477978,-0.0476446193811495,0.10661120442767273,-0.07755703923208701,-0.15483688821415642,0.17317492972797957,0.16573431615573037,-0.06921526984769322,0.17960684043681793
B047_N1_m1_a1_1784826402.npz,B047,B_phase,antiphase,N1,1002.5,1,1,1,-30.0,3.67394039744206e-15,30.0,0.0,30.0,30.0,180.0,0.0,1,1,1002.4745966118361,-0.02677555926149853,0.12656840882704573,0.1293695972273865,101.94481533740368,0.0241024156814441,0.003889405971733955,0.1863066454406632,0.030064296829321803,-0.11958378022646082,0.20078012750992602,0.23369411652019106,120.77784601474691,0.02098347872788476,0.004576683861595157,0.08979035946791496,0.01958407823758684,0.2934231835567731,0.3822910219039204,0.48191657999796556,52.4923631238433,0.021783839519342752,0.00665631090388068,0.04520251102262286,0.013812164138259737,-0.30034843118309523,0.28657986425893245,0.4151351571630794,136.3438372607559,0.03444094240563093,0.004403685299328342,0.08296320321552852,0.010607835119101757,0.2645534315691014,0.03689057641107875,0.13944470949507576,-1.0,116.49274025325907,0.4889978823626206,0.40677003310792553,0.8318441608429742,-1.0,67.43664296570354,1.8483898676434076,-49.45245221356038,-0.0623310442001847,-0.0036069223788750826,0.06243531821119044,-0.12052922270509554,0.013066063418511548,0.12123537247499627,-0.055265749081603976,0.22275495585093194,0.22950832964775253,-0.18732318409431004,-0.018508102335565157,0.18823529199194958
B047_N1_m1_a2_1784826410.npz,B047,B_phase,antiphase,N1,1002.5,1,2,1,-30.0,3.67394039744206e-15,30.0,0.0,30.0,30.0,180.0,0.0,1,1,1002.4555191178704,-0.026517524694738087,0.12677052198624522,0.12951426315507156,101.81462934987483,0.023049148526009842,0.0054891188707283725,0.17796610168265684,0.0423823503065147,-0.11971916633063877,0.2006961241610093,0.2336912772016842,120.81690359421076,0.021337825923453367,0.007455741866373681,0.09130775516725015,0.03190423688745173,0.2935790034712703,0.3826478380588607,0.4822945150530993,52.50348811602656,0.02157037516008034,0.010460175517055708,0.04472448781157194,0.021688356783207605,-0.3006874868375911,0.28580193160174217,0.41484419828170843,136.45389907754623,0.034629363844852205,0.005942854625212393,0.08347558912065688,0.01432550979338218,0.2645715511994473,0.037248512677337295,0.14078804961633043,-1.0,116.48801545303617,0.4891121921040465,0.40678369145465004,0.8316776764544788,-1.0,67.14292715215753,1.8486953335936303,-49.311141233848275,-0.062073009633424256,-0.003404809219675592,0.06216631926351735,-0.12066460880927349,0.01298206006959482,0.1213609562534243,-0.055109929167106775,0.22311177200587226,0.2298172471778475,-0.18766223974880591,-0.01928603499275544,0.18865064901367315
B047_N1_m1_a3_1784826419.npz,B047,B_phase,antiphase,N1,1002.3,1,3,1,-30.0,3.67394039744206e-15,30.0,0.0,30.0,30.0,180.0,0.0,1,1,1002.2953910450374,-0.026052252319795216,0.12715228465321893,0.12979377236010783,101.57908669952003,0.02043952234648803,0.005961174416627764,0.1574769110630313,0.04592804653283915,-0.11886375645130823,0.2019715973125909,0.2343525521915972,120.47754274660223,0.01773347465713189,0.0058496996097047085,0.07567007268021436,0.024961109042764894,0.2935898817764976,0.3817576934664848,0.4815952192478538,52.437997823269654,0.020633340701971013,0.007299276005064534,0.04284374071278317,0.015156454452484815,-0.2987415202502985,0.28754566346015653,0.4146432255520414,136.09399864518332,0.03019010296028633,0.005954429854514867,0.07280983047556677,0.014360369318918325,0.2653085059195381,0.03713406453548011,0.13996560120368706,-1.0,116.1753635527752,0.4890544620138985,0.4058185467458158,0.8298023599962222,-1.0,67.66948543370273,1.843342565738233,-49.141088876250365,-0.061607737258481385,-0.0030230465527018857,0.06168186200634574,-0.11980919892994295,0.014257533221176427,0.12065455400351696,-0.055099050861879495,0.22222162741349635,0.22895055600758601,-0.1857162731615133,-0.017542303134341075,0.18654293477979522
B047_N2_m1_a1_1784826450.npz,B047,B_phase,antiphase,N2,1208.4,1,1,1,-30.0,3.67394039744206e-15,30.0,0.0,30.0,30.0,180.0,0.0,1,1,1208.3756725768567,-0.04287964152353662,0.250767023605282,0.254406689741129,99.70338522230116,0.040272769275718656,0.005371055424036914,0.1583007479744268,0.021112084078851148,-0.25128471749414555,0.3910097664723594,0.4647931224995499,122.7270652069378,0.02485966322197557,0.001050965469788185,0.05348543689348511,0.002261146774582928,0.6114878634965037,0.7572164722465138,0.9732903950234864,51.077496543023635,0.010164697952389473,0.004676583990116633,0.010443643546019161,0.00480492154656862,-0.5918095779770476,0.5876456308439637,0.8340059736209156,135.20227610500243,0.02743869727222847,0.004833273018310441,0.03289988098418622,0.005795249879717684,0.5224160250772364,0.0885263082389692,0.169455575613097,-1.0,117.66517458671547,0.986025988691652,0.8189095839621097,0.8305152129394809,-1.0,65.08209674191707,1.8874344226823314,-48.62588867927752,-0.12155700242598003,0.014557075944579945,0.12242554185645242,-0.23674493914059852,0.023576267609781376,0.23791596542286464,-0.10652286168703418,0.46783701364199076,0.4798109954924452,-0.38420384222128656,-0.03549513278762484,0.3858399886341622
B047_N2_m1_a2_1784826459.npz,B047,B_phase,antiphase,N2,1208.5,1,2,1,-30.0,3.67394039744206e-15,30.0,0.0,30.0,30.0,180.0,0.0,1,1,1208.484658753491,-0.0398349577789816,0.2509645669077855,0.25410635116908353,99.01916927258218,0.039966542211094754,0.0037096947713129956,0.15728273625282524,0.014598984851207232,-0.248114628891849,0.3889194405998752,0.46132331433243196,122.53620300385164,0.024267930895267045,0.0036984822564386597,0.05260503889855315,0.008017115418913154,0.6152634890877273,0.7573414615475837,0.9757639316881078,50.90962506367613,0.010788704266797476,0.008311606045714468,0.011056674587400067,0.008518050089569391,-0.5877588925062553,0.5843182502985849,0.8287872666445711,135.1681917545087,0.02678311158924413,0.0030316729978971486,0.03231602688308456,0.003657962808925845,0.5189061622420561,0.09014229217379799,0.17371597936767028,-1.0,117.32401071534457,0.9873422727164868,0.8149593979105073,0.8254071768529667,-1.0,63.96571493257221,1.9027376133874423,-48.109544208906044,-0.118512318681425,0.014754619247083434,0.11942725178272355,-0.23357485053830196,0.021485941737297176,0.2345609867312308,-0.1027472360958106,0.46796200294306073,0.47910899670514373,-0.3801531567504943,-0.03882251333300368,0.382130357507562
B047_N2_m1_a3_1784826467.npz,B047,B_phase,antiphase,N2,1208.4,1,3,1,-30.0,3.67394039744206e-15,30.0,0.0,30.0,30.0,180.0,0.0,1,1,1208.3505025241457,-0.039127889661751326,0.24810196996650408,0.2511684280530542,98.96223784881185,0.046039642914362584,0.00667114707045499,0.1833018714622749,0.026560452371210626,-0.24686983888203887,0.3845040010311277,0.4569333038404941,122.70239077577236,0.02132467178549256,0.002306323772664447,0.04666911255156958,0.005047396968616533,0.6162628932151535,0.756032832281464,0.9753797194126212,50.81558843521875,0.0147396648932002,0.004945075778135003,0.015111719671674642,0.005069898091702125,-0.5864235570192131,0.5774920130479089,0.8230368238184683,135.43966224259015,0.0268458668889772,0.005602512938488408,0.03261806290078998,0.006807123054951083,0.5135956302140445,0.08996194770162586,0.17516104579031094,-1.0,117.46360284893194,0.9852180994349903,0.8112339409494292,0.823405438262514,-1.0,62.73975392759209,1.9182758603775383,-48.14664941359311,-0.11780525056419472,0.011892022305801997,0.11840395793644058,-0.23233006052849184,0.01707050216854966,0.23295634584500835,-0.10174783196838444,0.466653373676941,0.47761699349409387,-0.3788178212634521,-0.045648750583679676,0.38155831813320457
A006_N2_m1_a1_1784826564.npz,A006,A_severity,D1,N2,1208.1,1,1,1,36.0,0.0,0.0,0.0,36.0,0.0,0.0,,1,0,1208.133430065841,0.21659398018273174,0.11893524362139052,0.24710027200850487,28.771897675804862,0.03149079907221577,0.014113092714603731,0.12744137760856813,0.05711484086961255,0.3128654726300094,0.40157990301106133,0.5090689761381777,52.07832576287057,0.014360087948666025,0.0058434387483905096,0.02820853090990215,0.011478677786886805,0.8893151011901415,-0.2262499642787728,0.91764393723327,-14.273764997277882,0.013367053281630226,0.00780772899451779,0.01456671017947591,0.008508451565711183,0.2998515058481042,0.7501281413968188,0.8078385693161856,68.2117445001059,0.013409937492599873,0.006128642274527339,0.016599773769097256,0.0075864690141188434,0.5588182702371878,0.08906125836842313,0.15937427802892254,-1.0,47.88658215899308,0.9396189479454273,0.7821699190570597,0.8324331057471265,-1.0,5.0390755817847515,1.6814392048180717,-43.045662673082745,0.13791661928028834,-0.11727470403931156,0.18103687492113898,0.32740525098355644,0.0341464041484833,0.3291810676328108,0.17130437600660353,-0.5156294228832958,0.5433404926765283,0.5074572416038652,0.12698737776523028,0.5231048137494941
A006_N2_m1_a2_1784826573.npz,A006,A_severity,D1,N2,1208.4,1,2,1,36.0,0.0,0.0,0.0,36.0,0.0,0.0,,1,0,1208.3854645266815,0.21721359719314076,0.12251171358642393,0.24938096713956737,29.42364761780548,0.03048133759184988,0.011561309703093074,0.12222800296861003,0.04636003234610413,0.3108484176466516,0.40202678775159667,0.5081852780465944,52.2886880243716,0.012091956657015781,0.0025498252035189004,0.02379438598358431,0.005017510962379969,0.8888046879505778,-0.22444642101715745,0.9167060429768831,-14.172385740173617,0.008546492798580515,0.007237750670989588,0.009323046208822728,0.007895388850591557,0.29803119526352134,0.7524173900265998,0.8092926060237073,68.39156928888603,0.014583069118470803,0.0022754506320697685,0.018019525953810095,0.0028116538012743337,0.5591852862563299,0.08806224633284607,0.157483124998533,-1.0,48.089943474275906,0.9386758139115177,0.7837041583228512,0.8349039644018413,-1.0,5.344702456171295,1.6786489862704108,-43.59603335797908,0.13853623629069736,-0.11369823407427815,0.179219354973734,0.32538819600019864,0.034593288889018636,0.32722190289224645,0.17079396276703984,-0.5138258796216805,0.5414680159406119,0.5056369310192823,0.12927662639501125,0.5219014774290965
A006_N2_m1_a3_1784826581.npz,A006,A_severity,D1,N2,1208.4,1,3,1,36.0,0.0,0.0,0.0,36.0,0.0,0.0,,1,0,1208.4081481090989,0.21932595936308222,0.12793443580605168,0.25391159153443377,30.25532475983939,0.028562964123652414,0.005638858063593323,0.11249176908797762,0.022207958405981713,0.31035468599068594,0.40370788160290055,0.5092151655093148,52.448338573220326,0.013830729139664509,0.005360808428700081,0.027160874373863303,0.010527589890882814,0.8894438584726714,-0.22280852375259674,0.9169263959727438,-14.063374988195202,0.00998492277259867,0.0026220689886744734,0.010889557565856656,0.002859628646520517,0.2970567662667376,0.7551208665119766,0.8114494718875905,68.52583518417883,0.01595180212728786,0.0061134651768774756,0.019658404718880203,0.007534005983954068,0.5623419925652605,0.08684851465604049,0.1544407421182611,-1.0,48.24805112632545,0.939127069664297,0.7856491634832719,0.836573866158615,-1.0,5.694845270835822,1.6700283494395274,-44.31869974803459,0.14064859846063882,-0.1082755118546504,0.17749821045951014,0.32489446434423297,0.03627438274032252,0.32691320530794943,0.17143313328913345,-0.5121879823571198,0.5401165137823385,0.5046625020224986,0.13198010288038808,0.5216349187927571
A006_N1_m1_a1_1784826609.npz,A006,A_severity,D1,N1,1008.1,1,1,1,36.0,0.0,0.0,0.0,36.0,0.0,0.0,,1,0,1008.1499801831033,0.10764470838339485,0.05821101260068007,0.1223760811226714,28.40318600292399,0.007313928053677365,0.011074679874289735,0.05976599337533768,0.09049709528766761,0.16005927232738756,0.19509259516662947,0.25234914572239625,50.633614602803924,0.01595930378070492,0.0063816976092555145,0.0632429475242266,0.025289158760520947,0.4285269762572078,-0.09244572371477011,0.43838519730174874,-12.1738008917008,0.016630484840800583,0.00718130211196447,0.03793578100529135,0.016381260490010218,0.12062649021678643,0.34819662584350597,0.3684991728495777,70.89227206975156,0.02832111337185218,0.006854723279603131,0.0768552969952335,0.01860173315070437,0.2772732712731695,0.042137033773643987,0.15196933184421735,-1.0,46.61941461923637,0.44527437389490937,0.3601443509991689,0.8088144571377641,-1.0,1.995655109787534,1.6059044272472456,-40.57698689462478,0.07208922344470868,-0.07196431860524075,0.10186127472782645,0.15911382984875286,0.007378531075214995,0.1592848190191576,0.07983804361883073,-0.25198178976775853,0.2643273265923241,0.23365173730557165,0.04310865924900836,0.23759522480083428
A006_N1_m1_a2_1784826618.npz,A006,A_severity,D1,N1,1008.1,1,2,1,36.0,0.0,0.0,0.0,36.0,0.0,0.0,,1,0,1008.0848653411638,0.1035489952626987,0.056655571347505984,0.11803494476055275,28.684736844677886,0.0024403981532598582,0.010063208742411109,0.0206752174808103,0.08525618208086992,0.15740356739419484,0.19521949935805666,0.25077188031760883,51.121108106279095,0.020413502840053277,0.003979540597963387,0.08140267885776933,0.015869166004271292,0.42585783949051415,-0.09225805489342959,0.4357366729439325,-12.223690604356827,0.019277132329415244,0.008995294220503765,0.044240325697570304,0.020643876861980853,0.1171423998321216,0.3480022743815715,0.3671892220819876,71.39605206717974,0.0334870213775511,0.0025826110624111243,0.09119826880450747,0.007033460970797415,0.2740800464508993,0.04121786360461625,0.1503862252591975,-1.0,47.27414474327772,0.4417131995775926,0.3599775302436927,0.814957602779217,-1.0,1.2919137246193737,1.6116211497239523,-40.90842744903472,0.06799351032401253,-0.07351975985841483,0.10014126290306401,0.15645812491556013,0.007505435266642185,0.15663804266727407,0.07716890685213706,-0.25179412094641807,0.26335398141652083,0.2301676469209068,0.04291430778707389,0.23413411434891526
A006_N1_m1_a3_1784826626.npz,A006,A_severity,D1,N1,1008.1,1,3,1,36.0,0.0,0.0,0.0,36.0,0.0,0.0,,1,0,1008.0979494687181,0.10523435378122423,0.059434399668200744,0.12085825201313843,29.456950811774874,0.0014412069659847072,0.010957977427304394,0.011924770894651318,0.09066801186329551,0.15649867893784028,0.19475432063672138,0.24984211397592698,51.2156946621412,0.02165819002273173,0.0057246108233442155,0.08668750707424194,0.022912913808821673,0.4258719503858558,-0.09229315189826381,0.4357578960991628,-12.227807886134242,0.018805429822836926,0.00888242295928343,0.043155683445280556,0.02038384855167859,0.11630073746388309,0.34778031269246723,0.36671106805101117,71.50962017705339,0.034758889602440175,0.005346632898628434,0.09478549362356595,0.014579960531446771,0.2745274525254707,0.040773481645633075,0.14852242014612402,-1.0,47.29403327038885,0.4414891948999394,0.35979055328132986,0.8149475852129836,-1.0,0.999755845414811,1.6081786751690266,-41.6847586979091,0.06967886884253806,-0.07074093153772007,0.09929463307752348,0.15555323645920557,0.0070402565453069055,0.1557124740833478,0.07718301774747871,-0.25182921795125224,0.2633916726902104,0.22932598455266828,0.042692346097969625,0.2332660361184188
A022_N1_m1_a1_1784826655.npz,A022,A_severity,inphase,N1,1007.9,1,1,1,36.0,0.0,36.0,0.0,36.0,36.0,0.0,0.0,1,1,1007.8797794070362,0.16662045996596014,0.025679964877907552,0.16858777617430834,8.761630016401886,0.010970559463725988,0.016608717612914516,0.06507327940777374,0.09851673703639241,0.2851350257408961,0.1942035547358803,0.3449884107855125,34.25851494431607,0.012942911522517525,0.007507715296486281,0.037516945838984836,0.021762224648044788,0.5142368565947533,-0.39378851598800474,0.6476950980241304,-37.443904270037734,0.018798948684165703,0.00879063820773788,0.029024380054000862,0.013572185793214663,0.3816625036996417,0.39092133566503395,0.5463385007560909,45.68661363752718,0.02523797731053963,0.007340827926381097,0.0461947625430245,0.013436409691467744,0.37822924761312554,0.06619273450856367,0.17500691690630274,-1.0,29.67644743120004,0.6579072439201608,0.5339969623605356,0.8116599525165555,-1.0,156.8986196185066,1.7394404268627734,-46.205534286439615,0.131064975027274,-0.10449536632801326,0.16762252015444,0.2841895832622614,0.0064894906444658285,0.2842636676109038,0.1655479239563762,-0.5533245820409932,0.5775588352861601,0.4946877507884269,0.08583336907053635,0.5020790157197488
A022_N1_m1_a2_1784826664.npz,A022,A_severity,inphase,N1,1003.6,1,2,1,36.0,0.0,36.0,0.0,36.0,36.0,0.0,0.0,1,1,1003.5676455629309,0.16622105442809204,0.028787009176957062,0.1686953788120497,9.825318090030974,0.009806065208349767,0.016748723677355654,0.0581288312543232,0.09928383216718746,0.2816887366838796,0.1937988424559267,0.3419159775614722,34.527556334820936,0.015380471838678779,0.007259659012714868,0.04498319133364735,0.021232289477930797,0.5087251199636866,-0.387985131259812,0.6397919269268415,-37.33137617363104,0.017801444878931438,0.010596079323157762,0.027823803536312808,0.016561758404884337,0.376201721931795,0.3895999224995391,0.541586406029633,46.00232486983659,0.02834789179695773,0.006798696502768429,0.05234232521598164,0.012553299763577221,0.3758340692597527,0.06413594100045264,0.17064961972919473,-1.0,29.994599926743366,0.6495501168083294,0.5298435530523525,0.8157085024567856,-1.0,156.9818799663584,1.7282896095281919,-47.15669426366202,0.13066556948940589,-0.10138832202896375,0.16538767455236686,0.2807432942052449,0.006084778364512239,0.28080922664499103,0.16003618732530955,-0.5475211973128005,0.5704305766352854,0.4892269690205802,0.08451195590504151,0.49647285717142625
A022_N1_m1_a3_1784826672.npz,A022,A_severity,inphase,N1,1003.0,1,3,1,36.0,0.0,36.0,0.0,36.0,36.0,0.0,0.0,1,1,1002.9746021455144,0.16778163993285147,0.02814329914907604,0.1701256123737734,9.522016572553339,0.00949978351351537,0.016779515171197048,0.05583981965422073,0.09863015296210496,0.2820909572183167,0.19034709312922937,0.3403047516669341,34.01037650657174,0.016216862284124438,0.007162076806182554,0.047653940195335094,0.021046067594120112,0.5070601784058668,-0.38616554636317,0.6373647728914386,-37.292077121777474,0.018824971462334913,0.010523837495254566,0.029535632126222552,0.016511482816209982,0.376685677097931,0.3846556486118623,0.5383791111658579,45.59976916478598,0.029822640961823833,0.006910056777742273,0.0553933842218414,0.012834927348460031,0.3750409317851302,0.06398708837247105,0.17061361294060234,-1.0,29.409942384976404,0.648134867513811,0.5253637926004693,0.8105778888516199,-1.0,157.512447973781,1.7281710143711533,-46.81409369433081,0.1322261549941653,-0.10203203205684477,0.1670158424527147,0.28114551473968197,0.002633029037814899,0.2811578441021248,0.15837124576748973,-0.5457016124161584,0.5682180050645543,0.4897109241867162,0.0795676820173647,0.4961328504437336
A022_N2_m1_a1_1784826697.npz,A022,A_severity,inphase,N2,1205.9,1,1,1,36.0,0.0,36.0,0.0,36.0,36.0,0.0,0.0,1,1,1205.8689460470787,0.3574456018934881,0.0684356859865572,0.3639379087556676,10.838551380286797,0.039685054168366325,0.02752286496488749,0.10904347476208964,0.07562516655379577,0.5781317242007618,0.40258038758589504,0.7044907799227433,34.851314597101364,0.017443517483820725,0.013449590322166425,0.024760462423274916,0.01909122263266717,1.0768684816442644,-0.8081839359167782,1.3464052142771723,-36.88802846223144,0.017077263537686568,0.0137812959837595,0.01268359878333851,0.01023562285530667,0.8268106206948049,0.8435737648956319,1.1811996018090758,45.57497255203323,0.013568000725989474,0.013026262845032666,0.011486628259279204,0.011027994612495795,0.7816263125141072,0.13348545992430455,0.17077912780974264,-1.0,30.073087422779345,1.378100007925882,1.144062877861773,0.8301740594165237,-1.0,162.0775278265523,1.763118751073275,-47.72657984251822,0.2787682409910447,-0.1677742616741449,0.325361237804299,0.5926715025543088,0.035146888723317005,0.5937127367059859,0.3588577564607265,-1.0975633945213012,1.1547399249896695,1.034416356450566,0.2204330012640433,1.0576426175881615
A022_N2_m1_a2_1784826705.npz,A022,A_severity,inphase,N2,1205.9,1,2,1,36.0,0.0,36.0,0.0,36.0,36.0,0.0,0.0,1,1,1205.9225966801005,0.35833277566399524,0.07054167034632292,0.3652102207911389,11.136882418478674,0.03850669826399049,0.01670185977737583,0.10543707725532739,0.045732180608733575,0.5787108057130653,0.4042587902597308,0.7059258928183088,34.93624831910661,0.018026760582353512,0.0047174129003640245,0.025536335705698843,0.0066825894167593484,1.0774744835887347,-0.8073283524194366,1.3463767420024353,-36.843427753835265,0.017717182413457332,0.007004999584948142,0.013159156616971096,0.005202852490254523,0.8278716341584387,0.8448644691530764,1.1828640724451283,45.582030982097734,0.01480788738374434,0.0030367324528738663,0.012518672034001829,0.0025672708501464246,0.7836354265190593,0.13276064863479203,0.16941634354705004,-1.0,30.183914033543527,1.3786279468906737,1.1451125400320143,0.8306175299976148,-1.0,162.33078153837772,1.7592721056711227,-47.98031017231392,0.27965541476155187,-0.16566827731437916,0.3250432726788383,0.5932505840666124,0.03682529139715279,0.5943924272581725,0.35946375840519673,-1.0967078110239596,1.1541153392827577,1.0354773699141997,0.2217237055214879,1.0589498501792272
A022_N2_m1_a3_1784826714.npz,A022,A_severity,inphase,N2,1206.0,1,3,1,36.0,0.0,36.0,0.0,36.0,36.0,0.0,0.0,1,1,1205.9916658733746,0.36175923592304693,0.06951767148434473,0.3683781364633792,10.877674507443661,0.0417178766056323,0.021105707233753702,0.11324742832499647,0.05729359357854247,0.5806929583532213,0.4028251083530739,0.7067335988904743,34.74893881624991,0.01538682537144554,0.010020915245576936,0.02177174736789344,0.014179197453339024,1.0804318860779774,-0.8090310360894444,1.3497645268008696,-36.825992810309884,0.015596333474606889,0.008272711053155014,0.01155485506169908,0.006129003162323798,0.8292197569126136,0.8438192449091051,1.1830622651970546,45.49996910577799,0.013364147803044712,0.009211297500067524,0.011296233677792722,0.00778597861756098,0.7856143044063699,0.134108150151321,0.17070482219981536,-1.0,29.92426220779619,1.382323150227348,1.1448507804463872,0.8282077749027756,-1.0,162.23339689119993,1.7595442731555995,-47.70366731775354,0.28308187502060356,-0.16669227617635735,0.3285143267835295,0.5952327367067684,0.03539160949049586,0.5962839733463887,0.36242116089443943,-1.0984104946939675,1.1566566961367228,1.0368254926683746,0.22067848127751655,1.0600500433215259
A014_N2_m1_a1_1784826744.npz,A014,A_severity,D2,N2,1205.6,1,1,1,0.0,0.0,36.0,0.0,0.0,36.0,,0.0,0,1,1205.6442282645548,0.2133889317655308,0.14665215640481566,0.25892410312332237,34.49890704884905,0.033933733091870436,0.004049694486250467,0.13105667909066085,0.015640469301236307,0.278620169045106,0.41008067383335506,0.4957775283837923,55.80672613622296,0.00997481644659821,0.002904273067188497,0.020119541277144142,0.005858016753313263,0.9204460258783422,-0.2796358674370004,0.9619860211627181,-16.89903023052954,0.008330678794970563,0.005278850816495431,0.008659875103903869,0.005487450649350468,0.35586732818694977,0.779413743405893,0.8568123124003911,65.45935096405502,0.010771948783742323,0.0040731603656125335,0.012572121837937078,0.004753853681445619,0.5529193268109478,0.08436389552105278,0.15257903175068102,-1.0,51.43483703964688,0.98754282883263,0.8272264531642044,0.8376613439055247,-1.0,3.9468776253898312,1.7860522881854104,-51.397937279378596,0.1347115708630874,-0.08955779125588642,0.1617646602290919,0.29315994739865303,0.042647174970777024,0.29624573632673445,0.2024353006948043,-0.5690153260415234,0.6039523923601404,0.5634730639427108,0.15627297977430443,0.5847419413694612
A014_N2_m1_a2_1784826753.npz,A014,A_severity,D2,N2,1206.0,1,2,1,0.0,0.0,36.0,0.0,0.0,36.0,,0.0,0,1,1205.9688177519747,0.215453548198169,0.14502190276895122,0.25971442723481475,33.94451884199939,0.023711186245835642,0.007944029065126982,0.09129714701754987,0.030587553990385652,0.28055842934584985,0.4084386790392016,0.4955150722352431,55.51464624608071,0.019035166533667727,0.003171136425142138,0.038414909253518904,0.006399677028666967,0.9226199085190512,-0.2816001114572788,0.9646378171979648,-16.973127419420006,0.011739984538327204,0.008830588316790074,0.012170354851346142,0.009154304506162485,0.358638665879634,0.778413546477708,0.8570585405933054,65.26304641930676,0.02178484282029447,0.0043751048497968435,0.025418150322863292,0.005104791146201219,0.5528683958940686,0.08557632469161941,0.15478606722171206,-1.0,51.06793445701748,0.9905129082837443,0.8270185239132555,0.8349396731701614,-1.0,3.743386745541256,1.7915889489069834,-50.91764626141941,0.1367761872957256,-0.09118804489175086,0.16438669332502368,0.2950982076993969,0.04100518017662358,0.2979335110200156,0.20460918333551326,-0.5709795700618019,0.6065332532789821,0.566244401635395,0.15527278284611945,0.5871476470839381
A014_N2_m1_a3_1784826761.npz,A014,A_severity,D2,N2,1205.9,1,3,1,0.0,0.0,36.0,0.0,0.0,36.0,,0.0,0,1,1205.8655261078816,0.21193263202934376,0.14548359550078832,0.2570620879840554,34.468099635926585,0.025892805347792314,0.010427905136854444,0.1007258812485735,0.040565706202080054,0.27773713590111515,0.4078934256460085,0.4934723531706618,55.74881111159011,0.019373961474890893,0.003695297197478207,0.03926048004596243,0.0074883570958639515,0.9205622964872988,-0.28156101734475203,0.9626585834044078,-17.006652479950212,0.01632450825878571,0.010032677736133866,0.016957734071257814,0.010421844160630302,0.355287977173086,0.7773205700149715,0.8546676636518685,65.4363996359819,0.019262153794202874,0.003798410777344082,0.022537595153534346,0.0044443131978505355,0.5500825888835419,0.08369603234140138,0.15215175690485394,-1.0,51.400255408620936,0.9872459455637702,0.826143938101722,0.8368167444131155,-1.0,3.3373735114288525,1.7947231297894801,-51.47475211587681,0.13325527112690036,-0.09072635215991376,0.1612086792308293,0.2922769142546622,0.04045992678343047,0.2950640613181275,0.2025515713037609,-0.5709404759492751,0.6058053863369055,0.562893712928847,0.1541798063833829,0.5836272309884458
A014_N1_m1_a1_1784826786.npz,A014,A_severity,D2,N1,1005.6,1,1,1,0.0,0.0,36.0,0.0,0.0,36.0,,0.0,0,1,1005.6218312843164,0.09951899939428366,0.07089066303297009,0.12218640409511013,35.46352346397586,0.012153233119164905,0.009092365037525531,0.09946469256681624,0.07441388511972262,0.13650728285160965,0.19624312830435742,0.23905146658870313,55.17741463149271,0.014686360147865498,0.004323842606276112,0.061435975932052835,0.018087496671649553,0.44567942099294444,-0.13276491076341562,0.4650340501797948,-16.58844125793883,0.01948923076237983,0.00856425983150637,0.041909255364945344,0.018416414514582737,0.15842411637730813,0.35832854321285157,0.3917876280984065,66.14883305077906,0.026353171208687014,0.0033811224031337263,0.06726391881386261,0.008629987678642266,0.2658985903360176,0.037054833439405604,0.13935701348615348,-1.0,51.24705425207653,0.47307776547677827,0.3820361778275686,0.8075547102547592,-1.0,178.23056108819728,1.77916612825569,-52.051964721914686,0.06396351445559749,-0.05928466817295072,0.0872124019958647,0.13556184037297495,0.008529064212942944,0.1358298844203898,0.09699048835456736,-0.2923009768164041,0.3079724271409398,0.27144936346609333,0.05324057661835396,0.27662124995162984
A014_N1_m1_a2_1784826794.npz,A014,A_severity,D2,N1,1005.5,1,2,1,0.0,0.0,36.0,0.0,0.0,36.0,,0.0,0,1,1005.5336963444099,0.09872615997322212,0.06882406015316117,0.12034785381976777,34.88115514126114,0.009441646840621841,0.002390116525452222,0.0784529722878282,0.019860067708657655,0.13615622895840737,0.19423355272732545,0.23720284924353874,54.969839326121544,0.023120558261990394,0.0038873364885532204,0.09747167175994698,0.016388236907567875,0.44508434686369347,-0.13411892731290007,0.46485262448075254,-16.769326011676426,0.023158035394044527,0.006185547047908882,0.04981801580643415,0.013306469022990312,0.1578732858779706,0.3557719336128409,0.38922698151660434,66.07081380838072,0.03582296355291984,0.005705594515327013,0.09203617748527447,0.014658784684184628,0.263368086324563,0.03722967518008545,0.1413598576032681,-1.0,51.019346751857256,0.4724217461226256,0.3800043413141751,0.8043752101444079,-1.0,177.43112497044956,1.7937699009607195,-51.65048115293757,0.06317067503453595,-0.06135127105275964,0.08805971067467873,0.13521078647977267,0.0065194886359109805,0.13536787104978953,0.09639541422531639,-0.2936549933658885,0.30907172470543204,0.2708985329667558,0.05068396701834327,0.27559912858399427
A014_N1_m1_a3_1784826803.npz,A014,A_severity,D2,N1,1005.6,1,3,1,0.0,0.0,36.0,0.0,0.0,36.0,,0.0,0,1,1005.6156460541217,0.09697942703868645,0.07041558021989786,0.1198472494738898,35.98294429095836,0.004867690743334403,0.007539011210464802,0.04061579022216016,0.06290516673148405,0.13384490479956898,0.19532009200017825,0.2367792154724814,55.578746785892974,0.020697027633294448,0.0042539663252429555,0.08741066056830427,0.017965961736778176,0.44370926940785316,-0.13269326070888227,0.4631257034499448,-16.64953199309728,0.01816442061538363,0.00610098070743336,0.039221361457746996,0.013173487590918739,0.15467668978921598,0.35659257989480775,0.3886941553460564,66.55058121816336,0.03311747560680017,0.004437687778325854,0.08520188727128021,0.011416914088597392,0.2629016126950958,0.036200858118812546,0.1376973604220414,-1.0,51.732470007446,0.4700898013971605,0.3802422151978506,0.8088714413027626,-1.0,177.20528262418236,1.7880826084637007,-52.63247628405564,0.06142394210000028,-0.05975975098602296,0.08569789087845546,0.13289946232093428,0.007606027908763774,0.13311693635951183,0.09502033676947608,-0.29222932676187074,0.30728951140493044,0.2677019368780012,0.05150461330031014,0.27261154084052974
A030_N1_m1_a1_1784826857.npz,A030,A_severity,antiphase,N1,1005.6,1,1,1,36.0,0.0,-36.0,4.408728476930472e-15,36.0,36.0,0.0,180.0,1,1,1005.5552747691795,0.04078032108806287,0.09236643491099128,0.10096827663287065,66.17826122928567,0.011354210999541444,0.00806260446127804,0.11245325143882898,0.07985284814352496,0.024102303026706184,0.19327733614809584,0.19477435580613583,82.89172781766914,0.01595995644138869,0.005946512287618647,0.08194074818182977,0.03053026289321871,0.333628471710965,0.20488812926942257,0.39151896844433703,31.55494430579859,0.016781021517499425,0.009535407902766224,0.04286132440575536,0.024354906585124726,-0.15303271586488065,0.30341067766014873,0.33981914519810674,116.76522854101668,0.026926993930438604,0.004737243967262354,0.07923919034856258,0.013940485797233849,0.2178477445224717,0.025961563365464013,0.11917297295123473,-1.0,79.44451031154956,0.3953600169423497,0.3353425280190909,0.8481953501838039,-1.0,44.54938516018562,1.8148455831341739,-34.623316923487096,0.005224836149376702,-0.037808896294929534,0.03816820079370483,0.023156860548071468,0.005563272056681362,0.02381575500418747,-0.01506046092741209,0.04535206321643412,0.0477873113005277,-0.04000746877609544,-0.001677288934348875,0.040042613002144865
A030_N1_m1_a2_1784826866.npz,A030,A_severity,antiphase,N1,1005.5,1,2,1,36.0,0.0,-36.0,4.408728476930472e-15,36.0,36.0,0.0,180.0,1,1,1005.4843389441664,0.04457883122725695,0.092517273852664,0.10269721590538415,64.27321800452985,0.012781701812067498,0.010759627436465401,0.12446006154483674,0.10477039072196798,0.027704912992457614,0.19204807565498627,0.19403614500062347,81.79112609155486,0.018815590351609495,0.008427480389305287,0.09696951231199237,0.04343252845637707,0.33691765781845506,0.20410118183335202,0.39391725092415614,31.20704125597417,0.019149471104730025,0.011214494252328662,0.04861292837468806,0.028469162561473787,-0.1485071795530591,0.3016565174151459,0.33623063048722784,116.21127949895708,0.03099999351645194,0.007817266753667179,0.09219860032243408,0.023249716250834343,0.21780345634488868,0.027539029133944404,0.12643981687020037,-1.0,78.06477536202472,0.39764594350908405,0.33181250890262365,0.8344420817536733,-1.0,43.26062362226059,1.8257099780795827,-33.06617674855568,0.00902334628857078,-0.03765805735325681,0.03872402435006779,0.026759470513822898,0.004334011563571799,0.02710817069470626,-0.011771274819922017,0.04456511578036357,0.046093518583455305,-0.03548193246427388,-0.003431449179351731,0.035647473611320146
A030_N1_m1_a3_1784826874.npz,A030,A_severity,antiphase,N1,1005.6,1,3,1,36.0,0.0,-36.0,4.408728476930472e-15,36.0,36.0,0.0,180.0,1,1,1005.5873639437275,0.04260810599789869,0.09666852170381063,0.10564210233201665,66.21379145944907,0.016278710822951483,0.008253242253909245,0.1540930222288651,0.07812455518890178,0.0258640115064252,0.19358286212907583,0.19530302506947833,82.38995518222532,0.016834032638508613,0.006759627850588489,0.08619442854261969,0.034610973630253686,0.3346284603815134,0.20638662355113513,0.3931560057765111,31.66477089372539,0.021371009681908713,0.01153657801103338,0.05435758164166778,0.029343512095784514,-0.15046318951755328,0.3036205529555256,0.3388578043616736,116.36132507270806,0.028971463440997595,0.005458671056679789,0.08549740648757624,0.016109031535993718,0.22050860537819983,0.02606684370189237,0.11821236480628261,-1.0,78.81219391381141,0.39758948169660707,0.333644811887099,0.8391691109718465,-1.0,45.10139869731732,1.803056533846792,-34.54902056572368,0.007052621059212519,-0.033506809502110185,0.03424099512011223,0.024918569027790483,0.005868798037661355,0.02560034907573756,-0.014060472256863688,0.04685055749814668,0.048914942685984834,-0.037437942428768065,-0.001467413638972015,0.03746668968680838
A030_N2_m1_a1_1784826899.npz,A030,A_severity,antiphase,N2,1204.2,1,1,1,36.0,0.0,-36.0,4.408728476930472e-15,36.0,36.0,0.0,180.0,1,1,1204.2149047191615,0.08531182344150627,0.18489227219971127,0.20362529199018195,65.23075372332445,0.029182443684851102,0.007595773335667192,0.14331443505681096,0.037302700766825334,0.020673941380262267,0.3642729804795485,0.36485917305125826,86.75172107982137,0.019432362705246568,0.00528089498964181,0.053259898998117165,0.014473789833700875,0.6908022752288099,0.35548208321769936,0.7769010844052772,27.23003781657065,0.0137798868467329,0.009211836219609564,0.017736990105093615,0.011857154539385519,-0.2645723116754422,0.6032548050432174,0.6587221477322722,113.68104191773779,0.024062468416614684,0.005472139156242485,0.03652901075127432,0.008307203841681902,0.4125794006593473,0.06605841240378638,0.16011078667092385,-1.0,81.83954783928374,0.7805750775710428,0.6543643565614449,0.8383105935148037,-1.0,35.84051968859618,1.8919390457293748,-38.00071590675381,0.006634462539062871,-0.05131767546099081,0.051744757298704244,0.0352137197338093,-0.0031605183830295536,0.03535526741435763,-0.027208449954728042,0.06610262461317634,0.07148326188478983,-0.056966575919681184,-0.019885958588371166,0.060337733807222266
A030_N2_m1_a2_1784826907.npz,A030,A_severity,antiphase,N2,1204.2,1,2,1,36.0,0.0,-36.0,4.408728476930472e-15,36.0,36.0,0.0,180.0,1,1,1204.1692873521756,0.08815453745880698,0.18594631018811053,0.2057844813078703,64.63502613737218,0.024168735965803302,0.005317323483949482,0.11744683472824614,0.02583928316729741,0.023036291253273528,0.36540889789084857,0.366134310564457,86.39270453249664,0.018533230541697723,0.002484169473479262,0.05061866644818308,0.006784858457131486,0.6925256402825333,0.3560935674007628,0.7787132920356081,27.21202364284328,0.00698887803734504,0.008256359480483203,0.008974905281346424,0.01060256652214133,-0.2615325670916702,0.6051615075026506,0.6592569558316694,113.37254585603317,0.020930022364380015,0.0018139289907016891,0.03174789765847257,0.002751474936526641,0.41456354953116215,0.06736949992231758,0.16250705108663566,-1.0,81.37486627680538,0.7829549250463667,0.6542138108837295,0.835570209670738,-1.0,36.35861674439962,1.888624617219303,-37.4230024945289,0.009477176556363584,-0.05026363747259155,0.05114929254111534,0.03757606960682056,-0.002024600971729462,0.03763057289214917,-0.02548508490100465,0.06671410879623979,0.07141611768283077,-0.0539268313359092,-0.017979256128937915,0.0568450243106778
A030_N2_m1_a3_1784826916.npz,A030,A_severity,antiphase,N2,1204.4,1,3,1,36.0,0.0,-36.0,4.408728476930472e-15,36.0,36.0,0.0,180.0,1,1,1204.40601289929,0.08973307447891449,0.18637360929279956,0.20685054241230194,64.29063695836479,0.03137319743466577,0.011690605756391498,0.1516708492459816,0.05651716268207488,0.025136245464044,0.3658172362844736,0.36667980745991324,86.06923775644059,0.012724218560413645,0.008108687963009098,0.03470117061683224,0.022113811009065638,0.6944324913509492,0.3563084363486758,0.7805076468921521,27.16204090227016,0.01070956937656837,0.011887114066605838,0.013721286933205642,0.015229977712503256,-0.2583305047876779,0.6050719993348435,0.6579109165251183,113.11965983052214,0.015516127728497607,0.00839293373199002,0.023583934144836793,0.012756945539555562,0.41551710223359994,0.06772566608380168,0.16299128416073455,-1.0,81.0174686851861,0.7850692494257502,0.6524609065270769,0.8310870754450368,-1.0,36.47344902028982,1.8893789093292035,-37.128596056094636,0.011055713576471088,-0.04983633836790252,0.051047913028889245,0.039676023817591034,-0.0016162625781044326,0.039708930616366794,-0.023578233832588724,0.0669289777441528,0.07096070160688614,-0.05072476903191686,-0.018068764296745088,0.05384684240094902
A031_N1_m1_a1_1784827124.npz,A031,A_severity,antiphase,N1,1007.2,1,1,1,48.0,0.0,-48.0,5.878304635907295e-15,48.0,48.0,0.0,180.0,1,1,1007.2029441695397,0.048181832344039596,0.09491585282132686,0.10644485936309428,63.08642878881095,0.012590348765260153,0.006400350341366638,0.11828047724045732,0.060128317888366874,0.03541798353571052,0.19189458584157737,0.19513576205566824,79.5426056182322,0.015577248468599014,0.004388146014700822,0.07982774815082407,0.02248765663696731,0.3275037236086029,0.21840637279920283,0.39364963185147844,33.69861234443269,0.01719348938014197,0.005902398625991763,0.04367713821876243,0.014994040762163601,-0.16290646453764085,0.2984535675989173,0.34001918798896497,118.62726614189559,0.026899786126684776,0.004846577450542833,0.07911255328201591,0.014253835141504205,0.22067509842330973,0.02666410796816296,0.12082970919090548,-1.0,75.85702907035316,0.39779867519094525,0.3351556278414678,0.8425257517023944,-1.0,46.859817949648416,1.8026441498526873,-29.387816444378245,0.012626347405353427,-0.03525947838459395,0.03745204219737988,0.034472541057075805,0.004180521750162897,0.034725104017632,-0.021185209029774166,0.05887030674621438,0.06256617375250463,-0.04988121744885564,-0.006634398995580326,0.050320483942551446
A031_N1_m1_a2_1784827132.npz,A031,A_severity,antiphase,N1,1007.2,1,2,1,48.0,0.0,-48.0,5.878304635907295e-15,48.0,48.0,0.0,180.0,1,1,1007.1743090266827,0.047439343000356266,0.0968658329178731,0.10785861509948455,63.9070310840325,0.011614450369565106,0.0060081398657178585,0.10768217595648148,0.05570384767295766,0.03497424106043001,0.19233688944983174,0.19549086060731807,79.69402964419832,0.02049425316258263,0.004341284710729195,0.10483484035475897,0.022207098056872956,0.32669819315127724,0.21947217166377309,0.39357304727727727,33.89276174524062,0.01882909980509852,0.00929236999705406,0.04784143613328577,0.023610280382100116,-0.16316620395481474,0.298980290252878,0.34060596599695575,118.62316663841914,0.03294172296723902,0.002653098838090234,0.09671504981076416,0.007789349286130668,0.22176799397312655,0.025867243403654927,0.11664101270983888,-1.0,76.08740729076125,0.39808276248050095,0.33532414442108743,0.8423478131322313,-1.0,47.61920497991433,1.7950415447629469,-30.014269338791877,0.011883858061670097,-0.03330949828804772,0.035365926520188544,0.0340287985817953,0.004622825358417265,0.03434136932643804,-0.021990739487099842,0.059936105610784635,0.06384300571696654,-0.050140956866029526,-0.006107676341619628,0.05051157556179587
A031_N1_m1_a3_1784827141.npz,A031,A_severity,antiphase,N1,1007.4,1,3,1,48.0,0.0,-48.0,5.878304635907295e-15,48.0,48.0,0.0,180.0,1,1,1007.3671208671027,0.04670776634802479,0.09550290500307224,0.10631284165728766,63.93805239621004,0.010547354541826563,0.0030140922912371237,0.09921054105417706,0.028351159128578426,0.03330405261669642,0.19216158704359532,0.19502624299260074,80.16758111725103,0.016372277963958307,0.0016798809134660143,0.08394910199126109,0.008613614699688127,0.3267229525688097,0.21874384907851363,0.393187943921179,33.80265144439694,0.014884585420072734,0.005288945181983795,0.03785615924952316,0.013451442913631276,-0.1660343600858576,0.2993421158559354,0.34230558139508693,119.01556415939562,0.02739754762103017,0.0024858873440509097,0.08003827313995238,0.007262187586657298,0.22056152700953005,0.026272962533387872,0.11911851939732294,-1.0,76.53425050316415,0.3971259421752212,0.3377289687762001,0.8504329053053559,-1.0,47.062203611001785,1.8005222740322346,-30.135400951813097,0.011152281409338619,-0.03467242620284858,0.03642184124155533,0.032358610138061704,0.0044475229521808435,0.032662824594288306,-0.021965980069567403,0.05920778302552518,0.06315113499545594,-0.05300911299707238,-0.005745850738562208,0.05331961047725521
A031_N2_m1_a1_1784827162.npz,A031,A_severity,antiphase,N2,1205.6,1,1,1,48.0,0.0,-48.0,5.878304635907295e-15,48.0,48.0,0.0,180.0,1,1,1205.5627573998104,0.09711224520052647,0.1882312096673765,0.2118059877829969,62.70988604698672,0.028840687718669055,0.002244113793373266,0.13616559201441186,0.01059513858348728,0.04208399467235954,0.3730882653312799,0.37545427995361397,83.5642947705775,0.01945395255813709,0.002952395368770656,0.05181443812690204,0.007863528334622831,0.6806540944100152,0.374194476977353,0.7767312938445783,28.80011131444815,0.012586985758601314,0.004108807959094851,0.016205070992182703,0.005289870501750393,-0.2683284677709807,0.6163299222732126,0.6722073636205025,113.52662255352165,0.024018832997836498,0.005034853027920537,0.03573128516247024,0.0074900295658810795,0.42592227745225575,0.06646733307498834,0.1560550752887986,-1.0,78.70980892373879,0.7856442011595353,0.6617684124582368,0.8423258409869637,-1.0,42.535425596932775,1.8445717511162654,-33.90977473253855,0.01843488429808307,-0.04797873799332558,0.05139848498269082,0.05662377302590658,0.005654766468701888,0.056905430808534795,-0.03735663077352269,0.08481501837282995,0.09267742553789884,-0.06072273201521966,-0.006810841358375952,0.06110350025490477
A031_N2_m1_a2_1784827171.npz,A031,A_severity,antiphase,N2,1205.5,1,2,1,48.0,0.0,-48.0,5.878304635907295e-15,48.0,48.0,0.0,180.0,1,1,1205.518152854895,0.09818723069030211,0.18928981581387272,0.21324016188673386,62.58360941806785,0.02799360659345691,0.004343759255345903,0.13127736513502644,0.020370268043846097,0.04276875840331262,0.3731052788459019,0.375548553183259,83.46077264048321,0.021405954154501146,0.00369940495118686,0.05699916554879,0.009850670225806026,0.6820968456790144,0.37475111557899854,0.7782637763078564,28.784852275174515,0.013670055891928974,0.0051703992250782425,0.01756481068254362,0.006643504917583363,-0.2680337977521617,0.6167683994245805,0.6724919146474593,113.48869146550729,0.02625600893334297,0.005331940281292949,0.03904286187159167,0.007928631058840483,0.42665436138058105,0.06688900025002747,0.1567756158253862,-1.0,78.55115390763963,0.7871701233523927,0.6620446191009708,0.8410438855090961,-1.0,42.428264233120444,1.8449831868710866,-33.79875714289335,0.019509869787858708,-0.04692013184682936,0.050814700546820635,0.05730853675685966,0.005671779983323855,0.05758851859000688,-0.035913879504523516,0.08537165697447552,0.09261817616231141,-0.06042806199640066,-0.006372364207008041,0.060763127818008175
A031_N2_m1_a3_1784827179.npz,A031,A_severity,antiphase,N2,1205.4,1,3,1,48.0,0.0,-48.0,5.878304635907295e-15,48.0,48.0,0.0,180.0,1,1,1205.4109781116854,0.09708594136886409,0.19295695535159207,0.2160047838128471,63.290828561742885,0.03188571757374815,0.0028459745034607547,0.1476157935528635,0.013175516084526122,0.042029154383892514,0.3772182289691774,0.3795524233684562,83.64240176435065,0.01339818341784127,0.002380517629572726,0.03529995487562671,0.0062719073387704416,0.6808245552798191,0.3774031143969233,0.7784312338469344,29.001023634275604,0.010951715106635585,0.004804601075171318,0.014068956422153353,0.006172158652251695,-0.2684360854897437,0.6231576931721698,0.6785156170293483,113.30480719679679,0.016660790094015963,0.0041977676616982255,0.024554762891029116,0.006186692769249344,0.43168923958197825,0.06604929328945155,0.15300194499499153,-1.0,78.83013500780243,0.7892205076100509,0.665935146053211,0.843788446488577,-1.0,44.22999092037341,1.8282144543938235,-34.28980492746729,0.018408580466420688,-0.043252992309110005,0.0470074162072392,0.05656893273743955,0.00978473010659936,0.05740892869852173,-0.03718616990371881,0.08802365579240029,0.09555613643909641,-0.06083034973398266,1.6929540581300806e-05,0.060830352089791394
A023_N2_m1_a1_1784828858.npz,A023,A_severity,inphase,N2,1205.7,1,1,1,48.0,0.0,48.0,0.0,48.0,48.0,0.0,0.0,1,1,1205.7220194567558,0.5402722312389747,0.04669736605815855,0.5422865735427255,4.939970622410689,0.04360485570245661,0.03225924278743017,0.08040924822753534,0.05948744512828795,0.7889578099440899,0.4120533889915347,0.8900800083426117,27.576965493040014,0.026807670382989653,0.015201842195594084,0.030118270415832978,0.017079186200239377,1.170106250758706,-1.2391096815004716,1.7042715279123792,-46.640585529088675,0.013033754714420242,0.010334230364552652,0.007647698445320938,0.006063722942793867,1.2158220568920894,0.9039090966009335,1.5150164781094717,36.6291454567288,0.012349805733927955,0.01123360499859561,0.008151598291088413,0.007414840142605957,1.026429695832232,0.18099510659033058,0.17633463580141184,-1.0,21.671663285849036,1.7404850676790908,1.4732712238356296,0.8464716251775796,-1.0,152.59633981317234,1.695669050443733,-51.580556151499366,0.46159487033653135,-0.18951258160254353,0.49898381026508254,0.803497588297637,0.044619890128956674,0.8047355522127992,0.45209552557516797,-1.5284891401049947,1.5939477455876632,1.4234277926478505,0.280768332969345,1.4508540718076084
A023_N2_m1_a2_1784828867.npz,A023,A_severity,inphase,N2,1205.7,1,2,1,48.0,0.0,48.0,0.0,48.0,48.0,0.0,0.0,1,1,1205.658113555145,0.5354042564379732,0.0491380801803834,0.5376544138530928,5.243775071849414,0.03789015057881333,0.021482182305938347,0.07047305779055006,0.03995537235895934,0.7691541932559125,0.4126906405334954,0.8728755568734299,28.215837932619277,0.02581960324653705,0.008643250205164727,0.029579936158392148,0.009902041748223716,1.1701716849964903,-1.2397027460903938,1.704747685445441,-46.65267176194316,0.015435812133293477,0.0022790055921787294,0.009054602194259725,0.0013368580063994853,1.1797089783275825,0.9062978518417664,1.4876454785330102,37.532856817189774,0.010022291778734095,0.007488442535482549,0.00673701626049859,0.005033754777964314,1.008974731324511,0.18153236094824532,0.17991764839337693,-1.0,22.128504224853348,1.729455685524481,1.458847755126746,0.8435300004141654,-1.0,148.91453589834356,1.7140723467417,-51.89644683379257,0.4567268955355298,-0.18707186748031868,0.4935537870466568,0.7836939716094595,0.04525714167091738,0.7849996496873294,0.45216095981295235,-1.5290822046949168,1.594535017581501,1.3873147140833435,0.2831570882101778,1.4159166827591996
A023_N2_m1_a3_1784828875.npz,A023,A_severity,inphase,N2,1205.6,1,3,1,48.0,0.0,48.0,0.0,48.0,48.0,0.0,0.0,1,1,1205.6071218799539,0.5325105979027577,0.052657573818851444,0.5351077993818071,5.647361968587295,0.031810373670150445,0.024198822998909304,0.059446664217751924,0.04522233282128466,0.7587446001712086,0.4174198233352279,0.8659865340767027,28.817187726712522,0.020714833037980676,0.010417162116066409,0.02392050248225443,0.012029242610767587,1.1704582271505737,-1.2377778538066277,1.703545267047109,-46.601224359056125,0.020920116575102326,0.0051760646997792755,0.01228034087486553,0.003038407490486802,1.1609775122679584,0.9146623065852459,1.477997266262607,38.232386448659156,0.013152814368468777,0.007230587159051714,0.008899078955489635,0.004892151916718769,1.0015656810170315,0.18204181050052864,0.18175723664540483,-1.0,22.651673690009247,1.7227011436839408,1.4556246650522204,0.8449664472500518,-1.0,147.14346966016387,1.7200081595593795,-52.24858632764342,0.4538332370003143,-0.18355237384185064,0.4895468118057373,0.7732843785247556,0.04998632447264989,0.7748982918452605,0.45244750196703576,-1.5271573124111508,1.5927706046028913,1.3685832480237194,0.2915215429536574,1.3992872888643113
A023_N1_m1_a1_1784828909.npz,A023,A_severity,inphase,N1,1003.8,1,1,1,48.0,0.0,48.0,0.0,48.0,48.0,0.0,0.0,1,1,1003.7862957770274,0.263989377309347,0.031176640670539546,0.2658239535024576,6.735324738608587,0.007215734246321439,0.011062443137699066,0.02714478567957469,0.04161567455431285,0.3701670244872608,0.1854100223207818,0.4140054376391029,26.605467630969358,0.010978049358224539,0.005539345153968201,0.02651667915481422,0.01337988502169617,0.5487149238530924,-0.6090279839763988,0.8197579843621297,-47.98214974311445,0.022447488651263073,0.006021428582155423,0.027383068026754165,0.0073453735090373284,0.5532093106359841,0.40228441113551083,0.6840126379073602,36.0240110922796,0.026570910730975787,0.0035651616281948133,0.03884564298733679,0.005212128300877482,0.4859398841033452,0.07697600722335043,0.1584064402644914,-1.0,20.947109595545832,0.8292197323987059,0.6725110238078374,0.811016667274001,-1.0,144.2125395018099,1.7064245177750323,-54.71747448172303,0.22843389237066086,-0.09899869053538127,0.24896341882158282,0.3692215820086261,-0.0023040417706326755,0.36922877085816785,0.20002599121471532,-0.7685640500293872,0.7941669195824036,0.6662345577247694,0.09719644454101323,0.6732871859304418
A023_N1_m1_a2_1784828917.npz,A023,A_severity,inphase,N1,1003.9,1,2,1,48.0,0.0,48.0,0.0,48.0,48.0,0.0,0.0,1,1,1003.8816143048542,0.2661875246937006,0.03257352872654634,0.26817314010962884,6.9766332277250624,0.0025099513768994637,0.008433735686270358,0.009359443588844874,0.03144884563317064,0.37241345300142414,0.186805657931503,0.41663909299496327,26.638720186986006,0.013561860224083636,0.004382280793166507,0.03255061863397342,0.01051816996255674,0.5492995293044691,-0.6089276552157938,0.8200749125419677,-47.94711301641646,0.021536266355000312,0.0018155141261928332,0.02626134030639327,0.002213839368119828,0.5569474056578004,0.4037690916259816,0.6879097993352217,35.94091309732132,0.030455770546262636,0.004611040676273074,0.04427291277969046,0.0067029728035987645,0.4894960096676413,0.07680249610123835,0.15690116892553593,-1.0,21.016206233154776,0.8301958400216889,0.675660877521278,0.813857218922738,-1.0,144.80469371640706,1.6960216705042732,-54.92374624414151,0.23063203975501445,-0.09760180247937447,0.2504341222932318,0.37146801052278944,-0.0009084061599114734,0.3714691212517005,0.20061059666609204,-0.7684637212687823,0.7942172891602085,0.6699726527465857,0.09868112503148402,0.677201092634807
A023_N1_m1_a3_1784828926.npz,A023,A_severity,inphase,N1,1003.8,1,3,1,48.0,0.0,48.0,0.0,48.0,48.0,0.0,0.0,1,1,1003.7862335545137,0.26660210342775126,0.03339234541485317,0.2686851880629192,7.1392108904765434,0.013431705528986235,0.005510591873238382,0.049990494920177264,0.020509473979443714,0.3728459305505004,0.1877250896909839,0.41743837536522266,26.724906940950667,0.008965095333745952,0.0017018219706568213,0.02147645224496254,0.004076822043895398,0.5507863623412967,-0.6082458761314726,0.8205660624057645,-47.83813892269546,0.022898749055713773,0.006332222391643771,0.02790603962900734,0.007716895301615009,0.5567129431628342,0.40537494820667563,0.688664032543148,36.06053224448079,0.021178903526544005,0.0019656799763155684,0.030753607747355454,0.002854338085665029,0.4904799172574422,0.07665492990731504,0.156285562793146,-1.0,21.123214337669694,0.8306902722800352,0.6764173889175321,0.8142835079324295,-1.0,144.93202213827612,1.6936274922832855,-54.977349813172,0.2310466184890651,-0.09678298579106764,0.25049847555197935,0.3719004880718657,1.102559956941973e-05,0.3719004882353017,0.20209742970291966,-0.767781942184461,0.7939348095637763,0.6697381902516194,0.10028698161217803,0.6772050813176137
A016_N1_m1_a1_1784828970.npz,A016,A_severity,D2,N1,1003.7,1,1,1,0.0,0.0,60.0,0.0,0.0,60.0,,0.0,0,1,1003.6715146962564,0.17191255755645482,0.07940276671646607,0.18936400610419848,24.79121431639125,0.012045404058745086,0.01114387677435321,0.06360978681511967,0.05884897031710048,0.22296665947473335,0.1897795931268731,0.29279758401449146,40.40299413536591,0.014224386693680358,0.008027557605511904,0.04858095650466962,0.027416748101017786,0.49260658230779064,-0.3771008614157886,0.6203759381322682,-37.43482776157801,0.022812202728864556,0.010558814681172738,0.03677157885514387,0.017020026136025813,0.3613746297068385,0.37408152425615415,0.5201236485544204,45.98983330662598,0.026614514261624953,0.006994350336071303,0.05116959079940831,0.013447476105942692,0.34601962150226595,0.04312277296258604,0.12462522435972218,-1.0,35.8662097601721,0.6291004266477703,0.5095366204608335,0.809944801938785,-1.0,156.00439735981095,1.8181062215965997,-62.22604207796927,0.13635707261776864,-0.05077256448945475,0.14550293659484426,0.22202121699609864,0.0020655290354586187,0.22203082490191547,0.14391764966941356,-0.536636927468777,0.5556001096197674,0.4743998767956237,0.06899355766165655,0.4793906070236621
A016_N1_m1_a2_1784828979.npz,A016,A_severity,D2,N1,1003.7,1,2,1,0.0,0.0,60.0,0.0,0.0,60.0,,0.0,0,1,1003.7461695487609,0.17560930271086725,0.07917826547512052,0.19263391425770715,24.26953716343233,0.01316007436639288,0.01407301960583584,0.0683164977314806,0.07305577348653594,0.2272183924241656,0.18851781531653855,0.29524085853340604,39.681704875271706,0.012729321300063946,0.011271517999682226,0.04311503957581008,0.03817736493408439,0.49398048187938615,-0.3782288889279869,0.6221525607899481,-37.440405659245755,0.021315691916207035,0.015024530789727217,0.03426119775050426,0.024149270993356592,0.36954947742176747,0.3748443084779719,0.5263792091838644,45.40753477850231,0.024358619798865538,0.011704708965150013,0.04627580150179728,0.02223626762025389,0.3498694900827206,0.04320103446730686,0.12347757004216835,-1.0,35.143837235090956,0.6328814777379502,0.513429562739378,0.8112570533340332,-1.0,157.5576730453,1.808907308803395,-61.70994282267809,0.14005381777218107,-0.05099706573080029,0.14904956419163012,0.2262729499455309,0.0008037512251240775,0.2262743774559652,0.14529154924100907,-0.5377649549809753,0.5570464801850408,0.48257472451055267,0.0697563418834743,0.4875903116032967
A016_N1_m1_a3_1784828987.npz,A016,A_severity,D2,N1,1003.7,1,3,1,0.0,0.0,60.0,0.0,0.0,60.0,,0.0,0,1,1003.7479364800255,0.17210572716300096,0.08124822670702264,0.1903198772208018,25.27121003101147,0.011801635277675979,0.009893252512488026,0.062009472946350085,0.05198223463022864,0.22199968070856954,0.18912043327016131,0.2916340112452599,40.4275136159303,0.013491113572824683,0.006134247912218185,0.046260425919523,0.021034062131591962,0.49261762196384284,-0.3770113614954272,0.62033030569685,-37.42764396821241,0.020558099324815508,0.0023518182883760018,0.033140569042038825,0.003791235518848429,0.3603847689924833,0.37446891401041116,0.5197154503013185,46.09799175025311,0.025946785169730455,0.006468668080832604,0.049924983285925276,0.012446557201796148,0.34570212833744496,0.04197726340892355,0.12142610637314018,-1.0,35.96153332105077,0.6287768336032477,0.5094639643504958,0.8102460795684512,-1.0,155.8053857687866,1.8188399262312012,-62.69885399922387,0.13655024222431478,-0.04892710449889817,0.14505112962733224,0.22105423822993484,0.0014063691787468413,0.22105871191537263,0.14392868932546576,-0.5365474275484157,0.5555165250645284,0.4734100160812685,0.06938094741591355,0.4784670931113201
A016_N2_m1_a1_1784829016.npz,A016,A_severity,D2,N2,1204.3,1,1,1,0.0,0.0,60.0,0.0,0.0,60.0,,0.0,0,1,1204.2528825395807,0.3708885695600974,0.13527984498855133,0.39478977632464307,20.039201077768656,0.021582199083741482,0.014395493422153034,0.054667573422656296,0.03646369355399758,0.4649283127978856,0.3988803465665365,0.6125878442461365,40.62759561788175,0.011899868897540446,0.010079149923399701,0.01942557138427171,0.016453395244568254,1.0329252821801063,-0.7551029714626174,1.2794980015922364,-36.168054189244316,0.01592187835740315,0.011121717425429067,0.012443847772790268,0.00869225071988307,0.7557306924213685,0.8185600509257618,1.114077841283663,47.28544038211038,0.010267746345286561,0.008029878223032678,0.00921636349346636,0.0072076455750888025,0.7191223626770913,0.11826183622077086,0.1644530087765803,-1.0,34.74372251662609,1.302027866194164,1.0876617158710997,0.8353597830823253,-1.0,160.47646525024405,1.8105790248923406,-56.20725526701297,0.29221120865765404,-0.10093010267215075,0.30915089534170515,0.47946809115143263,0.03144684770395845,0.480498235858275,0.31491455699656834,-1.0444824300671405,1.090923794280473,0.9633364281771295,0.19541928729417324,0.9829576652631752
A016_N2_m1_a2_1784829025.npz,A016,A_severity,D2,N2,1204.1,1,2,1,0.0,0.0,60.0,0.0,0.0,60.0,,0.0,0,1,1204.1062269265972,0.3661642049338755,0.13490312982377894,0.3902243962274893,20.22493217711048,0.016753209629781784,0.013852360914968817,0.042932245630319735,0.03549844922277309,0.4572853517376758,0.39854277615037764,0.6065857213415924,41.07347442073703,0.01294322090859033,0.009524588478793155,0.021337826548181293,0.015701966175081596,1.0315859112616133,-0.7553814566079229,1.278581494196033,-36.21354980940491,0.01775854760388525,0.005725681525907365,0.013889257497076287,0.004478151413811641,0.7426696465815825,0.8183324403249554,1.1050910310204356,47.77499213361249,0.014760156208990474,0.00815394213639559,0.013356507106352151,0.007378525304712934,0.711478376854325,0.11840538845569326,0.16642162616269746,-1.0,35.13523369452851,1.2970213428557464,1.083389339212384,0.8352902943192951,-1.0,158.794191634549,1.8229947459405518,-56.4384819865154,0.2874868440314321,-0.10130681783692314,0.30481429892870265,0.47182513009122284,0.031109277287799608,0.472849596086291,0.31357518607807533,-1.044760915212446,1.0908046421240822,0.9502753823373435,0.1951916766933669,0.970114989538226
A016_N2_m1_a3_1784829033.npz,A016,A_severity,D2,N2,1204.0,1,3,1,0.0,0.0,60.0,0.0,0.0,60.0,,0.0,0,1,1204.0405669564498,0.3665666709958282,0.13417937172227873,0.3903526970327593,20.104827069568827,0.021449246298911193,0.012640121049495702,0.054948374795297295,0.03238128273630171,0.45724592931471786,0.39765336771162385,0.6059719801503003,41.012526781525345,0.009084105600649964,0.00858015493756904,0.01499096641134598,0.014159326204226289,1.0323741615144335,-0.7562344814425124,1.2797214541787034,-36.2235134999405,0.015062392730744072,0.009328954296298656,0.011770055648876168,0.007289831912903086,0.7425231704268773,0.8180070271841766,1.1047516259972083,47.769275547949505,0.013494207341758747,0.006151482544646523,0.0122146978779761,0.005568204110216958,0.7109715224454218,0.11872979019464408,0.16699654830937122,-1.0,35.04654747513763,1.2980101109232445,1.0832049239962669,0.8345119309015308,-1.0,158.66686321307725,1.8256850941915006,-56.32834056950932,0.2878893100933848,-0.10203057593842335,0.30543492480784096,0.4717857076682649,0.030219868849045817,0.4727525721064868,0.3143634363308956,-1.0456139400470355,1.0918483785409285,0.9501289061826383,0.19486626355258807,0.9699060774295434
A024_N2_m1_a1_1784829090.npz,A024,A_severity,inphase,N2,1204.2,1,1,1,60.0,0.0,60.0,0.0,60.0,60.0,0.0,0.0,1,1,1204.1730247109176,0.6727586848273651,-0.013408755366468156,0.6728922965312679,-1.1418111765703627,0.048585810156554284,0.031305923670288775,0.07220443807576953,0.04652441977961335,1.0316340733834053,0.43715274455307235,1.1204335693988827,22.96469886639705,0.04216572137873122,0.006018270221673199,0.03763339704410437,0.005371376211890926,1.3408015034677283,-1.7271745519673622,2.186522491232363,-52.177895224876735,0.02868018326507915,0.005297062353419162,0.013116802310555923,0.0024225967830926102,1.6492815230782047,1.0054098759598213,1.9315741148205279,31.36668405729572,0.007738920966924616,0.0021984194372710554,0.004006535864995104,0.00113814915016881,1.2848005953268422,0.23967239393563178,0.18654442939035312,-1.0,16.847942500800002,2.2279534483959917,1.8836354736227747,0.8454554896462906,-1.0,145.85977976981764,1.7340850062645088,-51.03608404830638,0.5940813239249217,-0.24961870302717024,0.6443928276582185,1.0461738517369523,0.06971924569049431,1.0484943973516416,0.6227907782841904,-2.0165540105718853,2.110535105386637,1.8568872588339658,0.3822691123282328,1.8958269874279494
A024_N2_m1_a2_1784829098.npz,A024,A_severity,inphase,N2,1204.2,1,2,1,60.0,0.0,60.0,0.0,60.0,60.0,0.0,0.0,1,1,1204.1712933571002,0.6737817918980681,-0.014228151557248048,0.6739320020522156,-1.2097268033027984,0.048804097409301105,0.038353162111641845,0.07241694601337512,0.056909542794897995,1.0292298098263752,0.4360692202439423,1.1177971042543438,22.9616442539753,0.040096572186501464,0.011552426237527145,0.03587106464482116,0.010334993885346928,1.3425670486108778,-1.7292265561192839,2.1892260647096,-52.174327406510734,0.0291412928174612,0.010242903829794177,0.013311230524439594,0.004678778493875138,1.6443423209832826,1.0047431530924202,1.9270107608061735,31.42619868737365,0.00888034776879745,0.007366373444691036,0.004608354010998007,0.003822694504108156,1.282904547254237,0.24043841686366374,0.18741723020490264,-1.0,16.792490642299263,2.229085387527047,1.8807603701109996,0.8437363506283265,-1.0,145.36269705935473,1.7375301945089312,-50.96460060320794,0.5951044309956247,-0.2504380992179501,0.6456535644837145,1.0437695881799223,0.06863572138136426,1.046023812089775,0.6245563234273399,-2.0186060147238067,2.1130170003604336,1.8519480567390436,0.3816023894608317,1.8908548300971537
A024_N2_m1_a3_1784829107.npz,A024,A_severity,inphase,N2,1204.1,1,3,1,60.0,0.0,60.0,0.0,60.0,60.0,0.0,0.0,1,1,1204.0655856960275,0.6743915152078562,-0.013368630541899684,0.6745240070352678,-1.1356397324863454,0.04581017866878778,0.02665617446717569,0.0679148231804781,0.039518496286496084,1.0282664906032633,0.43521948606023547,1.1165786925891459,22.940780031885133,0.04203382256251223,0.0024496780554151545,0.03764519495266682,0.0021939143847844616,1.3430876279405854,-1.7294678231259808,2.189735903609197,-52.167439683213466,0.031069871278504173,0.00425236623950141,0.014188866898192497,0.001941953928093573,1.6428366020151846,1.005090585771882,1.9259073670683289,31.458374830580937,0.00642089995350699,0.003911638401773162,0.0033339609491608454,0.0020310625882944563,1.2823094025118662,0.23961053616371208,0.18685859722649487,-1.0,16.774702528658743,2.2291132121346173,1.8801906290507189,0.8434702278984891,-1.0,145.2370526918491,1.7383583149028572,-51.031799950727134,0.5957141543054129,-0.24957857820260176,0.6458829772779628,1.0428062689568103,0.06778598719765744,1.0450071074571619,0.6250769027570475,-2.018847281730504,2.113401400896429,1.8504423377709456,0.3819498221402934,1.889450320079415
A024_N1_m1_a1_1784829139.npz,A024,A_severity,inphase,N1,1004.8,1,1,1,60.0,0.0,60.0,0.0,60.0,60.0,0.0,0.0,1,1,1004.7885401943332,0.33733977976919016,-0.0033366743232289553,0.33735628111873806,-0.566701982908691,0.011809062266202137,0.009007445674314328,0.035004720312427635,0.026700097725893563,0.49696263108667527,0.19592991649866648,0.5341913410714978,21.517077730785786,0.0051303190723178795,0.002868480795617106,0.00960389785058538,0.005369762807954575,0.6317030532986017,-0.8578765093785197,1.0653641879142781,-53.633680214293335,0.02059612114653121,0.008984843135311671,0.01933246994800282,0.008433588473535788,0.781242502321283,0.4557738442400663,0.9044720252869007,30.259121147344857,0.02250249509845762,0.0030211037472061,0.024879149901092603,0.0033401848401533466,0.6223484917310851,0.1088669101521389,0.17492917810296543,-1.0,15.420790693845648,1.0794767122110724,0.8875812780871454,0.8222329097485844,-1.0,140.01231635998934,1.734521295630473,-53.06697823138464,0.301784294830504,-0.13351200552914977,0.32999881246265156,0.49601718860804056,0.008215852407252006,0.49608522617127215,0.2830141206602246,-1.0174125754315082,1.0560423008285484,0.8942677494100683,0.15068587764556868,0.9068743250069239
A024_N1_m1_a2_1784829148.npz,A024,A_severity,inphase,N1,1004.5,1,2,1,60.0,0.0,60.0,0.0,60.0,60.0,0.0,0.0,1,1,1004.450438229802,0.33676099125667125,-0.0035998424802669016,0.33678023115684586,-0.6124460100810724,0.012773670701197405,0.017549065956796586,0.03792880198852417,0.052108361279150035,0.4990728934113956,0.19564343734796252,0.5360504710522586,21.405862396850686,0.007535441696302987,0.008792878498738112,0.014057336208493641,0.016403079511296447,0.6302607410420984,-0.8560867399294831,1.0630677814617588,-53.63907931613924,0.0185898259703404,0.00652696278111723,0.017486962068193505,0.006139742822553052,0.7847596850800762,0.4552763446236937,0.90726198713541,30.120055193616576,0.028912729893729325,0.0082709137808416,0.03186811560905182,0.00911634555191295,0.6236946582596385,0.10851730217711614,0.17399107197730937,-1.0,15.373817798961289,1.0781949374861033,0.8892317459820337,0.8247411623498695,-1.0,140.6553570301501,1.7287224176245235,-53.02663330605816,0.3012055063179851,-0.13377517368618771,0.32957632519803887,0.4981274509327609,0.00792937325654805,0.49819055825357805,0.2815718084037213,-1.0156228059824717,1.0539318608522334,0.8977849321688615,0.1501883780291961,0.9102605853954613
A024_N1_m1_a3_1784829156.npz,A024,A_severity,inphase,N1,1004.5,1,3,1,60.0,0.0,60.0,0.0,60.0,60.0,0.0,0.0,1,1,1004.4737820428652,0.33775904874900226,-0.004801307285804218,0.3377931727603203,-0.8144152385948977,0.005131708405515222,0.007538539836193294,0.01519186537602524,0.02231702841887285,0.5021495097436679,0.19464214109518913,0.5385533336875054,21.187222794030912,0.010421761587681292,0.003420407228186538,0.01935140112553551,0.006351102136471452,0.6310363810877349,-0.8578550821798697,1.0649517624184375,-53.661878958267025,0.025075570349988495,0.009671367576766912,0.023546202968896427,0.00908150764951443,0.7907287686777071,0.45350092350579585,0.9115454312513297,29.835251098223996,0.027135634129019547,0.004523182810470508,0.029768822483997245,0.004962103539108611,0.6263417612574882,0.10881139138103513,0.17372526967158897,-1.0,15.174503730456443,1.0815683306639958,0.8917663795064298,0.8245122885199099,-1.0,141.31383353412517,1.7268021989984548,-52.847463719672135,0.3022035638103161,-0.13497663849172503,0.33097686764815093,0.5012040672650332,0.006928077003774652,0.5012519479203867,0.2823474484493578,-1.0173911482328581,1.0558431844494884,0.9037540157664924,0.14841295691129824,0.9158590103248514
A032_N1_m1_a1_1784829207.npz,A032,A_severity,antiphase,N1,1004.5,1,1,1,60.0,0.0,-60.0,7.34788079488412e-15,60.0,60.0,0.0,180.0,1,1,1004.478147318857,0.054227235805691706,0.1271834175838737,0.13826140029465955,66.90803860857206,0.01028425685705583,0.006430304675604456,0.07438270432049911,0.046508314409519476,0.040267421852479,0.18129367116050565,0.18571176717025517,77.47723401334555,0.019192260895195823,0.0033486427644837252,0.10334434477488394,0.018031397878055765,0.3059464338268857,0.22113168701221164,0.3774949580752777,35.85861641933091,0.01929278028317965,0.00376456238189508,0.05110738533183906,0.009972483873928654,-0.17353640529029285,0.28260477161685693,0.33163284050541897,121.55243903988206,0.031869384171011594,0.004564831708537613,0.09609839641466641,0.013764715525702053,0.23062532201153324,0.02042146233783866,0.08854822254434581,-1.0,73.72409832921596,0.38082002457508907,0.3278092328726829,0.8607983081731206,-1.0,48.86030068967838,1.6512498335115378,-31.04942218924114,0.018671750867005538,-0.002991913622047121,0.018909939914270302,0.03932197937384429,-0.006420392930908819,0.03984268448867746,-0.04274249881149139,0.06159562095922319,0.07497293995837857,-0.06051115820150764,-0.022483194977640675,0.06455303496575891
A032_N1_m1_a2_1784829216.npz,A032,A_severity,antiphase,N1,1004.6,1,2,1,60.0,0.0,-60.0,7.34788079488412e-15,60.0,60.0,0.0,180.0,1,1,1004.6495864010884,0.05834151920811824,0.12709838531360712,0.1398489628593554,65.34362585701197,0.011597393287811593,0.003491996991166708,0.08292798924418886,0.02496977396020142,0.04314937673043637,0.1801203789086993,0.18521668286209678,76.52818481261293,0.0177639009224564,0.0009044741045916213,0.09590875210567573,0.004883329571694404,0.30913399357827476,0.22064832264417844,0.37980193294840175,35.517831264630885,0.01959988010338205,0.005314788543837294,0.05160553015417329,0.0139935795022911,-0.17048431462793723,0.2815341916379065,0.3291297655870203,121.19719279904292,0.030437293537498755,0.0024707992654086157,0.09247809441729538,0.007507067192788884,0.23106306932782117,0.02174419499734169,0.09410502102563206,-1.0,72.48528905246042,0.38284288696591656,0.325587522436459,0.8504468373874873,-1.0,47.34639419181451,1.6568761424300025,-29.8257945923811,0.02278603426943207,-0.0030769458923136928,0.02299284570800141,0.042203934251801654,-0.007593685182715165,0.04288165249829564,-0.03955493906010232,0.06111225659118999,0.07279629873637705,-0.05745906753915202,-0.02355377495659111,0.062099313661058864
A032_N1_m1_a3_1784829224.npz,A032,A_severity,antiphase,N1,1004.5,1,3,1,60.0,0.0,-60.0,7.34788079488412e-15,60.0,60.0,0.0,180.0,1,1,1004.4895275036057,0.05973289318783674,0.12502089547817363,0.13855772383650766,64.46230906533346,0.013935067472904841,0.00953993133236243,0.1005722892023518,0.06885167472597306,0.04402557394702636,0.17787064658639118,0.18323814580601375,76.0978634256081,0.015305920338214067,0.00627349164385519,0.0835302074842963,0.03423682124843515,0.3103152370873443,0.2204362303342331,0.3806411407251478,35.388548735029104,0.01938507284863928,0.007203826326616578,0.05092742421827911,0.01892550635197443,-0.1702913583029036,0.27916857511628157,0.3270080122032224,121.3829707982141,0.02757775096664463,0.006249724595973024,0.08433356351374706,0.019111839351780378,0.2286325641454513,0.022396685590863386,0.0979592984690277,-1.0,71.88556433988674,0.38312502315450025,0.3240943299265019,0.8459231591244996,-1.0,45.84590558869496,1.675723773586181,-29.073760330304367,0.024177408249150573,-0.005154435727747181,0.024720745889183254,0.043080131468391646,-0.009843417505023294,0.04419039030730671,-0.03837369555103276,0.060900164281244645,0.07198173740419118,-0.057266111214118384,-0.025919391478216036,0.06285874917773017
A032_N2_m1_a1_1784829261.npz,A032,A_severity,antiphase,N2,1209.8,1,1,1,60.0,0.0,-60.0,7.34788079488412e-15,60.0,60.0,0.0,180.0,1,1,1209.8101899774288,0.11785958454548412,0.24120812226630184,0.26846273468857706,63.958849787724844,0.015396843414088413,0.004162049259612587,0.05735188323976922,0.015503266270607947,0.05469553118454187,0.3766636102088763,0.3806140780201693,81.73779773703002,0.02119536051086541,0.0031536698648100482,0.055687274157374275,0.008285741508076669,0.6659573810079475,0.3838346302554415,0.768653534892214,29.957649851260413,0.008802972144291599,0.00717378684339063,0.011452457765026753,0.009332926367660026,-0.2812516625630707,0.627794261805712,0.6879157890691783,114.13236692178563,0.026971781150050046,0.002292950051895242,0.03920796931633983,0.0033331842186640932,0.46082011408925305,0.06770626820598383,0.14692559229927682,-1.0,75.91898254161798,0.7820726173964313,0.6726208520940021,0.8600491017486318,-1.0,48.400143791694546,1.6971321205066954,-34.001199936464445,0.03918222364304072,0.004998174605599759,0.039499726568690594,0.06923530953808892,0.009230111346298253,0.06984785639015739,-0.05205334417559038,0.09445517165091849,0.10784864436545757,-0.07364592680730969,0.004653498174123416,0.07379280168528761
A032_N2_m1_a2_1784829270.npz,A032,A_severity,antiphase,N2,1210.0,1,2,1,60.0,0.0,-60.0,7.34788079488412e-15,60.0,60.0,0.0,180.0,1,1,1209.9564281765802,0.11922528900653831,0.23973485721418397,0.26774516111817553,63.557855586216576,0.027376176883069245,0.010785567730548359,0.10224713966347326,0.04028296042962994,0.056512875797828294,0.37615924419433966,0.38038070682383146,81.45597847700849,0.014758583919016873,0.008206741810682979,0.038799507057680836,0.021575073770720522,0.6678477246278673,0.3834056311012696,0.7700782176186927,29.859762532905506,0.013766904758822833,0.011358743219635191,0.017877281091515786,0.014750116234633608,-0.27894915834160156,0.6281149362478202,0.687270693451344,113.94625953476685,0.020081150238383402,0.007690021190680715,0.029218691310027564,0.01118921738400175,0.46016350328262384,0.06801840686650945,0.14781356274735638,-1.0,75.61611658642978,0.7835865421105013,0.6718285483299897,0.8573763231314513,-1.0,48.122762704655976,1.7028437425408705,-33.698093053311084,0.04054792810409491,0.003524909553481892,0.040700853319003985,0.07105265415137534,0.008725745331761625,0.07158643931325062,-0.05016300055567058,0.09402617249674655,0.1065703886599657,-0.07134342258584053,0.004974172616231676,0.07151661582791716
A032_N2_m1_a3_1784829278.npz,A032,A_severity,antiphase,N2,1210.0,1,3,1,60.0,0.0,-60.0,7.34788079488412e-15,60.0,60.0,0.0,180.0,1,1,1209.9636490668613,0.1213372347491351,0.23846286371514863,0.26755795990363707,63.03160904508548,0.024231765765885795,0.004121786886663443,0.09056641699096914,0.015405211222824147,0.0580593949930969,0.3738165313546813,0.3782984172065882,81.17163108191822,0.019808804406384873,0.00307975451795883,0.05236290585790983,0.008141071645766312,0.6709153693148504,0.3839537433490615,0.7730122313486631,29.781790574854536,0.014724127229269265,0.008271666364844202,0.019047728654409898,0.010700563366782368,-0.2776339256744909,0.6237507880665853,0.6827485937730777,113.994034180223,0.025865434522198638,0.001856903693807794,0.037884273593678644,0.0027197473722296163,0.4582219572755055,0.06877203093853587,0.15008453839148253,-1.0,75.2159794634674,0.7851115871917187,0.6687999310489308,0.8518533441101979,-1.0,46.57246200911108,1.7133870927090278,-33.249818470230935,0.042659873846691704,0.002252916054446552,0.042719321944104334,0.07259917334664394,0.006383032492103258,0.07287923623647069,-0.047095355868687516,0.0945742847445385,0.10565163453226536,-0.07002818991872989,0.0006100244349968031,0.07003084686839789
BLND01_N1_m1_a1_1784830025.npz,BLND01,blind,sealed,N1,1002.2,1,1,0,,,,,,,,,0,0,1002.245083550181,-0.11219155841392764,0.2811471840546232,0.3027056076143782,111.75443123067608,0.03425945966434788,0.008705890347401511,0.11317748598827276,0.028760254611774793,-0.3247521777570106,0.30878513328611956,0.448120782263496,136.44372023066933,0.0315673853632005,0.008317459415824811,0.07044392184569295,0.018560753584809478,0.4540238468050898,0.8947798670109819,1.003378624386568,63.09612409071939,0.019109731645502857,0.011375288266591121,0.01904538444516486,0.011336984853096296,-0.7212036364222392,0.4624069273602316,0.8567116502414286,147.33363121415852,0.044089634658655924,0.007256165781826462,0.051463797237064644,0.008469787681516428,0.5301121633460686,0.10688318226076793,0.20162371220860348,-1.0,128.96858454368962,1.0157660215408701,0.8419874731955972,0.8289187227569801,-1.0,76.60363765251338,1.916134153816343,-48.65830713995669,-0.1477470433526138,0.15097185284870238,0.21123846518096412,-0.3256976202356453,0.12107106919470509,0.3474725077227142,0.1053349141667127,0.7352438009579935,0.7427508943041847,-0.6081783893334539,0.15731896076573398,0.628195995425508
BLND01_N1_m1_a2_1784830033.npz,BLND01,blind,sealed,N1,1002.2,1,2,0,,,,,,,,,0,0,1002.2039584219216,-0.11403253066978146,0.28289668150349767,0.30501467252682457,111.95381978677096,0.029846781982053254,0.0036248524240370863,0.0978535941723537,0.011884190337493676,-0.32558836171519356,0.30898131392862194,0.4488621543875595,136.49912081203044,0.028713787309938635,0.005151464624320911,0.06397016774362846,0.011476718573767303,0.45429587617212963,0.8951791643025284,1.003857798350133,63.09259072629014,0.01711935786390714,0.006769243652219711,0.0170535686349633,0.006743229632070542,-0.7225510333004614,0.46331399656693906,0.8583355143173292,147.33120520108005,0.03934739639474042,0.004176585111319787,0.04584151038657078,0.004865912037487582,0.5320571049670033,0.10689443929512207,0.20090783169177182,-1.0,128.99915472690935,1.0163590269932021,0.8434955024753847,0.8299188378055566,-1.0,76.71381116688354,1.9102442529288917,-48.86122906048081,-0.14958801560846763,0.15272135029757686,0.2137764843250874,-0.32653380419382827,0.12126724983720746,0.34832466344543145,0.10560694353375255,0.73564309824954,0.7431847647286128,-0.6095257862116762,0.15822602997244145,0.6297278464684581
BLND01_N1_m1_a3_1784830042.npz,BLND01,blind,sealed,N1,1002.1,1,3,0,,,,,,,,,0,0,1002.1283688767288,-0.11380098217904071,0.2863997033500261,0.3081808780957983,111.67040915305874,0.03179563990788399,0.004206190268304603,0.10317200763507556,0.013648446633983256,-0.32438657191625847,0.3096489377807657,0.44845190679529773,136.33155351308216,0.027523823136537447,0.0038673415499674954,0.06137519479675463,0.00862375985332313,0.454347072653704,0.8952190952438988,1.003916575676632,63.09101649373234,0.019622983554247173,0.007808603606435509,0.019546428487866568,0.0077781399327654,-0.7210149678551707,0.46524492288272623,0.858088236802805,147.16730758402184,0.03971916917067212,0.001232639842397231,0.04628797770106232,0.0014364954436270878,0.533283890621093,0.10813352087241854,0.20276914936710358,-1.0,128.67388979912744,1.0170387005002808,0.8424940324669021,0.8283795218928048,-1.0,76.9704873421052,1.9071243635651156,-48.5793926593264,-0.14935646711772688,0.1562243721441053,0.21613284970524158,-0.3253320143948932,0.12193487368935121,0.3474320552451616,0.10565814001532692,0.7356830291909103,0.7432315668693117,-0.6079897207663855,0.16015695628822862,0.6287302690383985
BLND01_N2_m1_a1_1784830072.npz,BLND01,blind,sealed,N2,1204.1,1,1,0,,,,,,,,,0,0,1204.1236684596859,-0.22000394632368872,0.5388513803285317,0.5820331145905364,112.20936692553687,0.08136775229386642,0.014436117225991552,0.1397991802427068,0.024802913896312312,-0.6931050146953298,0.6453932015532237,0.947062271451531,137.04148839947607,0.03869207194032176,0.006401078555268382,0.04085483405544147,0.006758878215534508,0.8984761940013379,1.7959776280493847,2.0081820414596443,63.42251134756906,0.024943806083669386,0.005161648537522643,0.012421088112877962,0.002570309081028783,-1.4777836066399774,0.9701331831861564,1.7677677396006422,146.71596143763577,0.03699496387269271,0.0037387376882248046,0.02092750254682794,0.0021149484768114538,1.091184271565751,0.21214706685319717,0.19441910260380246,-1.0,130.52851549085008,2.047836919887277,1.721674139423712,0.8407281471995737,-1.0,81.48710999340892,1.8767104450184346,-48.7868555779678,-0.2986813072261321,0.30264143266782967,0.425208607689858,-0.6785652363417828,0.2779597026906456,0.7332887400550016,0.1804654688178,1.5065981694448616,1.5173680600336348,-1.2701778708842164,0.34699241955456783,1.3167215206383978
BLND01_N2_m1_a2_1784830080.npz,BLND01,blind,sealed,N2,1204.0,1,2,0,,,,,,,,,0,0,1204.036149679618,-0.21833249577365269,0.5385062087594685,0.5810834841769712,112.06965108668282,0.07482601763027524,0.019047474362656303,0.1287698233864907,0.03277923892404989,-0.6908047250580067,0.6443533043219822,0.9446704975562248,136.99257110946618,0.04333734406429648,0.0035662798094155696,0.04587561925179857,0.003775157389419068,0.899508377970387,1.7938934258288217,2.0067807417031847,63.369531895821574,0.022270692145705574,0.008345853539400998,0.011097720684126212,0.0041588268045256145,-1.4749566776209435,0.9694447722291093,1.765027016014475,146.68428186568215,0.037842192156656664,0.0035271422145395637,0.02144000732754015,0.0019983502703001333,1.0885318722898816,0.2125058294387676,0.1952224228324444,-1.0,130.44897323619583,2.045965885261291,1.719451339491387,0.8404105620127655,-1.0,81.30472453947176,1.8795645192798178,-48.700119190861244,-0.2970098566760961,0.30229626109876645,0.423789906011279,-0.6762649467044597,0.2769198054594042,0.7307659384487347,0.18149765278684904,1.5045139672242986,1.515421946370097,-1.2673509418651825,0.34630400859752075,1.313813105512834
BLND01_N2_m1_a3_1784830089.npz,BLND01,blind,sealed,N2,1204.2,1,3,0,,,,,,,,,0,0,1204.1507272315894,-0.21835737324823337,0.5402063850633476,0.5826687574557933,112.00910147583024,0.07329269019748842,0.01993162222950433,0.12578791853800245,0.034207466891712536,-0.6924833897332623,0.6500437296044546,0.9497842362634465,136.81061811408077,0.043586245300584664,0.0033848046224460716,0.04589068088985941,0.00356376163470796,0.9004103859406898,1.7981005514239574,2.0109461594336637,63.400287804746135,0.023379981953561804,0.008555237961955852,0.011626358987227301,0.004254334668196804,-1.4776180257854439,0.9760362691550639,1.770876006058078,146.5533600556811,0.035909679451788676,0.004228756690027669,0.020277918571906483,0.0023879462342712332,1.0938717463918912,0.21222058998874443,0.19400865840876572,-1.0,130.32284897439752,2.052192562071437,1.7229079990388,0.8395449973270225,-1.0,81.73594308245117,1.8760815139805405,-48.60881367108411,-0.29703473415067677,0.30399643740264554,0.425021725615837,-0.6779436113797153,0.2826102307418765,0.7344903557777644,0.18239966075715186,1.5087210928194343,1.5197068704729186,-1.2700122900296829,0.3528955055234754,1.318129908106598
BLND02_N2_m1_a1_1784830212.npz,BLND02,blind,sealed,N2,1204.2,1,1,0,,,,,,,,,0,0,1204.1963779307205,0.012972368011680491,0.43503812213134435,0.43523149017436336,88.29200770675193,0.05325706356531239,0.010244185756937228,0.12236491331079107,0.023537326659964747,-0.24514012712730582,0.627448192708197,0.6736355961948376,111.34027996465024,0.027622046471487218,0.004714445391170725,0.04100443418892313,0.006998509903278853,1.0863609490580797,1.0092698017065058,1.4828370255274383,42.893232595928055,0.011406016056783024,0.01060637837747237,0.0076920226973196575,0.00715276068433733,-0.7598858600461218,1.0624466313220602,1.3062233211459777,125.57320728533034,0.025118231502884416,0.0033028238597869173,0.019229660882832542,0.0025285292386980802,0.7886886771350824,0.14553878197609382,0.18453261241782315,-1.0,104.77557035042604,1.5169612908215637,1.2664333583452645,0.8348488297017671,-1.0,61.99387585813079,1.923396816513123,-45.39877511082386,-0.06570499289076291,0.19882817447064227,0.20940341223127995,-0.2306003487737588,0.2600146938456189,0.34754015864387544,0.36835022387454175,0.7198903431019827,0.8086556705544798,-0.5522801242903608,0.43930586769047164,0.7056932627377525
BLND02_N2_m1_a2_1784830220.npz,BLND02,blind,sealed,N2,1204.1,1,2,0,,,,,,,,,0,0,1204.1389874225988,0.013141877734221482,0.4348907532196234,0.4350892738120679,88.26911689966468,0.05266054215912328,0.00754261788413611,0.12103387816880411,0.01733579368218133,-0.24489994123432846,0.6277609202721617,0.6738395611994956,111.31158093767625,0.025600151222582874,0.0034546344931751178,0.03799146369057388,0.005126790844730984,1.08634899872114,1.0102273763957175,1.4834801983989536,42.92064206394535,0.014515345641533837,0.005768630388013945,0.009784657494720541,0.0038885792976810483,-0.7597258321220712,1.061906835951572,1.3056911840991545,125.58127533477466,0.019884446101420202,0.00574954623160199,0.015229057485855072,0.004403450296379858,0.7887951050396691,0.14548097019644485,0.18443442316890202,-1.0,104.75459223152292,1.5175834795816778,1.2658923136573736,0.8341500356911615,-1.0,61.9561590894091,1.9239260866170784,-45.348474835719344,-0.06553548316822191,0.19868080555892131,0.20921032969629916,-0.23036016288078143,0.26032742140958365,0.34761497519557916,0.3683382735376022,0.7208479177911944,0.8095028130504316,-0.5521200963663102,0.43876607231998344,0.7052320660822567
BLND02_N2_m1_a3_1784830229.npz,BLND02,blind,sealed,N2,1204.2,1,3,0,,,,,,,,,0,0,1204.2264805017317,0.013204793738743118,0.43238644418418387,0.4325880299914979,88.25076876421842,0.05412210985059231,0.0014015915208828251,0.12511236118034988,0.003240014572086916,-0.24376911994100298,0.6256149566689259,0.6714294138959606,111.28823651518694,0.03412575639254816,0.006434956155559799,0.05082553085444067,0.009583965227589671,1.0884940601260997,1.0089263082051176,1.484166976562344,42.82746875091768,0.007751407435538413,0.0025648418280609813,0.005222732723438148,0.0017281356266272121,-0.7589194660659664,1.059504167075681,1.3032681366566836,125.61390478997629,0.03422328291057656,0.0073010593630443285,0.026259586916910795,0.005602116063217793,0.7855005827020121,0.14470209435732967,0.18421640612865584,-1.0,104.75397267397015,1.5168096490707417,1.2651276373665572,0.8340714592247123,-1.0,61.42039751925983,1.9310102149805273,-45.42330001330075,-0.06547256716370028,0.1961764965234818,0.20681362343722162,-0.22922934158745595,0.2581814578063478,0.34525896975984494,0.3704833349425618,0.7195468496005946,0.8093241441105677,-0.5513137303102054,0.4363634034440925,0.7031072813546065
BLND02_N1_m1_a1_1784830253.npz,BLND02,blind,sealed,N1,1002.4,1,1,0,,,,,,,,,0,0,1002.3989990235211,0.004748398990430582,0.22440547297160685,0.22445570519054064,88.78780751548665,0.020399754617314615,0.008480815651268441,0.09088543594825199,0.03778391662653025,-0.10834336151094771,0.30104188973492213,0.31994453169051806,109.7935319138507,0.026392532754942005,0.0065306910274297685,0.08249096371639653,0.020411947636432486,0.5404852157335198,0.5168882329209559,0.7478620954150957,43.721565076118914,0.017489110699953455,0.010238195119047232,0.023385475486956245,0.013689950569515883,-0.39043935240170063,0.5086047449827118,0.6411877061538132,127.51227906891691,0.037104842604285086,0.005900346984643048,0.05786892394874471,0.009202214777380069,0.3850658594665245,0.06685170771606799,0.17361110073140543,-1.0,103.01329967612158,0.7587144736424041,0.6283086309823989,0.8281226374475784,-1.0,58.35249801620919,1.9703498894800424,-45.06624243936773,-0.030807085948255587,0.09423014176568603,0.0991382678979439,-0.10928880398958243,0.11332782564350766,0.1574396352338211,0.19179628309514274,0.35735216686796745,0.40556921157102616,-0.27741410531291544,0.2035167783882142,0.3440605541355806
BLND02_N1_m1_a2_1784830262.npz,BLND02,blind,sealed,N1,1002.2,1,2,0,,,,,,,,,0,0,1002.2206556626797,0.0026953569459078654,0.22756216126001227,0.22757812325967028,89.32139264648954,0.024853696916983074,0.00680701918097007,0.10920951698254673,0.02991069213275457,-0.10992747608525935,0.30181757356787514,0.3212131655347816,110.01254824775232,0.02622464283742774,0.0036460864306067887,0.0816424905678036,0.011350986889147242,0.539499670343853,0.5177400863758655,0.7477397216556139,43.82093316654463,0.020822399940637313,0.003199457395917516,0.027847122919367223,0.004278838348768488,-0.3921652808468517,0.5099861745841177,0.643334676330005,127.55928971604173,0.03794198119009193,0.006050300046590835,0.05897704971623387,0.009404591838738804,0.38799235843119256,0.06657048669094784,0.17157679847128637,-1.0,103.23619681398375,0.7590031300415616,0.6300067028987544,0.8300449338914536,-1.0,58.849647536467145,1.9562321616603822,-45.50045947994491,-0.03286012799277831,0.09738683005409146,0.10278123700212148,-0.11087291856389407,0.11410350947646067,0.1590987584669366,0.19081073770547596,0.3582040203228771,0.4058557105661815,-0.2791400337580665,0.20489820798962005,0.3462693086079275
BLND02_N1_m1_a3_1784830270.npz,BLND02,blind,sealed,N1,1002.2,1,3,0,,,,,,,,,0,0,1002.1619703854767,0.005059597854991858,0.22458597655756485,0.22464296204593037,88.70942710360958,0.01877278594962939,0.008496863708772498,0.08356721162620316,0.037823858942152094,-0.10809733924559371,0.30142990784048485,0.3202265199709421,109.72860404279189,0.025122089759312197,0.005578349118947384,0.07845099700546919,0.017420009808848978,0.5407651401251621,0.5169679707914385,0.7481195222682027,43.71116128308116,0.015782632318303347,0.00798853675056862,0.021096404850460826,0.010678155712804284,-0.39001762934560685,0.5090161926941306,0.6412575423534568,127.46000414071278,0.034956670105302096,0.006122642038033203,0.054512684524549763,0.009547867484821636,0.38539212819999297,0.0669506684876981,0.1737209029161985,-1.0,102.94467859246447,0.7590913376458586,0.6282311647276186,0.8276094503672355,-1.0,58.39257491107395,1.9696596845173249,-44.99826582052842,-0.03049588708369431,0.09441064535164403,0.09921375451385427,-0.10904278172422843,0.11371584374907037,0.1575487904292531,0.192076207486785,0.3574319047384501,0.4057719014513732,-0.27699238225682166,0.20392822609963296,0.34396438947724256
BLND03_N1_m1_a1_1784830410.npz,BLND03,blind,sealed,N1,1002.2,1,1,0,,,,,,,,,0,0,1002.184816630974,0.00943750500873133,0.10324309731263515,0.10367354360441279,84.77707821383292,0.010923034679291871,0.008516300511092638,0.10535990475034693,0.08214535951031336,-0.012133053568346458,0.1298655776132694,0.1304311283310869,95.33752391502128,0.015536883114815214,0.008228568565283893,0.11911944114580017,0.0630874598002132,0.21006206770314373,0.15014009938687034,0.2582017074529513,35.55497013900733,0.018156386668955003,0.012111228454440829,0.07031861581420178,0.04690607422357073,-0.11082999992204035,0.1896342124726782,0.21964613227382887,120.30376418733582,0.027334590192328482,0.006852036370784514,0.12444831105995047,0.031195797985835706,0.16594411477067006,0.014934311306358222,0.08999602864492667,-1.0,91.26173650031481,0.2608252457359371,0.21652421652383316,0.8301505320656158,-1.0,47.84115202824738,1.571765567561043,-49.2221080748256,-0.02611797992995484,-0.026932233893285668,0.037516584307532165,-0.013078496046981173,-0.057848486478145084,0.05930846859145022,-0.13862686493523335,-0.00939596666611811,0.1389449238776366,0.0021952471667448653,-0.11545375412181941,0.11547462254081904
BLND03_N1_m1_a2_1784830418.npz,BLND03,blind,sealed,N1,1002.3,1,2,0,,,,,,,,,0,0,1002.2982072037702,0.009052725146351675,0.10313811774898501,0.10353464717368233,84.983842166301,0.009583482511124189,0.007446929142140812,0.09256304795290048,0.0719269282837114,-0.012408363551014268,0.13032539475361443,0.13091476617898978,95.43877279626872,0.019198701045991372,0.007139655236574227,0.14665038640287872,0.054536668742261825,0.21054370688155333,0.15016589372484157,0.2586086776301326,35.49756988898475,0.019237071545911602,0.010962302685920806,0.07438679831704972,0.042389539231159575,-0.11119750822848745,0.1907947821582291,0.2208337264437446,120.2341499373503,0.03241401366374398,0.005627140036428033,0.1467801779453337,0.025481343484286566,0.16625048894572675,0.014794394018858584,0.08898857448586682,-1.0,91.4286718637829,0.2613134474985103,0.21762643460085399,0.8328175862518312,-1.0,48.098879997914736,1.5718055877947963,-49.48627227731626,-0.026502759792334494,-0.0270372134569358,0.03786036434222592,-0.013353806029648982,-0.05738866933780004,0.05892184233237145,-0.13814522575682375,-0.00937017232814688,0.1384626430805904,0.001827738860297759,-0.11429318443626851,0.11430779780016906
BLND03_N1_m1_a3_1784830427.npz,BLND03,blind,sealed,N1,1002.3,1,3,0,,,,,,,,,0,0,1002.3249235101324,0.010091306878710678,0.10372792799120162,0.1042176449545288,84.44339167556555,0.01035952539887534,0.0025284746892856383,0.09940279693899536,0.02426148365172555,-0.011973238998487568,0.13097542292171854,0.13152155664239204,95.22322882424821,0.020750589107020823,0.0006204611082763709,0.15777329311454097,0.004717562079678,0.21162176785062614,0.151135973130321,0.26004971640490865,35.53365594386567,0.02023728937854294,0.0057751354933093,0.07782084771449088,0.022207813079546546,-0.111312117708314,0.19152147843913925,0.221519444411147,120.1651172052992,0.034509447551269855,0.0020978345906086993,0.15578518465051422,0.009470205183049543,0.16710436336348305,0.015341744568046253,0.09180935948796924,-1.0,91.07929054060718,0.26282656663604764,0.2182175866533306,0.8302721808009238,-1.0,48.141434367068406,1.5728288678156837,-48.90973573169987,-0.02546417805997549,-0.026447403214719195,0.03671361465549362,-0.012918681477122282,-0.05673864116969593,0.058190770169253274,-0.13706716478775094,-0.00840009292266744,0.13732432131294847,0.0017131293804712039,-0.11356648815535836,0.11357940853964413
BLND03_N2_m1_a1_1784830447.npz,BLND03,blind,sealed,N2,1207.5,1,1,0,,,,,,,,,0,0,1207.5345860111802,0.03661372201730778,0.18663468438346836,0.19019219241303661,78.9007530222912,0.00974054435302427,0.003348800594312078,0.05121421773124589,0.017607455657483322,-0.028246073873882782,0.2638074080465008,0.26531526384567816,96.11142260478674,0.022118579185031705,0.0025294982882565838,0.08336715673432599,0.009533934277252432,0.4565097769999673,0.274761533206378,0.532818052083898,31.042656925976274,0.009425328582412875,0.007892392182176024,0.017689581923040314,0.014812546518099731,-0.18840334562702882,0.42100442501893565,0.4612380584134209,114.10895418682522,0.027231967788884547,0.0007555763576880758,0.05904102511088916,0.001638148335562611,0.32315722059247476,0.04620248979574554,0.1429721722170965,-1.0,90.3462237722484,0.5428092871955615,0.4494370933620278,0.8279834261570144,-1.0,47.738099676519205,1.6797065100398432,-47.85809609631491,-0.04206363888513562,-0.049575263277233717,0.06501581688532515,-0.013706295520335745,-0.10362609081607721,0.10452860486351406,-0.2615009481835706,-0.014617925398145049,0.26190920114393124,0.019202390128732205,-0.2021363386126529,0.2030463769053393
BLND03_N2_m1_a2_1784830455.npz,BLND03,blind,sealed,N2,1207.5,1,2,0,,,,,,,,,0,0,1207.540195837973,0.03455436541169267,0.18670408480982364,0.1898747467507952,79.51459520869581,0.014131666064444742,0.002749488614945497,0.07442625365548017,0.014480538681397778,-0.030169876961343434,0.2637539106405165,0.2654738157597245,96.52549974390351,0.017716553498090273,0.0035996520089169415,0.06673559668169007,0.013559348588167056,0.45579606400157024,0.27458358821115614,0.5321148361718899,31.06587010179619,0.00959315019791927,0.008969344089124847,0.018028345661124132,0.01685603084035692,-0.19083210592926908,0.42120864682353787,0.4624214709681154,114.37330157200039,0.022462369623196282,0.002500556428582968,0.048575533433102835,0.005407526651709874,0.3231821488996471,0.045629649793890725,0.14118864531734832,-1.0,90.84305345261187,0.5417306545771862,0.4511182922227011,0.8327353979530532,-1.0,47.75742899380614,1.6762394099477371,-48.448725106899616,-0.04412299549075073,-0.049505862850878435,0.06631492432090076,-0.0156300986077964,-0.10367958822206153,0.10485111824098815,-0.2622146611819677,-0.014795870393366883,0.26263176944054467,0.016773629826491943,-0.20193211680805068,0.2026275757544772
BLND03_N2_m1_a3_1784830464.npz,BLND03,blind,sealed,N2,1207.6,1,3,0,,,,,,,,,0,0,1207.6005213215954,0.03538493405419836,0.18568192776008063,0.18902346905799758,79.21065573103795,0.015126489529721478,0.004852776376435925,0.08002439911353154,0.025672877556526908,-0.02932608545678017,0.2629822499267502,0.26461232598795176,96.36296784684112,0.017371042494497394,0.0025809576912552597,0.06564714031986676,0.009753731923178723,0.4568085862377591,0.2747083603443504,0.5330466843566534,31.021197459542975,0.009936194973893076,0.0033600005965590788,0.01864038416426003,0.006303388981050211,-0.18992470168909908,0.42031930826027486,0.4612371550602675,114.31621902507847,0.022171961921850978,0.005359671870076153,0.04807063281568,0.011620208413990049,0.32194764145174404,0.045817803124255985,0.14231445497675282,-1.0,90.64432055099223,0.542446792205486,0.4501443752149851,0.8298406068266775,-1.0,47.3124907229836,1.684891337484117,-48.18945827149497,-0.04329242684824504,-0.050528019900621446,0.06653807193996715,-0.014786307103233134,-0.10445124893582786,0.10549264562994617,-0.2612021389457788,-0.0146710982601726,0.26161383471446914,0.017681034066661938,-0.20282145537131369,0.20359067199801725
BASE_N2_m1_a1_1784830544.npz,BASE,baseline,baseline,N2,1205.0,1,1,1,0.0,0.0,0.0,0.0,0.0,0.0,,,0,0,1205.0035691714752,0.08208879065577288,0.23469042064301382,0.2486325865467398,70.72145040629157,0.027134581326549393,0.011161641354801586,0.10913525738287902,0.0448921097183025,-0.010615916993794494,0.36709580824614857,0.3672492751871843,91.6564552196733,0.016289564027698333,0.008279927303483092,0.04435560565611916,0.022545796174173176,0.7194816014494594,0.28756662373959896,0.7748214877720356,21.78589159217861,0.010043822226404538,0.009034585195888262,0.012962756434756473,0.011660215079820263,-0.20152827522426203,0.6237576202893331,0.6555053123994327,107.9049950001548,0.018522028454735787,0.009390277551303332,0.02825610731808894,0.014325250114191841,0.4371735092457796,0.0746291902151199,0.17070839983847985,-1.0,85.23246447799035,0.7791100134991504,0.6504022904037947,0.8348016058511407,-1.0,30.978559716628787,1.7821528455447506,-48.93555881411294,0.0034114297533294757,-0.0015195270176882603,0.0037345435222241267,0.003923861359752543,-0.00033769061642946463,0.003938365514142077,0.0014708762659214614,-0.0018128348649240622,0.0023344907875456062,0.0060774605314989905,0.00061685665774458,0.0061086855090217084
BASE_N2_m1_a2_1784830553.npz,BASE,baseline,baseline,N2,1205.0,1,2,1,0.0,0.0,0.0,0.0,0.0,0.0,,,0,0,1205.0416272276348,0.07597311881378434,0.23597743372389074,0.24790575630510608,72.15399666303968,0.01986466517319032,0.009268211676793446,0.08012990690196882,0.0373860285252382,-0.016878624589632102,0.3669905250871509,0.3673784608163365,92.63329126787151,0.022506497607546992,0.006404570696382871,0.06126243100244971,0.017433168733277226,0.7163811137295659,0.289273890638308,0.7725809238606899,21.988801042005953,0.009982911047278956,0.011268702792885672,0.012921508594068072,0.014585789585088979,-0.21070347997727928,0.6226054824603637,0.6572925857365486,108.69695744949081,0.02532133068100384,0.005854203933755135,0.03852368219341661,0.008906541867036329,0.437162879372453,0.0728890552811137,0.16673203220215285,-1.0,86.37193725433369,0.775813910892981,0.6534734905431226,0.8423070034809745,-1.0,30.21688030665381,1.774656420981263,-50.16519562103372,-0.002704242088659062,-0.00023251393681134047,0.002714219594079785,-0.002338846236085065,-0.00044297377542712457,0.002380425903439432,-0.001629611453972002,-0.00010556796621502551,0.001633027276688151,-0.0030977442215182616,-0.0005352811712248107,0.0031436515701040385
BASE_N2_m1_a3_1784830561.npz,BASE,baseline,baseline,N2,1205.1,1,3,1,0.0,0.0,0.0,0.0,0.0,0.0,,,0,0,1205.1372471344296,0.07797017323777301,0.23796198861520168,0.25041017539315313,71.85819791411184,0.020207382794502658,0.007485664912364339,0.08069713126783418,0.029893613151348867,-0.016124793477214516,0.3682141632544346,0.3685670617212643,92.50748829590472,0.020085758133744035,0.004536958926297123,0.05449688868001521,0.012309724328345659,0.7181694603715885,0.29129786143566216,0.7749979470214156,22.078045137090893,0.0060818769495764695,0.010334654183123456,0.00784760394908299,0.013335072980313169,-0.21058545206574175,0.6230591881450689,0.6576845631104057,108.67454733219517,0.021727917800473805,0.003898882514940943,0.0330369891878188,0.005928195268111282,0.4393860128827155,0.07407338664666363,0.1685838521820127,-1.0,86.13444845966319,0.7783982147621734,0.6536566542889283,0.8397458291815869,-1.0,30.417130091610925,1.7715589298240813,-49.78015277702093,-0.0007071876646703862,0.0017520409544996007,0.0018893813535932407,-0.0015850151236674794,0.0007806643918565892,0.0017668361086890468,0.00015873518805054054,0.0019184028311391432,0.0019249587742204042,-0.002979716309980729,-8.157548651965829e-05,0.0029808327440442027
BASE_N1_m1_a1_1784830587.npz,BASE,baseline,baseline,N1,1004.0,1,1,1,0.0,0.0,0.0,0.0,0.0,0.0,,,0,0,1003.9703180422446,0.03571010650270748,0.12999190403093092,0.13480766602838826,74.63918493195061,0.01095819264058814,0.0044046036336711425,0.08128760747389935,0.03267324302420314,0.0005443461196088517,0.18689390176405252,0.18689469449208354,89.83312110903304,0.02007334370655881,0.004746787210498904,0.10740456683969203,0.02539819133656556,0.3492060135751387,0.15903480769408107,0.38371462048680566,24.485387907668464,0.017377926065822606,0.009443688246804936,0.04528867324308838,0.02461122861261854,-0.11369408404711528,0.3041617294935828,0.32471634149799106,110.49548359124078,0.03180183486430294,0.00324109555592468,0.09793727878798392,0.009981313354827668,0.22862310985355094,0.028882646869736364,0.12633301545166503,-1.0,84.68520578554569,0.3859583774905877,0.32204618186838707,0.8344065076712599,-1.0,33.922278613347665,1.6881861931535311,-50.15379702428214,0.00015462156402130944,-0.00018342717498989747,0.00023990280653875303,-0.0004010963590258635,-0.0008201623273619563,0.000912986600365846,0.0005170809367616158,-0.0005012583589073805,0.0007201615357243057,-0.0006688369583300741,-0.0009262371009148285,0.001142478903060941
BASE_N1_m1_a2_1784830595.npz,BASE,baseline,baseline,N1,1003.9,1,2,1,0.0,0.0,0.0,0.0,0.0,0.0,,,0,0,1003.8726653340021,0.03635853741232331,0.13086623231430888,0.13582309819359142,74.47312260700757,0.007683911133093583,0.009025712642054536,0.05657293372988406,0.0664519714400124,0.002195170037624622,0.18835349274919339,0.18836628414425585,89.33227527369166,0.02368208316784346,0.006566079005996821,0.12572357773807918,0.03485803755075587,0.3487548595674206,0.15993352440714848,0.38367783921042825,24.635449604947137,0.01728377406636794,0.008902878902162993,0.045047621467886365,0.023204047751322447,-0.1110616674279935,0.30568153840234913,0.32523206621105655,109.96733577277847,0.036029269498839674,0.0061939813225149925,0.11078018818556098,0.01904480512845699,0.2304764593606783,0.028467045610426858,0.12351389677449912,-1.0,84.29783081357142,0.38673499378383536,0.32159077377330514,0.8315533348219778,-1.0,35.55125817899502,1.6779804534337464,-49.83767300206043,0.0008030524736371419,0.0006909011083880701,0.0010593571715840678,0.0012497275589899068,0.0006394286577789121,0.0014038119461266215,6.592692904350272e-05,0.00039745835416002406,0.0004028889465655544,0.001963579660791706,0.0005935718078515229,0.0020513343402163865
BASE_N1_m1_a3_1784830604.npz,BASE,baseline,baseline,N1,1003.7,1,3,1,0.0,0.0,0.0,0.0,0.0,0.0,,,0,0,1003.7246777380379,0.03459781090102772,0.12966785727252267,0.1342041792523265,75.06044983718259,0.01415571652141717,0.009019478770824754,0.10547895453242209,0.0672071378184625,9.681127867067207e-05,0.1878947977609975,0.18789482270161098,89.97047881446244,0.017439190184699405,0.0057313385618113,0.09281357481783283,0.03050290837929597,0.34810592477257196,0.15963986605773584,0.3829655620244454,24.63598446513843,0.018481555240721165,0.0006186093164505396,0.04825905270182349,0.0016153131711907102,-0.11431998979124686,0.30542063188756097,0.3261147381650633,110.52104711096143,0.02911259483545882,0.008388502759769914,0.08927101853557888,0.025722550311492103,0.2291584433540361,0.02831314123186343,0.12355268615663147,-1.0,84.98360610201163,0.38544152000669574,0.32318458936046934,0.8384789198497741,-1.0,34.72913926537907,1.6819869884140015,-50.42446537204415,-0.0009576740376584514,-0.0005074739333981448,0.00108382164376046,-0.0008486311999640431,0.0001807336695830164,0.0008676632831192954,-0.0005830078658051185,0.00010380000474738416,0.0005921761668424322,-0.001294742702461646,0.0003326652930633611,0.0013367964926594542
BLND04_N1_m1_a1_1784830740.npz,BLND04,blind,sealed,N1,1003.9,1,1,0,,,,,,,,,0,0,1003.8557308192792,-0.014930598256938333,0.21313647937307517,0.2136587971600032,94.00712751140921,0.020471111560052564,0.012447273465286637,0.09581216328163783,0.058257715716546025,-0.12395456896444834,0.2696682340502344,0.29679233754080336,114.68615129997822,0.025601209604500703,0.008336333642054435,0.08625967171737046,0.028088102648230754,0.4317402992212952,0.41706568140822087,0.600286155579318,44.00953818474801,0.019245527591387743,0.009513116257564881,0.032060588791714625,0.015847635613691707,-0.31897811188737696,0.40940183871031166,0.5189960514325904,127.92330058168379,0.03586948064876234,0.009082091273285223,0.06911320529270198,0.017499345608152177,0.3603814613217894,0.062136748887958365,0.172419382118204,-1.0,107.76148728464256,0.6091556479519753,0.5085565519694211,0.8348548579976636,-1.0,59.178959531895735,1.690307946800993,-49.9975893266612,-0.050486083195624504,0.08296114816715436,0.09711537829637516,-0.12490001144308306,0.0819541699588199,0.1493870771925116,0.08305136658291812,0.25752961535523244,0.27059015554211174,-0.20595286479859176,0.10431387211581405,0.23086352339540656
BLND04_N1_m1_a2_1784830749.npz,BLND04,blind,sealed,N1,1004.0,1,2,0,,,,,,,,,0,0,1003.9878715510818,-0.012194681337506369,0.21138829619258398,0.2117397506849551,93.3016502899342,0.026393079615520378,0.0008245426462678596,0.12464867617035362,0.003894132507479364,-0.12141276136808073,0.2676153032697383,0.29386903403927495,114.40303193130002,0.02406721807278228,0.0021005548870634784,0.08189776834249828,0.007147928647639492,0.4337317234767154,0.4167083678894452,0.6014724198325033,43.85325703949768,0.023529023544692104,0.0073228214437884515,0.039119039824377005,0.01217482498337612,-0.3157170070473347,0.4066707893266386,0.5148381876186712,127.82381363650876,0.0352601229007645,0.0015434681877511687,0.06848777683694447,0.002997967565091306,0.35671974721330635,0.06279930839888515,0.17604662732992263,-1.0,107.33426590016057,0.6096645272630884,0.5051104784566641,0.8285056057373237,-1.0,58.03625708894934,1.709085443196756,-49.44839325043654,-0.04775016627619254,0.08121296498666317,0.09421053052248997,-0.12235820384671545,0.07990123917832384,0.14613602591704103,0.08504279083833832,0.2571723018364568,0.2708687303943277,-0.2026917599585495,0.10158282273214098,0.22672233994320856
BLND04_N1_m1_a3_1784830757.npz,BLND04,blind,sealed,N1,1004.0,1,3,0,,,,,,,,,0,0,1003.9501618498772,-0.012914448131492944,0.21029909427792587,0.21069525866676964,93.5141155589863,0.01587253535521679,0.003832684771244728,0.0753340889379974,0.018190655050792606,-0.12278942529757383,0.2671909275927864,0.2940548158979922,114.68147118070443,0.0270250012884406,0.0008414819070543847,0.09190463759592223,0.002861649806634336,0.43346876353900654,0.4162353270538107,0.6009550868838934,43.838103955257345,0.01591185215131079,0.005799409365688871,0.02647760622814233,0.009650320784803235,-0.3185467764933752,0.4060861159597706,0.5161181864550141,128.11175766685656,0.03643906609907154,0.001969799657981754,0.0706021741829236,0.003816567037700087,0.35625440682065235,0.06279748719753203,0.1762714677916838,-1.0,107.64627714606135,0.608570294652087,0.5071165500240675,0.8332916583021531,-1.0,57.76703745366277,1.7082463627136464,-49.676011603728966,-0.04846993307017911,0.08012376307200506,0.09364374950121575,-0.12373486777620855,0.07947686350137192,0.14706083549202187,0.08477983090062946,0.2566992610008223,0.2703370679834854,-0.20552152940459,0.10099814936527302,0.2289972166293987
BLND04_N2_m1_a1_1784830786.npz,BLND04,blind,sealed,N2,1206.0,1,1,0,,,,,,,,,0,0,1206.018868131657,-0.009547199556177312,0.3864402724943968,0.3865581886662202,91.4152329046221,0.04944981618505932,0.009398473593803984,0.12792334410423667,0.024313218214914716,-0.24872433337971736,0.5353398304402931,0.5902986770026056,114.92006054340168,0.023571469907854393,0.004280246548517415,0.039931429335984,0.007250984485094013,0.8862957327510768,0.8252971029672242,1.2110472468317912,42.95892723983454,0.01332321115732202,0.010269957537483028,0.011001396677278067,0.008480228632161267,-0.6127088369513745,0.8413878740259666,1.0408389277098749,126.06256049581835,0.023351578278191717,0.0038159266161688957,0.022435342930122205,0.003666202824067081,0.6932882871825838,0.13126733086101344,0.18934018255877874,-1.0,108.09892030848573,1.2325562081752388,1.0152764653944166,0.8237161588740054,-1.0,58.92184761588813,1.7778408072984417,-48.45630566478758,-0.0882245604586207,0.1502303248336947,0.17422033052360522,-0.23418455502617033,0.16790633157771506,0.28815784215719514,0.16828500756753884,0.5359176443627012,0.5617184039278695,-0.40510310119561344,0.21824711039437805,0.460152500584099
BLND04_N2_m1_a2_1784830795.npz,BLND04,blind,sealed,N2,1205.8,1,2,0,,,,,,,,,0,0,1205.8165319202162,-0.0071366707407791476,0.38837769700998553,0.38844326175651755,91.05272548391605,0.04805611482760898,0.011015358888790076,0.12371463109001314,0.028357703616685926,-0.24586276309105193,0.5379560350556235,0.5914771288287772,114.56188570008675,0.02660413863432551,0.005499134372576461,0.04497915022852383,0.009297289961939287,0.8881544739659111,0.8262211345467216,1.2130373995872246,42.931038886755815,0.011194149027723048,0.0067628705225766025,0.00922819777158744,0.005575154174865415,-0.6094312215435513,0.84592394431962,1.0425899162016332,125.77020932727905,0.026416690061606324,0.008041446809892753,0.025337565279594965,0.007712952796617654,0.6952381241998726,0.13182303361180397,0.18960846510469329,-1.0,107.7103683615682,1.2360573257987078,1.0151924711610167,0.82131503933689,-1.0,59.29919913540975,1.7778906000318189,-48.12168659716025,-0.08581403164322254,0.15216774934928345,0.1746970863205519,-0.2313229847375049,0.17052253619304547,0.28738172979084187,0.17014374878237315,0.5368416759421986,0.5631588410725236,-0.4018254857877903,0.2227831806880315,0.4594519198197672
BLND04_N2_m1_a3_1784830803.npz,BLND04,blind,sealed,N2,1205.9,1,3,0,,,,,,,,,0,0,1205.9054222667605,-0.00817785356776072,0.38621568287082303,0.38630225340315044,91.21301777343618,0.04295720884123579,0.012063061608126223,0.11120103096164197,0.031227002953920238,-0.24650602669153054,0.5369407796677583,0.5908219884749262,114.65954810747836,0.031239196371948417,0.0062631198866354,0.05287412618576597,0.010600688547158227,0.8885416368125016,0.825914915343066,1.213112396991962,42.90799474213807,0.006917493265593706,0.007471219542884861,0.005702269041802184,0.006158719968084181,-0.6105399649969492,0.8446996149244328,1.0422458866850763,125.85900584471646,0.029756654765086984,0.008747343852049986,0.02855051302694967,0.008392783280605137,0.6936570091851448,0.13091984822072417,0.18873859340730773,-1.0,107.86979347089178,1.235454477045456,1.0156625478946653,0.8220962947364802,-1.0,59.07242549402144,1.7810740188393301,-48.305023031298106,-0.08685521447020411,0.15000573521012095,0.17333651916602594,-0.23196624833798352,0.1695072808051803,0.28729959730909,0.17053091162896372,0.536535456738543,0.5629840922784962,-0.40293422924118816,0.22155885129284425,0.45983074895051884
BLND05_N2_m1_a1_1784830940.npz,BLND05,blind,sealed,N2,1206.1,1,1,0,,,,,,,,,0,0,1206.057121170461,-0.1282791386861976,0.27162672001314675,0.3003940952268755,115.2796134530374,0.0344369437490381,0.009314829540910946,0.11463921660320676,0.031008697204503412,-0.34082781836877085,0.2915653661787911,0.44852420729430914,139.45425752025932,0.019473985049267735,0.003579369897485104,0.04341791308599192,0.007980327124543404,0.2844815195275838,0.875062202380984,0.9201432459071691,71.99072754625188,0.016547185938411025,0.00798906550868273,0.017983271639512126,0.008682414987251589,-0.718971031606261,0.3236358410048359,0.7884538679414786,155.76570231637214,0.02501554705016203,0.003417017391151883,0.03172734394147047,0.0043338203160486035,0.5296785395774299,0.10416919740154734,0.1966649384825975,-1.0,132.21564617045578,0.9335093422480156,0.7725822951609342,0.8276106731834655,-1.0,86.60000978183234,1.7624073329320764,-43.28888590678554,-0.206956499588641,0.03541677235244467,0.20996509349377115,-0.3262880400152238,-0.07586813268378695,0.33499232620151315,-0.4335292056559541,0.5856827437764609,0.728678151527961,-0.5113652958505,-0.29950492262675266,0.5926193250965804
BLND05_N2_m1_a2_1784830948.npz,BLND05,blind,sealed,N2,1205.9,1,2,0,,,,,,,,,0,0,1205.8755655914983,-0.12662466561874627,0.2729877105769709,0.30092539950810954,114.88410975953876,0.024149585328086948,0.015501498125753486,0.08025107009099824,0.05151276080746963,-0.3385231334384153,0.2910907440386516,0.4464658252743864,139.30827829796604,0.020812531264864036,0.004578379514533934,0.04661617997765717,0.010254714370848385,0.2851979982031215,0.8751305808025103,0.9204300253874852,71.94962860793738,0.013595114351524924,0.0015708755239629175,0.014770394246756146,0.0017066756631516947,-0.7160902365236714,0.32295010682821235,0.7855456691656325,155.7250634473267,0.019863022027494365,0.008696010527078772,0.02528563622353348,0.011070025421074806,0.5280332174438166,0.10520812935788473,0.19924528586893117,-1.0,131.9314749348416,0.9334674256824126,0.7700077890317328,0.8248898331602923,-1.0,86.21853445801607,1.7678195137065116,-42.934481151601375,-0.20530202652118967,0.03677776291626883,0.20857019427241408,-0.32398335508486825,-0.07634275482392644,0.33285647145001396,-0.4328127269804164,0.5857511221979872,0.7283071012920482,-0.5084845007679104,-0.3001906568033762,0.5904836305548473
BLND05_N2_m1_a3_1784830957.npz,BLND05,blind,sealed,N2,1205.9,1,3,0,,,,,,,,,0,0,1205.8590552145984,-0.12746219843436687,0.2762839866763351,0.30426871893688184,114.76599552338989,0.03190824992038028,0.01052542027735307,0.1048686504214697,0.034592515175825504,-0.33892725529927425,0.2926228248824698,0.4477720424802067,139.19334880368567,0.018957745348388778,0.0038327938832972944,0.04233793883910648,0.008559698953216175,0.2856734638070412,0.8765142816347402,0.9218929513957559,71.94817917512671,0.016080138035909415,0.008063900529687472,0.017442521945269147,0.008747111600624172,-0.7169289515400181,0.32520743929851614,0.787240115931199,155.6003947915361,0.0234677414893037,0.004161538922811708,0.029810144344009352,0.00528623838978171,0.5308626272684197,0.10613258839799444,0.19992476950977883,-1.0,131.72704120185986,0.9354684957584005,0.7710592113502444,0.8242492556899346,-1.0,86.46916427278937,1.7621667974102841,-42.81781634826319,-0.20613955933681027,0.040074039015633,0.20999868220205764,-0.3243874769457272,-0.07481067398010821,0.3329021960585012,-0.43233726137649675,0.5871348230302171,0.7291384011209763,-0.5093232157842571,-0.2979333243330724,0.5900630507708245
BLND05_N1_m1_a1_1784830988.npz,BLND05,blind,sealed,N1,1002.1,1,1,0,,,,,,,,,0,0,1002.0777444217355,-0.07316459676036925,0.15146951399311886,0.16821436290762767,115.78202141378833,0.015501542393203213,0.005723014940632149,0.0921535006003955,0.03402215388572291,-0.1692497905876428,0.1525751239716625,0.2278698314146239,137.966005480906,0.024875610293411073,0.0012603814537280817,0.10916587833932385,0.00553114664588809,0.12734494697695686,0.44586608146849205,0.4636952642896323,74.0599935237528,0.01826587766213715,0.005205419810003785,0.03939198665338958,0.011225949909103205,-0.375650922963716,0.14848101461762386,0.40393096888623276,158.43293254755298,0.03740390958238961,0.003232078918617737,0.09259975704641855,0.008001562562854775,0.2784215090683766,0.05198264369418015,0.1867048414043827,-1.0,130.2983771298462,0.4699563498592698,0.39662898907789657,0.8439698478309072,-1.0,89.09659619468432,1.6879311926430758,-41.72202789003552,-0.10872008169905542,0.02129418278719805,0.1107858221309202,-0.1701952330662775,-0.035138940119751966,0.17378481657274905,-0.22134398566142022,0.2863300154155036,0.36190888040544894,-0.2626256758749308,-0.15660695197687374,0.30577439892223
BLND05_N1_m1_a2_1784830997.npz,BLND05,blind,sealed,N1,1001.9,1,2,0,,,,,,,,,0,0,1001.8832106225453,-0.06982532772687851,0.1521470436929987,0.1674045975972143,114.65196092568009,0.015746007362739237,0.0029188371750796184,0.09405958730371966,0.01743582444552998,-0.16682399641902407,0.15276987979105927,0.22620539770878426,137.51795535454335,0.020166431099486622,0.004089340268850302,0.08915097209770736,0.018077995973000163,0.1299801782735317,0.44613024364315046,0.46467950356898235,73.75650231389801,0.020727641879683206,0.008341205274691177,0.04460631837747102,0.017950448019820854,-0.37296975426782136,0.1491243149749576,0.4016771077810502,158.2070118897684,0.032686094869203375,0.001921117240089135,0.08137405452296825,0.004782740173324278,0.276328779346998,0.05325022961333187,0.19270605739716762,-1.0,129.59806162013103,0.4704850097264958,0.3948612358476386,0.8392642224184377,-1.0,87.92383563351893,1.7026276120725283,-40.89545861178209,-0.10538081266556468,0.021971712487077882,0.10764697779162057,-0.16776943889765877,-0.0349441843003552,0.17137001092505202,-0.21870875436484538,0.28659417759016204,0.36051316462010596,-0.25994450717903617,-0.15596365161954,0.30314321275438977
BLND05_N1_m1_a3_1784831005.npz,BLND05,blind,sealed,N1,1002.1,1,3,0,,,,,,,,,0,0,1002.1074191503837,-0.07060105459514997,0.15254689624631967,0.16809242833730723,114.8354268254998,0.02057909112588669,0.005202007590941444,0.1224272344057705,0.03094730466087797,-0.16826458894319518,0.15299124096844885,0.22741875847275314,137.72194264024063,0.01995960176417007,0.006327240255169613,0.0877658549286356,0.027821980463092165,0.12981921690894394,0.4468666138799081,0.46534159461555374,73.80089101332081,0.02381048596463133,0.010100358244576528,0.05116775770776,0.02170525558309704,-0.37535515469096853,0.14908386644423244,0.40387806499863627,158.33797347321203,0.0336538659239169,0.004662713032012219,0.08332679796321826,0.011544853350795277,0.27768313554517704,0.053539073613763935,0.19280635645607477,-1.0,129.808872447549,0.47114896788990623,0.3970880772859656,0.8428079107641249,-1.0,88.16992483474245,1.6967143754153327,-41.034535812179,-0.10615653953383614,0.02237156504039886,0.10848823810974031,-0.1692100314218299,-0.034722823122965624,0.17273595219121413,-0.21886971572943315,0.2873305478269197,0.3611963402057123,-0.26232990760218333,-0.15600410015026517,0.30521182756614135
BLND06_N1_m1_a1_1784831099.npz,BLND06,blind,sealed,N1,1001.9,1,1,0,,,,,,,,,0,0,1001.9179899770569,0.03675158255906484,0.12565530834641758,0.13091957583275712,73.6968920586029,0.015047423370669333,0.007311145905946189,0.1149363895731806,0.05584455845843706,0.0060677992184506035,0.18993361036785805,0.1900305094839372,88.17019703204292,0.021961727971543627,0.004486736656490638,0.11556948424326566,0.02361061215209703,0.3452507230826962,0.15790961185083985,0.3796491897844739,24.578249217568807,0.02061041842445381,0.002626679647842545,0.05428806113389655,0.006918702103206663,-0.10247236408953314,0.3066926054858331,0.3233588403952901,108.4755434351077,0.034917784506329756,0.00647564156524195,0.10798462928567068,0.02002617759677082,0.22916220896715245,0.02713322414032189,0.11840182664765245,-1.0,83.56059689728707,0.3847728077351743,0.3172449107446561,0.8244993002806079,-1.0,38.47589191487435,1.6790412759126734,-49.1186428410341,0.0011960976203786722,-0.004520022859503231,0.004675602225158519,0.005122356739815888,0.002219546276443579,0.0055825553506626165,-0.00343820955568086,-0.0016264542021486028,0.0038035034140200302,0.01055288299925207,0.001604638891335497,0.01067418407033951
BLND06_N1_m1_a2_1784831108.npz,BLND06,blind,sealed,N1,1002.1,1,2,0,,,,,,,,,0,0,1002.0600631694753,0.03501344059589895,0.12618903395759246,0.13095653215289785,74.49235870537937,0.015622916039564996,0.012030179570342843,0.11929848616733768,0.09186391371678236,0.004023601206561839,0.1907100290902326,0.19075246934775658,88.79135265165057,0.02074202822283829,0.010093889526828237,0.10873792771208618,0.05291616701656581,0.3445277887706929,0.15860006621648437,0.3792800788851115,24.718526283013073,0.021187020709208967,0.013329083324329324,0.0558611482350666,0.03514311472279266,-0.10553971385767746,0.3080283795185923,0.325607299964252,108.91298991326893,0.03378307005504815,0.009280041554503243,0.10375403149363406,0.028500717138473516,0.22981601556045295,0.026846170447522397,0.11681592504357265,-1.0,84.25825080084533,0.38419505881575505,0.3197931344020151,0.8323718045405041,-1.0,38.75674148135699,1.6717505865673352,-49.7738324223663,-0.0005420443427872207,-0.003986297248328358,0.004022981210691627,0.0030781587279271236,0.002995964998818129,0.004295447290848444,-0.0041611438676841805,-0.0009359998365040811,0.004265115939983499,0.007485533231107747,0.002940412924094693,0.008042340201595645
BLND06_N1_m1_a3_1784831116.npz,BLND06,blind,sealed,N1,1002.1,1,3,0,,,,,,,,,0,0,1002.1122407005075,0.035066325973973786,0.12895283674196972,0.13363562893597683,74.78733285525628,0.011738774162479608,0.0074665577599941696,0.08784165013436282,0.05587250809865462,0.0037076527907478896,0.19223165423865674,0.19226740644359672,88.89504919713033,0.0183371392361673,0.005159738850255751,0.09537310340505714,0.026836263856138323,0.34407614001577713,0.16032747402795533,0.3795962184431523,24.98387641852907,0.0158782196205865,0.007229122310779348,0.04182923551163985,0.019044242169820164,-0.10627020463487158,0.31033683539337265,0.3280279070370549,108.90300047006717,0.02948986265926426,0.004794155728187158,0.08990046891325318,0.0146150849526519,0.23259460406087884,0.026925583808421208,0.11576185921051617,-1.0,84.34420691036391,0.38517780588354616,0.3214555252382347,0.834563986626537,-1.0,40.097640850784835,1.656004907932991,-49.8034564367272,-0.0004891589647123828,-0.0012224944639510904,0.0013167267017682729,0.0027622103121131745,0.004517590147242262,0.005295132344597699,-0.004612792622599948,0.000791407974966879,0.0046801904194117665,0.006755042453913632,0.005248868798875039,0.008554602399993784
BLND10_N2_m1_a1_1784831152.npz,BLND10,blind,sealed,N2,1206.7,1,1,0,,,,,,,,,0,0,1206.6693643570757,0.08380170094615154,0.23199802797763314,0.24666943480492037,70.13940356964073,0.02711502055036503,0.004810051271433389,0.10992452539492405,0.019499989024734415,-0.0007880165579237652,0.37834293391542095,0.3783437545590308,90.11933606688503,0.02405970999747401,0.002509070905663666,0.06359219547714277,0.0066317228061238956,0.7229863242142269,0.2923261635725275,0.779848582040021,22.015036092528117,0.014561575728475353,0.008801225601328986,0.018672311604880327,0.011285813430994116,-0.18469896579535694,0.6414206060438186,0.6674834093994351,106.06391204230113,0.028054159825737047,0.0017685034598993923,0.042029748501132995,0.0026495092387248914,0.44595591055650363,0.07150617120586714,0.16034358893603484,-1.0,84.30172069183301,0.7902176507743277,0.6551747683923945,0.8291067249009108,-1.0,36.056936030928405,1.7719636225657902,-48.12436747711263,0.005124340043708139,-0.004211919683068943,0.0066331838735387335,0.013751761795623272,0.01090943505284292,0.017553538835681014,0.004975599030689004,0.0029467049680044766,0.0057827031639757906,0.022906769960404083,0.01827984241223002,0.029306530818826615
BLND10_N2_m1_a2_1784831161.npz,BLND10,blind,sealed,N2,1206.7,1,2,0,,,,,,,,,0,0,1206.7021989830612,0.08661119957743647,0.23030785866298092,0.24605529795997105,69.39037306468771,0.03315558933678405,0.009509198862987189,0.13474852852864763,0.03864659262298904,0.0006504401997449727,0.3764740090124057,0.37647457089998304,89.90100925881262,0.012351039364975282,0.008054358002696965,0.032807101248430795,0.021394162116826595,0.726308863270444,0.2917958122879365,0.7827319853781249,21.887878195823976,0.010994706442435992,0.0051763122272227855,0.014046578711261724,0.006613134922194593,-0.18371051750564082,0.6379629894482897,0.6638872872317928,106.06450772669697,0.014149540107519306,0.009872523016997377,0.021313166225126207,0.014870781843349919,0.443764359589211,0.07314031273431856,0.16481790651692702,-1.0,83.91542174808694,0.7921808456172423,0.6525834804215633,0.8237809384460576,-1.0,34.9770032782163,1.7851385053782993,-47.50249486886372,0.007933838674993074,-0.0059020889977211555,0.009888399802689865,0.01519021855329201,0.009040510149827652,0.017676921775747992,0.008298138086906048,0.0024163536834134747,0.008642792421012242,0.023895218250120198,0.014822225816701118,0.028119029737566668
BLND10_N2_m1_a3_1784831169.npz,BLND10,blind,sealed,N2,1206.7,1,3,0,,,,,,,,,0,0,1206.6790838027116,0.08511771884579111,0.2330374512039421,0.24809570678498416,69.93510756244825,0.021980153257829146,0.007504582810573877,0.08859545996448287,0.030248741132299542,0.0005238781869278952,0.3813951832765679,0.3813955430716536,89.92129950369406,0.023289014878531755,0.004468328380178257,0.061062629864440755,0.01171573307908001,0.7263215487523222,0.29310881699465086,0.7832341736556032,21.976658521624156,0.00930044396285564,0.010450122062477151,0.011874410330498613,0.013342270311959328,-0.18265039544389589,0.6465530898510652,0.6718571760067545,105.7749159976243,0.026047694754585966,0.004094832660990104,0.03876969047112491,0.006094796345449672,0.44925679699821175,0.07198868210329956,0.16023949461489417,-1.0,84.12130468828101,0.7946116964958594,0.6583616692409417,0.8285325677236269,-1.0,36.63906213041488,1.7687249292725165,-47.95844904082409,0.006440357943347713,-0.003172496456759988,0.007179341488367625,0.015063656540474932,0.013961684413989872,0.020538801816202445,0.00831082356878432,0.003729358390127835,0.009109220734699419,0.024955340311865137,0.023412326219476642,0.03421850419127339
BLND09_N2_m1_a1_1784831179.npz,BLND09,blind,sealed,N2,1206.7,1,1,0,,,,,,,,,0,0,1206.6813445682164,0.08923735847573219,0.23389966024915332,0.2503444770958522,69.11715530364283,0.026505362968105788,0.0037956242122840454,0.10587556504375122,0.015161605545748755,0.005876797379102183,0.38678753346543326,0.38683217652065693,89.12952266899399,0.017684319231630004,0.003564779267746813,0.04571574006767159,0.009215312179586625,0.7282655440630632,0.2920735202404342,0.7846512880860572,21.853431083768584,0.006936593574037513,0.006685889461405547,0.008840351987387213,0.008520841758526836,-0.17414607461089693,0.6574012692721105,0.6800759399824156,104.83691226475885,0.019132954000802296,0.004636986191521143,0.028133555204580548,0.0068183358929607765,0.45497869204371916,0.07284147026447879,0.16009864096554088,-1.0,83.36600207060694,0.7997888330467924,0.6622074830230513,0.827977905743413,-1.0,38.796851801527126,1.7578599768139036,-47.263724219874234,0.010559997573288793,-0.0023102874115487615,0.010809763025701621,0.02041657573264922,0.01935403460285523,0.028132103015159008,0.010254818879525285,0.0026940616359111824,0.010602795779885448,0.033459661144864095,0.034260505640521965,0.047888737409472026
BLND09_N2_m1_a2_1784831188.npz,BLND09,blind,sealed,N2,1206.8,1,2,0,,,,,,,,,0,0,1206.757414376612,0.08843686607279808,0.2365025893714367,0.25249664168097846,69.49741303963059,0.023558748157556958,0.004805922266618642,0.09330321385946469,0.01903360866355907,0.006255277169747164,0.3898909800513021,0.38994115558355114,89.08084502099643,0.023124995699574016,0.0028565511374684595,0.059303808711771426,0.007325595404756905,0.7276963650935704,0.29374777127799667,0.7847482098744699,21.982355595494607,0.010113741145703686,0.007970355460732817,0.01288788049267612,0.010156576798063385,-0.17329397566850724,0.662022508301586,0.6843278479653745,104.66887109753772,0.026132635785655035,0.0025923561799864455,0.03818730432109682,0.003788178703663705,0.45895341291736425,0.07190565797982143,0.15667310876445803,-1.0,83.4300571911863,0.8016465059875044,0.6644525835905313,0.8288598261549566,-1.0,39.987898394651424,1.7466838320076792,-47.51505744413598,0.009759505170354676,0.0002926417107346202,0.009763891659632514,0.0207950555232942,0.022457481188724093,0.030606744282245784,0.009685639910032462,0.004368312673473651,0.010625148285084974,0.034311760087253784,0.0388817446699975,0.05185640701849811
BLND09_N2_m1_a3_1784831196.npz,BLND09,blind,sealed,N2,1206.7,1,3,0,,,,,,,,,0,0,1206.707156675399,0.08811594019612708,0.23700694064120315,0.2528570917114057,69.60555398761052,0.03310336539917246,0.008161672332654265,0.13091729077132014,0.03227780671451152,0.005884687304043318,0.39046475417578674,0.39050909566644404,89.13656170327062,0.01744728298032329,0.005142280390457646,0.04467830115595055,0.013168144986947908,0.7275886825440034,0.2944672561617546,0.7849179931161924,22.033999134985844,0.014489797581405041,0.011073447845411696,0.018460269363783203,0.014107776790093892,-0.17420008672345544,0.6626650832575305,0.6851793070307722,104.72856487889742,0.021162892493298807,0.004538203358995274,0.030886648613205062,0.006623380642742408,0.4596477889833115,0.07181902749082125,0.15624795596140417,-1.0,83.50039697770461,0.8018983586056277,0.6652262481038466,0.8295642969771979,-1.0,40.13400716487844,1.7445930945938748,-47.57155485262467,0.009438579293683677,0.0007969929805010656,0.009472168542320298,0.020424465657590353,0.02303125531320871,0.030783071950347844,0.009577957360465517,0.005087797557231599,0.010845411526644224,0.033405649032305584,0.03952431962594194,0.051750451487530026
BLND08_N2_m1_a1_1784831206.npz,BLND08,blind,sealed,N2,1206.9,1,1,0,,,,,,,,,0,0,1206.8922270097555,0.08778705008954173,0.23343444128131152,0.24939567867094609,69.39036322139401,0.023606644318102853,0.0039372408999415074,0.09465538634793098,0.015787125586631846,0.006039149577569541,0.38834142724961673,0.38838838222311645,89.1090574710235,0.023377790674705037,0.0014922715950598533,0.06019178673906693,0.003842214812189186,0.7288103981995229,0.2930398003611492,0.785516976977232,21.904053745086088,0.009973865034258901,0.00771249333242742,0.012697198566782843,0.009818366195096207,-0.17397867867888878,0.6603296920313693,0.6828644688465604,104.7604166970201,0.026371640033574655,0.0011390333788658395,0.03861914221151307,0.0016680226177089035,0.4559675356698982,0.07167528444834761,0.15719383254565206,-1.0,83.49094662050571,0.8014467744739541,0.6640962818882811,0.8286218162449704,-1.0,39.337960546221666,1.7576838519796913,-47.48630947630792,0.009109689187098327,-0.0027755063793905577,0.009523123056412421,0.020578927931116577,0.0209079283870387,0.02933655985680033,0.010799673015984945,0.003660341756626162,0.011403115321152131,0.03362705707687225,0.03718892839978072,0.05013776384298806
BLND08_N2_m1_a2_1784831214.npz,BLND08,blind,sealed,N2,1206.9,1,2,0,,,,,,,,,0,0,1206.8823160773668,0.08821063522059165,0.23363512569736677,0.24973283349540695,69.31560740737085,0.02172501471144529,0.011819091839301236,0.08699302533579291,0.04732694405406893,0.005528372349644817,0.3877992277969833,0.3878386313671871,89.18326049766728,0.022120567735330776,0.008250126361947371,0.057035493492106716,0.021272059291423565,0.7288698795389112,0.2924169957023841,0.7853400541642296,21.860277268645174,0.006037922490729929,0.011799845589806398,0.0076882905165910264,0.015025141691472704,-0.17499575069124618,0.6611750660310618,0.683941503859191,104.82476485233576,0.023937198036494543,0.008299092233040992,0.034998896691350236,0.012134213505413468,0.45559335055737293,0.07224950542615641,0.15858331851807397,-1.0,83.50171283586691,0.8010317978309669,0.6654945831782073,0.8307967111670633,-1.0,39.31080397247338,1.7582166132385044,-47.455330138725685,0.009533274318148252,-0.0025748219633353053,0.00987486847345011,0.020068150703191852,0.020365728934405247,0.028591844775664454,0.010859154355373324,0.003037537097861087,0.011275986206745102,0.032609985064514846,0.03803430239947325,0.050100092663811095
BLND08_N2_m1_a3_1784831223.npz,BLND08,blind,sealed,N2,1206.7,1,3,0,,,,,,,,,0,0,1206.7315537990735,0.08824186815186638,0.23369400188575334,0.24979894677982503,69.3136753485633,0.02936418507265679,0.0036868835602600534,0.11755127654136445,0.014759403943803272,0.006359242436537793,0.38840680881444967,0.38845886409990843,89.0620009934922,0.021663259810966756,0.004311437727736006,0.05576719136313786,0.01109882699607323,0.7292325721186315,0.29336188735188007,0.7860288424666185,21.914356552134794,0.013453418653528781,0.0034144784271416956,0.01711568065531912,0.004343960733586826,-0.1740412393609811,0.6611290072284033,0.6836533604079779,104.74841941630372,0.02532255020605225,0.006225436342662602,0.03704004349651808,0.009106129952974272,0.45621786804226655,0.07186835039897649,0.15753076640198188,-1.0,83.42394259690153,0.802105811071553,0.6647176289461404,0.8287156379756527,-1.0,39.43262956560057,1.7581639546771137,-47.3993187964285,0.009564507249422982,-0.0025159457749487357,0.00988988281360033,0.020899020790084828,0.020973309951871633,0.029608255610921685,0.011221846935093538,0.0039824287473570474,0.011907543296685679,0.03356449639477993,0.03798824359681474,0.050692031620424634
BLND07_N2_m1_a1_1784831232.npz,BLND07,blind,sealed,N2,1206.8,1,1,0,,,,,,,,,0,0,1206.751666112195,0.08533316665002401,0.2360597176312642,0.25100983968496726,70.12559653052978,0.02739342764774314,0.004347077768389405,0.10913288372329774,0.017318356020804816,0.0031065231747591238,0.3899979751018217,0.39001034738806156,89.54362095718739,0.020868006807155483,0.0021270885531171737,0.053506290145660544,0.005453928510775417,0.7273837366830043,0.2956072385571782,0.7851565066140194,22.116722629952232,0.012334012048972524,0.007855021062898754,0.015708985336137432,0.010004401666074787,-0.17860735240428888,0.6620071366132851,0.6856777925963409,105.09871872717555,0.024120206524614718,0.0014689280659216076,0.03517717328029946,0.002142300774186465,0.4583356673134331,0.07101004687211074,0.15493022240302864,-1.0,83.9882055364499,0.8010578933769217,0.6670315034514109,0.832688260070053,-1.0,39.82499106207016,1.7477537763368474,-48.008873900577555,0.006655805747580609,-0.00015023002943787,0.006657500973433799,0.01764630152830616,0.02256447623924368,0.028645201091619044,0.009373011499466344,0.006227779952655166,0.011253381167801165,0.028998383351472146,0.038866372981696595,0.04849227965100519
BLND07_N2_m1_a2_1784831240.npz,BLND07,blind,sealed,N2,1206.8,1,2,0,,,,,,,,,0,0,1206.8035902181766,0.08819483287081736,0.23061223882900828,0.24690146464296028,69.07125741744929,0.029425227699560057,0.006247403215624391,0.11917802003366543,0.0253032246068635,0.007146304739572534,0.3883111626479387,0.3883769157769611,88.94567315216648,0.016203544293537032,0.004355351113392584,0.04172118278739944,0.011214237861381532,0.7291793569536158,0.2920241150834184,0.7854811381551706,21.82527438823762,0.0092868816348142,0.007882363057499073,0.011823175864701146,0.010035076177655998,-0.17213140469284466,0.6607671788341385,0.682819511368823,104.60117308098093,0.018029217783072413,0.0045170082584191935,0.026404075283276405,0.006615230208293425,0.4545927690858479,0.07171036358940494,0.15774637976228512,-1.0,83.3690236242126,0.8017180693371482,0.6636800741334759,0.8278222725879177,-1.0,39.37826121478352,1.7635961763081787,-47.245983029211686,0.009517471968373964,-0.005597708831693804,0.011041585793408798,0.02168608309311957,0.020877663785360656,0.03010254216932926,0.011168631770077875,0.002644656478895391,0.011477479841278582,0.035474331062916364,0.037626415202549945,0.05171242873194098
BLND07_N2_m1_a3_1784831249.npz,BLND07,blind,sealed,N2,1206.6,1,3,0,,,,,,,,,0,0,1206.6467604165714,0.08997763585378599,0.23105896447322188,0.24796011779573368,68.72335621174479,0.033041328808317484,0.003251235065278022,0.13325259361078584,0.01311192741066669,0.011181794247118182,0.3897301531913395,0.3898905292888375,88.35657081256049,0.01518192555199722,0.0033280102988838306,0.03893894416899312,0.008535755677251611,0.7299121063384613,0.292953207123552,0.7865070022214831,21.868260549702725,0.012111494664318104,0.00552134356696811,0.0153990932440643,0.007020081895486139,-0.1647496754666376,0.662740028584494,0.6829105366404433,103.96011271562396,0.01823584749055192,0.004865110166628719,0.026703128026494646,0.007124081275070779,0.4565485168147435,0.0711498182756769,0.1558428417905644,-1.0,82.84086997752561,0.8053361270042727,0.6606010809404721,0.8202799536608486,-1.0,40.2705815434916,1.7639661445468213,-46.85509566204206,0.011300274951342587,-0.005150983187480196,0.012418890521042706,0.025721572600665217,0.02229665432876149,0.034040271610367184,0.01190138115492334,0.003573748519028974,0.012426365191480018,0.04285606028912342,0.039599264952905444,0.05835018156197448
BLND06_N2_m1_a1_1784831311.npz,BLND06,blind,sealed,N2,1206.8,1,1,0,,,,,,,,,0,0,1206.8308761677044,0.09027307936996394,0.2275730014038344,0.24482381384760232,68.36288840287456,0.033967216751721374,0.006907341338366834,0.13874147378843324,0.028213519060145468,0.012103776223608309,0.38899034215998196,0.3891786064169137,88.2177665226842,0.012820232723888271,0.003973958864392231,0.03294177149643831,0.010211144186417753,0.7332368379177923,0.2948876918159552,0.7903132361691941,21.90863511291681,0.011523184805653765,0.009786937956222826,0.01458052867937394,0.012383618935274406,-0.1644317487642788,0.6613321401451344,0.6814675337759112,103.96272848373496,0.014574802284182113,0.003076901376428807,0.021387375864298747,0.004515110733713387,0.4542279469865529,0.07124366425077885,0.1568456206259981,-1.0,82.73299872418974,0.8086115549029066,0.6596516991051801,0.8157831719142169,-1.0,39.68364961205664,1.7801889123454682,-46.45425328995776,0.011595718467520541,-0.008636946256867672,0.014458821785402066,0.026643554577155344,0.021556843297403927,0.03427209496740291,0.015226112734254338,0.005508233211432179,0.016191823310169443,0.04317398699148223,0.03819137651354587,0.057641776453715404
BLND06_N2_m1_a2_1784831320.npz,BLND06,blind,sealed,N2,1206.7,1,2,0,,,,,,,,,0,0,1206.6854314467432,0.09031601302350305,0.2280280849082224,0.24526269531947384,68.39276546478969,0.02776055897891803,0.007588572585876868,0.11318704192970616,0.03094059035758438,0.01240424710887375,0.38856141324441057,0.388759356426095,88.17153814159262,0.01890746100104712,0.004521129139683949,0.04863538507436931,0.011629634283910636,0.7343272808407757,0.29670715777374024,0.7920048565893889,22.00131989959276,0.013410263792512655,0.009842708920119188,0.01693204742488737,0.012427586571255197,-0.16497307499889946,0.6618464541862763,0.6820973862972496,103.99643177463473,0.02107527212409493,0.003758261211593411,0.030897746491159533,0.00550986015647274,0.45413657178188394,0.07104647137193013,0.1564429640475043,-1.0,82.68317257840796,0.8104421983969482,0.6600848281185073,0.8144748995352818,-1.0,39.738970705531145,1.7845781396046503,-46.39144556519693,0.011638652121059648,-0.008181862752479674,0.01422677410010648,0.026944025462420786,0.021127914381832535,0.03423987842042705,0.016316555657237775,0.007327699169217217,0.017886451957565108,0.04263266075686156,0.038705690554687755,0.05758189163725771
BLND06_N2_m1_a3_1784831328.npz,BLND06,blind,sealed,N2,1206.9,1,3,0,,,,,,,,,0,0,1206.8882707380867,0.09112940399003382,0.2288016329743286,0.24628186194541035,68.28310182276789,0.02909161819983803,0.002982442379532085,0.11812326725987779,0.012109874255348771,0.012214589946201587,0.3881381244305996,0.3883302716040271,88.19751393355966,0.016589245614986228,0.0024962967880278715,0.0427194242325305,0.006428282754565416,0.7354493687204988,0.29642246927605254,0.7929388716938353,21.951872525830293,0.007633330249503144,0.005107984183318829,0.009626631411318273,0.0064418385397192295,-0.1653977131808987,0.661710091849804,0.6820679212375751,104.03381412215818,0.017749031519215606,0.003763111355219463,0.02602238130040034,0.005517209119571996,0.45421522674107917,0.07171947548543336,0.15789755882912382,-1.0,82.63011013104652,0.8109281725659269,0.6605786874879674,0.8145958049499923,-1.0,39.46028771635372,1.7853390305389043,-46.33122929693758,0.012452043087590417,-0.007408314686373485,0.01448918574480793,0.026754368299748622,0.02070462556802155,0.033830130697804967,0.017438643536960896,0.007043010671529515,0.01880718712961794,0.042208022574862336,0.03856932821821546,0.057176133560118594
BLND10_N1_m1_a1_1784831409.npz,BLND10,blind,sealed,N1,1001.4,1,1,0,,,,,,,,,0,0,1001.4073327314709,0.03767120548490732,0.1202804792726967,0.12604171300309963,72.60972174756581,0.011659354782734301,0.0049589046881784405,0.09250393782292989,0.03934336157472321,0.009517516552815852,0.19210952355035,0.19234513812435083,87.16376350178146,0.018816705037922966,0.0030463054429177207,0.09782781733613664,0.015837704413138268,0.35051331176260736,0.1609170386064258,0.3856862391071954,24.659366163051768,0.01715620187923937,0.0049014953417348996,0.04448227636784074,0.01270850459451473,-0.09889641397920296,0.3115537303124306,0.32687341214839827,107.61098532800477,0.029843249686037465,0.0038985155354500627,0.09129910410850069,0.01192668290096401,0.22841138600984862,0.02667216372721315,0.11677247878555014,-1.0,82.8451884231369,0.3922317270061146,0.3189896157181142,0.8132682640258252,-1.0,39.645277808070595,1.7172161767329863,-47.95035558451406,0.002115720546221153,-0.00989485193322412,0.010118516107124177,0.008572074074181138,0.004395459458935519,0.009633302537987382,0.0018243791242302798,0.0013809725534373596,0.0022881093466603697,0.014128833109582253,0.006465763717933004,0.01553801871200336
BLND10_N1_m1_a2_1784831417.npz,BLND10,blind,sealed,N1,1001.4,1,2,0,,,,,,,,,0,0,1001.4401096963079,0.04004160278992801,0.12073134038083766,0.1271982173779965,71.65144754767816,0.01985628846856127,0.006797680684816325,0.1561050844726392,0.05344163483530256,0.011771382156015808,0.19283914808195024,0.193198091271201,86.50685723380423,0.020661300633215144,0.005064359384777132,0.10694360641592432,0.02621329926944288,0.3524454208968506,0.16158561464082222,0.38772114408426384,24.630030469510228,0.025019525028054997,0.006289659666723779,0.06452968946830889,0.016222121910784523,-0.09649147965239996,0.31218590501598475,0.3267577771624709,107.17551067692729,0.03392934063058384,0.005447608217873275,0.10383636749283384,0.0166717017883391,0.2296789224217422,0.02743139752478342,0.11943367391115324,-1.0,82.07138731165024,0.3947583670468175,0.3182203044318504,0.8061141472755919,-1.0,39.7426123279934,1.718740069330142,-47.02141707816793,0.004486117851241839,-0.009443990825083154,0.010455343900584307,0.010825939677381094,0.005125083990535767,0.011977790105371703,0.0037564882584735226,0.002049548587833766,0.004279235147773586,0.016533767436385252,0.007097938421487149,0.017992948493109652
BLND10_N1_m1_a3_1784831426.npz,BLND10,blind,sealed,N1,1001.3,1,3,0,,,,,,,,,0,0,1001.3340360517848,0.03589528727528897,0.11935289000510768,0.12463379959363693,73.2613817623234,0.020484287450395523,0.0063968122016703375,0.16435579688000887,0.051324859087397354,0.008317458793453802,0.1915798070914247,0.19176027379509109,87.51405842140083,0.021791344932210927,0.006427756209614558,0.11363847423109368,0.033519748811388604,0.349611838533025,0.1597595300632123,0.3843846317017115,24.558627386610542,0.025574112894773567,0.011223777703175949,0.06653261026996386,0.02919934039372775,-0.10036697308539022,0.3112197293704687,0.32700343918031083,107.87427963536994,0.03410205233678685,0.005485317473871227,0.10428652500496442,0.016774494750333813,0.22723349462648756,0.025894507659911428,0.11395550511809549,-1.0,83.33212243633051,0.39045339552511654,0.31973260741925985,0.8188752129796565,-1.0,39.30359787353204,1.7182915580597826,-48.70275437571286,0.00033980233660280135,-0.010822441200813132,0.010827774433050327,0.007372016314819087,0.003865743000010219,0.008324097157535272,0.0009229058946479407,0.0002234640102238561,0.0009495743542457555,0.01265827400339499,0.006131762775971106,0.014065220065317512
B007_N2_m1_a1_1785059975.npz,B007,B_phase,D1,N2,1203.7,1,1,1,1.4695761589768238e-15,24.0,0.0,0.0,24.0,0.0,90.0,,1,0,1203.7270700954857,0.17509482050002376,0.4656881676752849,0.4975175028867827,69.39416308060873,0.015496931272328523,0.01429514287464603,0.03114851474050567,0.028732944653605676,0.009682879385947696,0.5912933131756721,0.5913725901320303,89.06182172829591,0.019032944031955212,0.008134178321617653,0.032184352723730235,0.013754743553132233,1.0983144520029988,0.35513984037940005,1.1543045272818406,17.918607254240612,0.005583905444842039,0.004283754060932692,0.004837463002931327,0.003711112587438332,-0.16705303699932572,0.9733975445167351,0.9876282179250992,99.73815025242533,0.016055522882260528,0.006854178047541425,0.01625664657090444,0.0069400386938531546,0.7618065261747369,0.12998470185274152,0.17062692086064737,-1.0,80.97789615099434,1.1811498481155016,0.9553603900319442,0.8088392777226365,-1.0,35.27863825647519,1.5504590831564748,-51.47555582636812,0.09641745959758036,0.22947822001458285,0.24891078718350543,0.02422265773949473,0.2238598143130941,0.22516650197633234,0.3803037268194609,0.06576038177487703,0.38594734413381926,0.0405526987564353,0.35025678088514656,0.3525965597286164
B007_N2_m1_a2_1785059984.npz,B007,B_phase,D1,N2,1203.5,1,2,1,1.4695761589768238e-15,24.0,0.0,0.0,24.0,0.0,90.0,,1,0,1203.4792482295893,0.17941742751971368,0.4646202434992069,0.4980588157708425,68.88546854194277,0.017108378391683696,0.014959843498953298,0.034350116592565816,0.03003629897766199,0.012737700018364051,0.5903542220290333,0.5904916226918575,88.76395695445851,0.014584342642114643,0.008109864121852354,0.024698644454309804,0.013734088359936666,1.1014139159252183,0.35367778293563357,1.1568062017191942,17.802473976373157,0.003497755743892946,0.007555362173603834,0.003023631563087003,0.006531225508970637,-0.1635240084238082,0.9723176191422933,0.9859724407028462,99.5466444803382,0.012724657685616038,0.007774623409573191,0.012905693060290125,0.007885233997038582,0.7612395759991761,0.13136684653637487,0.17256964913305695,-1.0,80.56907097304595,1.1835453455260858,0.9537099439793285,0.8058076926113925,-1.0,34.91572862324611,1.554760659904743,-51.08299456556961,0.10074006661727028,0.2284102958385048,0.24963938845279474,0.027277478371911086,0.22292072316645528,0.22458341355359587,0.3834031907416804,0.06429832433111055,0.38875735514931425,0.044081727331952814,0.34917685551070476,0.3519483983610555
B007_N2_m1_a3_1785059992.npz,B007,B_phase,D1,N2,1203.6,1,3,1,1.4695761589768238e-15,24.0,0.0,0.0,24.0,0.0,90.0,,1,0,1203.6152998819832,0.1801189944637479,0.4647505749295698,0.49843349512647855,68.8156335773011,0.01830469908013604,0.006021688895004915,0.036724456239625676,0.012081228396331788,0.01224354773891631,0.5916895809706886,0.5918162423341422,88.81457518159922,0.01837090971644651,0.0028553965968328,0.03104157743963068,0.004824802688028676,1.101733459913071,0.3533677022055992,1.1570157084733514,17.7830160032748,0.0060530848734847206,0.004799492379851929,0.005231635862119444,0.004148165270966562,-0.1642379235426244,0.9735935777902485,0.9873492544403979,99.57521896662821,0.014388381795223554,0.0009395903900935655,0.014572737793151512,0.0009516292090847825,0.7623451129438588,0.13233420769066723,0.17358832036011582,-1.0,80.58593103952217,1.1836760950932075,0.9552250006166069,0.8069986414158247,-1.0,34.942906810725546,1.5526774881816245,-51.03261757402629,0.1014416335613045,0.2285406272688677,0.2500424430612401,0.026783326092463346,0.22425608210811054,0.22584981053579578,0.3837227347295331,0.06398824360107619,0.38902137790545943,0.043367812213136625,0.3504528141586599,0.3531259578222452
B007_N1_m1_a1_1785060021.npz,B007,B_phase,D1,N1,1004.2,1,1,1,1.4695761589768238e-15,24.0,0.0,0.0,24.0,0.0,90.0,,1,0,1004.2122310003366,0.08570468665949059,0.26184415510366343,0.27551343865109884,71.87611668203837,0.008792044733541787,0.005558605800081219,0.03191149141975518,0.020175443445865644,0.010556269784930045,0.30509013173358196,0.305272703190093,88.0183281915871,0.016829895468029803,0.0016453195005111819,0.05513069230284191,0.005389671213042076,0.5432465567858384,0.17420258309889813,0.5704939626481579,17.77945945244802,0.014491612424654198,0.006018069644613993,0.025401868158930273,0.010548875253085776,-0.08682930156069679,0.4751552020048826,0.4830235952847637,100.35589898100177,0.027819332717559424,0.001134649010764555,0.05759414858638262,0.0023490550396314063,0.40718694585472126,0.057427078245752355,0.14103369184689324,-1.0,80.7944730754507,0.5810476336198029,0.47027524119885816,0.8093574674233567,-1.0,33.22322304728114,1.4269800138119182,-54.09665722959035,0.05014920172080442,0.13166882389774262,0.14089578283202336,0.00961082730629533,0.11737606764216749,0.1177688806801275,0.19455762414746136,0.014666517045909683,0.19510965080221634,0.02619594552808842,0.170067235410385,0.17207292675561103
B007_N1_m1_a2_1785060030.npz,B007,B_phase,D1,N1,1004.3,1,2,1,1.4695761589768238e-15,24.0,0.0,0.0,24.0,0.0,90.0,,1,0,1004.3413428702418,0.08708111178648527,0.26361220430002397,0.27762297146649795,71.71965092977031,0.012853772887328729,0.008233693698288816,0.04629938516769983,0.029657825700790088,0.01142906879241723,0.30600275842625124,0.3062161193959856,87.86102201694914,0.016026481361440064,0.0037257250842290543,0.052337157799048795,0.012166978967593492,0.5441594424602214,0.1759775179557448,0.5719069728937421,17.92085980968096,0.018352144030427453,0.006666782310366466,0.03208938673639358,0.011657109681026961,-0.0862402259738907,0.47624974926420927,0.48399504155543777,100.26400721177288,0.02638080266066214,0.003005105630924471,0.054506349023496,0.006208959540715171,0.40927766328908766,0.05774617213676231,0.14109289931118008,-1.0,80.60029009728788,0.5830493898731709,0.4705126936260665,0.8069859977529791,-1.0,33.64731587934636,1.424581505835421,-53.79879112008935,0.0515256268477991,0.13343687309410315,0.1430394677115041,0.010483626313782515,0.11828869433483677,0.11875235420035882,0.19547050982184433,0.016441451902756338,0.19616075435897565,0.026785021114894517,0.17116178266971166,0.1732448937279219
B007_N1_m1_a3_1785060038.npz,B007,B_phase,D1,N1,1004.1,1,3,1,1.4695761589768238e-15,24.0,0.0,0.0,24.0,0.0,90.0,,1,0,1004.1473000857468,0.08634916579616427,0.26318169804748515,0.2769851703987979,71.83548392364365,0.009439626167037035,0.007242811923874686,0.03407989732246692,0.02614873537614532,0.010771503703763036,0.30589353870532354,0.30608312974371105,87.98326304763422,0.02039708335405125,0.0028296714140854983,0.06663903159618793,0.00924478071187665,0.5437900198915475,0.17503970369276511,0.5712674361474673,17.842765253030606,0.019256895835860176,0.00408061532898538,0.033709073224487435,0.007143091082706152,-0.08739800819170723,0.47715792706836724,0.48509596906185376,100.37945393781789,0.0312635303872183,0.0021859552526164584,0.06444813476327184,0.00450623256433972,0.4087544087176961,0.057684489149191776,0.14112261034725926,-1.0,80.73497774955696,0.5821168031642784,0.47202183241494283,0.810871340337747,-1.0,33.58549858921012,1.424123607597133,-53.992718670613044,0.050793680857478096,0.13300636684156433,0.1423751791410431,0.009826061225128321,0.11817947461390907,0.1185872661765147,0.19510108725317044,0.015503637639776663,0.1957161133566542,0.025627238897077978,0.17206996047386963,0.17396788976982783
B031_N1_m1_a1_1785060095.npz,B031,B_phase,inphase,N1,1004.0,1,1,1,1.4695761589768238e-15,24.0,1.4695761589768238e-15,24.0,24.0,24.0,90.0,90.0,1,1,1004.0378668795811,0.1124595072252717,0.3167278989702446,0.3361007330421289,70.45174747411026,0.010046209063532456,0.007489793216786614,0.0298904705520925,0.02228437037014078,0.010371473356559302,0.38324829585643905,0.3833886066857627,88.4498387705385,0.0222553073559669,0.006618411543120814,0.058048953380109305,0.017262932251258765,0.7285261654764725,0.23021857855306527,0.7640359727753965,17.536844380631386,0.018396057159383365,0.012566878552195617,0.024077475164629783,0.01644801946503362,-0.1128473650545399,0.6407383643928153,0.6505998612085102,99.98854354296896,0.03122791393348203,0.00924748576342723,0.04799864831737771,0.01421378379369729,0.5036885203841165,0.0790468273946926,0.15693593202086661,-1.0,80.66821569521622,0.7790786963511515,0.6325089185072174,0.8118678144706049,-1.0,33.63555855601535,1.546746977193406,-52.91490309347887,0.07690402228658554,0.1865525677643238,0.20178228163869658,0.009426030877924587,0.19553423176502457,0.19576129814151194,0.37983723283809545,0.07068251250007682,0.3863577888737654,0.00017788203424530524,0.3356503977983177,0.3356504449336944
B031_N1_m1_a2_1785060103.npz,B031,B_phase,inphase,N1,1004.1,1,2,1,1.4695761589768238e-15,24.0,1.4695761589768238e-15,24.0,24.0,24.0,90.0,90.0,1,1,1004.1489625944454,0.11144374475114155,0.31789582183768256,0.33686415924822455,70.68102390386143,0.018863714801876045,0.006225704912356792,0.055997986974850505,0.018481351433321427,0.009423817374432514,0.3835760164619016,0.3836917626672322,88.59262221492232,0.015358555101523858,0.005381976089435974,0.04002836807013762,0.014026822082452808,0.7287962238316512,0.2314863335363453,0.7646763096143193,17.62132292309054,0.019370854286974378,0.011690141015643396,0.025332096788436505,0.015287698688533408,-0.11438029153663332,0.6417272570743948,0.6518410262972343,100.10616630328512,0.022403759786972757,0.007743990973867997,0.034369975014056295,0.01188018345187251,0.5044676478152509,0.07879862202125668,0.15620153713031518,-1.0,80.83456854206707,0.7797095111434289,0.6337820289989935,0.8128437834105222,-1.0,33.76624456651318,1.5456085529373307,-53.059700980770884,0.07588825981245538,0.18772049063176174,0.20247965473200533,0.008478374895797799,0.19586195237048712,0.19604537032853558,0.38010729119327413,0.07195026748335684,0.3868570715512579,-0.0013550444478481055,0.3366392904798972,0.3366420176393081
B031_N1_m1_a3_1785060112.npz,B031,B_phase,inphase,N1,1004.2,1,3,1,1.4695761589768238e-15,24.0,1.4695761589768238e-15,24.0,24.0,24.0,90.0,90.0,1,1,1004.1707225385742,0.11295502210893935,0.3166015096638732,0.33614781412508776,70.36494784222683,0.010797271575308572,0.009424564133858716,0.03212060623809583,0.028036963912404424,0.010645833824769052,0.38279984397421063,0.3829478480478832,88.40698950686745,0.01963051909060029,0.003971124242004946,0.051261599172495474,0.010369882641326145,0.7307559952639999,0.23042899814673612,0.7662257159618096,17.501605878907796,0.016317038964116362,0.006232948568905436,0.02129534238306567,0.00813461156296678,-0.11284587119781347,0.6417151506846042,0.6515616051184706,99.97351561461909,0.028621277754794283,0.003168974187723518,0.043927201249972674,0.004863660109541472,0.5033596641112636,0.07920515015688712,0.15735299390095636,-1.0,80.59475047576447,0.7811207854481514,0.6336281966631601,0.8111782562534543,-1.0,33.45363628981589,1.5518144204647493,-52.86334196331903,0.07739953717025318,0.18642617845795237,0.2018549191092595,0.009700391346134337,0.19508577988279616,0.19532680078460035,0.38206706262562284,0.07089293209374767,0.388588533238206,0.00017937589097173634,0.33662718409010656,0.3366272318814162
B031_N2_m1_a1_1785060145.npz,B031,B_phase,inphase,N2,1205.4,1,1,1,1.4695761589768238e-15,24.0,1.4695761589768238e-15,24.0,24.0,24.0,90.0,90.0,1,1,1205.4119608586325,0.2331314551913017,0.5832002451031986,0.6280706976830274,68.21118061229106,0.01716958128292837,0.009104010410670452,0.02733702009386443,0.014495200053521735,0.006671698597328024,0.7580230167171265,0.7580523764457879,89.49572731541541,0.024582113454983717,0.006146802315644754,0.03242798811638803,0.008108677588301635,1.4796742712475814,0.4760993271179922,1.5543830024399605,17.836075123723596,0.0037774547021876275,0.0027497276799618446,0.0024301955800198833,0.001769015535839955,-0.22903954362242346,1.3121357746577762,1.3319757519112465,99.90149123581038,0.015572736108090136,0.004069885626607101,0.011691456158826377,0.003055525313255319,0.9681150511364945,0.17852017949277876,0.18439975629261154,-1.0,80.92470120996123,1.5889962087386447,1.2904871059286138,0.8121398269118658,-1.0,35.01630963339811,1.6413299296124797,-50.37510548856747,0.1544540942888583,0.3469902974424965,0.3798135513140937,0.02121147695087506,0.39058951785454843,0.391165052391297,0.7616635460640435,0.18671986851346917,0.7842165942522134,-0.021433807866662435,0.6889950110261877,0.6893283204240498
B031_N2_m1_a2_1785060153.npz,B031,B_phase,inphase,N2,1205.5,1,2,1,1.4695761589768238e-15,24.0,1.4695761589768238e-15,24.0,24.0,24.0,90.0,90.0,1,1,1205.4545090930187,0.23421050799257384,0.5834729965916847,0.6287251385190668,68.12909773308361,0.020000610005608255,0.010557178490830073,0.031811373174482536,0.016791405089507036,0.007257136813124593,0.7582416844438836,0.7582764127038519,89.4516384109074,0.026956443403315832,0.00791009911179368,0.0355496266950925,0.010431682931542015,1.4822875172055396,0.4765061752415083,1.5569953174967015,17.820872384166133,0.004914006627193385,0.00217339510355786,0.003156083112114944,0.0013958905843417635,-0.2287651257613444,1.3133306827810405,1.3331057591574338,99.8810417254358,0.017816939469971513,0.006085881307775246,0.013364985746691545,0.004565190170374571,0.9686325526832658,0.17896758296167065,0.18476313073094855,-1.0,80.85765069273474,1.5915390497805322,1.2916690121037404,0.8115848695524356,-1.0,34.93270198456233,1.643078219260458,-50.30822534891746,0.15553314709013044,0.34726304893098264,0.3805025426940038,0.021796915166671628,0.3908081855813056,0.39141556359978236,0.7642767920220017,0.18712671663698527,0.7868515888671641,-0.021159390005583367,0.6901899191494519,0.6905141883270288
B031_N2_m1_a3_1785060162.npz,B031,B_phase,inphase,N2,1205.4,1,3,1,1.4695761589768238e-15,24.0,1.4695761589768238e-15,24.0,24.0,24.0,90.0,90.0,1,1,1205.3991111153505,0.2315035004715613,0.5835762522723247,0.627817738636619,68.36187407216451,0.004679010351127429,0.0041436787183965025,0.007452816419759749,0.006600130043147545,0.004659193435330944,0.7587869372588621,0.7588012415897539,89.64819008902674,0.031115523883033024,0.0028649940355667492,0.04100615836874927,0.0037756844329410164,1.4819739674609407,0.4768663328836973,1.5568070977709045,17.837023036324766,0.006238220594568934,0.007201462417655234,0.0040070607357206005,0.004625789815556829,-0.23135066348392946,1.3139426776330254,1.3341545973386664,99.98592145275667,0.024627350842180085,0.0017490494296234342,0.01845914325918902,0.0013109795769638602,0.9685297973237648,0.17856222691526252,0.1843642058392674,-1.0,81.0913658391928,1.5908648868679547,1.293354452963446,0.8129882453498374,-1.0,34.913239995926986,1.642556471947298,-50.52485103583973,0.1528261395691179,0.3473663046116226,0.3794985882913586,0.01919897178887798,0.3913534383962841,0.3918240858629601,0.7639632422774028,0.18748687427917426,0.7866328009802137,-0.02374492772816844,0.6908019140014369,0.6912098856214837
A027_N2_m1_a1_1785060277.npz,A027,A_severity,antiphase,N2,1205.5,1,1,1,12.0,0.0,-12.0,1.4695761589768238e-15,12.0,12.0,0.0,180.0,1,1,1205.4513705642798,0.10944632278551955,0.29935640355699805,0.31873618232301837,69.9173139765565,0.01207328272923508,0.015461888443354329,0.03787860744657973,0.048509988199848336,0.019756215969677887,0.36522049917432314,0.3657544546366897,86.90366327606297,0.014599095259748163,0.00899431851854023,0.039915016959259454,0.02459113868476173,0.6829831202932872,0.2571126386744431,0.7297758913335584,20.62911443506703,0.009568026419977305,0.011022169971292989,0.013110910532400762,0.015103499721197408,-0.13598761143201044,0.609140016957072,0.6241347536561679,102.58465205318915,0.019907253973874845,0.009326224680113635,0.031895762665447774,0.014942645999891549,0.47993036202467315,0.07096423476161012,0.14786360767473566,-1.0,79.60638587022623,0.7462277605738391,0.6043684072170618,0.809898048757005,-1.0,37.7764648830046,1.5548667465541086,-49.28819954148946,0.03076896188307615,0.06314645589629597,0.07024388875642525,0.03429599432322492,-0.002212999688254891,0.034367318694348156,-0.035027604890250696,-0.032266819930079904,0.04762437162575183,0.07161812432375059,-0.014000746674516562,0.07297380789773945
A027_N2_m1_a2_1785060286.npz,A027,A_severity,antiphase,N2,1205.4,1,2,1,12.0,0.0,-12.0,1.4695761589768238e-15,12.0,12.0,0.0,180.0,1,1,1205.3693395471817,0.10954957072092758,0.2975489345141347,0.3170748758190033,69.78764066500534,0.015566734130055075,0.012275653062245567,0.04909482055254695,0.03871531300150351,0.019699249929982704,0.3633561221394255,0.36388972497723127,86.89676343598465,0.013316625684642416,0.006547966087844116,0.036595223142053934,0.017994369278368123,0.6837360870221512,0.2560549310340281,0.7301090085755713,20.53061400498651,0.01116965533247959,0.01015223199002999,0.015298613222526009,0.01390509070671077,-0.13658692024965324,0.6077225550189407,0.6228825657072403,102.66686354205801,0.017814387570977523,0.006594767367930517,0.02859991361413449,0.010587497115836935,0.4773849805582945,0.07110407271737787,0.14894493042957224,-1.0,79.5482548499922,0.7457137030011318,0.6041133405426318,0.8101143080935377,-1.0,37.221794101092485,1.5620803614915386,-49.25702666001882,0.03087220981848418,0.06133898685343264,0.06866996903510364,0.03423902828352974,-0.004077376723152559,0.034480952114796015,-0.03427463816138676,-0.03332452757049492,0.04780454956267934,0.07101881550610778,-0.015418208612647866,0.07267319528349984
A027_N2_m1_a3_1785060294.npz,A027,A_severity,antiphase,N2,1205.4,1,3,1,12.0,0.0,-12.0,1.4695761589768238e-15,12.0,12.0,0.0,180.0,1,1,1205.427469058727,0.10857723863562199,0.2986788098268563,0.317801900858576,70.02252504245192,0.012282699732456577,0.010681022249491712,0.03864891839625107,0.03360905715364125,0.019041756432265022,0.3638837457991552,0.36438162542154884,87.00448820139452,0.012134762316539949,0.006024099946761394,0.03330234421810206,0.016532392213224757,0.6830711428057914,0.2567856749198656,0.7297431527448961,20.60265402566536,0.006043010596685683,0.0017192549747020978,0.008281010344468695,0.0023559727394977226,-0.13763920821636455,0.6091136657654901,0.624470983681949,102.7330738899195,0.018306546346887984,0.006176659194131233,0.029315287379648277,0.009891026733881175,0.47830082356124093,0.0707130773960011,0.14784226560493705,-1.0,79.70200560493276,0.7456376704040291,0.6054036198382153,0.8119273527451653,-1.0,37.57260629480498,1.5589303502601197,-49.419871016786544,0.029899877733178593,0.062468862166154215,0.06925576819870675,0.03358153478581206,-0.0035497530634228114,0.033768627827940906,-0.034939582377746525,-0.03259378368465743,0.0477821007450863,0.06996652753939647,-0.014027097866098459,0.07135877276457485
A027_N1_m1_a1_1785060319.npz,A027,A_severity,antiphase,N1,1003.5,1,1,1,12.0,0.0,-12.0,1.4695761589768238e-15,12.0,12.0,0.0,180.0,1,1,1003.4753644048469,0.05013521244202686,0.1736604677744349,0.18075258668755673,73.89674311347193,0.01337285444036691,0.007056726459669093,0.0739843046533149,0.0390408048315631,0.01558922552096817,0.18516882508953575,0.1858238890384729,85.1876592563462,0.012237096916195987,0.002722436756618362,0.06585319562256295,0.014650628456359073,0.3310864523335212,0.13487081314424532,0.3575029722351787,22.16393248167754,0.016094718518470337,0.007161418602289279,0.04501981736779138,0.020031773603208628,-0.0782729696284124,0.2889453503742533,0.2993594382633532,105.15719702017252,0.023615000307263323,0.001804166788338459,0.0788851036207807,0.006026757662309925,0.25797711977014903,0.02549158697930716,0.09881336376659879,-1.0,79.70042428235386,0.3631039313765319,0.292540567192388,0.8056662071472561,-1.0,36.15038152929289,1.4075044007780542,-51.73281063179439,0.01457972750334069,0.04348513656851408,0.04586420779272208,0.014643783042333455,-0.002545239001878724,0.014863331502984701,-0.017602480304855894,-0.024665252908743135,0.030302178369468774,0.03475227746037281,-0.01614261622024432,0.03831846613731858
A027_N1_m1_a2_1785060327.npz,A027,A_severity,antiphase,N1,1003.5,1,2,1,12.0,0.0,-12.0,1.4695761589768238e-15,12.0,12.0,0.0,180.0,1,1,1003.4992911600291,0.05120948115308632,0.17486597969134138,0.1822101034887498,73.67733703700301,0.00934574517645853,0.002584192440095108,0.051291037091340905,0.014182487088344492,0.016075934978801637,0.18586019360289613,0.18655414026911513,85.05651810907418,0.020193425787263127,0.0016161606313559052,0.10824431855617325,0.00866322574789549,0.3318698998418462,0.1355869960796623,0.35849890366212195,22.222698991768397,0.0208054475147478,0.007126047160777572,0.058034898579094454,0.01987745872576985,-0.07815146010893514,0.2902939264267195,0.3006296965327945,105.06764215987877,0.032443402358874794,0.0031793239854763056,0.10791815556829289,0.010575548663834299,0.2594898343389781,0.025845598071225176,0.09960158222407442,-1.0,79.50274496074661,0.3643791148892557,0.29347493759581256,0.8054109733622007,-1.0,36.529973148192326,1.4042134475806018,-51.45463804523462,0.015653996214400154,0.044690648485420564,0.0473529477385292,0.015130492500166922,-0.0018538704885183444,0.015243642579311769,-0.016819032796530853,-0.02394906997332616,0.0292649588552257,0.034873786979850066,-0.014794040167778133,0.037881983089613894
A027_N1_m1_a3_1785060336.npz,A027,A_severity,antiphase,N1,1003.5,1,3,1,12.0,0.0,-12.0,1.4695761589768238e-15,12.0,12.0,0.0,180.0,1,1,1003.5339552040759,0.05159515164068049,0.1748351504679881,0.1822893016937331,73.55827852115566,0.00894351695234541,0.010183648640538324,0.04906221522188692,0.05586531160039232,0.016714734001781778,0.18585751119956367,0.18660760113684077,84.86104024277371,0.01650055282251889,0.004730394143361329,0.08842379796961707,0.02534941832242136,0.331998711345577,0.13564240947804457,0.3586391049288034,22.223111146021253,0.013753610488720527,0.0068054183104789695,0.038349444607974015,0.018975672805758237,-0.07689837815089706,0.2907953270931505,0.3007910949836293,104.81232768316353,0.02861761087377962,0.004312591036059171,0.09514115062261781,0.01433749571706531,0.2596001281633894,0.025681895794253604,0.09892867147619322,-1.0,79.34369338079522,0.3649079572196293,0.2931543504084174,0.8033651900662031,-1.0,36.89859654740741,1.4056539948622844,-51.335167375134404,0.016039666701994318,0.044659819262067274,0.04745282251280297,0.01576929152314706,-0.001856552891850799,0.015878203417963803,-0.016690221292800067,-0.023893656574943883,0.02914567397271842,0.03612686893788815,-0.014292639501347126,0.03885138611646714
